date,hour,top1_pop,top5_pop,top1_pop_day,top5_pop_day,top1_pop_old,top5_pop_old,top5_old_house,wui_top5_cells,max_prob,mean_prob,top10_pop
2021-02-01,11,449654.6445529461,11413081.29389204,365652.5805360003,9608893.227293812,106997.61672000746,2114528.404984557,1014615.7322162581,3373,0.3140081465244293,0.013204817660152912,26628.093318402767
2021-02-01,14,489710.50488483906,7399231.569724336,419483.48803485057,6047063.287120104,114824.66077852363,1304316.9356016805,618172.2154328013,3890,0.35927966237068176,0.028608188033103943,20257.453926682472
2021-02-02,11,658450.3746944368,12322857.455752954,571832.9796023754,10086239.2685413,149916.79544479016,2198640.2035799082,997686.9819053942,3170,0.2507654130458832,0.008429673500359058,19170.049034923315
2021-02-02,14,607002.0624625087,12487822.826667354,533276.5132580271,10944163.881084455,141892.60124633933,2284754.7194630327,1060979.051371644,3282,0.28894099593162537,0.012715055607259274,17822.94457116723
2021-02-03,11,1304979.5841922462,17789360.935024723,1031889.497217003,13752259.601498771,257887.2390275054,3129526.978564945,1411334.2788303327,3461,0.2641880512237549,0.014138216152787209,19539.740375488997
2021-02-03,14,1624591.5540060997,15702404.865318924,1289346.8509165652,12937879.079747643,319871.8127314971,2789940.2736060303,1337184.2050664823,3541,0.3068729043006897,0.026600588113069534,28087.26573225856
2021-02-04,11,1223024.2839251757,4862818.009969875,1014422.5192403579,3787164.085249453,268023.42626700946,952447.217621498,495796.168050421,4149,0.329000324010849,0.021688928827643394,23071.94629523158
2021-02-04,14,713665.8639951646,6049675.459911063,614915.1900357618,4794173.667541586,160868.9226931521,1173947.0392145512,592439.2545884055,3840,0.32980436086654663,0.02761722542345524,21936.216153353453
2021-02-05,11,801863.1598241627,11262145.044734664,644952.2593745438,8648733.417686889,181877.87762423983,2088783.2805332306,1012152.0245169118,3352,0.32698845863342285,0.020034216344356537,21235.24788248539
2021-02-05,14,1463415.6000780463,5475396.288842514,1175135.6453019674,4240098.277389389,304035.2893212859,1069759.4649557988,583314.3004439429,4640,0.3523278534412384,0.043948978185653687,23975.995731413364
2021-02-06,11,3146443.37063089,8630111.076082222,2396540.0392396273,6650730.230178611,653172.1361534012,1721671.6663893936,876013.5807830949,5477,0.35946235060691833,0.03253169357776642,21896.759560465813
2021-02-06,14,933532.3859703243,6265145.779728264,714534.9716948792,4781137.3441553265,208351.110383721,1268679.612401638,661875.7544573438,7896,0.3633138835430145,0.05767747759819031,20445.23605978489
2021-02-07,11,3540051.5039409846,8089539.029975548,2792651.8273189403,6275288.268764699,720768.4826416674,1600370.6615020758,817949.4635824746,4328,0.3206586241722107,0.019874872639775276,24556.702459812164
2021-02-07,14,846784.6806376874,5063866.030891031,642245.7798097394,3840422.401633038,181287.21618036384,1046812.037865352,546605.0694324789,8099,0.35790306329727173,0.07001852244138718,22108.102665424347
2021-02-08,11,2532537.659187168,9262144.105063647,1935656.360425637,7165766.4903057795,539032.5904894526,1840668.1465941002,946855.9736586674,5477,0.2916525602340698,0.01977401226758957,25239.573994129896
2021-02-08,14,1921258.668319255,8071447.405948758,1450900.4716420816,6218158.411210074,394037.4475428098,1613596.4191221544,831997.5672431064,6778,0.30105680227279663,0.03354103863239288,20778.954089790583
2021-02-09,11,2227267.2384085953,8007496.091588512,1680771.4224974054,6216326.215222161,441154.6043074477,1578972.7687982088,793873.6674108352,5365,0.30644741654396057,0.02947353944182396,19726.418293952942
2021-02-09,14,1241793.1885821223,7760437.633342981,944683.326767012,5988871.327038848,256496.41729841466,1550029.8643565802,792058.3465687298,8031,0.3222863972187042,0.05480850115418434,14951.247962087393
2021-02-10,11,2306454.3509621173,6812047.387641318,1694802.6950729317,5148752.531146614,475912.2511037428,1364063.6734880577,691781.7266968118,5883,0.35074952244758606,0.055419500917196274,17086.599196642637
2021-02-10,14,1409167.326090932,4520001.474717438,1048639.3557740701,3418036.3256011577,303565.4807429634,961273.7184464342,497450.00672141684,8208,0.36614540219306946,0.09467516094446182,22875.213281989098
2021-02-11,11,2119056.9112983793,5782807.794713885,1585784.9977184786,4413607.46178187,471838.8983559215,1162995.7421631073,597608.498637718,4502,0.35802197456359863,0.04453728720545769,25093.14068043232
2021-02-11,14,1152742.6452122927,3998781.8216846585,882130.1350744688,3048282.8800030435,251682.06234233693,837974.0483660124,411839.13670196215,8617,0.3644908666610718,0.1186048611998558,22426.99331459403
2021-02-12,11,1363884.40432401,5973169.917027801,1082661.3053945783,4603293.665746402,291032.6904020824,1186227.0280937743,578866.119083545,4660,0.342397540807724,0.05141913518309593,22020.980127364397
2021-02-12,14,793520.8908611536,3775501.628385067,610504.5208247234,2983920.8483645124,165990.31020358216,763334.8555941472,371686.5292981683,9333,0.36983856558799744,0.14131149649620056,17453.088128477335
2021-02-13,11,1352859.0841549337,5585467.990679219,1054534.5842427632,4220797.413087513,292657.10578130925,1139087.9289266998,578982.3962630198,6201,0.3501149117946625,0.07022655755281448,18248.604965806007
2021-02-13,14,504876.80388349295,3138263.374633804,384708.9066801906,2499781.7331439564,109488.91271463652,644520.3459830594,314741.4564576965,9430,0.3586825430393219,0.1469605565071106,18138.044210761786
2021-02-14,11,881140.3983329237,5145211.930782199,702073.998239473,3955170.5515301824,167702.20099583943,891557.9602631759,369716.971994288,6765,0.32092049717903137,0.04788631200790405,28704.301134705544
2021-02-14,14,1046163.0803323984,4664949.518545389,851266.6340757676,3795249.1375360955,207216.40985991014,904601.416361809,406129.873527372,9431,0.34418636560440063,0.10492035001516342,22738.082441180944
2021-02-15,11,722049.4939186126,4061094.4729904234,535158.7586161245,3178002.444539114,150146.41553746973,812262.8405509584,413558.78182994557,3881,0.32203394174575806,0.02439279668033123,23524.924208045006
2021-02-15,14,1668437.067208439,6420064.607204556,1212920.953026276,4774597.795991811,317919.40924992075,1176583.9579656362,505856.63102721545,6071,0.3154332637786865,0.0454423688352108,35423.51929691434
2021-02-16,11,1554180.3079762906,4910841.249004066,1212511.690516238,3758589.9757494316,273581.5514046106,866391.368802868,420872.7250648544,4713,0.24257005751132965,0.028233394026756287,20220.197167098522
2021-02-16,14,1986250.9841624051,4789780.507467389,1535117.2779297256,3715242.667461188,381489.402644683,925930.5702576993,512913.60990265757,4759,0.2736673951148987,0.03508118540048599,25165.275507837534
2021-02-17,11,2182317.5146345645,8791414.074905857,1654688.645148955,6705533.75673543,414723.0274170141,1648700.658941477,734892.8880287537,3992,0.2104196846485138,0.015262231230735779,31137.335583359003
2021-02-17,14,1551180.5606866628,8613600.279196635,1188165.2696816095,7141230.602337837,305367.2939146501,1625260.570887063,757967.0598714598,4598,0.2544647753238678,0.02052159793674946,34435.16310709715
2021-02-18,11,1268259.229891181,5411506.825468898,953900.4394051203,4128474.090089449,256500.2397747839,1047175.1209954987,433852.1072277604,5267,0.26272377371788025,0.023592185229063034,33299.83215653896
2021-02-18,14,1548262.1214737445,6812223.855318591,1217879.2489971337,5196263.609459937,303918.2265950382,1309309.108244594,574772.5523499768,5843,0.28393352031707764,0.034355439245700836,36660.2208660543
2021-02-19,11,1331164.2068749964,5679205.196107149,1030558.4461709103,4251305.804843172,267467.6081100598,1146943.5762842605,555341.9947863517,5667,0.3584864139556885,0.04833254963159561,17712.48577517271
2021-02-19,14,1369109.516460389,4540421.894465044,1013260.6383482504,3453688.565738065,283496.5160147083,931796.7000348077,467343.3574664695,7736,0.3624604344367981,0.08483580499887466,25299.464090377092
2021-02-20,11,1745187.486806661,5434337.345845357,1304044.305473867,4130510.902046198,359694.0465200322,1108276.4338755817,586150.2697663656,6516,0.38321226835250854,0.058091528713703156,18859.20302850008
2021-02-20,14,1682301.293708533,6667760.891882449,1335217.440985872,5164016.886319854,318947.18829671113,1250425.0768035222,570727.562021273,10109,0.38671204447746277,0.12481050938367844,28345.639000833035
2021-02-21,11,1464373.6822817922,6052759.99425441,1114574.3732798633,4600954.752792093,300408.5466896994,1185831.8597124084,584235.5369519388,7762,0.38635966181755066,0.09580273926258087,23726.15579122305
2021-02-21,14,590610.8698824048,3827040.4930215776,440843.1476632826,2962974.024486076,127772.2972831603,773303.320273152,383449.1900009288,9367,0.3795470595359802,0.1578947901725769,22105.094319850206
2021-02-22,11,1085067.007578373,4221468.557200104,842067.1406180954,3236602.014546019,218285.9098847328,841008.0690271403,455282.11627279414,7461,0.3708992600440979,0.08833367377519608,19270.976066589355
2021-02-22,14,647548.3031801879,3474504.2325052023,481734.5449552953,2661815.933710524,131149.79082721364,735119.8547475038,375878.2648891008,8805,0.37053877115249634,0.11973332613706589,20056.001224547625
2021-02-23,11,1812493.205913633,6121646.461833984,1400493.0288479663,4732902.593904275,353893.58481855784,1194853.2724328937,615890.984873449,7853,0.3368186950683594,0.07088767737150192,20347.510535389185
2021-02-23,14,921011.853729099,4623815.550302893,700265.7549489653,3608051.5469931904,193293.12629520948,927054.2126106366,475836.97567713395,8832,0.3398544490337372,0.09391383826732635,15942.316438555717
2021-02-24,11,1442212.4623681903,4736674.866505459,1139758.4605321297,3752237.763052092,309414.0543942973,964249.2070411926,502810.07351778937,8181,0.3522782623767853,0.09014121443033218,20825.521179497242
2021-02-24,14,987423.1005886793,4675970.944511503,768741.121607299,3656019.899356751,192928.33225126058,918595.6798315186,415920.79762933735,10902,0.3544955551624298,0.12235210090875626,34367.49304831028
2021-02-25,11,1814429.7245837152,8687328.626541585,1392281.6878876067,7087815.142464102,334812.9762155116,1524224.2333828663,718502.8482403539,6325,0.3472909927368164,0.07875271886587143,26082.182042837143
2021-02-25,14,1466140.1336697042,7438825.4367105365,1121377.6745857683,5732722.420681326,281398.0171717157,1376157.1401971208,598742.0430067972,9388,0.340814471244812,0.09210455417633057,23571.474949210882
2021-02-26,11,1989393.329698056,12291653.76833187,1546541.3211609405,9618908.663636107,326884.8359031325,2054436.1506686439,851743.013550887,8860,0.37189871072769165,0.08039449155330658,31741.45406678319
2021-02-26,14,1318432.7026589215,5929100.115528062,1026209.4743953625,4581066.735329047,231828.59822130605,1088922.229296044,512582.86941870686,9812,0.37121105194091797,0.11750417202711105,45971.92587867379
2021-02-27,11,2027562.0830322206,9566171.334352076,1709253.5528725437,7367728.114769425,340537.31644209207,1648004.978237141,724828.5510420393,7635,0.355785071849823,0.06702736020088196,29360.640008956194
2021-02-27,14,2090736.4914838076,9783882.157025576,1681492.1605411351,7635325.543937178,367669.4349108136,1729520.179453201,763168.216634355,8761,0.3697595000267029,0.07783475518226624,36552.85276481509
2021-02-28,11,3093573.0275529027,14591843.673939973,2101789.0235366654,10871646.298500169,559193.7514264664,2518477.9776240764,1086984.9878427698,6578,0.3542223870754242,0.05402281880378723,33700.727333277464
2021-02-28,14,494429.28110572696,2778559.9212113917,411601.3814526898,2220995.3753290297,102721.90801683921,530741.7738434238,238617.7008174074,8620,0.3484431207180023,0.08415455371141434,23001.963240355253
2021-03-01,11,1781568.5306966603,9612193.995376706,1318115.6543068062,7296385.9537093835,273412.6648631487,1546173.1381279696,590003.3921482706,4271,0.18529708683490753,0.015934456139802933,24016.56272867322
2021-03-01,14,1636485.3025829196,8960501.813654572,1312465.7955443184,7234726.202999292,281410.6927634585,1538116.4546069356,668942.2922774525,3881,0.23375409841537476,0.016014888882637024,37728.002790510654
2021-03-02,11,1116593.8300368935,4202773.410957634,776780.1749028757,3883047.652214611,172599.34919076104,733289.1013225676,355499.6379659544,3237,0.02818141132593155,0.0025986344553530216,22245.39645332098
2021-03-02,14,1361914.7156029046,4704153.796264797,966447.8362936946,4075481.101800509,226797.79601618048,816377.4973047167,401301.31907969585,2832,0.04621763527393341,0.004377282224595547,24607.383819431067
2021-03-03,11,1121458.293269299,3506622.449947886,789266.286946521,2605801.6732788673,181451.8664693854,608210.4926698178,319745.8464564243,2609,0.06787365674972534,0.003859255462884903,21064.411545038223
2021-03-03,14,823762.4786052108,3222465.243531704,586421.9665736572,2544691.613130805,153587.9950788025,605150.8109697716,326526.8345643021,3010,0.0786224976181984,0.009877718985080719,17748.504507035017
2021-03-04,11,1314549.7779233754,4210662.028485075,917784.728525451,3303729.8708269726,199964.92582002148,726898.1325771848,371536.6194880109,3221,0.03905089572072029,0.004197685047984123,20674.65475770831
2021-03-04,14,990044.311008811,4346230.459030554,667962.1066701214,3845188.142820848,163189.3094842682,783446.556059737,363949.8517061881,3983,0.0632852092385292,0.005903761368244886,24156.77506235242
2021-03-05,11,937378.7740981877,8485431.439475283,721804.7978136607,7969431.558661588,112737.55028636234,1377049.5809368135,609030.1036456588,2986,0.05249573290348053,0.0032097864896059036,26868.95571386814
2021-03-05,14,1027429.7235063314,3260066.0320328176,683238.8990511667,2949646.003194183,176567.84431448445,552043.1884736633,270869.04542750213,3506,0.10306631773710251,0.013529657386243343,24179.656288564205
2021-03-06,11,4024289.823857039,9821240.348984092,3716495.5850840877,8761005.071618108,697263.7998635313,1753550.2514556437,776563.4514855535,5033,0.23247076570987701,0.017878305166959763,36405.06363067031
2021-03-06,14,3270701.1378564835,17470552.40005219,2804735.625370494,14227337.141682312,457526.5608261785,2751399.643362092,1225951.080148668,4152,0.2859037518501282,0.024364545941352844,29893.235179781914
2021-03-07,11,3797587.408912927,13097954.920606911,2708883.168896488,10128396.426562035,691920.7058601803,2311053.659445166,961687.3249054948,5837,0.18505391478538513,0.014765792526304722,39087.90719154477
2021-03-07,14,4394341.474239439,11720398.009248465,3561599.504102839,9752121.864271391,814101.0958803303,2106307.449196035,868062.5226879034,5864,0.23594151437282562,0.024120641872286797,42040.736464083195
2021-03-08,11,8676708.985185474,16841029.411853857,7623849.435622763,13929744.359211877,1547409.7328343273,3001893.106318819,1349921.9539630415,5511,0.19281907379627228,0.022726435214281082,36122.367719084024
2021-03-08,14,1866535.4702692032,9375469.03156805,1516397.6116375946,7779368.980608537,313096.4057300003,1513702.4977240441,568770.7236594995,5813,0.3251858353614807,0.06581191718578339,30553.704182505608
2021-03-09,11,3365263.7254301608,12806049.948690236,2993204.3674258664,11160403.588232115,609390.6208141921,2322041.2052196735,1069460.1405317166,4512,0.2845361530780792,0.03364473953843117,29457.705200582743
2021-03-09,14,1993553.9131954908,8935963.791513354,1674520.4459137295,7495653.092502965,374072.57786696916,1595365.29385089,648466.0086526847,6620,0.32030075788497925,0.07318224012851715,28141.315376609564
2021-03-10,11,1959805.4332649857,8786568.142944157,1632494.4214631445,6969713.65731769,371744.0088355702,1598197.1130698668,757963.0841537338,4841,0.3053920567035675,0.05369285121560097,21804.533259660006
2021-03-10,14,1911031.5784221292,8428422.184805036,1639658.5286682942,6989510.531639718,356374.9729626152,1525037.1181329703,625643.7652735203,7544,0.3294554650783539,0.08212018013000488,24408.380194991827
2021-03-11,11,2372217.45355165,13063382.658355638,2067514.8141762833,10649802.283772655,429991.69126187556,2283169.714308361,1080520.694807503,5846,0.31953462958335876,0.06340578198432922,27960.99081966281
2021-03-11,14,1714059.8646793664,6440155.599828422,1438667.4597364336,5378074.261171396,328930.7581581988,1225232.955207231,539803.2729111784,8162,0.3397645652294159,0.11517547816038132,20482.5247554183
2021-03-12,11,3414009.6073859334,10595603.375877857,2456622.8352848534,8359881.0593917025,621177.1752867274,1905619.9044375631,776937.0690775051,5837,0.2718470096588135,0.023206399753689766,39767.56796634197
2021-03-12,14,7037886.227098972,22173431.771456897,6304202.35687615,17600640.508977514,1258783.6779399884,3652340.718968807,1566486.3798708683,5882,0.28881776332855225,0.01980810984969139,22021.079976260662
2021-03-13,11,3743683.1762836576,16396879.930026293,3290107.3691882677,13573747.84204167,552760.4839953971,2696406.2639132924,1114946.3461738229,6269,0.2823770046234131,0.025780389085412025,52026.822675704956
2021-03-13,14,2401262.5211161375,11278040.197581708,1890878.8712885128,9247853.430131607,415953.61129237677,1964050.9654166442,790809.5750074829,7009,0.31792861223220825,0.056853629648685455,37798.53066691756
2021-03-14,11,2941047.521012157,7676063.590086862,2080960.8812114056,5548133.115156234,542370.6466918531,1400668.6680190414,599146.9010961414,4817,0.22096483409404755,0.022811871021986008,49413.475763618946
2021-03-14,14,3299319.639587581,14469332.164064527,2770006.8976878375,11525658.312314652,528694.3372902368,2453859.7259925352,1019323.1453779066,6566,0.30518266558647156,0.04572000727057457,35004.76177319884
2021-03-15,11,5713443.804813758,17763791.90894845,4756026.144404153,14796970.252450917,848502.6527878594,2939279.3756459802,1303370.3029179415,5399,0.2551897168159485,0.02694890834391117,31312.309535950422
2021-03-15,14,2186172.0312864482,9169639.113786072,1893502.7549021458,7556561.807652693,366759.69146713574,1563474.7791758287,599450.456166673,6255,0.33054661750793457,0.06021096184849739,24570.19781306386
2021-03-16,11,1249843.497849822,5437730.823396921,1001757.5579014948,4213625.226425249,228994.02447210415,931627.7067892922,360687.2289621679,5258,0.30214953422546387,0.03913029283285141,32148.2232940197
2021-03-16,14,2067647.78146711,7078989.98532784,1982660.382016719,6160269.26850459,353161.54943606077,1247879.2588830523,482606.364447559,6243,0.293958455324173,0.05307949706912041,31397.015371531248
2021-03-17,11,1331559.5929100215,3960831.371471092,1061458.8308696533,3105983.8261209917,275054.6831789292,795629.5487593221,381702.6469688525,5499,0.3332114815711975,0.0692724883556366,24686.66730299592
2021-03-17,14,1782213.182283163,6218223.454312742,1562161.2989906794,5217456.200920868,346116.22779846645,1178150.2884441263,511015.3127358433,7947,0.33254608511924744,0.08637596666812897,21200.853560626507
2021-03-18,11,3533082.151756525,16992374.02620539,2727647.915433632,12947078.46472943,612690.0452035132,2864622.909613398,1291237.10943481,5701,0.3405541181564331,0.07129446417093277,31756.988191127777
2021-03-18,14,1553455.153151065,5701477.497526199,1271157.9896509517,4729873.149662232,287911.2182990184,1064160.0600799192,460565.0470855181,7999,0.33403581380844116,0.09161695837974548,27661.236978709698
2021-03-19,11,2807818.813458234,10908754.670851633,2090457.4033342877,8465775.97502414,481926.7610327807,1883130.5359219662,799712.7938525518,6311,0.3267071545124054,0.06314213573932648,41327.48914286494
2021-03-19,14,1725821.9305466712,7200499.927728653,1405663.775445974,5920743.614925778,320454.34724838915,1314370.359013477,574886.4776876753,8101,0.3189481496810913,0.07997944205999374,29564.592152684927
2021-03-20,11,508474.96334551275,1789099.8215569258,418786.84206415655,1492825.3211812414,111064.40344876028,377632.44807205023,169616.8041391332,4312,0.16230574250221252,0.00991671159863472,23873.039564847946
2021-03-20,14,951574.9521585256,4027674.7581212074,709630.190680781,3065907.215505207,167802.23782905098,726046.6601187247,362379.9061672421,3440,0.09527944028377533,0.010439512319862843,20253.86084061861
2021-03-21,11,2064493.0606547445,11653325.664497137,1739510.7273443262,9760150.4920498,385837.4625634833,2172950.5382714234,960364.8995609303,4329,0.15068311989307404,0.014877724461257458,27014.942679345608
2021-03-21,14,3629259.580201119,11030076.598928228,2649647.8501261524,8272921.218722876,535843.8495254449,1782053.1267993415,755929.4007302725,4385,0.2368481457233429,0.028760181739926338,30287.406765818596
2021-03-22,11,2759390.2864789665,10267846.542724073,1975906.4995955722,7447366.0278695915,465629.9669978523,1734388.7044008449,701250.6979002357,5251,0.2998541593551636,0.03720036894083023,41480.737984359264
2021-03-22,14,2774760.7963837683,9861080.181657657,2407831.334232961,7925276.412270076,494640.1728094052,1712720.4241772853,785291.7616487266,4793,0.2822043299674988,0.04372940957546234,23670.564501166344
2021-03-23,11,694000.6950371563,3376318.2924649715,537204.687115473,2632185.9518518783,140873.39779687126,660603.0999545623,348927.7942403363,5031,0.339215487241745,0.06663461774587631,19166.971691042185
2021-03-23,14,1662064.9154669046,5812516.090124458,1321357.1963846441,4784127.754905263,304140.268841762,1032785.3097953969,469793.18929649045,5635,0.33702799677848816,0.09135506302118301,20065.69072306156
2021-03-24,11,762950.0020828545,3145155.253174424,610665.4275857065,2461055.316307148,164643.7508322639,625729.120902271,332697.761091036,4480,0.3670037090778351,0.08079955726861954,18218.28521707654
2021-03-24,14,1278863.7672546506,4828931.807301268,1159426.228864647,3979325.37870601,251056.87457394085,946662.2379572354,432637.54228401056,5668,0.3390003740787506,0.0834210142493248,22778.689160317183
2021-03-25,11,616459.1248743534,3060104.3236663193,492488.1193034245,2424021.3690706,135217.35378786875,643490.4667767668,332761.30007158464,6491,0.3836911916732788,0.11604063212871552,13165.153580337763
2021-03-25,14,1302205.501928091,4473108.001602367,1134741.7136081979,3902566.5129498295,257061.68736902464,888108.1016376084,409272.4973258319,6725,0.35004884004592896,0.12465130537748337,21985.818123459816
2021-03-26,11,533810.6634909511,2281491.3218898475,426023.36175360193,1827886.7334614666,117608.97334884702,495433.48114884674,268172.8769952903,6056,0.39473363757133484,0.128433957695961,16300.179204314947
2021-03-26,14,1437298.2801599205,5352608.849022448,1202908.5905437795,4324374.001605694,270161.8971660936,1010106.707258079,442498.0563281455,7224,0.37130436301231384,0.13993000984191895,28284.304817169905
2021-03-27,11,1579751.382513523,4395879.424862951,1303189.789456035,3524712.2960245577,274558.644713896,773802.4871934885,350771.60127093166,5011,0.3629230260848999,0.08733466267585754,25722.206817150116
2021-03-27,14,694208.6667025983,1957438.0192515552,560744.7281858721,1560816.5459801308,156356.5475363992,447646.5238893981,223511.66024616134,5260,0.34784793853759766,0.05167080834507942,25699.799219995737
2021-03-28,11,835652.8012704402,2869716.7647724748,673968.8778028557,2194382.21384605,177235.22774832533,574552.568613816,292889.32085480576,3526,0.22001530230045319,0.012552483938634396,21698.842076033354
2021-03-28,14,792631.9089902043,4285701.526651591,654696.1986486334,3395172.1172217075,163347.55983438593,890118.2501313655,465750.48271068826,3770,0.2995792329311371,0.012258464470505714,18379.28325918317
2021-03-29,11,1062704.895330876,4320023.185937792,878610.6199589986,3433134.739938747,226477.40390824588,823033.0586510277,380664.29868637706,4063,0.24949651956558228,0.01683715172111988,23637.629508584738
2021-03-29,14,1024650.480446592,3369316.9336580485,760569.2677969777,2630446.9716329956,191271.7062974464,569161.603704646,291035.48883669823,4057,0.27004745602607727,0.031161289662122726,18211.83479514718
2021-03-30,11,1457272.5536294878,4305754.612843186,1047059.4896957702,3363653.641699453,222606.96864724183,699722.2600712221,311048.1688288668,4794,0.30185097455978394,0.0388820581138134,26526.90354627371
2021-03-30,14,912987.61470972,3439373.506661102,678907.8668313184,2756627.7193731237,160449.6436449858,592055.389961037,305536.9723724986,4089,0.2779521942138672,0.03690560534596443,25223.417166739702
2021-03-31,11,980983.5409191549,3116931.623784572,756020.19147607,2423808.572969371,163934.50998631513,528073.7392522641,269783.1590122988,4469,0.3333856463432312,0.06277575343847275,24318.309414178133
2021-03-31,14,806091.5392499864,3035202.6905784905,623698.3293751997,2461108.1442657406,150936.88652895467,554781.7413447832,286984.9555132048,5430,0.3195987045764923,0.05536850541830063,25209.432883560658
2021-04-01,11,1238067.7245935798,4339425.664527968,1085136.1797413123,3583729.063287859,229825.92366651038,788771.6922155893,358431.487103338,6299,0.36321696639060974,0.11751646548509598,23541.803009420633
2021-04-01,14,1094261.337316513,3937581.5859906375,968661.1639944369,3294460.7095816256,213902.7112288851,755892.2139341121,371294.70787578425,6407,0.34386885166168213,0.09097524732351303,26948.496015906334
2021-04-02,11,893940.2208209634,3247324.589321971,659968.032610897,2517601.6285501537,169372.98624836505,610707.3883908485,253103.74479962455,8633,0.3790447413921356,0.1146828681230545,45380.67369556427
2021-04-02,14,727949.7980466187,3067259.4899151325,631527.6147750143,2435253.1643785434,139451.6055653654,589205.7970243448,240100.131281147,9308,0.3580203652381897,0.13357333838939667,40116.23726773262
2021-04-03,11,577076.6046983898,3046165.9431427717,466628.83825328416,2453290.6953642494,122273.43654732284,603380.0758880815,309859.0830065202,6272,0.33869537711143494,0.04980533942580223,22810.604070693254
2021-04-03,14,501334.9463112354,2497990.3119097203,398916.08129668306,1832075.1108083606,109685.32413002098,495950.0026700456,228153.07866080754,4251,0.30107417702674866,0.01559037622064352,19534.336522102356
2021-04-04,11,2109299.1726044863,12162890.449565142,1605314.528374366,10116061.443823189,302398.5770909429,1973063.7240422994,810980.3570737032,4089,0.049543049186468124,0.006175387185066938,25775.65894538164
2021-04-04,14,1210696.0837825537,5145819.965359315,930035.1175531317,4266230.503041461,178198.37010826063,779519.3168505727,329884.99319895473,4109,0.08190573006868362,0.00967979896813631,22461.915984541178
2021-04-05,11,1523200.1236435473,4916960.819225848,1093627.457712219,3767118.9358955203,249194.04895190836,769720.882859824,360107.9463444055,3941,0.2724291980266571,0.022064346820116043,27989.41559627652
2021-04-05,14,664784.3052353561,3013881.682750821,523443.38141372014,2389433.7728587706,138175.7802063875,597899.0171251174,320055.8348787169,2490,0.27369946241378784,0.02118743024766445,16736.405948132277
2021-04-06,11,759443.2391052544,4065077.7927139103,546804.6520292424,3094194.74873312,142242.23312854918,707721.3906497755,357073.8237028543,3810,0.28477808833122253,0.02285405434668064,20322.325569927692
2021-04-06,14,1325510.6914236248,4054271.075463325,1052742.861203619,3187168.2790378435,225064.6943473586,711637.8352416395,364385.6031579879,3683,0.29787835478782654,0.03158865123987198,18273.16148737073
2021-04-07,11,1049917.2187251747,3082128.700853646,751488.2145333688,2445883.8919997653,162600.1292495802,556940.0059376262,292745.79860381293,3559,0.28622275590896606,0.03627825155854225,20015.93093213439
2021-04-07,14,1112481.5756037831,4150992.6160949767,863819.7631961207,3286105.321640674,197325.23055735175,750050.687757038,398482.5949865712,3697,0.29090550541877747,0.03374544903635979,18774.140385448933
2021-04-08,11,2594805.0531098396,10259401.734671578,2135990.7456287383,8131016.451103702,414974.1908583179,1617504.7490655992,597729.1682820302,6344,0.3567586839199066,0.08732571452856064,28607.4963978827
2021-04-08,14,2811614.062128842,11309447.788370058,2307816.7375990697,9397331.054513365,485008.3289029577,1984888.3837216198,855025.036494635,7010,0.3304043710231781,0.07437696307897568,29335.64003071189
2021-04-09,11,1571168.1994695514,6407993.720965162,1304576.8485719943,5138550.779762309,299765.74512707046,1177841.0003753062,587401.6546145985,6596,0.3691296875476837,0.11280133575201035,25824.804864376783
2021-04-09,14,1788593.9148821533,10333860.876530483,1602056.619556245,9072473.974817786,337186.18661099655,1866214.49893747,821615.0759014224,7054,0.3273554742336273,0.07310539484024048,29809.324642419815
2021-04-10,11,1142896.25419873,4383380.59679471,982392.9563018766,3691398.4600885026,224134.2972920755,838613.5996649294,353327.7044158401,6739,0.3645712435245514,0.10696294903755188,19974.673318505287
2021-04-10,14,1461625.4056293666,7089343.154247761,1279514.2786275493,6323934.132190833,281277.4406973694,1318772.9634321863,595849.2740816639,6261,0.3424030542373657,0.0902787297964096,28943.001654028893
2021-04-11,11,1750877.616398245,11924832.506838068,1524977.2211299168,9390750.446686042,313353.94469258003,2020954.370606896,837777.5224653105,7409,0.3868005573749542,0.13333958387374878,27929.55964449048
2021-04-11,14,968453.0987934172,4645629.102688208,828119.966843378,3864831.7033061143,192310.44201085245,894803.9652657281,421221.2977404832,8181,0.3524268567562103,0.11644595116376877,24105.816954016685
2021-04-12,11,1763753.520855844,9496125.739650995,1350638.2113579903,7125437.593092969,325241.85172210704,1660377.7846194694,661865.6780803587,6812,0.34293821454048157,0.06552666425704956,38414.838217794895
2021-04-12,14,3824470.8118083775,9935569.825615734,3432607.8455168745,8256347.106514479,728461.9395582355,1831462.4008397704,783428.7578842248,5749,0.31484121084213257,0.017313189804553986,32218.47354194522
2021-04-13,11,3586297.0642074943,11910612.329688564,2919812.902938502,10066153.836288553,657109.666578064,2095298.378581797,946199.6928096636,4110,0.11585420370101929,0.01320166327059269,33840.57291004062
2021-04-13,14,1159025.6124297678,4059978.0274300277,856837.8943490726,3136722.16084087,209268.90246848596,718649.3735692888,393017.2308626317,3752,0.3165760636329651,0.03189908713102341,21719.61745467782
2021-04-14,11,1767601.902628243,6708788.425042227,1295346.6166867,5135681.905646856,272396.0153794457,1114857.6381276932,504109.05562736903,3588,0.27797797322273254,0.027816835790872574,25954.590413808823
2021-04-14,14,2279151.640040159,3892678.792345166,1693352.2813349692,2989329.209917536,432324.72854814446,735444.8911253102,357495.90868768713,4253,0.2740840017795563,0.03262588009238243,26543.192695736885
2021-04-15,11,1670479.457865417,4780616.075031817,1244651.3251685076,3695546.731922704,324005.19374146836,946362.3579103339,488708.5197375282,4492,0.3117086589336395,0.04556937515735626,24277.946504712105
2021-04-15,14,1256428.9378539026,5911158.310548514,989271.485177945,4538599.905629732,246896.7858705285,1062773.7216670192,521835.3453833179,4210,0.29345768690109253,0.038932859897613525,26773.34822946787
2021-04-16,11,640663.1062116325,2879704.247343749,502891.2196178762,2307158.135523433,147494.55765409544,625804.6117871458,322336.96918651083,4096,0.339363157749176,0.03298860415816307,15687.229694366455
2021-04-16,14,1970850.4507200867,3528392.917351678,1509757.253680328,2768658.755020398,389789.61378780287,710057.6056438293,349390.4841042375,4097,0.28772011399269104,0.02645006589591503,27141.55891317129
2021-04-17,11,904223.7707661986,3885072.9719959944,754773.0646223677,3004808.5752613666,183714.67411819973,760874.8775438389,382797.8756693015,4521,0.34758055210113525,0.07439446449279785,23849.73081880808
2021-04-17,14,1619148.635634467,5966502.597633049,1374181.5189448236,4714555.661515635,326397.84998575784,1165677.601221871,635993.8369898915,4376,0.3200104534626007,0.057263851165771484,20336.850255578756
2021-04-18,11,1151008.1788455993,6940112.416279942,942401.8969547515,5384069.291116195,231869.98998023954,1348344.6294755123,615101.8811490871,4907,0.32149145007133484,0.049314264208078384,19209.409502595663
2021-04-18,14,1678624.7830564678,5289682.770543352,1461411.3590726985,4308260.297348118,344292.1277498611,1041403.071033228,538861.6507826758,5012,0.31460094451904297,0.06546665728092194,16570.496557712555
2021-04-19,11,834112.434188664,3464484.0661648363,706077.6198008982,2799777.7345823655,170153.34441637178,707428.286463648,364476.13737685035,6239,0.3700809180736542,0.10536153614521027,11221.220759093761
2021-04-19,14,601402.563549012,3038842.5377726406,506311.73945858603,2484324.680836059,127087.2221434146,635220.0271621754,332600.29531868786,7070,0.3536156713962555,0.09130455553531647,17163.384745270014
2021-04-20,11,452655.2129754722,2285968.13045235,372081.43710757094,1873961.8773551295,99186.22733423355,485966.83422038023,243615.0097537223,7061,0.37750500440597534,0.12750442326068878,17180.929075807333
2021-04-20,14,548706.1568046212,2358367.608201042,476568.9312609893,1992538.6614017375,115001.2280348432,495125.5359523313,242568.7697322747,7611,0.3552625775337219,0.10388384759426117,17548.55981886387
2021-04-21,11,514502.56734725833,2546935.0419325083,410394.89332808723,2048290.0245974206,110098.21263687787,535934.0078703612,263629.7681973614,6682,0.39426282048225403,0.1473502516746521,26433.4706235826
2021-04-21,14,524885.7269147635,2237093.544601813,445347.47016317974,1865651.7754186743,108172.67859870793,462554.9874387369,213747.3425442847,7595,0.370665043592453,0.13182367384433746,18746.02681133151
2021-04-22,11,542886.4733124524,2967775.613413736,492305.7772248577,2410338.777555329,119021.35942701131,618450.2930689713,317014.2431940087,7081,0.3752903342247009,0.12356184422969818,15255.741882562637
2021-04-22,14,547133.8676625788,2569963.116776347,461559.07938170456,2104260.7951586777,115983.79618431324,529738.7338465538,255069.85699112213,7984,0.3799448609352112,0.1428583711385727,22231.570344805717
2021-04-23,11,407804.188270092,2334759.7804453075,359272.6364881962,1978501.180959466,79672.11430191602,444332.30076878733,208201.50501203781,7825,0.3489811420440674,0.09127824008464813,21464.568926036358
2021-04-23,14,592939.9449905604,3613980.254192412,505621.83694472583,3366019.582300373,117269.74949233493,712983.7063475018,348095.6553442785,8351,0.34999123215675354,0.09983918815851212,31073.397641688585
2021-04-24,11,672929.1027659923,2972391.6261603534,577306.1571573755,2482856.861350101,137220.97543178563,589631.0432853149,300689.9925491159,5746,0.3593544065952301,0.10662255436182022,21461.151609539986
2021-04-24,14,514890.5886949301,2577083.7609273195,434281.0037456602,2075667.056664538,104890.98818355458,513690.5972983569,232829.6917576444,7916,0.36326146125793457,0.10367990285158157,37953.16250512004
2021-04-25,11,1322840.2280455083,5838550.787929267,1055130.8138278383,4650980.990059415,205652.62241924688,957372.1987808739,481962.287686754,5123,0.3831537067890167,0.11885061860084534,25013.472555071115
2021-04-25,14,593148.7042767406,3641294.0797085464,535305.0884022585,3412497.15572715,116154.87153306078,695857.4515157402,321367.8360760332,7132,0.36383873224258423,0.0888017788529396,35242.76929593086
2021-04-26,11,926603.2202905118,4102117.5893742293,775632.9302083423,3295132.5381965972,190397.36618335592,792280.125379527,373782.9821759341,6149,0.36630779504776,0.10798274725675583,26208.945317983627
2021-04-26,14,482847.4649569094,2640379.6588674784,438211.39903887606,2138328.133993822,105348.98334745417,546734.878398989,282362.8229335962,7019,0.3338485360145569,0.07446639984846115,17859.163712382317
2021-04-27,11,1877539.066352725,5984009.92186974,1464399.3035337022,4598691.003800357,310160.74927074765,1038053.112137797,475168.60337306495,4645,0.33959925174713135,0.08903476595878601,23063.665434360504
2021-04-27,14,1806037.6052899063,6696075.428754747,1403942.884257699,5070993.833002111,328216.667178493,1169555.9358185246,543711.4225102953,5381,0.3263903260231018,0.06757444888353348,25453.81790995598
2021-04-28,11,1802534.4124270976,5599486.699431449,1498396.0159831457,4399524.938113454,353372.26920906204,1094114.1648547878,559338.2686300097,5259,0.3425101041793823,0.07805769890546799,25169.646653681993
2021-04-28,14,702872.2827515304,4702513.901940092,614607.7759213208,4069375.7553522564,144295.39155668716,881469.2115431458,417764.3399733987,6444,0.32940301299095154,0.0795271098613739,16654.199747622013
2021-04-29,11,1726547.052497685,4652809.426047176,1392687.6540417953,3656573.672418475,309643.48694018164,830925.3511590499,455208.10628278763,5131,0.3282555341720581,0.060043543577194214,24371.013892620802
2021-04-29,14,555328.0816119015,3183361.3677800745,462984.8465121298,2516899.761489799,108910.87067439809,642524.5456031512,329833.7677672164,5722,0.3509554862976074,0.05717632174491882,28063.842823415995
2021-04-30,11,2698530.161703661,6546164.616639584,2191131.948387781,5217822.527059929,528465.5102554831,1251766.967161009,655309.9018877463,5116,0.30695003271102905,0.034916214644908905,26406.835246801376
2021-04-30,14,1028539.4641613215,4331305.327356681,813505.141504085,3486738.7931688162,200188.1103150781,865982.0915969987,453542.8765055191,5635,0.3310985267162323,0.053452830761671066,23891.644852787256
2021-05-01,11,2137984.8803686798,4600965.474679589,1647690.692513688,3631249.8332898375,390373.97930050874,919696.3685976249,451376.93896873354,4350,0.29147961735725403,0.015907978639006615,28924.98253518343
2021-05-01,14,2039553.330025971,8031670.045104682,1765239.2247469937,6420905.678166196,399095.7127732002,1463087.286028278,778632.9883024702,3723,0.30701276659965515,0.019577927887439728,33123.84826296568
2021-05-02,11,1980810.999588713,5095437.830991253,1560465.7190614562,4025680.626503444,364150.7058248146,985258.5249301525,498029.53086858965,4044,0.24156223237514496,0.014275118708610535,29002.855335265398
2021-05-02,14,2469439.5721488595,5727059.707517713,1907235.8423582148,4397174.958129948,468191.66663317545,1092910.824490725,574287.1856720515,4169,0.28687188029289246,0.027720265090465546,29577.383292257786
2021-05-03,11,1230567.2902626693,4378294.335142881,981550.6825962565,3378717.5797119783,234572.7435266155,876519.5877814651,439501.22711425036,4371,0.29571568965911865,0.043098513036966324,28548.515961676836
2021-05-03,14,930916.1683596075,3922895.2214501053,775902.7346423762,3098582.94533168,190916.95650907359,805820.2266544452,402412.026205476,4636,0.2772820293903351,0.034530505537986755,26532.243308395147
2021-05-04,11,2662374.714924112,6593365.641368724,2113637.6747697312,5025745.212349987,485722.4877986944,1211716.2188425686,653102.5672515768,3392,0.1074020192027092,0.01700780540704727,27852.906576246023
2021-05-04,14,634278.6760602668,3852775.327553533,515872.5455500254,3115575.6949941814,146985.71917267382,770486.3054296346,440266.9655518974,2134,0.09387307614088058,0.01034371368587017,12235.835954457521
2021-05-05,11,1199019.0940615013,6012661.128646456,1034448.6478927529,4662529.819597827,259252.6017520358,1154055.3717875895,631789.4783434584,3690,0.244581401348114,0.020745649933815002,26653.872188657522
2021-05-05,14,2562680.105907835,8217746.567635655,2006791.2562378582,6602388.664406076,450724.90476481395,1450764.689511559,744607.9535862115,2783,0.22034217417240143,0.02551656775176525,24492.305244088173
2021-05-06,11,1811368.1196333617,6299088.207932182,1447265.9321693727,4924564.913307814,332900.01154703856,1205145.5320799253,653056.926581648,3311,0.23886623978614807,0.04638829082250595,20086.492547243834
2021-05-06,14,2524873.1446955055,6675449.470969744,2063310.020839428,5224400.3217959525,482027.5601122549,1237786.229746396,656951.2730821534,3185,0.1858353167772293,0.028484560549259186,23731.056572675705
2021-05-07,11,697472.9892311245,3973753.7742083296,586809.5418166334,3190860.493215443,170887.21963105106,862258.0395501249,478185.48692577664,3935,0.31278684735298157,0.033453792333602905,17471.258775532246
2021-05-07,14,918617.7831431702,4922831.911619596,742969.1928517862,3845579.245472018,183351.470360992,924429.2199021082,444916.78318876703,3459,0.15737706422805786,0.012961429543793201,21720.407561719418
2021-05-08,11,1750681.5183335096,5736148.757447556,1428538.1435976047,4438345.133414829,349625.9202477521,1091785.2720402982,572705.4627553828,3930,0.3188645541667938,0.04886345565319061,20993.829253703356
2021-05-08,14,1223309.2519325465,4631386.227647372,1067270.0309365995,3586387.612468474,269409.71149410197,898691.2217504109,469056.189401285,3382,0.2944243252277374,0.04246050491929054,22780.06500452757
2021-05-09,11,2708344.642595932,7199255.274151772,2223774.7767178346,5611867.229722627,525607.463399281,1340281.4972289428,695488.8839067187,4006,0.3395737409591675,0.07562462240457535,26500.5273514688
2021-05-09,14,1959181.191535093,5159736.9096009955,1639231.7166173947,4124602.548530731,396073.49455454806,1012049.3143783218,535012.2864462567,4511,0.33341437578201294,0.05888812243938446,24576.600005745888
2021-05-10,11,1813807.56620422,4861018.786995709,1461084.8033614198,3811743.0481652585,355842.9271227735,970793.3871266441,512666.81994373194,4029,0.3197806775569916,0.026149258017539978,26886.416422218084
2021-05-10,14,1889860.560905382,4986565.680696942,1510857.396552805,4101503.2055571657,402209.9255176724,1054260.5751264694,560924.4703840334,3828,0.29749491810798645,0.02294701337814331,27798.374744921923
2021-05-11,11,439321.6883972585,6673001.190844834,337818.09873047896,5433021.052535404,86116.41274911613,1237479.1492159122,510026.0170429931,3476,0.3205530345439911,0.033452108502388,33643.835185587406
2021-05-11,14,3086912.04097268,12071360.573574126,2656049.036103335,10201852.033286225,583763.0744135185,2244561.342767609,983570.3881648597,3908,0.3054659962654114,0.03365470841526985,28642.228095024824
2021-05-12,11,1113824.7634720951,4007850.9220125973,978746.8728971554,3325302.85902129,227502.9563486697,808581.3525714723,413560.9219450338,4258,0.3141270875930786,0.047992538660764694,20692.279948800802
2021-05-12,14,3503127.660615638,12886962.148375183,2869144.5638781143,11173536.708677042,694006.9519879676,2437318.805731862,1154688.3520987756,4740,0.2945929169654846,0.03594135865569115,23446.59321090579
2021-05-13,11,7319700.8458997905,17181787.492751196,6087251.285812947,14164686.80087316,1295630.9478768234,3036309.0480592516,1394126.1458773818,4189,0.33650892972946167,0.07215797901153564,45562.88963896036
2021-05-13,14,4764173.804115295,13267376.406136647,4523392.461176715,11337080.203552634,846744.4638546675,2420618.365541177,1106180.3605504998,4962,0.32788681983947754,0.044928766787052155,25948.225350946188
2021-05-14,11,6938806.787092105,15742876.984540373,5742550.131189415,12972762.053979877,1238952.620065743,2808984.3023304194,1263088.4594799764,4218,0.3187119662761688,0.06209620460867882,39689.040528059006
2021-05-14,14,8054277.512569189,16745720.86000599,7083106.4438492125,13767106.497358698,1464466.7221347396,3060394.9867538093,1387988.6935829353,5073,0.2950334846973419,0.045585840940475464,28061.107382804155
2021-05-15,11,6603950.84343484,18789455.288919806,5635961.246916283,15044656.406220155,1182869.1868796553,3269008.577837592,1440388.4817567533,5856,0.31472745537757874,0.011002381332218647,34555.895481824875
2021-05-15,14,3013302.551361203,5466129.841697872,2264956.1756124157,4262078.953007687,438479.29290116276,849175.5207795894,421254.6579951683,3372,0.2777515649795532,0.016742225736379623,24082.604555904865
2021-05-16,11,2126183.998177856,7801170.809117526,1686725.775358963,5987044.2077453835,394603.34354238526,1387551.478972964,614110.5495373483,3229,0.03311638534069061,0.003607247257605195,29984.113838732243
2021-05-16,14,4304213.520570397,11688238.88398023,3319090.7485834816,9516515.991018858,762775.0055820822,1989298.9591822845,890127.3481356909,3093,0.03503871336579323,0.0033050356432795525,32695.71173453331
2021-05-17,11,463292.2552276552,5054925.676698878,396070.2037875917,3997415.8033529734,94474.21902036283,794969.0154213196,383372.18193874427,2671,0.04710625112056732,0.0007643592543900013,23315.785102397203
2021-05-17,14,675554.8804036379,3700877.008683607,523111.58606026287,2944507.638397691,130508.01337882181,621354.7866444729,312810.0043783258,3114,0.01932031475007534,0.0007311948575079441,19679.78669297695
2021-05-18,11,971540.7402420118,5230770.252649747,786200.4228571301,4061879.8627606975,142714.65912697694,738703.9480685191,305789.4035545034,1948,0.029691020026803017,0.0012394622899591923,27269.224554747343
2021-05-18,14,412594.4311876744,4333013.96538689,370264.37595603656,3322382.3167128935,79811.9331652548,688726.778700201,314243.38646302006,2884,0.05186423286795616,0.0029166839085519314,15051.589243739843
2021-05-19,11,722145.1090351045,4425042.254330844,582808.379582988,3556717.307383949,121758.77827165295,695173.7931671003,300839.90790637955,2621,0.07742784172296524,0.0068657551892101765,19516.13957798481
2021-05-19,14,740049.2722060084,4706043.397875465,601114.4929636081,3717794.045816083,138604.86205012666,846567.4194956726,429719.5606063887,2462,0.04731151834130287,0.00652657775208354,16501.150296002626
2021-05-20,11,757168.560041748,11525048.675301112,607621.284911834,10126366.893977847,100069.33936794475,1792848.7380103038,732426.6359637039,2793,0.06627843528985977,0.0018349462188780308,29497.377747178078
2021-05-20,14,680448.3514529318,3567591.8910693005,507296.2224352767,2945031.981765776,105556.67950522335,568813.4175088204,221205.69282947082,3339,0.043030936270952225,0.002031773328781128,13124.628862798214
2021-05-21,11,3767771.461873971,11276375.563236736,2953443.9171602065,9269272.857182315,664129.6801813296,2030158.2541855797,938738.4221559521,2626,0.0552218072116375,0.003973836079239845,25745.657597362995
2021-05-21,14,4678152.630435556,11787090.851150095,3748036.62838885,9808347.222794201,834767.0226770849,2111211.4832259947,915513.0430989787,3193,0.061359014362096786,0.005574462469667196,39754.79508879781
2021-05-22,11,5867697.53815335,15703223.516992979,4536957.592518769,12805146.570359558,1075417.7732007601,2860286.599090801,1309823.541463267,2763,0.11274807155132294,0.015144052915275097,47234.114808321
2021-05-22,14,7129757.363385022,15838788.554050744,5917462.162099803,13187172.047571193,1284552.5327247528,2859002.3370472095,1301611.7763689132,4698,0.08344057202339172,0.016782231628894806,35897.3868970871
2021-05-23,11,7150945.897828355,19055919.785402447,6030828.265873267,15519461.298485637,1287165.7317134994,3409313.7051630495,1598848.268648027,3076,0.11492284387350082,0.025106415152549744,33340.353188842535
2021-05-23,14,3994656.5380391777,10674564.208743088,3267910.1921406374,8963576.163600843,751262.8800442785,2044557.200786723,980430.2831374456,1592,0.12488792091608047,0.019867517054080963,37327.828140199184
2021-05-24,11,2422123.321633339,9312763.656559862,1793494.1525627882,7177420.37088963,439871.4446748062,1736155.129425572,805891.7441406169,2570,0.09833859652280807,0.013591591268777847,33784.16295352578
2021-05-24,14,8780258.31987384,16249022.026711352,7514441.055645637,13489625.657959495,1596801.547622085,2986957.63121722,1350402.3606254351,4606,0.13729359209537506,0.02260810136795044,30988.629141181707
2021-05-25,11,1166893.9993014336,4713854.252074815,900188.2992383158,3681711.6386834513,227650.252871416,918709.8025946913,480515.7195841427,4199,0.2234121710062027,0.010248782113194466,30582.185766726732
2021-05-25,14,2786875.19195424,8814632.858963355,2227695.1957986904,6920710.304607509,518942.56228855974,1618090.1237988223,838347.2474470218,2816,0.286836177110672,0.028034362941980362,28477.43609279394
2021-05-26,11,2480385.0124052763,9035623.844034962,2094683.343532617,7292739.889925298,503083.01274096407,1707906.0335114808,860099.6313373083,3688,0.30984577536582947,0.029865499585866928,24891.28916761279
2021-05-26,14,2716997.8256652057,8769153.928029075,2139353.4705663715,6829321.9724816205,524147.905944868,1598730.7015873604,826874.2757098353,3348,0.2703266739845276,0.03646845743060112,23857.796786546707
2021-05-27,11,2076137.5770916268,5956684.200508036,1664777.7392047273,4653770.91000075,427121.8784522305,1186583.497945866,609429.1688374128,3809,0.25794491171836853,0.0067635178565979,33466.375574469566
2021-05-27,14,2363609.7740940526,7289070.133378521,1938792.26896281,5748194.55699813,454669.6345845442,1407993.3115074076,697257.0852139866,4353,0.2556377351284027,0.009730163961648941,17631.92265999317
2021-05-28,11,2597700.9031206667,5148357.132085219,2018142.4450663016,4018460.3935233364,512009.6944951916,1020896.4505509518,526094.6583757271,4752,0.3108136057853699,0.02702466771006584,27693.259972780943
2021-05-28,14,2468181.376424387,3415743.985995449,1912903.307379092,2655744.1071443735,479803.4137648887,710370.7414998589,353223.06423704105,4372,0.3159039616584778,0.009690581820905209,27402.114688396454
2021-05-29,11,2196014.614167616,6770528.3862915635,1777968.2532454908,5403036.074016532,433760.43529973633,1306150.4792863952,667226.2148207659,3646,0.10650913417339325,0.016332698985934258,24687.085204720497
2021-05-29,14,2598732.600457333,5383460.492849074,2017277.6136760977,4220156.092468774,517306.1763800824,1073117.5268511171,564418.7398628687,3564,0.1142701581120491,0.013732463121414185,25680.207575798035
2021-05-30,11,1810996.096082449,5151515.341173075,1536688.5355635644,4078016.470230158,383875.8641467103,1037873.8739973884,559853.5976838453,2523,0.14946866035461426,0.024813681840896606,23655.348910927773
2021-05-30,14,2373692.1402228177,5257335.458673932,1951368.319660014,4171031.925969196,463283.48835693323,1004673.6890044354,527489.028443807,2424,0.12310442328453064,0.018784042447805405,24742.372119814157
2021-05-31,11,1607838.250441365,4968658.829437703,1369716.5838427315,4006507.834508365,335067.1348898159,995329.8771562595,538227.0720194512,2149,0.15654948353767395,0.015314478427171707,24485.904296934605
2021-05-31,14,1077342.9852467477,4618922.804377265,890606.960187739,3693776.731754795,232752.01774517752,920637.6281694204,501012.910565729,2754,0.12503869831562042,0.018310323357582092,23320.362219512463
2021-06-01,11,1490030.715279378,4582457.613259494,1241550.458334874,3811776.3159105796,271927.1129786233,889765.8801105046,489322.45133526187,2862,0.1678534597158432,0.021663591265678406,21059.215379804373
2021-06-01,14,669122.2256518602,3266732.386765875,580601.6780986153,2628376.599932926,143063.4835064225,648733.3432761113,374562.67904378875,2451,0.13880287110805511,0.01702703908085823,18803.62417921424
2021-06-02,11,1623222.47224807,5678496.887006909,1319467.0794288237,4563967.488775291,287731.8437799895,1109478.09979006,570839.8104850238,2050,0.3076711893081665,0.03846852481365204,21169.245291382074
2021-06-02,14,1429563.924932599,5539633.02537936,1189837.8275953003,4417244.364208608,305676.35168584436,1078476.8530927605,567464.6839829523,2765,0.2557460367679596,0.030695464462041855,22811.374380111694
2021-06-03,11,2745675.2433919758,13350476.025721937,2291479.516241705,11596429.429384764,398381.6358942468,2131337.9331846214,1002396.4066265929,2538,0.08434458076953888,0.007966995239257812,30362.056682258844
2021-06-03,14,956155.328514725,4685523.100355148,769309.4202605162,3776255.4813240822,179011.32136703163,896650.5889853735,488348.6662946743,2652,0.07111619412899017,0.002564302645623684,25084.016144424677
2021-06-04,11,2209362.704850927,6959422.972598143,1824956.638449452,5568787.737141211,435607.3269796715,1302801.899746557,677714.4421410026,2882,0.07931452989578247,0.009033975191414356,26305.914394140244
2021-06-04,14,1097385.9146148115,5423055.589795858,884757.1576683397,4296486.317844096,186346.539251948,954056.972492421,492784.9234385263,1368,0.09120190143585205,0.012657631188631058,18246.44426780939
2021-06-05,11,1914916.0736795217,5367257.112406328,1524684.2504779708,4226458.918979222,400877.02051095257,1051910.1881987038,529531.926019297,3685,0.07527781277894974,0.011080916970968246,29053.871633559465
2021-06-05,14,4805817.872194484,13972180.581427872,4038317.2994338544,11907266.043987446,892109.6628996691,2455842.7669812823,1135891.128203174,2255,0.06704407185316086,0.009548688307404518,38904.27005657554
2021-06-06,11,2144750.066668406,6807004.436586313,1747062.996027545,5322719.007598436,391882.6528380376,1196568.4639799783,589076.5717876597,2615,0.09633645415306091,0.017631622031331062,18416.05060532689
2021-06-06,14,1803151.8245277852,9727708.322598033,1515425.8805721293,8645276.448108738,362218.2032019503,1817863.7764644895,897056.5302236727,1864,0.08128142356872559,0.012813082896173,39761.088478803635
2021-06-07,11,1490627.9564192444,5563118.961382553,1266879.6542769452,4471056.828007623,323316.44940193434,1155682.0069911438,631643.7384175537,3226,0.18680119514465332,0.022106265649199486,23725.222219735384
2021-06-07,14,1778490.8511390612,4880748.907865711,1460298.0735197328,3954942.9034089707,388938.09790911665,1031374.1496372818,542519.19173505,1923,0.08115531504154205,0.012509034015238285,27660.553969681263
2021-06-08,11,1515810.0990529656,8534025.610892102,1202155.2150174056,6723322.588553427,289977.12127085717,1515381.8220255477,742649.3941257574,1658,0.31000831723213196,0.04218294098973274,21584.87595796585
2021-06-08,14,2263936.9694419205,6483617.421391711,1777227.7148898263,5156911.752152964,467815.0648254871,1281981.8096134919,688723.3054860506,2561,0.256124883890152,0.031105589121580124,29114.53516563773
2021-06-09,11,2453246.1707383543,8883926.073277488,1932880.1319330793,6852160.300296303,463407.4179118383,1595883.7983735264,820445.6934858353,1790,0.28410837054252625,0.045749254524707794,21923.575953394175
2021-06-09,14,3816882.2588787824,10916465.717533663,3223513.805442583,9288289.312514435,724353.2990040688,1959091.8385025023,893740.2804522424,2404,0.2560673952102661,0.03331195190548897,24519.54455780983
2021-06-10,11,1842262.3482580334,7242000.646984264,1480559.5409685108,5718977.28042722,381806.93300464324,1324110.6230336349,683062.2689067592,2840,0.2849326729774475,0.0442412793636322,28434.197265028954
2021-06-10,14,4590143.081523776,12405869.916175663,4158739.3066875376,11165149.109991418,856714.6758632921,2227035.026762047,1006174.6915694941,3982,0.26948341727256775,0.02377798594534397,34547.93707829714
2021-06-11,11,5846165.403383762,15135177.222905785,4999184.849044661,12646102.821938388,1035217.7652600075,2453580.0700458,1171911.9660410604,3293,0.1386292725801468,0.004026375710964203,39760.39158654213
2021-06-11,14,3314873.12668851,7981736.662007242,2603501.953314313,6129218.028857454,542136.5237898699,1251506.6558477252,642215.9327510578,2623,0.23030856251716614,0.014067484997212887,22178.263658434153
2021-06-12,11,4249371.844215095,13400121.065460771,3282579.93701283,11337551.95837998,696385.9343403638,2278019.991613374,1017230.0942306118,3972,0.07853291183710098,0.011800799518823624,33716.46447131038
2021-06-12,14,4669159.396370426,13781547.769927695,3524914.786067658,11951498.699520463,747217.2342128635,2316029.659126748,1067177.4168569166,3034,0.09119226038455963,0.012735951691865921,45261.61962336302
2021-06-13,11,5075615.7841582,10837429.617535174,3885122.0701189535,9154722.079927627,937663.9348201258,2001362.0176580327,920753.6411197644,3985,0.07612310349941254,0.012571021914482117,46046.36458325386
2021-06-13,14,6126322.966561183,15501442.823650956,5540553.743420685,13431062.886302138,1048831.7736816322,2594222.725411411,1181628.2647031217,2528,0.09944029897451401,0.011107266880571842,40597.13595995307
2021-06-14,11,4790329.152035594,14403841.433382958,3616141.211697927,12375990.971664246,851601.9789886272,2507157.9404970324,1120570.6070745701,4021,0.07019814103841782,0.009954558685421944,47887.976871460676
2021-06-14,14,6513767.878703982,15851599.43848066,5523321.433418354,13405110.58396338,1110300.179827362,2660524.2175223464,1171059.2425291506,3765,0.07955458015203476,0.008036822080612183,33885.471596241
2021-06-15,11,2900382.854136929,7210021.693876192,2196984.7631954732,5529908.605651645,477274.7068799377,1180181.894362424,500639.1232783197,3254,0.03552742674946785,0.0033457998652011156,29277.48187753558
2021-06-15,14,4473364.882174872,17281920.378064834,3761277.1829329724,14570649.176223688,775039.8908443933,2984064.7473191745,1460474.3085848393,2622,0.04557909816503525,0.0013485584640875459,46361.33314457536
2021-06-16,11,8477414.34049645,20017939.49883358,7828341.877548177,16404930.682185464,1447931.1973611512,3261312.207936618,1440710.7247695304,3108,0.11078859120607376,0.009917397052049637,34509.16205304861
2021-06-16,14,7042354.141121276,16950137.412481368,6553824.156173461,14140053.951188229,1156751.5162863687,2814023.4530656873,1279190.0274390283,2505,0.18966560065746307,0.00786296185106039,24751.019872397184
2021-06-17,11,1677426.2716918737,9074951.698889501,1304063.953948528,7389502.575283224,320132.8503319627,1595173.559577269,762178.5549981007,1842,0.07374869287014008,0.008153844624757767,26111.62039375305
2021-06-17,14,9986420.940243155,18651251.849071547,9186950.221140232,15845220.708818147,1683585.1621839693,3191766.060853798,1465739.7838091615,3972,0.06623926758766174,0.0060384380631148815,34004.12008282542
2021-06-18,11,983966.7387220263,8602169.554038808,793148.0903333253,6586433.396142419,223368.25288559368,1498278.2150003845,719788.8410209826,3260,0.03704751655459404,0.002871050266548991,25121.45181941986
2021-06-18,14,2614975.6156541407,5302441.464324757,2038773.2613327508,4116024.366052771,515440.36614831607,1035427.1813438806,543936.0236840453,3969,0.05380561575293541,0.005135870538651943,33289.4140342772
2021-06-19,11,5033251.285353541,15046750.89800921,3771721.769708623,12509347.410442319,819973.5106840592,2490424.125721113,1123242.706919716,2118,0.07569225877523422,0.01525989081710577,31475.18177562952
2021-06-19,14,6016483.862600192,14448283.631318733,5041315.52106462,11988880.027882766,1082000.0298756002,2467329.593744776,1167516.6768431854,2681,0.14708898961544037,0.011975916102528572,36328.256621837616
2021-06-20,11,4779076.131837085,14394043.960001186,3719712.408753572,12071600.56894967,843102.8899658181,2422755.4170892723,1138164.4337675455,2325,0.19455625116825104,0.025473222136497498,37560.88109114766
2021-06-20,14,3743807.2373834252,9650990.955469392,2829702.7775395284,7781705.567056851,720175.7246619768,1771231.658554038,892234.980668983,2976,0.24394409358501434,0.022118452936410904,32125.749283760786
2021-06-21,11,3039621.6234224886,10494382.284338132,2371902.049579286,8036651.176646689,583159.5310734571,1918391.1205038377,969279.8009761779,2871,0.2585499584674835,0.027241945266723633,30200.391432583332
2021-06-21,14,3224769.8953440636,11131573.564100847,2552899.765111097,9532716.621959629,602689.7159969436,2012569.9368223501,1010055.7896220566,2134,0.21709412336349487,0.020803792402148247,30663.52321329713
2021-06-22,11,3009608.9919799715,8653034.025039963,2389029.736986465,6861055.572330119,536123.6728564296,1569015.1446092878,813531.5651163354,1843,0.11046991497278214,0.020875366404652596,26095.097509860992
2021-06-22,14,5279245.7302300185,14627848.780884296,4260354.210823017,12640264.96258016,878851.0552061149,2467454.496082166,1178320.1670452994,2250,0.07779209315776825,0.013617102988064289,35266.47687894106
2021-06-23,11,4628300.717892632,17115544.538552135,3949748.6271644835,14317197.048709456,831735.0999853996,2962180.8071848126,1427415.5035692775,1573,0.0978456363081932,0.012353114783763885,33476.98131033778
2021-06-23,14,8571995.668265596,19829295.362494826,7937706.339697731,16538820.043182159,1551619.841227035,3434695.1025344604,1637542.8926671972,2657,0.07577363401651382,0.009273793548345566,32754.069637656212
2021-06-24,11,5107830.777631819,16848278.676776275,3667655.119984707,13275106.517231427,808768.4893821087,2760251.6065086303,1251219.4818031504,1320,0.11138731241226196,0.01690923050045967,34200.27774757147
2021-06-24,14,7882056.771210134,17748599.552875012,6345767.759351231,14614655.385493614,1296697.1442548498,2901450.8941523433,1283123.7914025458,3140,0.06934229284524918,0.013343947008252144,43524.627440184355
2021-06-25,11,7082782.846566901,20425742.083254576,5671648.392141276,16041373.046475954,1146620.1004086577,3411638.0845303154,1538972.8516370503,1363,0.1269460767507553,0.02328544296324253,35246.248464882374
2021-06-25,14,4361186.83651571,13584304.700065851,3288558.1914982637,10802376.403976062,747924.4547564767,2268556.087418569,1043067.1456095702,2089,0.08956591784954071,0.015630586072802544,35835.139706373215
2021-06-26,11,1459554.6595491022,5285417.940894105,1129129.5610951465,4099456.9601844028,257127.8804688177,867966.0384566775,424769.30198131443,1590,0.10774917900562286,0.006482547149062157,22397.9744476974
2021-06-26,14,3674365.8416511863,10346346.422587335,2987107.832542697,8144866.639144392,719289.5042940804,1946666.1014848615,977940.3935342671,2587,0.09661872684955597,0.018051687628030777,29430.13397720456
2021-06-27,11,2025606.5668842793,10097118.974299692,1700418.870522654,7891289.123173595,352833.89233428333,1809265.501073404,860145.7045548216,1725,0.12228255718946457,0.02110133320093155,27902.968727499247
2021-06-27,14,5198509.862568498,16805461.005712844,4673297.1175995,14000709.105336657,960424.3793853817,2947963.4391544284,1415813.0348009025,2206,0.07831927388906479,0.010987740010023117,31027.990635037422
2021-06-28,11,1574779.5460210964,6898154.454773411,1320618.2983615634,5539747.0290216785,283435.61909969244,1331601.4976521996,699321.7865758215,1430,0.12103760242462158,0.017590142786502838,27525.439134716988
2021-06-28,14,6577625.246744305,18787861.852462314,5264351.701550075,15503228.068511087,1178490.8801056782,3314924.210716417,1552021.501565373,1996,0.08572671562433243,0.00912846252322197,32984.724729150534
2021-06-29,11,2358236.5702773184,11291910.77403234,1892599.4481286858,8924126.330927849,447659.10646697064,2004334.7210916542,912022.9449031902,2673,0.1107783243060112,0.018327517434954643,31569.261768221855
2021-06-29,14,2548903.3152558655,6126609.048777439,2019975.8679928528,4833904.590654103,469722.7609712663,1149419.4325810298,587455.4812903141,2421,0.07656057924032211,0.010204234160482883,31655.42609283328
2021-06-30,11,1858684.3112577796,9306942.793994829,1408115.7255143737,7344014.903459637,306567.4647161558,1626425.094344095,738957.9172872312,1603,0.11057981848716736,0.01152767613530159,28148.0737606287
2021-06-30,14,2375369.226762034,8461217.929655239,1936200.3618417098,6759636.342404164,463554.7322789614,1524325.916770517,717934.8580593732,1368,0.08377493172883987,0.01110731903463602,24921.000157415867
2021-02-01,8,3256576.0432382524,9755129.044256017,2409045.3162073926,7862560.684884988,657610.2590588256,1891858.2295113327,952958.7246034526,3599,0.17342932522296906,0.009057595394551754,36898.995312422514
2021-02-02,8,932363.3659863323,10555790.08919692,779474.4210903414,8752151.067241712,191916.2935717058,1837059.9004169023,875028.2914860535,3161,0.20554131269454956,0.006405097898095846,17549.69534164667
2021-02-03,8,740543.5034573972,15043398.248263612,616702.4398222318,12616020.501548568,167698.42217531154,2661402.171409612,1227279.9625441928,3049,0.23674382269382477,0.007537153083831072,27229.226441442966
2021-02-04,8,485621.02917683125,3542008.766421184,401194.74769582076,2789220.5000440567,116758.75197203452,729506.0566597895,418955.23606803716,3704,0.32169392704963684,0.013861670158803463,19768.401397645473
2021-02-05,8,1617965.811722517,13185884.036653355,1251351.9655293846,10702313.635215528,310474.2209938079,2358684.7403456327,1144699.2528973557,3616,0.2543919086456299,0.011647703126072884,21826.148444265127
2021-02-06,8,1977411.9420532137,6443918.081226736,1585283.9019573615,4934313.998656411,401649.9947880613,1243238.2570382792,656515.1553099675,3155,0.2461591362953186,0.015821656212210655,30025.0626873374
2021-02-07,8,3372864.0576987416,7339326.704812959,2584839.305044711,5630565.629633739,682917.9060873971,1455489.0595483067,751272.8463767911,3418,0.11495007574558258,0.009707673452794552,30352.722999215126
2021-02-08,8,3252645.8098796457,11222955.231866479,2568090.595359171,9140992.711443396,683603.532788984,2174036.580437901,1047114.150430452,4398,0.2031169831752777,0.00798086915165186,25902.398819118738
2021-02-09,8,3551468.13566944,7783284.303072572,2830018.2026132676,5962331.178244578,744699.605212074,1566504.51433072,786298.1935170174,4378,0.21168172359466553,0.012217939831316471,26401.85660415888
2021-02-10,8,1609538.4665295482,6535643.391700089,1178395.0682635247,5073816.873144493,351500.4940722005,1275775.031615539,610220.9310117717,3921,0.2687346637248993,0.027679339051246643,25709.643521130085
2021-02-11,8,867244.4761389941,4313380.177564397,635573.0276476457,3222508.934861986,169040.59392929112,869364.5661152712,435489.18368957785,3298,0.255984365940094,0.024196408689022064,31385.98089647293
2021-02-12,8,258783.3068602234,2097187.1660072505,198388.13750131184,1551164.8755780556,57503.22429277151,435085.4038458014,224525.693668216,2389,0.27909332513809204,0.02555765025317669,18519.999752819538
2021-02-13,8,345038.9660793394,1017970.974523887,258616.9796232135,769698.0386643136,66457.23339803627,219156.4646987778,124868.7236580979,2141,0.2659153640270233,0.025701133534312248,22491.871289551258
2021-02-14,8,262120.44375893474,540520.5796154588,212907.9437032988,456490.6571824728,59775.92912839571,129135.66470137374,73439.96344996404,2095,0.31217122077941895,0.034395113587379456,16491.632083147764
2021-02-15,8,333065.4464094341,1033707.017962724,273544.765081975,846181.3751208297,82797.22733684484,244356.37598080622,139252.20978192272,2996,0.22540326416492462,0.020691068843007088,13542.6084484756
2021-02-16,8,1747430.8835905641,8843791.334608972,1309476.5226816402,7779057.031255471,321362.01547780895,1625799.8035498513,728555.9100037718,4121,0.18819649517536163,0.00981532596051693,35457.245288819075
2021-02-17,8,1918649.1424940377,8433493.371779397,1631453.862416132,7009502.512547542,357582.61840720475,1561155.505694252,721087.3380191184,3714,0.18805481493473053,0.01260644942522049,38494.65382933617
2021-02-18,8,2046141.6569546908,8451767.757454097,1708798.4566573817,7234844.699814459,387187.27114192705,1516191.6889506392,665780.5188426123,4443,0.1936604380607605,0.014175216667354107,35269.75156337023
2021-02-19,8,528164.5339952111,10393621.989437476,420129.2833021924,7662389.056927411,126970.29924613656,1958499.2703723512,854476.1426857873,4185,0.28476646542549133,0.023364253342151642,28983.41948455572
2021-02-20,8,1065169.6955896616,5129023.376302928,840311.5735014685,4078105.4607016793,210219.8449609399,998925.7829779119,497922.56396542775,4183,0.25928565859794617,0.020307978615164757,16231.841368943453
2021-02-21,8,958181.7941129506,3816558.8230597824,729421.8446522758,2883599.0324928476,210188.5641803324,792279.00118304,426181.2989278612,4011,0.27977341413497925,0.025082502514123917,24517.418807327747
2021-02-22,8,647976.7796501815,1193013.694675669,506107.8911525464,951867.9051267745,116485.64657831738,234108.97101769055,123142.5615890166,1723,0.2690437138080597,0.01804909110069275,12715.429411053658
2021-02-23,8,2626651.6619114876,5972118.870563,2095424.3893180722,4861043.683061739,502835.78870709497,1154367.7050319777,600477.7886741281,3839,0.23777088522911072,0.02073327824473381,21680.239166349173
2021-02-24,8,1722388.1394318044,5056656.50896582,1325702.9695062255,3955424.0213585086,341500.81954681117,1015262.0602944754,491831.14417745074,5013,0.2847077250480652,0.04135991632938385,18134.572079896927
2021-02-25,8,3472502.7034556866,12656809.520885527,3212709.256306552,10354193.014349129,597348.372431739,2156166.3185485266,998371.304707404,3948,0.2831999659538269,0.044070132076740265,43032.35725647211
2021-02-26,8,2273319.610711813,11818621.2157543,2522646.4379516756,10086036.151234647,389373.8682092851,2072361.7944881953,895374.5113210371,4534,0.28921520709991455,0.028806518763303757,34458.80508553982
2021-02-27,8,2551221.8030281663,9715871.564561844,1802096.4649315875,7909212.888086246,474543.6575246066,1775865.628593821,796927.7278105661,4861,0.27703046798706055,0.025752419605851173,33711.32857736945
2021-02-28,8,1203419.7886306345,11372781.329053432,853755.0238679273,8888435.625927983,182645.65463575165,1893892.8482934714,778625.898920205,4388,0.22054722905158997,0.018838105723261833,38437.572839707136
2021-03-01,8,1069913.2696897388,5089910.786757857,829640.6135411502,3902697.6719821934,200755.48305243248,794420.9411466351,332946.41397405486,2764,0.144758939743042,0.014271593652665615,24632.052733391523
2021-03-02,8,1067212.4887955934,3498020.761097014,745214.9585351738,3043228.553453543,160075.20633917607,598963.7961611273,258872.09928302502,2976,0.027425050735473633,0.0018337070941925049,22596.26543146372
2021-03-03,8,1226832.4770594165,3160597.3500912115,832441.9912830966,2493007.314221428,191050.11341632073,553489.1706729578,283036.55041568563,3194,0.03627711907029152,0.002122196601703763,20457.756341725588
2021-03-04,8,1477953.16406551,4814055.857146613,1031920.7748790818,4235860.73960038,216683.1869710039,806959.3743358809,391881.88438858447,3230,0.03157862648367882,0.0022662801202386618,25615.7242962718
2021-03-05,8,916262.0230824351,2450911.5827267617,594444.9780509523,2144963.2761057923,131747.9962616084,400079.6061273081,201587.3601454736,2870,0.016334151849150658,0.0016956973122432828,21793.923014491796
2021-03-06,8,2590785.766091734,12969224.406008571,1808068.4962945327,10767328.821378348,458036.89057035145,2288838.557593073,1006057.138884546,4633,0.09150297194719315,0.008122432045638561,37815.566236555576
2021-03-07,8,4242096.659222275,13809561.914868921,3907318.3706134986,11766924.593293235,714913.00792832,2335585.9424161008,1041955.4739889358,4039,0.11937663704156876,0.00783914141356945,43812.102065086365
2021-03-08,8,4801174.802265972,15305772.984799445,3927085.6244568964,12161831.765487146,753195.3853229651,2547862.778624399,1053186.9917651298,4610,0.08740382641553879,0.010319259017705917,44974.08776187897
2021-03-09,8,3890381.805967748,12084140.99688214,2999848.294563651,9499079.837225981,700157.7206364992,2096676.5631963243,912105.7661653296,4404,0.11236230283975601,0.011594177223742008,46468.845093637705
2021-03-10,8,1660583.107858494,12439231.900978297,1308482.4303641517,10321909.351098835,312868.5030684143,2258418.5721065737,1033652.0107138813,3910,0.17776593565940857,0.012248310260474682,31499.48506063223
2021-03-11,8,1342398.0163954496,6911906.488891661,1081977.7013690267,5240586.301522138,256181.38780452852,1240193.0088488755,588374.8996470906,2821,0.18987134099006653,0.017573582008481026,48492.38397091627
2021-03-12,8,2777773.9455390275,7356172.3661106825,2516683.537591037,6743416.597690402,496354.55866146414,1342859.705505882,564212.9550579472,4901,0.1984180063009262,0.01413052063435316,44361.376798689365
2021-03-13,8,833362.8615449071,8643826.231518507,739004.4568909378,7249680.5741502745,143199.930356076,1460929.1927308547,525807.0995953992,3889,0.12046784907579422,0.008387154899537563,48263.074687719345
2021-03-14,8,5161422.23114413,13599408.055727243,3583874.6202677223,10114603.823043479,847306.1329378239,2272439.536332148,950515.0086910086,5241,0.08417858183383942,0.008627080358564854,50311.92237299681
2021-03-15,8,5726892.321987137,16504575.697985947,4403509.388030987,13366736.575834014,904607.1667503716,2754029.211462228,1185040.03254219,5251,0.05418116971850395,0.008418506942689419,42833.635988771915
2021-03-16,8,9908346.141367108,21173871.750445485,8592404.964954736,16937850.91621478,1736584.0445421478,3516500.887692404,1565353.0426252892,4759,0.24150556325912476,0.008995173498988152,39823.720438450575
2021-03-17,8,1602455.8570288569,8872154.952911839,1384649.6156754894,7700326.994587288,247216.34904918724,1457826.011092302,631320.4444744496,2967,0.16892191767692566,0.012737325392663479,26868.44135862589
2021-03-18,8,2794863.2744818777,10556132.38259621,2346097.1431806516,8470280.01563685,467549.45740720595,1812934.3056223611,793317.3221273395,3419,0.13182573020458221,0.016173798590898514,43544.672766923904
2021-03-19,8,4504434.515204102,16920550.555268273,3512966.3209521566,13792936.772832723,632355.628857488,2699964.4172273763,1178401.7709159146,4679,0.21634510159492493,0.018696529790759087,32392.58907431364
2021-03-20,8,7846113.647880077,18685414.99391754,6794359.618902009,15273715.961938292,1371494.693071968,3195211.6160218855,1338852.1064573154,6118,0.2575758993625641,0.014016331173479557,32751.33460816741
2021-03-21,8,4078350.7431421876,12074385.003431752,3225187.316615992,9919103.490737084,719463.1226742438,2167105.4691961627,996609.8536601022,4322,0.11489144712686539,0.009020952507853508,36497.102743804455
2021-03-22,8,3914049.3862712383,13741046.22030764,3272218.7014480825,11293993.817476727,712385.6116262958,2453315.3544554105,1063973.3224328936,5006,0.12402902543544769,0.007366573438048363,29676.816917538643
2021-03-23,8,416591.1619412005,7267403.709171489,330318.31138093304,5237366.138182183,95137.36704718394,1206055.107493197,505773.34288726526,3705,0.25798097252845764,0.01208873838186264,35050.31465163827
2021-03-24,8,393240.99639377,3256762.739967957,321737.81868718006,2516161.8758408725,92211.17192553413,615952.8276212168,299613.56858362496,3024,0.2929181754589081,0.0159807987511158,23569.66063761711
2021-03-25,8,859379.3561440557,3346766.6305918396,690325.4282497315,2578880.4622311573,186087.5864767609,678056.9247720616,349824.16555972624,3310,0.30512717366218567,0.02142947167158127,19246.3870973289
2021-03-26,8,237826.29812124372,550259.0249486119,191638.77032345152,427702.91554222355,55616.34715696469,132601.762595845,75142.0723007829,1924,0.30754876136779785,0.025679372251033783,17296.025843411684
2021-03-27,8,48470.995501965284,129046.71738182008,47663.28106336565,119908.82727101563,13901.015049539645,40797.80286762162,23492.693575183337,1030,0.2686052620410919,0.02905653417110443,9169.135520279408
2021-03-28,8,338965.32926264405,2093516.65865466,284556.44261210476,1628898.7207575846,82500.26671823887,467489.3651393714,238861.5594770983,3495,0.07758251577615738,0.009931749664247036,24018.3074696064
2021-03-29,8,810293.8818322867,1820309.1212315112,671802.8343021439,1493843.1845762478,170234.5523464629,377442.8729193357,208000.4608134535,3665,0.07812604308128357,0.00588654913008213,21505.777119666338
2021-03-30,8,741504.2564526647,3012118.6204244494,634322.7790752671,2342334.3299922487,172294.8991098677,612440.0413076703,312477.94277819584,3700,0.1111089438199997,0.005980293266475201,26964.26590448618
2021-03-31,8,346281.0195250362,582670.7603022009,288404.19567264785,539904.8459782331,83261.55895599861,131819.14147703422,75153.78776581217,1553,0.09225871413946152,0.008654262870550156,15296.216254681349
2021-04-01,8,894224.7062739432,3976441.7266887575,665807.3855248629,3126972.607535506,108954.49133533497,567156.1910372089,214264.43282304422,2339,0.280788391828537,0.02612488344311714,27432.17709749937
2021-04-02,8,693181.0268094838,3840871.4692083,572679.0661922019,3273372.349289198,121141.41945817735,698995.5635756135,291301.6259274826,8866,0.30300280451774597,0.04622141271829605,36056.44774830341
2021-04-03,8,934727.1127215326,7359756.263519615,722750.6883143522,6161753.676876247,166150.86175267585,1274734.0446648956,519837.12018175656,8735,0.3053826689720154,0.04076598212122917,39826.76900821924
2021-04-04,8,1404362.7029644847,3625286.748236567,979623.7199634432,2864734.8215112435,234759.0222806346,621948.117394634,304226.42492101534,3492,0.04131109267473221,0.0047404044307768345,20919.269929379225
2021-04-05,8,437218.9219172895,1913406.9105843902,317242.2814764788,1472056.9813806694,94586.11436969845,416478.16362826317,218009.47652961625,2584,0.04394613951444626,0.003177414182573557,11875.255974918604
2021-04-06,8,699796.9539936483,3250817.4416951016,492156.26781544706,2480388.815334227,129672.35434376929,580000.8633898849,306098.8301455702,2478,0.06270983070135117,0.004161225166171789,17755.939173579216
2021-04-07,8,577561.3267161176,1938735.9083918557,424953.48539390886,1455902.4901803753,96232.6154710683,335213.5186219993,193599.86339777638,1773,0.05412270128726959,0.0038354217540472746,17004.739002406597
2021-04-08,8,2784674.6288660616,11609900.009527847,2381965.8702792646,9266771.288287992,480584.09946557763,1992155.7997427667,809231.1774676151,3813,0.2110779881477356,0.012616809457540512,34181.39547660947
2021-04-09,8,2816637.462158829,8138948.353365347,2885789.2111971513,7119370.358710638,492527.12612061296,1459620.9175552528,606892.64765509,2889,0.2445562779903412,0.02362845465540886,35655.80195942521
2021-04-10,8,2379610.577494681,9607339.550937831,2472098.7332631648,8167024.71469754,401120.75725579035,1595481.1792566387,639664.1451787371,3646,0.17139078676700592,0.019085289910435677,31397.081173032522
2021-04-11,8,1436901.5385633707,9541041.646173328,1454859.1474340777,7963835.343265585,249720.21571961447,1637047.107044078,677392.1908180523,3243,0.22761888802051544,0.022089095786213875,29373.849718272686
2021-04-12,8,5493527.508475751,13634209.627463102,5285119.472351032,11329404.34147045,944885.0085584864,2391527.906620481,1072352.246723572,4916,0.26557713747024536,0.030419498682022095,34200.36940443516
2021-04-13,8,630140.0945472717,7037997.142282411,527672.8772801273,5969256.765948257,137456.14003302067,1319522.9598448193,598562.85421984,3344,0.03177628293633461,0.006116171833127737,33878.46110868454
2021-04-14,8,484579.41080112755,5337338.750769258,431389.3982128614,4410752.897095267,111238.82539664567,997787.9359009231,522171.6599833293,2868,0.037082407623529434,0.004291134886443615,16258.60190615058
2021-04-15,8,435699.15249064565,2557071.064919591,388823.9637657583,2026858.107668012,92391.22398063341,478917.7897958653,255214.009205317,1574,0.05963492393493652,0.0065390849485993385,12844.338258475065
2021-04-16,8,965223.2464169562,7286257.303926334,748738.8066310564,5542933.116224103,164615.87156101875,1127511.377509086,492128.22513356723,2597,0.09486725181341171,0.009773539379239082,17892.062104940414
2021-04-17,8,11762.178588360548,394554.98947770894,9922.870877978923,355492.075455178,4972.926016247517,105517.99979631598,60193.19485201349,1531,0.1526528149843216,0.012487024068832397,13061.101782679558
2021-04-18,8,1762950.4795529395,5877850.913636066,1404042.023237235,4725454.707461143,361785.923594739,1121705.3908124212,592111.9506887244,3655,0.21486864984035492,0.01390712521970272,22367.841913074255
2021-04-19,8,570471.0510168523,1931676.976647146,489037.4405879205,1576172.1217252505,130639.27438366407,414208.0569801891,223035.95422001625,3176,0.29913172125816345,0.018520737066864967,17700.566988825798
2021-04-20,8,443600.9470182955,2789511.5541185737,365911.41574389674,2280110.5007737945,104716.49880052706,593938.7411948069,335729.81130481244,3320,0.33503639698028564,0.02384934201836586,13399.483516097069
2021-04-21,8,42036.80360506475,649009.6899728775,34852.4125138058,545324.3922908113,10405.450376346762,141185.35262230955,82116.04071752408,832,0.2855393588542938,0.025594422593712807,10170.31653097272
2021-04-22,8,491760.63799360394,1473736.7416397482,397721.3663119373,1164418.4095809665,102364.37967104951,314402.3255296714,167359.64295418537,1979,0.30230215191841125,0.03868649899959564,20501.08002051711
2021-04-23,8,1180786.2137089223,5907765.956673801,948183.1391902927,4531380.7114369385,176361.15646532166,929520.4713135597,413551.9444152651,4930,0.30815452337265015,0.04373504966497421,32125.297715306282
2021-04-24,8,1393507.0435568392,8519778.390441053,1358037.3815585016,7450158.849662496,201647.56150240233,1336409.9442530784,597730.3763475291,3070,0.2679937779903412,0.03248348459601402,28890.79026249051
2021-04-25,8,6551022.87685734,12499842.12300548,5831698.816910395,10654591.34852156,1140632.1257663416,2193383.876684752,936712.7352213415,5589,0.3123015761375427,0.03152340650558472,37136.42469492555
2021-04-26,8,1355474.2974529266,13297026.167343348,1012842.463797329,11056274.945286952,221987.46476203453,2168656.4421714097,972809.4671156954,3163,0.24861156940460205,0.024093857035040855,48574.72955521941
2021-04-27,8,5948813.200652242,13007605.048950091,5604457.670823061,11213007.018675482,1069893.1666111264,2246592.905553331,1088517.2367395086,2423,0.24095351994037628,0.020319752395153046,26062.276718258858
2021-04-28,8,804681.7818936706,5262698.239125945,671687.1192349993,4641421.25051452,181628.87178619928,996448.4504623032,461681.1452884807,2958,0.1821197122335434,0.009712234139442444,34187.59991776943
2021-04-29,8,1435035.276830718,5419002.415967651,1183161.333517063,4722647.891477586,287947.1538187949,986200.8934050817,481694.9323488733,2905,0.2806389331817627,0.01618308387696743,24957.1221177876
2021-04-30,8,783232.4309816435,1962774.700897783,656258.6574009145,1610477.7909405823,176162.7158993471,414845.18444024347,234195.74896081717,3428,0.24230526387691498,0.011325555853545666,18363.58424204588
2021-05-01,8,1309335.392689705,4746428.417229161,1005910.7533082962,3775152.7451337986,271785.2955857922,904259.1509677966,487454.2875739137,2909,0.05702032893896103,0.00583615293726325,26239.321330308914
2021-05-02,8,571266.1790283322,4461372.668292224,449321.45907710196,3592069.866120889,122706.06953956076,846387.030330159,452109.00551734865,3562,0.042928583920001984,0.003097967943176627,18265.196693003178
2021-05-03,8,2942117.2513331175,8194890.453006417,2393045.70182905,6318206.257171186,561194.5728556348,1575468.3587130914,815389.7061906932,3280,0.061721205711364746,0.004551878198981285,19395.004417300224
2021-05-04,8,450612.06795707345,3385407.903690316,413790.8341958133,2721850.307550584,105462.4597515813,663053.2401017661,352666.53035614593,2437,0.07678966224193573,0.007665770128369331,14103.29062101245
2021-05-05,8,1902272.551282622,4382237.682568915,1598773.4174339504,3473980.6644194764,363578.7666378884,853199.069059401,460219.43007105065,3540,0.056123919785022736,0.004327538888901472,19332.07354155183
2021-05-06,8,576880.3179987743,2394957.4065633193,514879.50853845343,1900725.257156527,132945.58205066598,440789.89765676553,241943.08504710346,2088,0.1006208211183548,0.006759868003427982,23407.36284479499
2021-05-07,8,520869.3854753524,7089842.284272425,436139.2033285805,5951656.879049342,110464.21810931173,1153382.9049523587,557296.4688414957,2689,0.3061302602291107,0.014050508849322796,24894.755329877138
2021-05-08,8,365171.5264583826,2874402.400719516,307629.4796630671,2311764.8556738356,88196.94914678617,580242.2303956151,322710.53906177415,2553,0.2744850814342499,0.007719926070421934,18073.25340679288
2021-05-09,8,752584.5651200339,4778327.9909315705,646021.6623680799,3923239.571820803,172648.52320728658,1024270.0844413973,527864.1077125713,3460,0.27871230244636536,0.010903777554631233,24595.24039721489
2021-05-10,8,944976.4710393101,4437239.720065594,835749.1288062485,3532881.8806545376,193682.47734331602,889715.108078188,482698.0992601152,4117,0.30328789353370667,0.01852070912718773,19015.994369238615
2021-05-11,8,1753075.7467905656,6274037.064642847,1439312.0086202356,5388128.201878657,328220.2093011337,1213584.231535045,615853.0933530433,2887,0.22037896513938904,0.009320887736976147,31252.78756889701
2021-05-12,8,6287486.792681888,13980907.441148885,5674205.372092141,12039862.833376937,1098063.8707646814,2507922.336046038,1150690.7731157737,2784,0.19469983875751495,0.011299443431198597,28027.971748441458
2021-05-13,8,4827755.317359865,15476900.160326459,4645784.845879344,13549972.389496364,888243.8194024226,2790101.220476293,1324045.202101707,2193,0.19710765779018402,0.010338678024709225,39711.51097807288
2021-05-14,8,7065252.422688425,19034146.88467659,6493742.591179714,15884946.61844198,1247841.3446072778,3326345.3387459675,1538683.1978297546,2284,0.11265487223863602,0.007640693336725235,44292.66738936305
2021-05-15,8,6867406.625044137,16778855.084564656,5637442.723248404,13658506.302953696,1163224.9100953029,2829915.1368834954,1230572.3506534537,3076,0.15520699322223663,0.004095704294741154,42359.852862626314
2021-05-16,8,5730495.074155778,15642260.674497366,4191558.980884498,12024054.628928334,858005.5938786254,2583632.377542454,1147503.6305757223,3220,0.03400499373674393,0.0031461690086871386,42793.59756812453
2021-05-17,8,971858.5094222575,4458922.579848766,768576.7664462363,3531343.721365121,159972.53633428947,678571.9378279566,303093.02102326555,2784,0.017884792760014534,0.0005503602442331612,16613.208850473166
2021-05-18,8,624114.0318051428,4693647.949987605,527898.2368697678,3665873.4327177927,105847.7130633911,716249.5840324913,322765.5763746371,2648,0.02763102576136589,0.0005835910560563207,23681.16078311205
2021-05-19,8,802707.463497974,5046134.315528706,668535.1229921777,3978082.7144782795,140758.95888792982,751074.7103784129,341984.2314465819,2240,0.03279225900769234,0.0006618928164243698,17432.74547982216
2021-05-20,8,1280103.856784314,6637902.6186082885,1020924.3924734828,5137640.356982603,170402.20598162018,976197.1254030524,383500.0835978944,3105,0.0327567532658577,0.0014636602718383074,30874.28048247099
2021-05-21,8,7451995.841388419,17888034.0682147,6122386.617768858,14602422.632948391,1326984.5777483927,3139219.5732854595,1405275.402413298,3762,0.03222930058836937,0.0020859872456640005,53413.91848933697
2021-05-22,8,1799303.4698307589,15297324.944847085,1413029.930670248,12632348.585950315,342962.18854374124,2824531.6018811045,1297151.777504527,3457,0.035245176404714584,0.0024378697853535414,28390.682970494032
2021-05-23,8,1413781.8344026953,12413513.513752855,1121163.6259150193,10105870.227406519,278657.4541680069,2342062.9272546815,1108237.3166161124,2454,0.06278091669082642,0.003326720790937543,38122.80181309581
2021-05-24,8,1124502.1791341603,3797529.790891014,845951.3354736462,2889645.17603503,234667.39068275294,748356.9879500673,361572.0075369602,2519,0.038735102862119675,0.002686057472601533,20278.036793768406
2021-05-25,8,981253.8858534843,4304527.848688051,780361.1496452217,3506666.398954492,183542.54192021367,834068.5976993886,457432.6088098772,2437,0.10689907521009445,0.005447471048682928,21677.822689652443
2021-05-26,8,1235289.328388624,6450430.037748009,1027877.55874617,5167660.703564219,270291.6887549451,1315462.5946578458,665819.3654360374,2691,0.1908532679080963,0.006607654970139265,17125.5749040246
2021-05-27,8,1999613.2144358903,8840800.01906664,1595856.0642500562,6795856.08526266,373030.5110039696,1512930.401552057,746442.9398314763,3134,0.10925734043121338,0.00416653323918581,34137.56438371539
2021-05-28,8,1023954.2273750976,4009974.6574202105,889010.0894495342,3170381.7956884047,229325.0017476762,814165.6035118905,426385.980530313,2573,0.11694532632827759,0.0060771796852350235,17145.326373785734
2021-05-29,8,1699262.5690818727,5916970.85026408,1449637.7907073465,4732474.273904541,328714.949228124,1154392.0018311043,623573.3500875228,3401,0.050468508154153824,0.001885946374386549,22993.755173146725
2021-05-30,8,2195118.9594360813,6802313.72219155,1804163.4573699855,5353514.927948361,459245.15250607434,1361136.0326115135,730336.2264452381,2518,0.08475086092948914,0.0031887427903711796,29168.89459398389
2021-05-31,8,887268.1593061984,4368095.350374289,735703.2181005344,3478881.326869207,153718.89655497018,822497.3888312986,457157.2659121256,1838,0.07842276245355606,0.0024910455103963614,16717.01777046919
2021-06-01,8,529128.9397875443,3692249.174469322,422179.7349397205,2890353.904509478,96983.5059178611,714362.7220108737,386335.5217230024,1426,0.09149327874183655,0.0037257180083543062,18816.841395288706
2021-06-02,8,721810.8325578421,5282617.282328963,569566.144219707,4313230.575688592,142647.5156422711,1056764.4557098078,568564.1712180194,2255,0.1596096158027649,0.0053144777193665504,20457.127897262573
2021-06-03,8,1896415.7090141922,6962061.482805818,1551398.9654970157,5658576.562695222,388193.28929171676,1420846.5404200167,714307.0051651164,2897,0.20237529277801514,0.004314310848712921,24740.700329512358
2021-06-04,8,2395812.9600590765,5531791.897905633,1837391.6485014602,4422303.698912556,468418.80013071495,1079149.39527008,548588.1951780658,3161,0.036501720547676086,0.0017039142549037933,30340.20049625635
2021-06-05,8,2829718.310877003,10851286.033101529,2173408.45106743,8502771.234439451,516303.0629534652,1910464.9566849736,901822.3932616797,2193,0.040253330022096634,0.003174274228513241,29732.654471039772
2021-06-06,8,732665.8300384283,6535818.379507475,632511.3173413465,5389863.050887857,161368.43259419914,1177246.0902616351,553075.5792563597,2407,0.04173336923122406,0.002813776023685932,17510.089843958616
2021-06-07,8,3375735.745277688,12927423.063014165,2713285.4565878995,10716157.82244911,619768.5955168495,2240754.2170471083,1039933.9178216285,3394,0.060327962040901184,0.0031260803807526827,43371.19889548421
2021-06-08,8,1241934.639319688,9575425.183665946,1072192.6892019836,8294092.581514761,247812.0913665331,1717477.8558782823,822919.8344480868,1738,0.13370381295681,0.005247451364994049,29981.726324796677
2021-06-09,8,6019159.45656389,16577860.315429255,5211516.988163435,14324085.162545009,981373.2755480921,2866775.257200014,1384846.4733489526,1975,0.17407724261283875,0.006211401894688606,39349.148471683264
2021-06-10,8,1108317.716352135,8972571.024130128,874873.1502499697,7123367.316739554,210216.08842126786,1624159.5682439636,816839.4439380965,1433,0.19887511432170868,0.00844265054911375,28291.607966423035
2021-06-11,8,5033305.605809033,14509844.546454906,4700888.864105999,12677138.921356803,919896.2512453039,2609406.5573574784,1262687.2444481174,3362,0.09634262323379517,0.002175564644858241,32773.46293216944
2021-06-12,8,3923155.943122089,13465865.143148184,3003420.4614530457,11202853.163167749,716455.9367350878,2268937.514112004,1050685.368466977,3152,0.025247270241379738,0.0018492385279387236,44726.25427287817
2021-06-13,8,4987701.84170644,14337745.241644442,3971285.677849501,12077713.62771368,896807.9032733701,2435606.450977681,1126536.9786947086,2979,0.021182646974921227,0.0016443835338577628,41943.9457872808
2021-06-14,8,5058967.413145497,13716324.895604104,4067393.9845827143,11851850.607016914,936967.2836633557,2444141.2185000614,1190916.7519411505,3624,0.023304933682084084,0.0015691035659983754,47190.300672739744
2021-06-15,8,2766062.06735453,13332290.308896482,2108761.8855016734,10579845.052556634,388902.6002890626,2092825.8761516223,947204.7670548265,3319,0.03549894317984581,0.001680297777056694,34125.0787165463
2021-06-16,8,7357533.492453337,18401097.518454783,6923943.752788922,15798363.297479099,1159517.670807688,2972509.849609485,1326090.9696099628,3165,0.05188862234354019,0.003205855842679739,41736.46242028475
2021-06-17,8,7635465.62773937,19147083.164806634,6877114.175451906,16025667.56248345,1185889.2089901355,3058950.010969885,1354225.1982937285,2936,0.04743029922246933,0.002317504258826375,40686.62491723895
2021-06-18,8,2852534.696693346,10502007.443696104,2166159.374589329,7882140.611634282,483548.3167408538,1737619.622327264,824480.4643905277,3022,0.03007369674742222,0.0018041996518149972,30635.69398984313
2021-06-19,8,1657555.4860984683,13118488.476500854,1389291.4581706605,10481178.544044113,358451.48952285794,2262437.058250771,1098218.8804884767,2805,0.07790906727313995,0.001687267911620438,35151.930016964674
2021-06-20,8,2883738.959731519,13928671.525967307,2526917.9172707116,11962045.47934148,520425.15232292423,2335795.0959068984,1136608.570255352,2020,0.055949024856090546,0.0027041404973715544,38561.80507260561
2021-06-21,8,2240108.359107934,8323750.699803606,1835920.1452095592,6817570.502640028,438226.8980616975,1553159.7138064932,789844.2084878003,2967,0.07148251682519913,0.0028793925885111094,23736.80713430047
2021-06-22,8,5781774.215968192,19178691.02361927,4858491.270261524,16454117.075862106,995725.044722983,3330892.0878172293,1619145.8956074324,1766,0.06985288858413696,0.0038863415829837322,39473.0522172153
2021-06-23,8,3495725.5849495083,15175765.290194958,2698696.2755889236,12837674.5165843,531851.0951512929,2470022.211745277,1137045.3891487478,1866,0.0530221126973629,0.0035372155252844095,32856.002988666296
2021-06-24,8,6088274.025877744,19760934.84637627,4524987.550452678,15318801.437033229,921760.0521560163,3332705.122693396,1534576.4671256258,2074,0.05371313542127609,0.0029084752313792706,35554.16197907925
2021-06-25,8,7318151.077190682,21302774.826242723,5591243.663320564,17077200.448371567,1222591.714241711,3629555.47565841,1747399.4052184261,2432,0.04805565997958183,0.0026198853738605976,41848.42186883092
2021-06-26,8,2704146.349507481,16525853.437268384,1930193.3641003873,12556435.400232952,492156.39194034535,2879222.104443095,1406279.6575704534,1928,0.046229954808950424,0.00196762103587389,42828.31371626258
2021-06-27,8,1926503.7341247723,15052582.325525574,1600933.7108673924,12197496.32703923,352242.8893295752,2599202.48632387,1224823.3263838803,1782,0.10671359300613403,0.0028309321496635675,28193.8933390975
2021-06-28,8,1377258.9672647864,11741307.22799629,1105176.0028685567,9104913.806929857,180264.35540322942,2027652.885634706,951040.70633697,1980,0.05904555693268776,0.0027615386061370373,25605.32479324937
2021-06-29,8,2215792.8603259027,14080018.404862352,1733731.944075291,11248750.424004748,314987.6949596407,2453782.167773185,1156962.420527572,2181,0.057146694511175156,0.0028203732799738646,35112.16945245862
2021-06-30,8,3440951.3449051753,13209759.07876774,2841359.706310504,10456527.534318643,655347.3988583137,2369756.8864163714,1118439.3983192341,2993,0.05346059426665306,0.002578351879492402,24517.549587607384
2021-02-01,10,3419764.0776516646,11865247.053802922,2687082.2124530952,9697040.83760681,683272.3166248286,2178659.627386085,1050338.2388710065,3621,0.1887243092060089,0.011354073882102966,33408.73090389371
2021-02-02,10,638359.9804951698,11592267.858516946,554344.729506319,9527859.366703268,146475.88421943795,2066051.135783901,958064.7643583817,2994,0.20980603992938995,0.0069135683588683605,18806.50430738926
2021-02-03,10,1029736.1610815227,15706786.974880889,835180.2650058381,12188887.834691463,210335.58702977607,2723116.61865988,1234972.6915337965,3150,0.18629010021686554,0.009562796913087368,24548.145530223846
2021-02-04,10,1365495.2164653242,4744878.3036712855,1143174.176859822,3670648.8559427233,298319.47130745446,927236.0415383005,484881.73256221745,4050,0.31580060720443726,0.016895093023777008,27125.562429994345
2021-02-05,10,1107334.3616238832,13053138.135486528,922785.1159684809,10122106.227066128,236408.7488500693,2327000.2016695645,1133006.9057964673,3283,0.27870604395866394,0.013698305934667587,23024.939115673304
2021-02-06,10,3192447.626128748,8024659.148948953,2511474.476390378,6153376.057627339,656569.5917430839,1595034.216495544,818483.4194725893,4290,0.2923426926136017,0.020333442836999893,19709.218233257532
2021-02-07,10,3376585.205953136,7631026.494158879,2555216.229794105,5856842.266839577,702348.7243291072,1522373.949920872,787795.4392481273,3571,0.1531057208776474,0.011628512293100357,25691.766322374344
2021-02-08,10,3363448.3923757225,11252148.89555876,2647985.734964913,8641685.046164462,690313.1800761956,2186068.463386628,1083901.5756098959,4772,0.23726040124893188,0.012150458060204983,20298.21376863122
2021-02-09,10,3768537.525025949,8542735.805481099,2894467.135659569,6591527.12138836,758899.7995830396,1701559.6748908486,861507.4026309091,4859,0.2762393057346344,0.017957476899027824,21506.35253161192
2021-02-10,10,2276484.6488320082,6812100.043593004,1686416.6295369477,5226640.395718014,482993.3896732202,1358547.4427253501,681685.0413423632,4546,0.30698639154434204,0.03508566692471504,17919.04984599352
2021-02-11,10,1656987.4484125823,4816194.835171923,1215912.6855769015,3676478.827740064,359150.8027651855,975835.6774681176,488654.7004410863,3289,0.28953781723976135,0.030124258249998093,27798.28153499961
2021-02-12,10,258166.46571157873,2477680.1338511705,198605.68907722627,1919139.8410841748,57541.79208012598,518109.39454884076,256035.0553862355,2624,0.2937069833278656,0.031762558966875076,15801.544362217188
2021-02-13,10,676817.700646922,2126185.1624694318,491443.03469051665,1606052.8608854373,141400.40014081568,450591.6211698402,234947.92005236098,3055,0.2992427945137024,0.03640192374587059,23300.17907810211
2021-02-14,10,459140.01518660784,2076312.6288359612,373515.4182276627,1631957.4403258758,97446.30835056186,409667.05181129894,191794.56561589782,3566,0.3045792281627655,0.03606296330690384,15831.073113381863
2021-02-15,10,1349232.5435925573,3250575.6615876406,1063422.2276913275,2551964.3816753244,271004.3491803837,669036.5840201318,335751.02238297014,3780,0.2683617174625397,0.021670056506991386,26114.867611169815
2021-02-16,10,3281415.619610563,13393641.81643103,2733632.219661449,11161895.683876585,588699.5237375959,2384056.446630748,1021266.9770625378,5339,0.21507206559181213,0.01595904491841793,44619.53623217344
2021-02-17,10,1691249.7923143655,8782603.463869154,1302041.3989127926,7062824.295236956,317769.9821617837,1629070.5534367375,748485.5235174806,3894,0.18836194276809692,0.013451607897877693,34035.34517338872
2021-02-18,10,1285450.539558068,6165397.871867254,988032.0050748831,4839391.696412379,257075.1049825832,1181158.8387096713,510980.41420928657,4882,0.20865730941295624,0.018464310094714165,33468.193985939026
2021-02-19,10,1287220.8930499554,8695835.238784865,991669.1873108568,6442901.411327774,247910.40944302332,1636103.9646614455,761242.5989585745,4363,0.3269585371017456,0.03173479065299034,18362.041561067104
2021-02-20,10,1243615.6743392348,4529514.272133991,947536.8853710976,3528055.154118849,249543.62351446753,921733.9786531227,483859.0113564718,4919,0.34673526883125305,0.0320604033768177,18304.041506677866
2021-02-21,10,2452967.4816446602,7487145.3617914915,1856600.5849866332,5849167.014946638,531620.4817080403,1501959.1588995093,755427.5812863407,5680,0.3236607611179352,0.04197319969534874,24055.300140082836
2021-02-22,10,2115450.7753758132,5380474.25135918,1586928.637802534,4112119.2611138923,401306.2199262227,1028666.0618115374,547336.6909047366,4687,0.29158106446266174,0.036753296852111816,17595.221785366535
2021-02-23,10,2796060.87999326,7267470.6946747005,2122121.4118851703,5602717.963286754,547580.7277610044,1429418.989266432,721282.3644723704,6449,0.29177746176719666,0.04154127463698387,18646.728511959314
2021-02-24,10,1955902.7312785387,6008424.545817345,1532570.495461701,4663461.149428717,415980.7737331784,1215178.370136551,629657.3684974585,6711,0.32721835374832153,0.05941690504550934,20219.70287054777
2021-02-25,10,2873997.689026177,11473271.502953798,2519205.939773198,9543578.972928625,514581.1554645347,1975326.4299601638,899018.129089734,4627,0.30570921301841736,0.058521419763565063,32462.8625318408
2021-02-26,10,2721316.230460733,15522399.38839513,2501613.4823189937,12895213.00519939,457342.1170674768,2591776.092061111,1097135.9000220576,6860,0.332624226808548,0.045823849737644196,43138.341812968254
2021-02-27,10,2020519.7664479911,10827873.196168005,1785568.0416778193,8330982.363542485,346573.5249997544,1846975.4631946515,796093.0781347685,6957,0.3046365976333618,0.04385143145918846,28356.54686269164
2021-02-28,10,3190075.0149053633,16433525.149903566,2397987.4419783857,12674754.599414106,511594.17148405674,2657617.983042079,1189140.0551364894,5773,0.279885858297348,0.03177166357636452,33356.18344900012
2021-03-01,10,1843088.2083175778,9221959.071923256,1388373.5661598663,7020988.644000201,271053.777888181,1456407.097453611,562983.2801368159,4369,0.1748901605606079,0.015259952284395695,27787.200684428215
2021-03-02,10,1142053.7845813483,3834408.826611176,796516.8121736133,3592786.4737833533,173660.2600752443,668526.3002720177,313418.77347417444,3108,0.02855793945491314,0.0021627105306833982,21843.97881242633
2021-03-03,10,1258182.040309213,3214170.534016542,874160.4126409927,2445566.9539075745,197435.27226070262,565188.0865287741,290922.4821633834,2838,0.059894122183322906,0.0026533082127571106,21372.878292948008
2021-03-04,10,1473217.4666894823,5475672.274504364,1061496.231545064,4914743.675666509,223237.49988524176,904273.8681167141,453110.08065975644,3254,0.03671052306890488,0.002849857322871685,24618.561422407627
2021-03-05,10,744423.6985216141,3909513.622706741,488979.69708467316,3796779.560189004,88946.67669249269,640728.5243183051,301031.11214238557,2876,0.023055830970406532,0.002076215809211135,20785.476004749537
2021-03-06,10,2533684.340892285,6586691.104711771,2027768.2275206116,5490390.583837545,451021.4876197355,1212114.857246009,495149.64247938053,5085,0.12420345842838287,0.011244498193264008,48610.641552358866
2021-03-07,10,4756753.321323216,16238426.969928771,3805629.637487087,13399052.72978588,824442.4418642173,2746687.7295540893,1183298.4632308765,5236,0.12369565665721893,0.010604131035506725,42860.09987080097
2021-03-08,10,7363527.215398252,17171180.288823336,6655102.858348834,14121031.745394327,1291410.3641921892,3039496.534382418,1311866.5137638845,4955,0.09575205296278,0.013332940638065338,38989.750721007586
2021-03-09,10,6643700.074241042,15156423.380620062,6063225.711888833,12833594.402777199,1187584.8482949983,2628057.754882165,1174631.1809503245,4619,0.17692673206329346,0.017434056848287582,32746.32860288024
2021-03-10,10,3779908.9118694514,11371175.67391251,3115387.374351833,9170470.008587804,745645.217590308,2133759.413711411,1046662.9713864955,3849,0.2494860142469406,0.023968324065208435,26668.416134536266
2021-03-11,10,1630350.978807807,10460508.136554658,1356946.069231391,8612949.620011194,320215.3011281031,1885654.0656187988,937764.2221347569,4010,0.3018242418766022,0.029983380809426308,27461.84297373891
2021-03-12,10,4878277.915035427,10474841.31507191,3729187.7295770645,8683167.736128785,862983.6808568384,1875622.9053320326,793748.6171743937,5510,0.23241746425628662,0.018152613192796707,48092.39273262024
2021-03-13,10,4231776.753869444,15162697.849911869,3917289.717666364,12680260.05458434,677153.6896394296,2508439.269825003,1052135.4738114257,5589,0.21192283928394318,0.013406399637460709,45152.728027790785
2021-03-14,10,3300633.8976391107,8843500.660918638,2328249.5913850954,6691524.965702545,588631.8756215279,1524825.904284959,636521.5794462329,4907,0.08589273691177368,0.012284557335078716,51397.52184987068
2021-03-15,10,5526840.529628068,16705286.200079635,4673106.37134045,13885179.14585936,856185.0947696532,2790478.4415268544,1233489.5346127243,5491,0.15821006894111633,0.013290803879499435,37354.11724895239
2021-03-16,10,1514100.105809927,9545956.80678454,1186845.4756505098,7468421.25069616,251132.28991292996,1524113.9156423067,592712.9553940848,4844,0.28750523924827576,0.025342389941215515,31254.015683293343
2021-03-17,10,1782011.7542734593,7280887.169493556,1407412.8913706737,5906615.44240981,348995.89158034115,1307319.4119486457,602497.4790740276,4833,0.2625407874584198,0.03365001454949379,30603.122437000275
2021-03-18,10,6396319.562486231,19723493.882325977,5336663.106401516,15974053.50124653,997456.4492181933,3271540.81378049,1476736.1246770748,5200,0.27483442425727844,0.034970588982105255,42760.73670810461
2021-03-19,10,3630596.4183056056,15488895.772182181,2826715.753835651,12841261.722141873,613729.4719511496,2597938.9104250064,1192288.4732441115,5763,0.2883165180683136,0.03947830945253372,39566.520815074444
2021-03-20,10,2198373.3696112484,9262507.352808192,1680004.8470316473,7939468.252066869,404860.8992381171,1690363.8618788722,715104.4357868583,5589,0.2297345995903015,0.011166257783770561,40656.120413571596
2021-03-21,10,2877860.3660183996,14551670.047134712,2310046.9637717595,12087500.173188742,530498.1883358308,2637859.38706013,1188290.589469925,4121,0.12379788607358932,0.011560994200408459,37934.93193003535
2021-03-22,10,3760048.427325368,13056886.446495146,2819302.9246805366,10333651.99555254,614781.4907841284,2187378.199958859,905306.2025250575,5430,0.22385691106319427,0.021585455164313316,39800.327639728785
2021-03-23,10,968555.1467862725,6143811.018577173,753653.8971032837,4817183.668771883,187609.56002898118,1209132.838338325,574455.4346808458,4488,0.3132420778274536,0.03413383662700653,18966.370096832514
2021-03-24,10,498831.16233053803,3905503.803761855,427661.3547970331,3176709.486003294,116150.76659309889,783322.7485933175,401857.33212491317,3985,0.33942264318466187,0.04379032924771309,18171.536475896835
2021-03-25,10,1060966.957542032,6582797.536713257,854563.3015504666,5140796.370120435,223819.19549899644,1312532.7618441025,651879.8301923543,4989,0.3768610656261444,0.06553033739328384,16595.64109018445
2021-03-26,10,573924.6104934216,3603823.564791277,475145.69055982074,2791280.5884624287,125136.68527075222,746973.4724886373,387512.2224677659,5018,0.36834871768951416,0.07744156569242477,14290.81743094325
2021-03-27,10,806496.2727943957,2739878.5664338022,646726.7955893839,2280586.2036367776,147250.0403288161,490530.11682617024,229278.91080953804,3289,0.32994264364242554,0.06131358817219734,20981.578877091408
2021-03-28,10,1114087.546614185,2824674.905295387,923409.2651650195,2213177.5451220036,240420.78956938503,572099.8381644882,284105.552431365,3561,0.16248536109924316,0.011867299675941467,22941.11818778515
2021-03-29,10,1319653.1683866382,3224972.534450829,1073829.13742931,2513617.4616764,266793.985282017,646817.8966599111,323566.8600172156,4324,0.20606735348701477,0.010189835913479328,23743.003793925047
2021-03-30,10,609053.6351183355,2444719.5462128967,479172.8319298744,1949709.9042683449,130763.80729408868,465064.8472112551,235012.35071767867,4701,0.27751272916793823,0.02172732912003994,21453.818242937326
2021-03-31,10,829308.4602201581,3762390.7685243636,629361.0101738811,2946915.938417454,135012.10612310015,603884.0374026396,291514.05593733705,4245,0.3051484525203705,0.03622502088546753,24449.41678932309
2021-04-01,10,1171327.5456584394,4280233.156088024,1005247.5126280532,3502550.834641612,206467.19197240646,723644.4781262556,333734.85013232264,5398,0.3729502856731415,0.09229330718517303,22625.698124706745
2021-04-02,10,878597.5053082705,3354130.497772515,712558.4878324245,2629352.104529097,163068.78409141523,620866.9054877895,255538.37058155163,8703,0.35774895548820496,0.08850686997175217,50824.52970826626
2021-04-03,10,779930.8190276027,4617299.540069878,610335.3674387097,3751789.8621345153,142243.97778892607,849790.9866087697,362320.5075373661,7845,0.3308205008506775,0.05037491023540497,32549.901384741068
2021-04-04,10,2752016.45885548,11502105.578317389,2123827.8329683053,9768502.131421022,413713.1239195586,1877458.9791632209,799896.2604993291,3922,0.04244370758533478,0.005386807024478912,25775.65894538164
2021-04-05,10,1513169.149818331,6279103.789977655,1096078.3582601277,4801288.358968809,216308.45097070807,931355.2385579646,404012.9521201928,3798,0.08540413528680801,0.010591387748718262,30960.61407890916
2021-04-06,10,1019138.6761493385,4903474.479789704,753817.7409339867,3683824.476627864,181544.42315016888,796902.4497312021,389464.6395103497,3128,0.127948597073555,0.01199233066290617,20820.099596083164
2021-04-07,10,1026109.886186853,4054258.139247626,756123.6474873452,3102279.018482864,171522.831547885,677021.2649855375,350779.50234025344,3259,0.1904391050338745,0.01922333799302578,22425.084851562977
2021-04-08,10,3783921.565720126,14589989.539683804,3049225.3432050776,11603487.603395376,594774.0014838197,2304067.508203692,931682.1071778409,6232,0.33466070890426636,0.059551820158958435,38048.03863322735
2021-04-09,10,1630793.9492560476,6502003.930643469,1337737.2491885775,5176963.758791601,294450.6497973169,1104303.2557898466,488829.666128992,6424,0.36074337363243103,0.09021920710802078,27290.8140989244
2021-04-10,10,1364549.6190930456,6664264.748174682,1084151.5526269604,5159125.363219604,248770.07702259556,1215907.7064401754,476642.34604938276,6462,0.32639631628990173,0.07257740944623947,31368.284218370914
2021-04-11,10,5349097.538902611,18681599.514304608,4465188.293658172,14849448.552817794,846933.2868464143,3155159.2151231314,1363781.5174536845,6839,0.36115607619285583,0.08328734338283539,41387.732479304075
2021-04-12,10,2659612.7020824254,13907544.028692454,1961274.7642329817,10650219.273154523,444046.92176609824,2321916.9724782016,953039.1413479358,6054,0.34189581871032715,0.057339731603860855,43892.32447063923
2021-04-13,10,3610260.4391068667,10373537.83004944,2902362.433826348,8995028.815670919,662005.6332118623,1896696.0147613934,881363.973595566,4172,0.08825147151947021,0.009594433940947056,31964.59822821617
2021-04-14,10,1581687.109933585,6935527.250104904,1202600.4701808598,5333074.3247998655,247723.78995615462,1116344.3287670224,485033.2280505156,3938,0.20517279207706451,0.01770688034594059,26011.5048686862
2021-04-15,10,1736121.0931606293,4592256.812478483,1329250.564945556,3491832.13425959,333829.5121798527,886516.2333472129,448067.442885946,4314,0.2156863510608673,0.027200546115636826,24384.285629361868
2021-04-16,10,712530.8390833735,4100523.974349022,580452.6756515973,3207171.807675112,143923.55719070113,775478.7427753978,416532.47289477615,3538,0.23968437314033508,0.02253313921391964,20121.547160863876
2021-04-17,10,539436.2558044493,3587357.828805402,439406.0777777933,2772414.434156251,121973.40838808219,705005.5475029915,346738.92869072023,4472,0.32030346989631653,0.04368981346487999,19690.753616541624
2021-04-18,10,980699.01074934,7584687.119312637,811283.7613759979,5935642.248449252,204611.39962173294,1446104.794410565,658817.7915632583,4535,0.31047308444976807,0.03478007763624191,17269.765265733004
2021-04-19,10,954875.5082579553,3448537.5939914733,797257.8195533187,2739286.739108625,185672.2020460359,703199.6657042864,359407.2012715428,5392,0.363792359828949,0.07665025442838669,19231.59574237466
2021-04-20,10,496648.24697098136,2607993.498419881,410386.4968350764,2075166.068658886,106745.48749876709,531782.54272395,267136.3297588119,5923,0.3717508912086487,0.09096222370862961,16366.466747909784
2021-04-21,10,806779.3247256279,3229074.9829562753,656671.0114938002,2565563.6201112457,171005.80130140448,676155.7860937535,341956.0901152881,5578,0.3899376690387726,0.11886768043041229,24151.239924013615
2021-04-22,10,1234970.586553514,4654366.068751305,1029713.8972029124,3743608.6756717814,250736.99867666635,935934.4325158786,490777.70679639385,5782,0.34784573316574097,0.08620215207338333,24906.118746995926
2021-04-23,10,549338.9802784324,3350654.006566152,459799.8970562889,2719853.793205241,100213.13882132966,562675.4603374627,255541.84796558856,7120,0.34100469946861267,0.07079076021909714,23882.217947870493
2021-04-24,10,683425.3618984073,2986458.1950919777,627762.5198113244,2490177.436232457,133776.53934343695,590901.6862207665,317372.3728840693,4604,0.35027024149894714,0.08547510951757431,15876.162394434214
2021-04-25,10,2138816.6753708273,7212796.438719951,1635746.331880649,5591485.42612525,272511.8811023876,1058416.5074021518,455538.87402114563,4624,0.3899801969528198,0.10916607826948166,29593.31599727273
2021-04-26,10,1217625.0678260624,4311951.028509766,987737.7966478325,3482990.74522092,242136.80655219336,829577.1692872016,386819.23748405045,4827,0.3706514239311218,0.09431570768356323,23116.546828895807
2021-04-27,10,670661.1382463127,2923668.4117078334,551131.3142872637,2304896.784308873,154752.49205722165,591907.688006181,285736.8529021002,4521,0.32668906450271606,0.07288850843906403,20717.932562679052
2021-04-28,10,1680067.563637361,4821319.443892166,1349605.8775251526,3797233.101673184,319748.95178774395,948652.8100666972,483121.1292827226,4721,0.3334362804889679,0.052537161856889725,28234.885769069195
2021-04-29,10,2470713.10249722,5956870.996914148,1888213.2484699937,4622211.455264157,400118.30469279154,953404.05483292,480500.3187742687,4520,0.3314307630062103,0.04225210100412369,24731.645048350096
2021-04-30,10,2599578.868858628,5805508.707364947,2094074.5602205154,4602256.845612101,513127.81347470765,1116207.2494167974,571714.1698583667,4886,0.3003024756908417,0.02490968070924282,27129.270312309265
2021-05-01,10,898647.0012816489,4235802.374955714,750648.970418379,3327409.6923844167,185480.28593976778,870880.3778576314,434014.00037511846,4182,0.21305082738399506,0.010656463913619518,30237.431298822165
2021-05-02,10,664265.7576006055,4402762.263175294,573007.4841596299,3518225.7088741707,127617.52686943354,844294.2626907324,434198.3895941338,3895,0.09850092232227325,0.008138004690408707,27111.18901669979
2021-05-03,10,1590731.0537123978,6998330.659752674,1311726.4612794588,5418473.113324242,305624.77436484734,1346774.818430222,668706.0648286205,4030,0.22563773393630981,0.022961027920246124,27129.304007917643
2021-05-04,10,2480822.1366939843,6283092.193456776,1875206.5394460128,4796267.568608439,467252.4820327475,1171831.4735105566,630609.765836732,3794,0.1122870147228241,0.01506355032324791,27974.569801568985
2021-05-05,10,748692.2876750752,5423918.5762832165,663917.3782056882,4210931.934407884,166567.1684692283,1045518.4430330768,564905.8721600631,3344,0.25746726989746094,0.013368131592869759,23886.9229080081
2021-05-06,10,1441243.493330352,6551339.130256258,1178887.0472375785,5045443.898532536,275769.7131975536,1233776.8760580055,664677.5413103744,3388,0.18479402363300323,0.03665618970990181,16967.8547578156
2021-05-07,10,1291009.4409456998,5505934.262663446,1009143.9350181295,4363769.192862275,253567.47187060112,1059655.8909757447,588681.6352582604,3596,0.32205885648727417,0.03308130428195,22993.99206712842
2021-05-08,10,2056840.2601314932,5986734.330345072,1607929.5123903097,4628133.065831551,389415.8978267753,1138058.9660777035,594558.7370210901,3740,0.3224852383136749,0.03645245358347893,23868.95929762721
2021-05-09,10,2897756.370675698,8006181.227633342,2323612.8930319366,6190268.112695038,569921.7606007557,1500629.3753487258,743164.7112219782,3825,0.33525827527046204,0.061312176287174225,27129.485763818026
2021-05-10,10,1516446.221895747,5438943.492891282,1255895.3094695215,4469543.768177074,304292.272411682,1100102.6559114105,576797.2955506293,3999,0.3096790015697479,0.02372051775455475,20193.6585598886
2021-05-11,10,269997.59256482124,9509560.856256723,231308.5233841305,7999178.370808477,65038.841180895484,1720187.1780289598,762478.9130582721,3083,0.33691638708114624,0.02501682937145233,29927.636738061905
2021-05-12,10,1185945.6975485235,4490203.1057101935,1102617.7221441956,3677457.858350143,238039.90549252115,890319.7824940982,448920.65309832804,3807,0.3063250780105591,0.03958975523710251,9889.018836438656
2021-05-13,10,7313139.881491482,18485703.587272935,5940471.060118037,15172490.867615929,1261407.9172961037,3165531.8053050227,1456266.2176471327,3181,0.3370967507362366,0.06201603263616562,47347.50219535828
2021-05-14,10,7671045.8831112385,18375911.831128776,6204364.698737528,15029831.228699457,1342697.7073910977,3152834.1522201905,1454076.1848526695,3294,0.32174739241600037,0.04778795689344406,47807.681411892176
2021-05-15,10,9714668.634513915,22748500.061958343,8411579.896185528,17854081.67863817,1716938.03313925,3758411.0312276017,1595502.4233018458,5933,0.22898247838020325,0.008079960942268372,35526.33364653587
2021-05-16,10,4118593.836163074,11985215.983779788,3119921.9365610993,9317199.940341784,728458.0598296515,2053712.256576034,872681.452742414,2796,0.030398420989513397,0.003336360678076744,37872.03344473243
2021-05-17,10,735234.0224854946,4680388.5956832245,581981.5113556803,3700439.489084917,145969.83101689923,745901.7907518176,366800.0263236802,2438,0.027299171313643456,0.0006655839388258755,17151.01969498396
2021-05-18,10,790279.0528552309,4901681.682826027,631956.5741993322,3794262.729206809,127128.50061025962,724691.87431293,315977.997293712,2080,0.02570291794836521,0.0008372116717509925,27359.615912407637
2021-05-19,10,1132538.4962493777,5578666.896412894,883176.2069257987,4412235.355106471,178230.9482806287,861311.1983607548,364613.19500043546,2793,0.06504210084676743,0.003564390353858471,19849.386465996504
2021-05-20,10,518131.3329031244,6852306.757623576,491373.0464953291,5883600.348644155,79666.08111950204,979179.182318607,380703.27141553536,3262,0.05275321751832962,0.0017511341720819473,26678.613998681307
2021-05-21,10,3970134.5416475907,14467258.001693442,3152767.3370958795,12277959.505324788,696247.7257278822,2602250.4930446176,1199641.6269046152,2826,0.04923935607075691,0.003118593944236636,29087.436814904213
2021-05-22,10,4567071.745598391,12530552.220768176,3513406.1411858276,10424081.779910058,850427.1664224684,2313165.8249631114,1053776.4882507634,2272,0.10535993427038193,0.009258560836315155,37475.406456798315
2021-05-23,10,5961326.66986987,16648213.86474108,4937215.673601448,13801764.939152578,1081691.5026918647,3006279.401766889,1427857.0021079122,2762,0.12191817164421082,0.01747649721801281,31556.51936236024
2021-05-24,10,701733.8211027384,5132985.005972743,565325.3581140821,3923467.637233704,141018.6126705755,947123.41251681,455597.987269075,2322,0.0674775168299675,0.007537237834185362,19928.498573571444
2021-05-25,10,885053.9410448596,6597409.746660113,712522.4451687556,5393992.200301328,181869.40779946392,1283981.0441462484,686359.6341002106,3183,0.20841386914253235,0.009055716916918755,29224.14112085104
2021-05-26,10,2589963.596206054,14571675.975103118,2123392.171991837,12602817.659264825,529431.6284742652,2718242.037263287,1376533.8733366504,3310,0.2877783477306366,0.01845281943678856,23097.688649445772
2021-05-27,10,1497174.3831151277,5588443.373063318,1253792.5844328469,4380973.507630084,327146.9109052153,1143585.2497862175,591829.9931276299,3845,0.26832762360572815,0.006712664850056171,28308.37854731083
2021-05-28,10,2631898.113410771,5480447.908881977,2072863.2827736014,4275651.169748416,524103.80939960317,1068156.9018463986,549818.306229527,4831,0.2945026159286499,0.022407472133636475,26336.11534884572
2021-05-29,10,2568053.3147208393,7842096.33077468,2082779.2258283375,6241862.587653402,493857.27748536965,1495465.943250083,755931.8201821682,3486,0.10519745200872421,0.011524355970323086,26420.896251231432
2021-05-30,10,1695776.3904441372,5400420.427193411,1366618.3114157382,4330844.597964015,346377.2531971941,1090190.491979035,572854.8525931676,2764,0.1606651097536087,0.017924241721630096,25937.1334631145
2021-05-31,10,820929.8722160384,2813816.1681132615,681225.5499745435,2276374.96886528,158567.69195401896,539965.2077774303,313139.6625888667,2200,0.13550308346748352,0.008287356235086918,18360.631818950176
2021-06-01,10,1699471.7616709396,4928702.126699217,1382979.8392540088,4061625.4546931107,293117.58093893115,947324.6044069538,507666.0131882055,2719,0.15633203089237213,0.017068572342395782,20869.56083983183
2021-06-02,10,1463083.9610166475,6357739.448912695,1216223.4488788978,5062015.604438755,259828.10572822636,1184425.0714736641,595324.2374273636,1680,0.2877843677997589,0.029302213340997696,19786.31395086646
2021-06-03,10,1388255.5612410158,9183899.401741676,1139208.1573330907,7735746.344546871,202980.7990521331,1471004.3443761633,670522.839776976,2708,0.0987161323428154,0.0090678371489048,20511.584718227386
2021-06-04,10,2475900.3974196613,6991380.430233657,2055378.8745040554,5546259.868229274,490688.28516827023,1319891.8282987168,668644.931280328,3759,0.06570126116275787,0.005816242191940546,31126.105394124985
2021-06-05,10,1783104.0124694556,5867611.792507306,1463943.1300661638,4609879.363827925,380034.9183834035,1145150.9269120647,584934.5475979893,3883,0.07761210948228836,0.010004907846450806,24017.716705828905
2021-06-06,10,1834114.2194425017,5969384.290474959,1523836.7632675855,4715317.865842486,368255.17972547875,1112610.6707856392,567993.1992081106,2803,0.09648872911930084,0.014004696160554886,19510.544284790754
2021-06-07,10,1677561.3161437362,6309416.569320187,1408328.1088871597,5008746.570407918,365574.26278815983,1255606.3654043428,672518.9728557996,3194,0.15229561924934387,0.016203733161091805,22709.304212868214
2021-06-08,10,1517011.4088778496,9314886.84667524,1151978.389110482,7295835.555966371,267597.9431140242,1625477.7202801774,776500.4970909627,1366,0.31057730317115784,0.03205082193017006,26798.57287362218
2021-06-09,10,2784999.3508995622,9307451.209385417,2217734.0223298566,7133485.674176909,479710.4658778367,1526831.8891462777,797858.8533516105,1585,0.2901315689086914,0.03864564746618271,33560.41423928738
2021-06-10,10,1869753.2155793011,7229206.42712415,1446179.0486610583,5646770.40412306,326174.85102783213,1195819.7498062763,637142.3042391012,1806,0.2645167410373688,0.03578038886189461,33050.95674774051
2021-06-11,10,5136647.312309861,16034909.901067808,4653366.6957203075,13817135.592033733,909313.192766779,2655297.7411337355,1283011.7833590703,3255,0.12286494672298431,0.0029122515115886927,36732.55954411626
2021-06-12,10,3072756.5887352824,7993381.7793136835,2451532.654246524,6380277.113378726,520370.283299727,1383949.455344114,633616.1101822609,4223,0.06294827163219452,0.0065462831407785416,35552.20700639486
2021-06-13,10,4781698.157760203,9867757.41499111,3616498.185035579,8233778.217100462,884788.1252049436,1842454.5967834285,842983.8467135922,4204,0.06449063867330551,0.008233796805143356,43427.85107257962
2021-06-14,10,4467527.574338853,11585830.68165481,3702659.6742471675,10355518.915070154,779845.2877235804,2009687.3881435299,877280.1081413721,4446,0.05978977680206299,0.006343829911202192,48907.637711018324
2021-06-15,10,2815668.921013832,8192225.374432191,2146590.0231261794,6392580.35832804,449582.41910911177,1380290.1306738236,601384.1633913328,3242,0.03318392485380173,0.003103732829913497,34396.32507097721
2021-06-16,10,7280247.345804453,19876872.011556864,6710975.085698495,16545161.33310176,1189445.8343259674,3204097.894898241,1396765.1206019993,3053,0.14958561956882477,0.00866078119724989,36478.422353088856
2021-06-17,10,3833952.960084453,15553581.90805497,3088311.530528513,12963879.993252179,678575.620817905,2558984.0174473263,1186259.0947235224,1693,0.08202808350324631,0.006269250530749559,31676.412515580654
2021-06-18,10,1349518.805393979,10357931.547729306,1086039.9670330768,7965025.443003895,273542.0949753538,1748216.8587215354,813939.9885572891,3231,0.03491813316941261,0.0022890549153089523,28360.853581756353
2021-06-19,10,3561799.514033586,11709791.889306873,2740563.156329058,9206371.950997103,587280.8397221098,1892462.6737095604,835181.2869516939,2701,0.07150550931692123,0.009789982810616493,32563.67188230157
2021-06-20,10,6240841.891760007,17729738.2090967,5072906.528902388,14972460.099323168,1017997.430460735,2944054.7305675074,1371962.8813784737,2367,0.11884108185768127,0.01616366021335125,35700.81701397896
2021-06-21,10,2958341.3437351435,9878980.616223007,2298611.222758543,7612017.200094088,565948.445059893,1839475.5815189972,919206.2803414427,3339,0.19397304952144623,0.019306404516100883,29449.978667855263
2021-06-22,10,2314999.610848576,10072799.628384538,1846177.2440126853,8057237.7521554595,420534.03164444596,1768902.8463021312,881092.3396539881,1285,0.10695526748895645,0.017039036378264427,19855.598596155643
2021-06-23,10,2444703.7109177858,14468193.66883026,1858771.5462433936,11779161.898868201,425545.31086385,2420198.681037177,1109245.230577799,1539,0.0862857773900032,0.009761558845639229,29828.618281841278
2021-06-24,10,3835558.9655068964,17195421.382405773,2761395.3110701446,13390775.977871409,608736.0535708441,2823932.401822051,1289926.8601979932,1426,0.11677513271570206,0.01194357592612505,41345.15546181798
2021-06-25,10,7058542.649269417,20628731.283161208,5678809.586147306,16541969.087618247,1126672.744554722,3446026.2599756354,1565069.8826667988,1760,0.12245400995016098,0.015016295947134495,33967.888960927725
2021-06-26,10,1336954.4132430255,5972880.914544411,1029961.6790248653,4548401.687631452,223469.80226799104,975741.0086153294,475645.7157797995,1885,0.08966828137636185,0.003569492371752858,29502.339387267828
2021-06-27,10,1882600.2500602677,9885823.903190233,1540509.5302046207,7800098.988959983,321378.7776225083,1672963.8277951283,797993.1905125646,1626,0.13358736038208008,0.016284817829728127,27376.770805746317
2021-06-28,10,1200575.697594501,5750379.752336077,966117.2260761547,4652638.799985001,219229.61889316922,1103417.1920708478,588255.942920694,1653,0.1257808953523636,0.01383900735527277,29126.55366459489
2021-06-29,10,2071571.6280695647,12685747.181586727,1696982.0164769948,10203784.40990359,365520.2465258393,2143578.738541915,969057.9674302447,2616,0.12244155257940292,0.01474851556122303,26643.487507730722
2021-06-30,10,1980708.3957548067,9275565.713712066,1576589.0818966604,7371936.450448904,343996.9334314257,1636720.4307996333,767871.450435882,2186,0.1181897446513176,0.008284585550427437,28807.791216611862
2022-02-01,11,3724773.6538420394,9022892.148254775,3124602.2040979513,7127525.542697034,754982.2163297544,1791162.084092787,907936.9482329153,4589,0.380034476518631,0.02167808637022972,30189.492617070675
2022-02-01,14,3306533.688170247,8598904.310101978,2719854.71294653,6830453.191458801,661371.3095844592,1700649.246117647,886472.33803524,5374,0.39494407176971436,0.024197835475206375,25522.291463702917
2022-02-02,11,4164717.9214981645,9139076.941988818,3413252.1749995993,7233971.057568814,868166.5559083875,1822239.025452927,937002.7368820093,4348,0.28639984130859375,0.013870438560843468,30732.19294127822
2022-02-02,14,3439325.726179138,8632582.631724767,2829209.394846171,6881155.543650685,722128.6156855795,1735432.9874694755,892955.407062087,5000,0.36952781677246094,0.02568863518536091,31977.915628015995
2022-02-03,11,3956541.983392097,9386648.752435826,3279551.843119885,7424810.821164487,807966.493222859,1869697.1474400724,958426.3352797298,4118,0.3145129978656769,0.01869095489382744,27749.59351694584
2022-02-03,14,3193822.445412345,9001449.66886931,2671412.559096733,7119117.283037456,669062.5535241305,1792012.0764170636,927068.8808588597,5020,0.3892667889595032,0.030683156102895737,26901.654495209455
2022-02-04,11,3108526.800909102,11097443.373665676,2677687.6378703383,8857646.624578051,658955.9938403186,2117278.2715862934,1042487.3261477499,3876,0.2868627607822418,0.01587078534066677,29428.844243377447
2022-02-04,14,3148467.5037428737,8921178.8068356,2664444.58028197,7072677.371904863,649414.2307486744,1780876.9852414893,922057.1360362009,5044,0.3778710663318634,0.02760971151292324,26901.654495209455
2022-02-05,11,3215579.096190214,8972705.203121297,2730481.986347403,7116498.457549472,651735.6816587572,1787271.4040091413,913512.0344495984,4238,0.27430927753448486,0.013055828399956226,25126.051332056522
2022-02-05,14,3848281.6538279355,8942450.887457766,3163982.700351388,7115808.364412531,779836.0683921387,1775984.4729285047,917327.5957375269,4834,0.34767425060272217,0.021397285163402557,24669.051754266024
2022-02-06,11,3224473.407557294,15212360.882944956,2696654.7321438473,12102134.826105246,656700.2607263536,2807872.0790720745,1367932.7535754996,4068,0.33033058047294617,0.019089845940470695,23920.355016738176
2022-02-06,14,3670009.054578647,13125159.938586049,3156221.081743912,11050594.022137824,742209.1616476297,2446848.9315502406,1164837.7178485752,4195,0.3647841215133667,0.02829771116375923,24011.311810940504
2022-02-07,11,3539383.8003938794,12041511.423877746,2935452.8989315005,9724831.374573536,722922.1868484514,2319270.412324257,1133178.4582525513,4384,0.3559553027153015,0.021938713267445564,22346.957907676697
2022-02-07,14,3202646.112410091,15836127.450477272,2889444.2909220937,13273527.00152967,631897.390034622,2938689.7682808954,1390343.5933028639,4405,0.375417023897171,0.032851167023181915,23345.82659497857
2022-02-08,11,3842293.484020278,12058864.181578867,3158585.649974378,9699116.350493893,781887.2953703632,2309246.9274221356,1141545.7224760028,4302,0.34400925040245056,0.025374453514814377,25050.03257483244
2022-02-08,14,5796509.614286505,21928514.48151142,5200027.871153175,18083237.72035726,1121832.8136776707,3930494.15957952,1880942.2603894167,4586,0.38038650155067444,0.04395988583564758,25433.889906078577
2022-02-09,11,3984682.527494706,11089898.935579851,3233587.5506439637,8750667.956638284,781413.9843940992,2105655.916876413,1046428.9832887698,4464,0.3936828076839447,0.031148962676525116,20441.61690750718
2022-02-09,14,3099053.7318808064,16025603.099779367,2762023.9674597797,13222546.916214488,598178.4904041829,2842951.2845875807,1325355.5249377799,4383,0.3742976486682892,0.06023488566279411,27702.49290022254
2022-02-10,11,2624527.696863167,7490998.97434251,2324650.265182503,6189691.1285256045,506848.29409902083,1443046.3159938918,702106.9162091282,4630,0.38937434554100037,0.0578925646841526,18359.409862697124
2022-02-10,14,2774497.461825371,9460536.20819822,2467571.85338529,8053523.219976043,505497.8745908488,1734814.7616830282,800861.813855422,5556,0.39924973249435425,0.0780213326215744,21554.780425846577
2022-02-11,11,2692370.8666986004,7246295.807287097,2164837.690248426,5863561.5271965265,522822.95322268864,1424613.8523958041,698224.5003029995,4410,0.38152748346328735,0.051329292356967926,22134.7739880383
2022-02-11,14,2525115.6432950497,7678576.942139417,2155532.272056493,6387735.6961359335,443419.56164716784,1322215.0734723373,631907.6775956324,5165,0.4052262008190155,0.09953775256872177,22722.90001487732
2022-02-12,11,1574028.9206068441,6419816.878950857,1306885.381945247,5197863.328911833,293353.1481423283,1250642.8330968884,623701.8852638921,4734,0.3974139094352722,0.05917885899543762,19689.996497303247
2022-02-12,14,2196411.0284834504,6675307.822172768,1937544.7400068697,5657739.003233689,406285.20692370215,1199725.0099447835,557343.6852650486,5425,0.40833941102027893,0.09934346377849579,17695.80098745227
2022-02-13,11,2212911.3549823537,9458495.036522694,1986051.916538441,8092658.452443348,383996.3383513292,1653530.1901311397,800285.6237166219,3899,0.37202537059783936,0.04960976541042328,23274.316555559635
2022-02-13,14,1915920.30373168,4695727.077601947,1613966.6834334475,3845576.236269481,369123.44650761964,922421.4346477919,500280.92751302035,4663,0.3974742293357849,0.07764291018247604,14747.208625644445
2022-02-14,11,1505154.5531481877,8057569.501238711,1470281.1261450066,7078799.493898215,271484.76702367724,1375769.2975135394,678213.4466884502,3407,0.35108819603919983,0.03635869175195694,32017.908199042082
2022-02-14,14,1855927.598815143,5430731.938437812,1689479.9925870304,4762859.916434072,339946.02054665715,996021.1013917008,514783.5353750888,5237,0.40408772230148315,0.07877559214830399,17707.09734094143
2022-02-15,11,1114856.6599080637,5498506.044057094,976575.4275288479,4479513.1783976555,208105.7436507644,1088785.652435932,545185.6667845603,4213,0.28328850865364075,0.015247213654220104,19724.745860129595
2022-02-15,14,2381404.802001439,6860774.15418952,2003053.966958817,5520560.926194567,441322.0417239794,1371808.747606808,682190.939366828,4619,0.3501453101634979,0.02522737719118595,27035.869426578283
2022-02-16,11,854316.1055339724,5030219.500678904,709119.9410393201,4166317.245649269,173875.0766491501,1029110.2716338562,518736.8833310349,4551,0.28244316577911377,0.015486110933125019,23423.337998121977
2022-02-16,14,2641096.9845403507,7457456.031753562,2206014.6755251987,6041993.775013925,503223.78099915484,1491497.4554354902,743588.2511696022,4382,0.335955947637558,0.022218337282538414,27343.496912956238
2022-02-17,11,2000446.099859856,6143694.340194255,1691511.5325781095,4981462.543007503,402758.15814644925,1245371.1830964056,618627.5145601493,4063,0.2726999819278717,0.015992455184459686,20571.80888402462
2022-02-17,14,3018901.6964229792,7561452.248497926,2525725.919783873,6171383.147368121,579022.657191135,1491533.1706842599,743722.3753694711,4310,0.3467719554901123,0.027511771768331528,25047.613044798374
2022-02-18,11,2202137.5856646746,8106662.845375642,1706723.9786944608,6206122.239572497,366876.2028364168,1406942.929132397,643249.0812113658,4446,0.34617504477500916,0.04361293092370033,27785.920918792486
2022-02-18,14,2333797.3085228354,8153410.04862164,1984799.8041227637,6528831.710539881,458605.8848194008,1532424.7605675058,737892.7509533043,4494,0.3889824151992798,0.07358703017234802,20919.852034449577
2022-02-19,11,2009545.3010188043,4482431.925741218,1589034.3092953009,3558577.0488945525,393144.7616441653,916635.130996778,461790.16001666663,4448,0.34849169850349426,0.05053694173693657,24189.961982369423
2022-02-19,14,2696986.359947771,6449823.613009132,2274895.362196329,5278120.542088045,526518.0055442206,1271853.628264862,637146.3959341929,4439,0.38687238097190857,0.04736172780394554,34035.74189853668
2022-02-20,11,2600344.803510435,7632799.249486975,2276051.801839286,6190815.134329766,498406.8695118456,1458358.5666240999,732561.4885214724,3855,0.33656322956085205,0.030435414984822273,21236.660266608
2022-02-20,14,3144508.6458935514,8456585.865121014,2830694.2531706607,7166708.092161905,594241.5263484966,1629601.2271753475,801068.3087423046,4000,0.37826505303382874,0.05189213156700134,20998.06739678979
2022-02-21,11,1376207.831460312,7694649.046698131,1139447.5452317572,6205563.758300029,289862.91588701383,1501129.533456469,709398.7658382804,4776,0.3736255168914795,0.045877598226070404,24611.55420845747
2022-02-21,14,1771143.7173571587,6168031.620483562,1510362.7453412241,5090926.186150763,345041.76870166254,1173299.4470019147,610420.8022657698,4884,0.38022521138191223,0.06889317184686661,23997.905454963446
2022-02-22,11,2310538.340962082,7925509.361150451,2035225.2276328665,6558874.546034336,469101.28610208584,1558463.9825560113,780824.7729923752,4462,0.369983047246933,0.04567290470004082,20563.948169380426
2022-02-22,14,2762397.2485520467,8107466.492192768,2687351.547236973,6890849.39341828,537677.6342260094,1588073.0868875524,808352.9600179256,4860,0.3868142366409302,0.051151517778635025,22621.599090367556
2022-02-23,11,2755015.406177409,8616826.32957913,2279519.5608846545,6531250.722526324,510355.7178352444,1633744.2035322136,724960.2257992891,5209,0.3580761253833771,0.0369391143321991,21079.397136956453
2022-02-23,14,2760730.6283788905,7748816.716440707,2540975.0031287735,6506399.883741893,531865.364480265,1534981.0634465576,769689.1443282843,4708,0.3833915889263153,0.055028513073921204,20569.984460026026
2022-02-24,11,1806968.0505993962,9230412.134833865,1607042.2808085792,7467897.942838434,343955.48020135483,1659684.7992519147,766622.9876260259,4856,0.3854600489139557,0.06138864532113075,18586.862942904234
2022-02-24,14,2121582.2568859085,7864448.003810726,1946531.2890782827,6462413.212548572,411095.5916331366,1529442.8337369417,743191.4744957836,5600,0.40272021293640137,0.07871818542480469,21183.433933138847
2022-02-25,11,1340539.9806522876,5588272.396074675,1116567.1637705201,4535222.97170903,265010.8701401995,1090708.5525966675,558425.3805834115,5210,0.40664222836494446,0.063496895134449,20400.68147662282
2022-02-25,14,1933868.3960978314,7831610.9734505415,1883662.1948287548,6822547.76100667,386796.1160210123,1511620.9091452237,756735.7914956593,6084,0.42342549562454224,0.10119536519050598,22486.454737365246
2022-02-26,11,2806962.482331142,7627884.253693804,2232026.734286167,6069694.462306334,542182.6646484566,1491359.1319739504,745258.1948724159,4780,0.424259752035141,0.05719238519668579,20658.96280565858
2022-02-26,14,1907553.389841728,6039327.845510386,1628024.27900847,5099867.4102862645,376899.8223737755,1193791.4265395957,637647.0981235905,6403,0.4228207468986511,0.1023978516459465,17622.136004060507
2022-02-27,11,1749548.3381337896,6485033.059194453,1461884.3151730385,5278460.696443536,351161.9529548292,1297981.7550550718,653080.9116133105,5508,0.3953920006752014,0.05949390307068825,15194.231147319078
2022-02-27,14,1779594.3619583473,6788413.826013543,1601918.4076113862,5786528.149532437,357801.9128331362,1325645.445062056,673805.811611508,5925,0.4101095497608185,0.08580997586250305,19661.69081956148
2022-02-28,11,1786253.9092352614,6763609.532512248,1380496.7890452545,5475410.571344372,344017.3244864093,1334962.2344512194,663882.8204938674,5378,0.4264180362224579,0.07587359100580215,17956.206165224314
2022-02-28,14,883032.7665369362,3901598.946518071,756714.0931074256,3242110.9875773974,180699.64225286501,796570.5031450076,406399.8684486287,7268,0.4177885353565216,0.10878332704305649,23147.632952302694
2022-03-01,11,807879.024689056,3094132.822280787,688555.5010405317,2478148.21887169,179660.27902671232,636358.0271906583,330093.1902822548,4358,0.3386601209640503,0.023219920694828033,22964.930892914534
2022-03-01,14,1137561.9227502495,4602770.188710898,965872.9800767231,3663858.3039282924,238286.83698010643,913945.1092433648,463102.66785073414,5296,0.4147654175758362,0.06607166677713394,17792.614225387573
2022-03-02,11,1298730.9424916431,6166660.966252722,1056259.978274885,4982543.012808101,258395.44144118784,1218123.1209119377,582423.3556151153,4980,0.39676353335380554,0.045621469616889954,20678.173844516277
2022-03-02,14,1160327.7336947694,4186582.2379804924,959802.9678751186,3352617.8801046642,237803.29703722207,822357.546070888,418651.3401311055,5337,0.38082021474838257,0.0692862719297409,20077.979980826378
2022-03-03,11,1714279.9804960936,5175343.191109605,1363996.1419660714,4204976.25453444,320999.91625972366,997853.2467458597,498929.2548563963,5095,0.3945298194885254,0.05412391200661659,21874.45648956299
2022-03-03,14,1179068.1113107353,4740035.305284388,982152.998591582,3859034.552794643,225343.99901073627,923120.1314003146,451352.935461897,6663,0.393499493598938,0.09432791918516159,14257.65780004859
2022-03-04,11,1183203.231306538,5063213.367859788,1005443.2788850861,4054260.0093716215,237969.14154498768,990204.6680203131,500518.9698624585,4884,0.41640156507492065,0.06272099167108536,18776.269690841436
2022-03-04,14,1564702.8535256982,4838190.287060052,1297641.806733443,3898947.3971740855,285541.9124213662,929204.3245848219,463118.3149885262,6329,0.4188215136528015,0.1022588461637497,14708.209803164005
2022-03-05,11,2182375.690415032,7378329.274424911,1844127.637133906,5979353.782100717,400033.5090447367,1432953.4192217402,712438.9522102175,4945,0.36544910073280334,0.05924195423722267,13915.551089733839
2022-03-05,14,1832417.1055692956,6010745.775424652,1573785.244864914,4973858.004031817,350927.7614768988,1177314.0951722655,594853.6399765646,4905,0.3732043206691742,0.0656605213880539,12468.380864053965
2022-03-06,11,1246097.1997392774,5613943.177201785,1066695.9234492676,4706912.540790524,255786.9389425988,1113229.923494625,589289.21546451,5194,0.3887951970100403,0.07746493071317673,19284.872578829527
2022-03-06,14,1842412.1286848485,6492493.594862051,1628956.4214036777,5547748.570524121,358681.5594553216,1264540.0084892074,639557.5386284643,5710,0.38841819763183594,0.08483539521694183,14197.477989286184
2022-03-07,11,814591.6434020102,3484291.2768928856,640007.1706485931,2822114.6052631624,177921.02084712056,709883.5564628721,363206.8072975569,5197,0.40195971727371216,0.09692324697971344,22166.3388736248
2022-03-07,14,1095338.8005471677,4965419.890899509,994841.1349941258,4187482.2740405365,228050.31445503933,948035.7844006631,435438.41657564254,5694,0.3940570652484894,0.11341452598571777,17878.628191649914
2022-03-08,11,1509725.1829938442,4280074.395061813,1215184.235093622,3405873.905323149,282497.7732420791,830603.904982027,397033.3957364408,5025,0.4289016127586365,0.1196294054389,19988.956566393375
2022-03-08,14,760022.8626958132,3994365.1518446356,671292.5772095304,3299423.7308280356,159799.1007365447,827237.5567210541,422762.50531351287,6593,0.3986246585845947,0.11171162128448486,16184.608461380005
2022-03-09,11,1473105.812943548,4251316.060978092,1200473.468429099,3328086.6795028853,289489.96449441585,832601.706662166,414598.7280959085,5455,0.42486825585365295,0.10667594522237778,18004.326504319906
2022-03-09,14,847370.3760679066,4885618.626023337,742728.9180664339,4076424.1235032724,174403.2753488682,944264.128374836,467275.8080852471,7040,0.42332908511161804,0.13950248062610626,18691.59079298377
2022-03-10,11,1664144.7788680345,5750629.435106762,1407690.7623769953,4663137.8098848555,300212.2340545691,1034514.7586583076,524746.0060303384,4523,0.411777526140213,0.1058485358953476,18277.438795536757
2022-03-10,14,1578854.2988046557,5185124.056812212,1417877.867852382,4403010.517693389,283918.06532842875,989691.0850105942,463740.2239171304,7503,0.4093761146068573,0.12901997566223145,17835.70634391904
2022-03-11,11,1311523.143483758,3423972.5466489494,1119364.4498174335,2778047.033884879,253171.02968682232,691782.0109524974,344320.4653651755,5053,0.3944665491580963,0.09541409462690353,17349.597155958414
2022-03-11,14,1718253.7311419845,6714678.300329223,1474300.213976277,5597405.820085861,325032.10263692087,1234624.6092925211,585812.083771507,6155,0.38749057054519653,0.08574812114238739,19037.088057219982
2022-03-12,11,1153285.8680125028,4363756.3877091035,980198.087480114,3423825.926041565,211214.32890796478,785488.8665686068,395119.2573260743,4253,0.3707408010959625,0.0754544660449028,19980.847857177258
2022-03-12,14,2607160.5247053057,5907822.165116474,2186809.0807845495,4883105.7119568335,471551.5252327343,1088232.9719090739,543889.1741645999,6149,0.39455941319465637,0.09605111181735992,17454.277091652155
2022-03-13,11,1987354.9323493242,3896278.09031447,1508877.036096986,2977163.2704961356,376592.6451671249,744551.9114639228,339786.4706455469,4218,0.29303792119026184,0.00859901960939169,25135.80010563135
2022-03-13,14,319046.36482323706,1501319.7506257594,260825.9592818652,1287795.853645994,79520.71900120116,354168.2467124892,180131.92689946372,3276,0.2088761031627655,0.008939911611378193,11118.052909314632
2022-03-14,11,509130.78210160136,3816138.330460027,521915.42844144086,3168821.522662814,114765.45042078526,729211.4724167828,366283.32146634354,3512,0.09737704694271088,0.004828935023397207,24722.982131570578
2022-03-14,14,705811.7763288915,3283349.578041263,527662.8041303786,2680123.385205062,138701.83948294725,689260.5286261396,358933.88500590913,2719,0.08546485006809235,0.004974852316081524,17902.27159488201
2022-03-15,11,2161636.5097956806,6316886.202798083,1821884.071029,5086281.18228215,450601.05390191765,1272907.2815215439,605169.3308865894,4236,0.17979560792446136,0.009888524189591408,24969.056094914675
2022-03-15,14,1507345.9270226657,3155158.4498797655,1190606.461075097,2432177.0561268562,308061.463839769,630248.7465895829,295510.6626727326,4306,0.2581429183483124,0.023593157529830933,28115.51294133067
2022-03-16,11,2754289.5941252112,5330966.008971818,2108440.977490426,4270516.396525154,516446.1682511263,1039773.2839162704,507034.0508010996,4486,0.2878193259239197,0.027179840952157974,25393.88708549738
2022-03-16,14,2177877.886093408,4547404.084909126,1676326.3353452059,3601328.91858933,409423.4435971393,868597.313027794,422794.8063083527,3461,0.3059435784816742,0.037558965384960175,27481.97325414419
2022-03-17,11,687234.4242917448,2660352.3707836494,588593.7266760797,2300813.3654167606,133686.51689196745,567143.5975288015,308159.75798625033,3734,0.1682559847831726,0.009050971828401089,18294.166700959206
2022-03-17,14,1374250.036388278,7066230.098326027,1228787.6325082611,6373259.1515533235,248158.31109693032,1302463.6169764171,644082.2175059601,2916,0.1393263190984726,0.009968005120754242,25750.273705214262
2022-03-18,11,5180535.443366796,15450146.467793249,4658354.441839954,12918896.188816017,920691.9864859076,2679794.7891924,1186471.7785645071,5098,0.14835943281650543,0.007384059485048056,34473.140531390905
2022-03-18,14,6210946.485005066,17006929.515290536,6160137.832649686,14609522.173340872,1094073.5704908175,2982576.380209519,1358827.4214771446,4555,0.1655055731534958,0.011147672310471535,32038.416977018118
2022-03-19,11,404451.1669538915,5580890.250017241,314825.7114813558,4136876.6642388077,80168.40720846195,978121.4327916987,386313.7937715783,4470,0.09094537049531937,0.005258840508759022,35830.37049892545
2022-03-19,14,479097.95721392334,5294060.04470896,438611.95877840364,4053046.366086849,90077.38942645662,926596.9344928011,475264.0509648726,3923,0.10887213796377182,0.00750501686707139,23981.321987867355
2022-03-20,11,1401370.1615894139,7290074.389920272,1060333.229635581,5273936.026436649,263102.9801414837,1370863.4420030739,641623.0979080673,4582,0.11725275218486786,0.00775435334071517,40288.97112458944
2022-03-20,14,5552189.546858609,18502982.770205036,4670757.359432312,15449073.171475876,973227.5251318666,3100723.8508511456,1339469.7969665267,4847,0.15294009447097778,0.010773059912025928,49603.77741846442
2022-03-21,11,4397126.636191845,20550106.670596376,3298002.862712364,16679848.344639245,716296.2960673111,3405231.162194193,1537016.1989849973,3934,0.20296455919742584,0.01854626089334488,48349.01220816374
2022-03-21,14,3976878.217829466,12987708.500599518,3648684.8591401083,11347784.35875255,705173.4800463108,2263535.483453161,1002580.5486962389,4140,0.24804499745368958,0.020754821598529816,40731.567216962576
2022-03-22,11,1548958.5822666138,11211400.79220353,1289914.51618734,8827294.741304355,249934.6633257199,1799196.869547798,755277.9237140802,4184,0.26595327258110046,0.03423163667321205,28631.734387129545
2022-03-22,14,3150895.922610879,13733099.973696321,2872094.6650402383,11819568.231221255,574229.3134128735,2421909.172401129,1082906.4213683615,4984,0.29377344250679016,0.029300576075911522,30793.508489131927
2022-03-23,11,2903700.871970728,11618253.128012322,2073898.5242094048,8552534.80887622,559450.9380734072,2089012.210421471,925917.1096146806,4575,0.21687930822372437,0.01973659358918667,43102.26417863369
2022-03-23,14,997799.8575696349,4891395.3853096515,779275.7918456078,4059619.554401041,199793.448042774,918801.8649761165,467018.86190669297,4239,0.3383975625038147,0.03667416796088219,31998.045798569918
2022-03-24,11,1972950.920861885,6247214.326533638,1698088.2102534845,5147921.257803056,397177.16666233167,1232097.7024690632,624770.9761557817,3825,0.37573158740997314,0.04873230680823326,27836.879896700382
2022-03-24,14,1717188.443300113,5587887.978020377,1481679.4870201382,4630182.053304681,346979.38432600093,1075003.4931084127,575396.003393455,4488,0.35465872287750244,0.049590274691581726,24690.013974249363
2022-03-25,11,3562628.2406397313,14755418.084833294,2891693.751361966,11564342.566766515,630867.9687936528,2587872.059523057,1221591.5141632985,4504,0.3870144486427307,0.06320446729660034,34065.992916435
2022-03-25,14,2545230.560042143,6806649.588932842,2164192.820138637,5892056.65306966,460489.28831278754,1202235.478677784,588304.7931336057,5392,0.3723580837249756,0.06745515018701553,23195.7717679739
2022-03-26,11,590021.1584510207,2886604.7831318974,532868.6801285042,2373876.1044054907,131411.08397315274,604404.6574281409,312268.80504660687,4655,0.2015564739704132,0.008186925202608109,22939.70722398162
2022-03-26,14,2455419.101246871,6583002.142178364,1977465.1608596575,5237360.549779848,470582.5639726247,1240203.6938248551,610099.5528685687,4202,0.35898730158805847,0.01844639703631401,22228.842899739742
2022-03-27,11,1360776.7441525534,3984677.8997450992,1040408.3349662544,3045885.8028131234,271768.9411070056,799331.6030132275,400264.7813979892,4278,0.20786771178245544,0.020498692989349365,25857.676150619984
2022-03-27,14,1693755.9158608466,3337537.1197400466,1401961.6143109163,2598713.595689459,340464.8820979978,646241.1233991007,322201.08098825905,3068,0.20273518562316895,0.020149357616901398,24792.81891465187
2022-03-28,11,1540129.368999675,5942994.086730115,1271902.2098352816,4902922.239099895,310311.2480829265,1102950.3735795845,536545.4646682922,4117,0.2666424512863159,0.030819833278656006,28231.982637494802
2022-03-28,14,2105414.716611728,8378270.171528272,1631487.064717766,7323133.154109022,369379.89977671707,1447900.723512692,629764.7163402087,3398,0.2217535525560379,0.019949406385421753,44402.084716409445
2022-03-29,11,587557.2530097961,5938527.510819353,495901.30825913703,4572229.275468613,123896.13410849372,1064571.1703286758,484331.43955961836,4049,0.3064853250980377,0.04473947733640671,23249.890243381262
2022-03-29,14,1269874.6086849272,2945418.959446043,1056592.1507382053,2282994.7167202514,248683.80234972417,574699.6458138482,279429.20964408934,3280,0.28368300199508667,0.03439958766102791,25253.91852965951
2022-03-30,11,1756855.2575334609,3609365.260099426,1391825.9528009212,2696691.4135883255,345220.414560212,699130.476268076,347621.7499946721,3721,0.349882036447525,0.05179551616311073,26392.759103477
2022-03-30,14,680117.6042521596,2636569.6436451375,617014.1981318361,2095442.0740896396,132466.17593115638,534473.4613096281,261408.39370271855,2976,0.320759654045105,0.028776666149497032,24331.183412641287
2022-03-31,11,825580.9774713814,3161242.076819733,642200.3466622888,2618704.1650562016,167286.10621764328,548679.9630840035,266522.66845625394,4672,0.34738457202911377,0.0289248526096344,29300.471184581518
2022-03-31,14,6965642.4973011315,16070480.47759135,6742526.9304130785,13651174.044919344,1237134.5871225735,2859743.522517725,1333997.3566112807,4722,0.3024965822696686,0.03248777613043785,24552.84669575095
2022-04-01,11,4428387.3943526745,18762519.996772125,3642410.4314115383,15143931.896826949,817414.1727851694,3227987.5170878796,1438983.2765877666,4769,0.32691749930381775,0.0425378642976284,34377.61947542429
2022-04-01,14,3528115.7975248396,11226812.523180813,3713205.4582480867,10469445.499944147,613316.2983461801,2002063.5893680337,886957.8980155867,3997,0.30967098474502563,0.04496893286705017,23021.9753485322
2022-04-02,11,3008243.5130196363,9537692.519781306,2726475.7842405485,7926346.240281271,542289.9299696228,1704772.4760375605,762611.5372755127,4330,0.350247323513031,0.06364335864782333,25480.432994127274
2022-04-02,14,5559780.408629328,16549780.174657404,5374038.3336448725,14424538.269725138,970850.683750701,2909388.9763351637,1305186.7364218081,4896,0.3098977208137512,0.04963228851556778,24047.396997630596
2022-04-03,11,3039988.5548563004,9729072.089605704,2502898.4276042283,7952841.4229517765,554547.4255219048,1787524.4673491898,820644.6770205653,5111,0.3695710301399231,0.08132779598236084,22040.270399183035
2022-04-03,14,2480998.774484724,11829061.371970385,2193483.3357694093,10117387.439097319,434951.8996380974,2050520.32761355,899414.3510613111,6599,0.33289968967437744,0.06255058199167252,25475.131540507078
2022-04-04,11,2271933.238228917,8902628.833901703,1961841.4752054927,7120491.034437926,395679.922204492,1526931.7507669753,713660.4821630941,5346,0.3948667645454407,0.10808616876602173,24308.923614293337
2022-04-04,14,1834402.8801525235,9056209.364725634,1597993.2482834004,7502441.2022966,347946.282333007,1648919.574067764,744177.3698848608,6318,0.35123497247695923,0.08345465362071991,24820.933662474155
2022-04-05,11,2049772.357021898,6402112.703661278,1755492.380330937,5324028.411084747,380618.4799572032,1164895.7742553563,551754.3781529058,4661,0.396233469247818,0.12612292170524597,15186.721304684877
2022-04-05,14,1297658.3190477937,5248892.213399574,1145799.6019690563,4459952.813563189,271220.15014971467,1002215.9047326853,518654.75560110155,4234,0.368280291557312,0.09199255704879761,20061.114923536777
2022-04-06,11,606166.7125896513,3801559.8992837965,530397.0609615779,3064048.336370609,127872.30068829076,749513.9577825065,376744.96468725614,3930,0.4083901047706604,0.11632537096738815,13820.179617255926
2022-04-06,14,636629.6475688815,4017207.4913465083,633341.1192755454,3859707.8858446907,126354.98216648135,719017.4737570505,325069.16645866586,3677,0.3978506326675415,0.1042892336845398,16150.636552482843
2022-04-07,11,738582.8129580915,3584880.5161821246,698786.0148640876,2959706.448597893,137669.67391131748,657247.4029909773,266135.3752642784,5454,0.4007853865623474,0.0864221602678299,19307.99282976985
2022-04-07,14,428607.2371263504,3667167.5316502154,395895.4988126495,3044080.477700403,89982.31808145621,714327.9765417429,348297.7861064285,3208,0.41470247507095337,0.11461227387189865,23411.221385478973
2022-04-08,11,675227.3898761272,4381784.707273573,603489.7689305939,3637225.939353496,135767.10143181097,789368.1827824636,369007.11012649996,3910,0.41142037510871887,0.15131007134914398,18676.62987652421
2022-04-08,14,448981.98242482543,3908676.6005310267,414291.75586115365,3756459.6105042417,92091.75702514901,741014.0074338855,342743.3683125889,3095,0.3984634280204773,0.10561877489089966,20211.59832805395
2022-04-09,11,996028.6454840899,4480935.417717725,873355.3578570057,3616344.6530223754,208126.1083939537,872044.2997341854,475343.72470353835,3805,0.4210456907749176,0.14383652806282043,14582.527318835258
2022-04-09,14,2374636.2163918763,9697931.172525793,2257963.4740956416,8698572.292202238,454853.34252426727,1707993.0705217898,708355.6767308472,4746,0.40038320422172546,0.1165701299905777,27206.13452681899
2022-04-10,11,1320410.0415546596,5169107.718556523,1054695.9238105302,4120878.9728561137,243082.71165244625,891451.1796692957,403176.764352871,4117,0.42261868715286255,0.16249395906925201,22111.665212273598
2022-04-10,14,634391.465176791,1607566.8447786868,541880.1893952859,1409443.9704094678,147854.18164183514,363685.47893427336,202283.1456751462,3265,0.4315430223941803,0.13045820593833923,17025.9899905622
2022-04-11,11,1830647.2905124128,4999039.503028184,1431493.6272607015,4018253.986382656,340521.0422665089,914147.9945103505,440478.3516145746,4593,0.4130721986293793,0.1375429779291153,17272.467347204685
2022-04-11,14,424186.49758856,940756.9613788873,359044.88613486395,903011.3011705228,94665.81431783199,214228.65177725756,112442.61189775325,2200,0.4016849994659424,0.10522808134555817,15497.705973982811
2022-04-12,11,880907.8866560161,2708518.6272037625,696294.0149599395,2165008.571982354,181302.72260628676,543956.0007655881,300254.79817939375,4147,0.4284035563468933,0.11876891553401947,15421.848622262478
2022-04-12,14,540013.3968258053,1544896.4191884547,463352.0687784025,1369153.445108842,125600.07665567745,365818.61949337495,203795.38309256232,3382,0.3904164731502533,0.10500986129045486,16914.666668325663
2022-04-13,11,266146.9738186896,972479.8241066635,223898.15975678695,905349.767153446,67387.12859372358,236045.8870591289,111106.23634962786,3208,0.32832473516464233,0.01808621548116207,5335.559997916222
2022-04-13,14,1956492.8212400824,9377584.137120917,1734283.6729370286,7778764.15989886,381037.8846765737,1765996.9533485614,831089.4345193888,4197,0.25453299283981323,0.01479710265994072,21994.502416670322
2022-04-14,11,1853623.0428513587,7550003.303552285,1708094.521668638,6715217.62621429,386684.4788693114,1439664.3925380628,682983.5481626535,3427,0.08427928388118744,0.0071317837573587894,21681.59787467122
2022-04-14,14,4986610.900418222,18013749.46033719,4691405.305828663,14970962.73842822,916227.8467915889,3207361.903155921,1478011.9012312798,3861,0.2845194339752197,0.01279857661575079,26546.30854329467
2022-04-15,11,3758495.8156644255,19307014.279148415,2619609.885266304,15761201.498760395,701279.3860350519,3260101.591302846,1426761.5662616817,4837,0.3106415867805481,0.026042550802230835,44675.722816586494
2022-04-15,14,6325954.466298595,14011104.215513512,5255507.082392242,11780703.177306473,1181497.6848616046,2591147.434041681,1190022.419188416,4315,0.2948595881462097,0.02737649530172348,24946.093770354986
2022-04-16,11,4520960.584318653,18949386.227505535,3427695.685494168,15321155.339008678,830190.2052279925,3239403.494598356,1439375.2663299758,4626,0.3081900477409363,0.05073951184749603,42478.63235783577
2022-04-16,14,4808951.416922614,13307636.110741556,3769920.0246685813,10914576.585272722,895680.3011631295,2412457.6648167176,1075708.9105903606,4603,0.32697594165802,0.03587329387664795,33204.629490196705
2022-04-17,11,1658875.0827212632,7265975.023100816,1462999.0680244667,5749063.376264454,333063.020333618,1415574.4810347492,714756.182983985,4889,0.36876949667930603,0.07855983078479767,24207.611736118793
2022-04-17,14,5817685.95686318,15043730.212915346,4670110.486340005,12746381.475816553,1072469.4266061834,2730712.863838379,1248783.7390755247,4447,0.31275445222854614,0.05004628375172615,31220.211415708065
2022-04-18,11,3281221.8459343165,7408200.471428379,2674092.6762108076,5910027.887761925,627401.7562178387,1391036.7827954928,719810.2943604735,3891,0.3784183859825134,0.10305467247962952,23135.270844250917
2022-04-18,14,2279267.2279774696,8939899.764471583,2240848.181340139,7860372.711067554,435541.9992662338,1668414.8756207377,782079.8621693111,3915,0.36283403635025024,0.08468791842460632,30189.613730102777
2022-04-19,11,2670976.6892141104,7200565.558012143,2243327.5614751643,5735933.481435772,540683.0760674763,1395975.3229922692,727342.7944388969,3919,0.41137146949768066,0.15038223564624786,24911.516173750162
2022-04-19,14,3055677.3939197958,6294835.496456981,2522754.1742567243,5185330.359967114,602562.9317056669,1223663.395822252,625862.9691342019,3714,0.3842865228652954,0.10735803097486496,22189.47118473053
2022-04-20,11,2947883.109386444,6461495.278982148,2385232.1330937776,5136422.366243126,584577.5137085,1263226.4114815574,643356.5327543519,3932,0.42421120405197144,0.16979879140853882,23320.57009601593
2022-04-20,14,2842196.345858574,5278588.848215058,2329400.575986303,4379257.176025451,579326.0475399387,1063110.6739477555,555184.6337135008,3529,0.39403530955314636,0.11689331382513046,25982.24260225892
2022-04-21,11,2133992.5783651024,7888686.947466776,1743626.8743693861,6716004.821813844,380294.9350112811,1344357.0955977642,544669.8303266738,4939,0.4104076623916626,0.12414879351854324,31131.78370255232
2022-04-21,14,4619309.607409269,10601690.503132984,3964328.45630055,8765568.056147818,841864.3634904656,1939989.453844828,921541.1409782467,4218,0.35236918926239014,0.06580094993114471,35001.92316541076
2022-04-22,11,1513452.409622997,4811086.2157370895,1328215.7849003393,3898801.4387380844,330545.3915256372,985572.8913888435,529586.4829640057,3515,0.39100223779678345,0.10568030923604965,20493.830001950264
2022-04-22,14,2204653.1852805316,4157152.8682874963,1858037.0388173184,3350146.9920276687,456344.3020613401,840453.0137415067,436273.26141372597,2568,0.4011632800102234,0.07599940150976181,21128.30891224742
2022-04-23,11,843055.4336390495,3264466.1629655063,756816.1574723548,2662928.6695057275,179555.78207076056,640896.0025639652,301660.37547636346,2646,0.3698126971721649,0.07641949504613876,11993.586829483509
2022-04-23,14,3767225.0368697643,11641207.666538954,3174498.6943893163,9702086.89774993,724931.9741412442,2159722.259701499,951257.5066413914,4004,0.3597673177719116,0.07459967583417892,29214.98585307598
2022-04-24,11,1742660.7402596027,3890427.071528986,1491653.4491242724,3132682.0816125125,383054.73349530454,839036.4377671361,428249.50284050335,3998,0.3842710256576538,0.07478263974189758,24700.88786572218
2022-04-24,14,2046579.1421362609,8364265.037008598,2010804.26687524,7209758.096574355,395545.8069281452,1537424.5202666093,665828.5185530817,2953,0.3669036328792572,0.07114577293395996,21844.03966113925
2022-04-25,11,1462500.6500222236,3779158.7543383837,1261488.9687032835,3043413.585167222,327795.0935308883,804319.458549286,418572.39719169587,3268,0.376222163438797,0.07247365266084671,22332.80777308345
2022-04-25,14,2270022.244436115,4584641.3767386675,1875752.526520236,3669952.0185905024,478162.4355951337,931616.3418675212,443396.22134185606,3703,0.3551689684391022,0.06938852369785309,24462.72391819954
2022-04-26,11,2918424.6243629456,15572114.596871227,2305045.365367539,12963618.216222662,539825.9411733204,2673311.692220683,1156380.5679100926,4477,0.33034494519233704,0.012558450922369957,50623.00288146734
2022-04-26,14,3405884.052917868,9437047.998984054,2888812.9274479416,7955845.238863494,614548.0872721971,1694883.692615994,730140.6648373546,3913,0.33076173067092896,0.022344667464494705,40299.841605722904
2022-04-27,11,498233.6429338753,2286212.6955384165,386686.548822135,1740322.2418401095,105707.31009103851,453486.31066506146,188490.96259653533,4004,0.34564098715782166,0.030265236273407936,21267.70865675807
2022-04-27,14,4268671.486392587,12757439.801249877,3561922.566524558,10722272.805642227,773703.7460060697,2282190.154362017,1018225.8343887804,4379,0.30458757281303406,0.018086904659867287,41824.66570195556
2022-04-28,11,3849626.8228345662,16407871.886596486,3180479.608908752,13539489.573946644,692071.054345013,2837661.845850677,1271464.1282747732,5160,0.36698490381240845,0.04239034652709961,40694.66275253892
2022-04-28,14,6915972.418757647,14792688.86885956,6092193.198614408,12310904.057720631,1243497.2473048938,2639858.1097749695,1195987.2937125869,4722,0.3253648579120636,0.026261109858751297,33839.54937940836
2022-04-29,11,8375156.510963097,18797708.488701493,7154651.2719323505,15507173.717446443,1362297.721922108,3078213.729380126,1304447.884106628,5226,0.11585026234388351,0.005084956996142864,44773.21785008907
2022-04-29,14,8936981.729353085,17646908.476527378,7969767.00003442,14366397.709353287,1543260.026649888,3054867.639988185,1400968.5028124664,4588,0.23183074593544006,0.015959730371832848,35150.40071517229
2022-04-30,11,6186687.130771294,15482005.006006733,5619343.577915291,12879645.718596945,1068788.2052658296,2631550.8614411606,1177314.2124895556,3800,0.14028580486774445,0.011920926161110401,41273.0816655159
2022-04-30,14,5648638.33227618,15733492.646515265,5434986.40253577,13221917.58798974,960090.2398045809,2645867.5322177387,1140605.1375098855,4694,0.2248649299144745,0.008985552005469799,37750.79766082764
2022-05-01,11,6514406.1731273085,17198594.362092257,5604261.082166353,14441678.28907935,1171889.9397171915,2966529.953583957,1383774.9491413506,3350,0.29017576575279236,0.03669663518667221,37322.65430575609
2022-05-01,14,4281041.981697589,13677641.608008951,4013327.386830551,11542736.708174195,730457.1825423801,2287212.631979225,1000149.6876317719,3646,0.2720259428024292,0.02207547426223755,33214.22039592266
2022-05-02,11,2253809.285707295,9179626.240931496,1872479.9839541456,7632429.268392486,435668.8682444595,1672397.2498020045,796088.6335813901,3372,0.29863208532333374,0.03680364415049553,32092.59752112627
2022-05-02,14,5738086.672803685,14730306.799172983,5049475.138413979,12409483.288893253,1025722.9771111265,2508201.93822337,1160224.7297601774,2659,0.28224465250968933,0.025108037516474724,40932.69457808137
2022-05-03,11,889022.8613087237,7515361.642684184,749681.395818824,6454081.085811114,197905.53619892843,1392466.3087678805,664991.5426970497,3672,0.3435947597026825,0.04342026263475418,18901.85504156351
2022-05-03,14,1400094.3524010926,4429129.819853663,1158345.34267827,3522031.537982446,301193.8466334931,901434.60263844,443824.4048145764,3971,0.3129332661628723,0.03544587641954422,25381.564283132553
2022-05-04,11,3255530.058555834,10380518.338422842,2807824.948528518,8926010.842762442,625813.3609005527,1890808.4334852924,930796.5604759286,3016,0.3762144446372986,0.09160461276769638,24815.889674693346
2022-05-04,14,2155227.317731306,8750419.288025573,1929292.494856477,7609542.855031986,449392.27200655395,1639509.5111503326,820968.1136026862,3535,0.34600627422332764,0.055392827838659286,21429.832499563694
2022-05-05,11,5107722.635193154,13068534.576904051,4518870.840205764,11212825.18047442,930561.2391025145,2288385.497668876,1060362.2784196038,3348,0.389949232339859,0.10244129598140717,32863.229544609785
2022-05-05,14,1934128.1862921715,5760823.616804048,1722609.9798648423,4883507.1866014805,424853.54046252114,1142091.4734440641,608762.0648876171,2940,0.352789044380188,0.064570851624012,21607.483502209187
2022-05-06,11,3640590.7662064433,12904776.43573673,2957473.16083466,10464900.550266437,601682.0180152922,2220024.180363995,1019228.8103620004,2588,0.3807218372821808,0.09672217816114426,23042.61334347725
2022-05-06,14,2213729.9218444675,7256580.800555468,2135344.1995697008,6627668.467283212,446783.6010222202,1374120.4590953002,647244.6641002818,1729,0.3634624183177948,0.052092067897319794,23962.66486543417
2022-05-07,11,2527818.451152876,7464051.668160312,2061947.0073997825,6005237.508774026,508013.3335488456,1454899.2881019956,759948.1731489075,3611,0.3437957465648651,0.04447169229388237,25905.202756255865
2022-05-07,14,10578812.474401847,20201599.20023924,9283259.724530708,16365132.811892878,1795005.636829033,3394606.814798006,1482725.1330441672,5133,0.3469068706035614,0.04478270560503006,32648.018114209175
2022-05-08,11,1942917.5160154253,6505179.267307244,1612327.9441132871,5308231.800590937,401595.9346284901,1278511.6002966394,688421.9527887667,2688,0.32050076127052307,0.0503806509077549,25307.914684295654
2022-05-08,14,5225538.874314606,13285825.650332138,4270791.121508995,10792257.101396797,955113.1961616972,2368266.9389581196,1137291.0990516027,3302,0.26034998893737793,0.028691189363598824,25642.985688596964
2022-05-09,11,4931302.749478951,14845740.19074542,3973474.010989809,12316741.362751707,973323.8700711466,2735633.633568997,1286525.8087444769,3169,0.3238416314125061,0.04619351029396057,38179.33217203617
2022-05-09,14,5435825.268816307,15104427.600450143,4967229.614866605,12431300.985509358,989001.4159689916,2670290.8306833645,1235753.2762779717,3873,0.3416065573692322,0.039686743170022964,36876.978856921196
2022-05-10,11,5258691.051254392,16503345.521168515,4139395.283253032,13575241.45273274,942964.0899632383,2868578.174788024,1355725.9768698632,2151,0.35608670115470886,0.06147722899913788,36778.10403236747
2022-05-10,14,5665081.046857655,15983176.547718883,5076843.31215263,13516678.39298458,1066603.8779030421,2872593.9364359323,1347925.5462824642,3506,0.33543339371681213,0.04604880511760712,37021.65658083558
2022-05-11,11,2677812.841720313,11675873.661051199,2065754.4882704734,9320544.048371535,462430.2653373848,2001905.3064216815,940006.0264857097,1657,0.36671391129493713,0.07385800778865814,26477.97584694624
2022-05-11,14,6302369.945143983,15035300.139237478,5580269.601245425,12769579.832260419,1162762.863755672,2707333.5930295205,1295308.134601619,2329,0.2860160171985626,0.036447830498218536,32057.060819894075
2022-05-12,11,4523790.2634450495,16252795.893933892,3758385.218575786,13286961.463229813,775397.7698974331,2770593.1562232324,1215609.024394025,2679,0.34768563508987427,0.06312005966901779,40985.16491910815
2022-05-12,14,8257088.997497767,17021256.660954922,7032295.9596740035,14206643.708017677,1440804.9134379236,2873056.4544850388,1316520.1199552608,3289,0.31163594126701355,0.0377681702375412,26857.65230679512
2022-05-13,11,5376953.175428778,18157820.97144571,4792364.2353091715,15004712.180252828,841102.4660174708,2989808.5554077104,1299562.6604251552,2903,0.32011520862579346,0.03218981623649597,36892.031896442175
2022-05-13,14,8629126.037290663,15825609.327045336,7523394.4580255505,13193806.156704362,1547752.2636750587,2838389.3412500666,1341638.7661859212,2496,0.27758777141571045,0.017397930845618248,29354.079027324915
2022-05-14,11,5077052.914954111,18487907.26559376,3920242.285274081,15442798.32740675,899155.7450204102,3152353.2924902,1453656.0933905859,3259,0.32541555166244507,0.05513983964920044,36827.117952913046
2022-05-14,14,3138171.849467896,11042557.281058885,2485963.261240012,9177719.943472572,521805.025927599,1845998.17473243,850940.3103156711,2153,0.2899472117424011,0.028405074030160904,22951.69935670495
2022-05-15,11,7157003.400595248,18677614.869247988,6215659.508003451,15548566.44550293,1242300.7611653109,3114104.4191511637,1425518.2400457647,2183,0.3282744288444519,0.056721605360507965,35048.86139985919
2022-05-15,14,9071391.021698989,18765331.820369974,8005704.040220197,15646038.929712575,1632592.1900327122,3289964.611573155,1592255.9847563754,2066,0.2996938228607178,0.034158214926719666,23993.735129714012
2022-05-16,11,3288689.499157034,11096686.61249625,2826312.851540067,9335648.873991627,612347.953225941,2023846.6067255728,988579.7155279146,1654,0.3538395166397095,0.07870376110076904,27641.804164141417
2022-05-16,14,7855031.81225913,17784697.12114182,7076303.651986986,15263496.77937482,1413100.9967559408,3164570.938796753,1541478.9585080051,2196,0.31145206093788147,0.042418837547302246,23993.735129714012
2022-05-17,11,2728442.965211779,8470815.497224927,2303986.6744941194,6788966.532184355,548290.1900178534,1597280.7955252188,849033.0716848304,1935,0.3772564232349396,0.08927389234304428,24378.40100041032
2022-05-17,14,4270043.698421881,12397981.216813892,3579363.321018003,10448620.97685266,801891.058841319,2216949.7653370155,1100019.714087733,2520,0.33096015453338623,0.05303076282143593,29338.189283549786
2022-05-18,11,3287105.181200251,8408678.213774651,2683856.1383226397,6704224.620729831,631505.8614574269,1556560.508803375,827983.0397721513,2163,0.3904649317264557,0.08923660963773727,25572.366062641144
2022-05-18,14,3625177.9120365083,15276127.363189474,3411488.2735264357,13470591.968796432,686971.2865649902,2737491.1078088526,1321722.054655814,3028,0.3706299960613251,0.05966100096702576,24221.87296023965
2022-05-19,11,2825019.884414077,8571902.59773077,2280815.035788331,6804001.666859763,559846.0548103522,1577329.277423577,839136.3881131285,2280,0.37280476093292236,0.08100136369466782,26739.263832598925
2022-05-19,14,2546960.996530086,6520696.627311215,2056022.487159914,5203828.095303488,521023.6418982866,1296983.8676985055,698641.6622918521,2367,0.3179941773414612,0.05267365649342537,26515.496658354998
2022-05-20,11,2886969.4163262695,7812375.665017903,2342863.0036138953,6102839.505922949,558645.3510451412,1404420.9617807395,733873.3184974017,1713,0.3686985671520233,0.07720548659563065,28294.042925029993
2022-05-20,14,2810953.835996419,7268166.465425178,2279744.4892625897,5705174.197640507,557637.9927126372,1330599.7639027277,683448.821459461,3627,0.358994722366333,0.056620921939611435,28620.013533085585
2022-05-21,11,2271227.396413967,7855242.206723094,1941006.2126601902,6383675.212737154,483477.5040869457,1535444.517701058,801727.9246450476,2874,0.38085925579071045,0.0777767226099968,27422.453368902206
2022-05-21,14,2763726.4222220033,7650781.698920503,2252859.556692358,6058308.890159281,552553.6480305719,1391486.9885369514,713511.8246211105,3133,0.3342733383178711,0.047465983778238297,26594.93738284707
2022-05-22,11,2509501.155932054,5994491.450651944,2004671.1332499995,4702393.304885893,500525.7760783355,1205595.4620080371,618888.0160237384,3736,0.36083751916885376,0.0636628195643425,26542.844600766897
2022-05-22,14,2471908.135221556,5785757.048878327,1974617.55266292,4544430.616934629,499957.0641033848,1119624.2044811908,565308.9206927833,4621,0.34561875462532043,0.04540170729160309,29010.891493052244
2022-05-23,11,2470256.802923143,6011800.588494703,1960264.5454425358,4687470.395006651,486892.4488676227,1155401.7379750758,594790.6815429295,3538,0.36412516236305237,0.06356935948133469,27161.124586701393
2022-05-23,14,2669236.9649161845,7770009.415134698,2076128.5008781431,6358528.421428112,528281.2271821089,1480297.4108855217,688206.1091085111,4409,0.33369725942611694,0.04681330546736717,24740.37971445918
2022-05-24,11,2240980.8729290217,6406846.346889079,1807045.5581554137,5108846.852339236,449656.02953145985,1252321.3146114252,640358.3620902639,4138,0.36545345187187195,0.07017301023006439,28398.753026634455
2022-05-24,14,2437354.792290196,5871411.1800890565,1917151.7494353203,4622700.666778179,493271.50448069477,1157428.0915216182,558647.6901181401,4227,0.33517077565193176,0.05041639506816864,27913.040928423405
2022-05-25,11,2475228.082006052,7102082.256870858,1996965.1445187416,5646955.087553762,497895.94543243013,1371073.077522563,702102.1392801998,3170,0.3624791204929352,0.06929182261228561,28452.341006189585
2022-05-25,14,2536026.637769133,4197411.30612281,1986835.911687915,3313960.782200439,509498.55489027523,877255.3484750253,444677.3789272319,4690,0.3415849208831787,0.041101012378931046,28870.875174164772
2022-05-26,11,2343602.0817225203,7746970.83151827,1892217.7420795367,6107369.128964166,482307.2414089432,1502021.9909485858,759551.3565454446,3159,0.3251420259475708,0.041919268667697906,26084.08944296837
2022-05-26,14,2154082.5730238184,5841657.195951946,1773689.82709029,4664874.6909517795,435522.8677689855,1149820.3833081094,605347.8959481416,3253,0.3145735561847687,0.04004150256514549,19749.79642766714
2022-05-27,11,2724829.835520655,7401227.264848061,2141393.283555194,5881126.281697288,524673.2344424038,1381773.0689563765,686928.1723532642,3843,0.35480520129203796,0.041224975138902664,27430.013818234205
2022-05-27,14,2641481.9044528455,6217668.661998756,2099172.1452427586,4900557.975717489,519982.68849875405,1194769.641500627,611607.1883873586,3875,0.32178422808647156,0.03350864350795746,28756.93296557665
2022-05-28,11,2787903.9233079553,6376943.811185889,2185076.0802422967,5052137.8950672895,546745.8831157984,1259529.0170916917,650039.1370971557,3597,0.3645203113555908,0.065786212682724,24770.908528089523
2022-05-28,14,2722849.739192672,5820343.166650198,2191856.446234233,4508036.21528016,541030.538707587,1136283.7688369874,581962.4139494319,4514,0.3689061999320984,0.04973671957850456,27539.252320230007
2022-05-29,11,2517671.062812865,5776078.918156609,1971916.7269242483,4513941.751695589,502045.8728805033,1140679.7779522878,583134.8742909811,4061,0.3727150559425354,0.0697631686925888,28424.867329984903
2022-05-29,14,2377701.4941991568,4789600.11438109,1845574.7522519687,3729288.0384369986,474630.94166992453,962114.842928255,484266.4158734727,4693,0.364915132522583,0.052761852741241455,29384.638144373894
2022-05-30,11,2502065.831576407,6935067.027939916,1932835.1288824999,5471375.355767032,502882.159367891,1350894.0825190789,684343.7224453748,4236,0.346493661403656,0.03561021015048027,25997.14912432432
2022-05-30,14,2451312.4076965153,5476681.5746489465,1908762.9042823822,4159203.824604761,498445.41194189026,1106389.889874341,533721.6738498448,3773,0.33190301060676575,0.031189797446131706,27421.67947691679
2022-05-31,11,2904961.84451586,6538624.159436978,2284954.8468443793,5149518.693694188,576061.505604224,1294535.8103501797,682778.2860116784,3485,0.3632432222366333,0.061628494411706924,27733.77789825201
2022-05-31,14,2677243.9870220125,5543843.443066597,2094001.6224386476,4402949.232977375,527766.8006739293,1093198.8742457202,553350.697912352,4186,0.324299693107605,0.042555760592222214,30754.8344720304
2022-06-01,11,2193366.777786806,7232471.487369254,1802868.2768113934,5709036.047796881,444517.22880594595,1398280.8182224995,749854.3592053361,2907,0.3590170443058014,0.07087194919586182,21869.684699058533
2022-06-01,14,2850966.916439146,7399512.924087048,2269147.9363687094,5998141.825570887,565029.3116997398,1419381.5767613768,725734.9847273147,3604,0.36118075251579285,0.06435557454824448,24889.27934023738
2022-06-02,11,2413939.0656146705,4655080.317972422,1944501.9142747482,3676841.5245670546,488857.0346100162,961346.1923341295,488570.772965807,3609,0.3789958357810974,0.06997279822826385,29616.989924520254
2022-06-02,14,2759043.56720379,4159290.2310669124,2191457.655346139,3277629.833580639,547860.2370440381,867954.0781192416,437225.99516812555,4137,0.37713542580604553,0.05410843342542648,28620.013533085585
2022-06-03,11,2437317.61649099,4542188.581535876,1945915.2783077788,3585148.238024814,493404.8021168123,929834.4371237608,457211.01360521046,3807,0.3808065354824066,0.0608796700835228,29362.16945052147
2022-06-03,14,2880005.5687684715,7945242.084321946,2302396.1057699174,6743960.214235554,559466.0648683639,1513772.574223171,733413.9036545495,3479,0.3565499484539032,0.04968488588929176,26919.087078094482
2022-06-04,11,3183577.8640389442,7265623.877878815,2638125.133090252,5750084.209788313,605456.921531999,1410724.010033479,730924.4672018236,2776,0.34918439388275146,0.052068520337343216,26283.35843321681
2022-06-04,14,3910464.3577304184,9768089.388294369,3103345.7290881327,7579416.631728161,734073.1283812267,1789284.9389004456,897602.9018658777,2659,0.3173379600048065,0.03081626445055008,28396.82618892193
2022-06-05,11,1660752.1733003259,7982175.332898706,1295031.8420574288,6743664.3836311,308611.613496107,1449627.745490841,610434.9447593844,5798,0.26906517148017883,0.011182797141373158,34538.99453762174
2022-06-05,14,8467798.170852885,20055298.211392336,7539099.584797349,16339723.899903372,1480938.6932509788,3356683.812733259,1623311.2072008024,3405,0.20448024570941925,0.004752753768116236,34925.46068382263
2022-06-06,11,1073773.8599041402,5747499.349060893,872813.8964789239,4591281.953271195,203286.73410227237,1070469.8463073778,570267.3021361046,2950,0.07676691561937332,0.004223270807415247,19584.440016955137
2022-06-06,14,11612790.661845654,21720741.677661717,10116915.69391537,17646820.45419722,2018023.4656045334,3585520.8892038497,1591505.927783562,4959,0.22701914608478546,0.005820580758154392,36052.56814464927
2022-06-07,11,9841997.0737108,22227103.23179798,8477879.67777038,18091203.606247675,1640497.577738478,3617133.595685329,1648340.294049276,3555,0.15078791975975037,0.009059467352926731,33810.65145307779
2022-06-07,14,11099720.525364056,20994961.117407747,9912125.981058877,17157795.284471408,1923858.2316319796,3437663.0294922953,1528870.8116635636,3529,0.12848687171936035,0.0036992293316870928,35238.7574659884
2022-06-08,11,11899350.209274158,22561518.1088164,10640136.593051273,18284959.50456872,2016961.3972854605,3668201.3564862357,1627038.915072347,3502,0.20169660449028015,0.0068322960287332535,34854.026371866465
2022-06-08,14,5790862.804339871,17593885.431879893,4645739.292212456,14771583.528555349,879867.218691525,2828493.2945101503,1272828.720802453,3102,0.20311781764030457,0.006035268306732178,34817.71107876301
2022-06-09,11,3523668.975528404,11748603.336884022,2732895.681627206,9931605.544862881,449571.6789074965,1727452.3643622198,701997.4885220607,3043,0.20849297940731049,0.009086246602237225,29773.564121991396
2022-06-09,14,6561141.588522822,16581845.214816555,5030697.695756734,13534670.002715575,1149074.5919457544,2733241.4919123733,1265530.8400496682,2438,0.13189470767974854,0.007181749679148197,50473.712141782045
2022-06-10,11,5882973.1871329695,23232773.166894436,4810830.955427185,18912862.350245055,944525.3250880024,3802846.1157956915,1813914.5773336515,1969,0.16682018339633942,0.01917116530239582,39477.85553815961
2022-06-10,14,4408970.771078467,13270397.518028498,3839599.098570546,11329149.144752828,794316.1045608062,2202974.6209686063,1039430.8444152885,2208,0.10934503376483917,0.01049548014998436,34892.69571700692
2022-06-11,11,6965624.216448039,18606886.77074109,5878501.289863389,15692087.710630056,1055086.40843697,2960345.2600302007,1362168.4359181775,2217,0.23665522038936615,0.021572638303041458,39529.66220408678
2022-06-11,14,6528817.56524457,18269555.017948538,5474862.863329941,15506210.970652398,1043407.5794572141,3009425.2526675514,1404357.8314763915,2453,0.2398199439048767,0.015261945314705372,39092.99178504944
2022-06-12,11,7523317.261423364,22965179.8960658,6468950.244703191,19057546.570654586,1274219.1355785942,3824863.652320452,1832500.0707826465,1843,0.22918947041034698,0.02242603711783886,44353.02976256609
2022-06-12,14,7627762.116912782,21453295.84270367,6874971.503239544,17934816.23152649,1255571.8719508452,3592040.0685963156,1697270.0620260844,2758,0.17854554951190948,0.010745235718786716,37669.9131655097
2022-06-13,11,6713617.163533047,18196963.620848924,5833387.666363413,15364370.837215532,1001748.4561990199,2919019.8460384537,1329210.8412478704,2330,0.2665680944919586,0.01778481714427471,35790.46411126852
2022-06-13,14,3911438.557176873,12933234.985479414,3001750.3426068746,10161908.842844306,730020.22492059,2249480.2835804205,991251.2043683621,2025,0.22066912055015564,0.012830154970288277,36710.24308279157
2022-06-14,11,4030103.77441746,15542417.741693512,3533433.9635154894,13485790.145539254,568546.6254040486,2436670.7974719093,1091377.795842884,3715,0.26394855976104736,0.00885721854865551,35058.52254936099
2022-06-14,14,8595540.586121067,17408276.0071053,8052759.392199865,14963584.352776136,1380806.1526911524,2781072.8678975147,1258846.0560587184,3314,0.21170613169670105,0.005210254807025194,44076.56695526838
2022-06-15,11,2333094.7438032776,8380653.104208,1967962.9211352107,6611323.613573638,468917.08547765936,1480306.1508295604,693972.4114037019,1721,0.11609761416912079,0.0033067259937524796,24968.208964288235
2022-06-15,14,2933672.809701428,8411675.459513776,2433940.941006421,6710544.749060263,532103.0995993717,1541974.9122452985,832170.0128639183,2446,0.11168499290943146,0.006131711415946484,28232.814174979925
2022-06-16,11,2713937.6185130626,6909968.68714907,2263802.642862293,5548873.219996181,512020.785945472,1341507.8042150408,688010.0083500249,2042,0.1184813529253006,0.009513691999018192,25342.6806460917
2022-06-16,14,2595661.7830367386,12311894.576063849,2098560.8882939606,9992413.84605897,475755.8569155481,2077158.227329499,1021163.3353423771,1785,0.09470968693494797,0.007074459455907345,27172.6998950243
2022-06-17,11,2441120.1531673074,4933336.230897933,1961061.06078591,3976361.491130508,500761.4021406134,1004206.0821045493,499170.2688511549,3775,0.12542767822742462,0.012347565032541752,21901.311370044947
2022-06-17,14,3217186.227237135,7290364.858904086,2569884.4814116005,6047290.579677586,600439.5689203237,1417574.4293329867,720351.7220239097,2377,0.11020958423614502,0.008576327934861183,26066.14082723856
2022-06-18,11,2682841.669108644,7130567.167534426,2163980.6104493984,5753555.8936911365,516842.6329323912,1385510.8725433326,730982.3489094449,2992,0.1412062644958496,0.014234352856874466,27225.264287620783
2022-06-18,14,2510670.244526997,3432058.6791621298,1900951.2120472705,2658536.58851468,507135.34322133515,734303.4196716557,364166.6951101901,4033,0.08271831274032593,0.008868124336004257,26862.139487564564
2022-06-19,11,2460401.1399523914,6719741.693208575,2063070.2180047366,5347216.470202485,506143.04638790374,1341102.3350225664,705457.2483964969,3286,0.20431244373321533,0.013800866901874542,25343.43232423067
2022-06-19,14,2659129.247071743,5572303.394588143,2075663.645066643,4469431.509354967,531015.860974382,1100769.384016682,577546.2438446746,3689,0.1633155792951584,0.01043480820953846,27648.702241778374
2022-06-20,11,2645322.7081825733,7071030.232271001,2093258.9360177175,5605979.073123293,530241.8126727801,1352073.5445582361,717142.9364184767,3617,0.23115108907222748,0.022776933386921883,28672.255740225315
2022-06-20,14,2428859.271457702,5978222.20217517,1837031.8736361489,4719462.551517814,479399.0102029997,1142294.7353978076,613503.6812882527,3633,0.20850279927253723,0.012641147710382938,27742.00749462843
2022-06-21,11,4001366.107748151,11202855.135322884,3087545.1303876154,8702935.679414919,738772.757020735,1921122.952728374,884515.6001875533,3118,0.24707624316215515,0.0224575437605381,32125.175867408514
2022-06-21,14,2075280.1890746355,7398440.92349121,1683883.1275493507,5789476.264457203,422761.9184481269,1336545.6951694204,652315.0548840963,3454,0.2240074872970581,0.017301039770245552,29072.22676998377
2022-06-22,11,2389494.907802999,6325186.513263255,1932251.8000314618,5033844.93704861,474332.35421600007,1208897.5221005254,649947.2477367516,3235,0.25323325395584106,0.02428128384053707,26338.158963412046
2022-06-22,14,3726159.5743606687,7383083.177703828,2873600.4358144393,5640287.08106898,671687.9508092564,1371820.3231969092,688722.5755642753,3153,0.24697908759117126,0.018459664657711983,28447.30761605501
2022-06-23,11,2347479.260522887,5901868.4456842095,1834288.5225077178,4573456.84827699,424895.5622123339,1054435.1740398812,568249.9983227013,3041,0.19147740304470062,0.013269917108118534,24691.830753296614
2022-06-23,14,812286.7653227597,3788970.5132150427,745020.7531059606,3220995.471964111,166888.5688250815,768088.3880569662,394030.32185024174,3157,0.10413844883441925,0.003578183241188526,24187.058892816305
2022-06-24,11,2367484.8436471745,4034934.96421241,1903527.2166979047,3179190.037424843,477314.7919555954,823207.0132088223,434396.59255980677,3955,0.16914711892604828,0.0033211710397154093,26632.160756081343
2022-06-24,14,1373088.0522940606,4260794.329190962,1093398.9377429076,3349126.44133833,279454.311256957,861549.8100687297,431196.1750507838,4202,0.11605649441480637,0.0066732121631503105,25304.749063044786
2022-06-25,11,1247848.2524687797,4829420.210085683,954979.5254344267,3823961.2946209405,254771.2466087257,920352.6689346173,501682.84185856755,3046,0.17115876078605652,0.004276358988136053,26528.357524096966
2022-06-25,14,247054.2878486067,4510489.173099674,207712.6375957363,3607225.724772362,61431.084929568584,847708.5414562075,458548.8980909825,2699,0.15462137758731842,0.003360718721523881,17842.39485618472
2022-06-26,11,980899.1981088147,6010955.541717999,803097.7764954556,4768362.921948896,171356.86092438197,1087052.1348548257,590867.7663047621,2979,0.05980972573161125,0.002041957341134548,22012.22800949216
2022-06-26,14,2802028.9716082215,7319730.819704711,2173806.3866392802,5649999.177907594,531236.3620194636,1267050.7013290375,653009.8338331333,3954,0.0428619459271431,0.0017947789747267962,28043.0294624269
2022-06-27,11,1949068.473968625,4613376.193274476,1539238.918025936,3592043.0713143903,305146.67138336773,787331.2573542468,413040.9298324479,3071,0.05857617035508156,0.0020089815370738506,26285.169515043497
2022-06-27,14,1206898.7376970276,4425986.639697656,1036586.2061425095,3542765.6386476564,223082.24804985314,775232.9244125569,411475.28577099,3639,0.031735844910144806,0.0010972467716783285,17695.73855495453
2022-06-28,11,2761990.3219031245,6730377.276848823,2115696.4196421383,5236703.476976033,412259.4221972369,1053465.3567128475,509834.51210191543,2687,0.059363678097724915,0.002963608829304576,23061.511219143867
2022-06-28,14,2545178.075235747,6359689.306181975,1946446.8679744948,4869667.03690502,385878.7475156911,977762.4229638018,478900.6974034729,2575,0.08026829361915588,0.003350981045514345,20541.091653585434
2022-06-29,11,2561570.397256829,5537306.098489739,2035346.030067778,4425218.880843608,502161.4938508858,1053206.799235568,525826.9980365073,2994,0.05529226362705231,0.002958215307444334,25867.429714918137
2022-06-29,14,2527312.2537137717,5805745.336858392,1979450.1953507678,4559933.65114655,455298.40430633613,1115834.6750931279,609568.3573735997,2313,0.07839254289865494,0.005479683168232441,26890.819009125233
2022-06-30,11,3006833.341791205,6081878.030520394,2364275.2392245135,4778522.034358078,589480.8517027469,1158062.9791107688,615607.8444053375,2659,0.08764612674713135,0.004714550916105509,29393.963311254978
2022-06-30,14,2824846.081010781,6440854.0485197455,2201774.131644467,5123226.808264293,547509.3654744767,1236479.2327242044,670928.4464781188,1883,0.08646798878908157,0.00404779426753521,26935.596299380064
2022-02-01,8,3426368.8542783856,8238235.985652998,2860782.5137916263,6567142.544522522,704519.4506459428,1665830.033885701,870129.639093106,3375,0.272833913564682,0.012309238314628601,28121.024959087372
2022-02-02,8,3496712.0023369268,8057976.555621721,2884700.9969892674,6398474.229068177,730224.5447306599,1620775.7824109904,833750.4274404636,3856,0.23452989757061005,0.00909164734184742,32520.967514634132
2022-02-03,8,2860959.2132703066,8633068.403435588,2388624.0466818637,6730190.788018333,597288.7495116687,1714962.8870930935,887590.5324181186,3819,0.16848061978816986,0.008350702002644539,32499.231937855482
2022-02-04,8,3960712.605488166,11374654.468560599,3214761.18031842,8827832.934110995,838184.6671668775,2150657.3519719723,1082129.1512843082,4096,0.2029149979352951,0.00811317004263401,36065.96145617962
2022-02-05,8,2606288.8094194457,9109646.495527461,2182155.6523033,7214966.673284913,525657.3981627228,1796051.9297712038,893779.5307519571,3658,0.21483303606510162,0.007360389921814203,25302.14328634739
2022-02-06,8,3518296.336584851,12847380.24816119,2952075.5351083945,9840361.511276301,726370.2671405528,2405270.2215526253,1114652.6804508474,3983,0.2585213780403137,0.009113007225096226,20614.08745315671
2022-02-07,8,4519581.6896597445,14767621.023313083,3718041.9604281373,11886127.683777018,961425.4983151681,2824075.452167331,1337283.918675501,3908,0.21845924854278564,0.009857900440692902,33315.23026794195
2022-02-08,8,5424551.361876786,21819039.60658788,4393891.367393006,18046155.70386207,1085439.5242730824,3891428.692861249,1889040.2906210986,4018,0.27632033824920654,0.011232628487050533,27790.529848635197
2022-02-09,8,5322251.168727562,18196751.795849472,4311504.71376084,15151249.772066712,1024008.876304197,3272655.219150232,1555651.004505102,3422,0.28263118863105774,0.013628202490508556,28483.314147382975
2022-02-10,8,1966446.547203824,6578311.188036084,1531723.2920692437,5375762.04398975,378738.99158156203,1296676.8565224237,629837.0881650094,4158,0.30157849192619324,0.023753754794597626,27108.5884552598
2022-02-11,8,1146287.7056434974,4582612.743353657,932741.0870510351,3801487.774869445,215026.04552137989,861252.1890522656,424719.6545259987,3552,0.24393214285373688,0.021358661353588104,22731.6447339952
2022-02-12,8,1680636.1205862164,5529953.693206526,1307788.6838044648,4377603.318290647,319621.4894906198,1077219.9983886858,539491.7651213704,3541,0.28114062547683716,0.023134952411055565,24594.21063360572
2022-02-13,8,2282246.7055933177,8267802.735501945,2245009.935139898,7265108.472145738,420846.25640181307,1522509.4081466808,721752.4292802693,3225,0.27817338705062866,0.022310419008135796,47946.00690203905
2022-02-14,8,601451.0404009745,4803428.678622954,491230.0913744143,3903548.509977053,105017.22816323189,821270.7243302308,402323.8046681452,3681,0.21753330528736115,0.017102180048823357,31138.110571324825
2022-02-15,8,987070.3041994944,4993563.707520001,926505.3872444289,4060276.3400398176,187189.30928015528,984234.05800007,544129.8515800451,3427,0.21599505841732025,0.009592706337571144,23011.365239173174
2022-02-16,8,997663.1998453364,6458718.26776015,804993.8938625875,5168260.570399154,197082.4064876159,1288574.1394452504,600893.086378223,3780,0.17627102136611938,0.00881033856421709,40757.54847839475
2022-02-17,8,2499845.8376198635,10382457.23832336,2047337.7977997605,8925643.616328953,482973.9294473379,1970734.1667969495,894171.0225709744,3935,0.2081843763589859,0.008635672740638256,19700.29093196988
2022-02-18,8,1121097.9601684585,7332624.583984442,856681.2494985523,5881272.739839668,215091.47921638156,1301646.1106093624,584274.738830168,3816,0.24251192808151245,0.019917737692594528,25630.669675707817
2022-02-19,8,2626112.102640845,7463531.118821092,2172587.974738418,6219301.297785297,491804.42576823325,1361460.2357011605,601083.8313630407,4162,0.29263073205947876,0.02698480151593685,30849.68708741665
2022-02-20,8,2462023.253424488,7393207.87382029,2082570.85562654,6104055.921794355,473718.3188434714,1433560.4202839364,695712.9323834925,4094,0.28477784991264343,0.01642993651330471,20126.693186700344
2022-02-21,8,1878323.6833323538,9273992.023710184,1330745.8974886355,7127928.605500124,355010.12493132893,1696829.0390580655,748821.1277455871,4639,0.23503808677196503,0.019251389428973198,41537.438527703285
2022-02-22,8,1480101.491828911,9851725.537716106,1323033.1687370993,8745831.786828,306616.3628483346,1776542.0712078707,806342.5801911589,4404,0.2716032862663269,0.018213635310530663,27033.414097338915
2022-02-23,8,2934472.782023318,9546594.340071611,2447304.464111874,7628625.180434551,563737.6419496388,1814921.3796136673,862185.0148077799,4297,0.2904564142227173,0.018871856853365898,25317.359385311604
2022-02-24,8,3260524.9911862537,10998790.44635202,2629952.382751189,8601289.009092472,682834.532872265,2097508.453445128,956846.951144266,4772,0.3411659300327301,0.02303430065512657,26277.209468513727
2022-02-25,8,2596531.734519355,8800886.770894393,2116882.7160001593,6762291.17652723,556013.4504064684,1660817.2975602178,762644.2278050131,4547,0.33443793654441833,0.025046177208423615,25380.18362879753
2022-02-26,8,546798.200400278,4964644.870399773,432575.02532246127,3853299.404998882,123373.15990550222,969161.4864701515,494110.18031550315,3915,0.3225323259830475,0.02135549671947956,23445.3430621624
2022-02-27,8,2904409.5404814854,6746043.763307601,2391005.1744312635,5277879.045988485,608108.045303228,1356457.7410332942,692610.6786757158,4110,0.33546778559684753,0.014790894463658333,28881.967184126377
2022-02-28,8,1163083.7293189317,4714371.68231523,863102.4778716564,3750005.0358598065,224660.31599568267,960021.5722527383,459768.8125724342,3300,0.3216061294078827,0.021295787766575813,27496.376399427652
2022-03-01,8,1233447.1951815113,2415647.1846312657,1022531.7105761562,1959467.7240795786,264352.3703315754,514765.6004996187,262495.9613847851,3031,0.27835503220558167,0.013262815773487091,23813.051422655582
2022-03-02,8,695177.1532592401,3390207.489408113,577442.0576674789,2759897.7671999913,151487.67849824828,691471.6498343388,356638.6167848204,3869,0.2511087954044342,0.012021515518426895,23392.246403187513
2022-03-03,8,426057.786721915,2525646.1822545007,339541.498845123,2064339.884335917,94433.50177871822,526949.1732816815,270018.9816037389,3521,0.2719760835170746,0.01281299814581871,20343.832824259996
2022-03-04,8,468025.9126515165,3286211.2044215575,399969.73227275163,2624975.675455354,102176.68931978519,638517.1120101478,305773.546507554,3032,0.2704852521419525,0.02065848372876644,21189.173693418503
2022-03-05,8,2394891.7149640545,6436966.631031141,2009310.2550075923,5184529.996229282,475968.17169643677,1295515.1359064388,646232.6527334317,4398,0.3362692594528198,0.029774511232972145,27545.495536476374
2022-03-06,8,1015610.586921595,6979113.300484732,842356.0175314611,6522689.354124421,208617.78585530363,1313587.5463343263,629244.3757022392,3996,0.28355515003204346,0.023994259536266327,20766.891527742147
2022-03-07,8,1041294.3324384764,4158824.1791485846,849461.0431251363,3260113.114572691,216191.8477989516,828281.9295677153,402260.51679421426,3721,0.28402528166770935,0.03512706235051155,21487.731939852238
2022-03-08,8,4231808.153381817,12465768.610099517,3177056.787258576,10099829.02473403,757987.4429232184,2232732.8109069616,997016.4049114417,3404,0.31178024411201477,0.03611871227622032,45104.317863702774
2022-03-09,8,84604.40516608953,3275984.751561798,73926.60996023382,2653970.1909397393,19144.82131811489,584840.7484228874,279404.40610558377,2202,0.2928166091442108,0.031798139214515686,23159.695914387703
2022-03-10,8,264939.51952418685,632315.5396394432,208016.31274093507,509223.65094800363,59460.612020936125,149672.0078474384,82349.09590923265,1856,0.3172948658466339,0.0296871867030859,14316.717710137367
2022-03-11,8,395001.8293502629,2712056.512773305,323812.3690680557,2168103.1506072157,87921.19655976167,446865.9593997863,192049.39717588344,2971,0.31760749220848083,0.026958385482430458,22399.941623985767
2022-03-12,8,427408.3216135055,3609045.922977805,281617.3621952665,2665273.7271118616,79085.71311245476,624313.2625518532,276754.6614163326,2781,0.23186203837394714,0.01908920705318451,30730.438683182
2022-03-13,8,1510526.6691208333,4257710.187754676,1189133.7141544826,3415016.7289527976,257901.51918211678,781547.7986278746,380633.05394650454,3592,0.25865793228149414,0.00936970580369234,20841.60244834423
2022-03-14,8,573405.0697003603,4338187.216352314,539735.5694906485,3498485.6744716656,118416.18731104293,731337.1481129065,348230.53189731867,3029,0.07150138169527054,0.00424926308915019,36327.984372228384
2022-03-15,8,152691.07447420806,2180104.634727396,132934.82647509288,1822374.5357678556,40462.507505864676,471582.6884560799,235878.79232104614,2606,0.05893130227923393,0.001954531529918313,18044.075332403183
2022-03-16,8,18634.66742274165,2335665.477372609,21590.57948075148,1834572.8101503148,4633.314448187989,453385.4268013266,229666.6610265001,1843,0.058424945920705795,0.0047532664611935616,25396.272021204233
2022-03-17,8,1321990.199981168,4505603.025724232,1162607.8152939049,3715388.355234568,236081.72339775309,836289.7976008581,445192.37702535326,3048,0.142931267619133,0.006897336803376675,29699.70677679777
2022-03-18,8,9344332.104156494,21493970.150264673,8624519.58909649,17619346.98018009,1656052.3013690673,3685354.095108178,1693372.28942746,4734,0.11890773475170135,0.004790807608515024,30119.630446225405
2022-03-19,8,523647.47769862413,3578164.326927334,418831.67666148266,2743468.387924958,107031.98344209124,649799.7756912177,247832.4425011045,3304,0.06521057337522507,0.004131829831749201,32588.218272030354
2022-03-20,8,3121111.554006055,11647913.818267033,2142982.5911145844,8613019.260391764,547211.2763373001,1927599.9163043005,753167.1849383055,5178,0.06864772737026215,0.004746252670884132,47907.49687835574
2022-03-21,8,3800014.0686727166,14909939.501022547,3298438.4002109626,11896888.667074604,602098.193101137,2513528.9506753236,1035240.6880659312,5016,0.06992078572511673,0.003977640066295862,53152.68844908476
2022-03-22,8,2198695.57068789,10976055.0925868,2521341.145958488,9465292.136392679,380863.10087892204,1887041.9956954163,791244.1214614323,4772,0.11036592721939087,0.00644156476482749,32330.487827390432
2022-03-23,8,3579005.7384298146,9635746.486961417,2711935.895491804,7850233.188563624,634270.7398373091,1697539.4596895948,778862.1678671789,3588,0.1058308407664299,0.011120131239295006,50613.12553888559
2022-03-24,8,3464556.6764187813,11318171.179953352,2922748.941056907,9652054.584143657,591113.9557022506,1876077.9441522148,801362.9572763423,4796,0.1872996836900711,0.012175671756267548,34833.18486520648
2022-03-25,8,277908.9695948586,9423975.385211974,279865.1808366709,7160908.5013793465,58232.31055168285,1577934.21311492,721947.9632701124,3057,0.29601287841796875,0.013829811476171017,36721.17824110389
2022-03-26,8,1849777.2409992665,9119453.03699781,1514973.114487447,7425450.908795275,387292.06553322746,1710886.1479350622,773116.5890466075,3547,0.1294604390859604,0.004728998523205519,34495.53160330653
2022-03-27,8,858180.6200082526,2794158.2147815153,728196.3605213871,2180690.1979620303,173579.1475831011,534046.3515278761,264254.35965423204,2287,0.07523304224014282,0.0027190314140170813,20968.364972501993
2022-03-28,8,447963.9257586226,3111154.8262085244,351184.7168025651,2268002.8823753996,92689.988480144,559869.4498742983,266685.8673182904,2437,0.10399498045444489,0.0037243354599922895,42410.95180442929
2022-03-29,8,276153.8440336436,4576201.6643892005,254515.42623883553,4021970.23653507,59195.67048526513,809512.5472666654,352128.8161416451,2936,0.13831405341625214,0.007018872071057558,35831.35575821996
2022-03-30,8,258641.2214671746,3128995.646986641,242066.09781573177,2626861.3713856502,64092.972069769836,588714.0682567501,273768.96511437395,2266,0.18607470393180847,0.009276829659938812,20905.416676193476
2022-03-31,8,2412726.6958725676,11085518.257938728,2131406.7302722875,9777474.42091991,470505.31620860996,2055007.4558560217,906128.8839143706,3652,0.35557031631469727,0.011069093830883503,29620.159968584776
2022-04-01,8,4881340.0125555545,16187669.05758804,4253674.577234539,13310097.458182773,842186.1167779006,2826646.2869187407,1254824.241409677,4992,0.14585146307945251,0.0075184679590165615,37769.402163147926
2022-04-02,8,3500946.8580920994,9856680.065478027,2563955.9793061316,7228801.202467969,649005.2588516246,1774525.8867567685,786026.68473533,3627,0.12536318600177765,0.009196870028972626,37698.17692452669
2022-04-03,8,1487438.743169658,8209793.2869884595,1190265.3672504514,6393444.293425826,276631.58986511827,1515819.5387377376,710565.3393099637,3001,0.18322929739952087,0.011876890435814857,35828.48347517848
2022-04-04,8,122974.8751001656,2972908.937915489,85698.83933531944,2086352.0159034634,27638.708619436424,552688.5558937604,246955.65902783885,2326,0.20800772309303284,0.0154456477612257,27768.191001713276
2022-04-05,8,37824.099331885576,308596.0417015776,32533.983532134476,268725.1475100484,10594.626958343608,80357.0959176341,44148.14777183156,1511,0.3063508868217468,0.0230544526129961,12396.286749988794
2022-04-06,8,1071375.7693978325,3796113.048890732,862887.0213239124,3179947.0414718427,197932.30620233694,760203.8826138763,425516.0137588741,2434,0.3007241189479828,0.023961763828992844,20115.036703437567
2022-04-07,8,701080.3654378131,3499960.908301465,599872.7317198025,2906925.2901736214,177780.91211391691,796338.4985631906,430333.6438686824,3311,0.2832256853580475,0.027016660198569298,28734.768975496292
2022-04-08,8,31954.519737377763,443578.3742889911,26222.173906053853,377768.22093703726,9029.924119234176,92556.72533938852,33531.640161174284,1452,0.2863580286502838,0.02471819706261158,11319.561949163675
2022-04-09,8,3420467.620294422,7356333.360816315,3252416.709620002,6716289.425079264,545639.5989835146,1187426.9921351802,534498.1305281286,3350,0.33087092638015747,0.0429454930126667,36754.90031737089
2022-04-10,8,186363.3517485708,448035.07465717196,160148.976917246,380458.2791801955,45272.00286925756,109606.5096005587,59703.606925918546,1848,0.32261911034584045,0.03016333281993866,12177.162842929363
2022-04-11,8,1023893.4437277317,8590150.005883858,834375.9709996823,7176536.142286382,174256.95151422333,1436599.8339111623,607586.4905187337,3394,0.2965633273124695,0.02022443152964115,37417.11976373196
2022-04-12,8,323759.94560039043,6741712.307371162,262954.54062503413,5895409.951906667,75570.46819973085,1127814.161142476,479675.98784470034,2956,0.32452332973480225,0.016817288473248482,28360.02500283718
2022-04-13,8,346216.5102906376,5023413.858153202,361555.9409627589,4349076.036223396,79842.42784007388,946815.5996345936,412682.86844821845,3119,0.09547655284404755,0.008710823021829128,39397.00819051266
2022-04-14,8,6803018.5690886155,20563506.285317875,5348914.487396551,16620038.16993841,1218411.3991469257,3577076.859115925,1632516.3988886708,4522,0.09590337425470352,0.004223520401865244,27576.43619030714
2022-04-15,8,2984136.9347329214,15317991.03574872,2564526.094753731,12566641.143231053,568495.661328406,2794134.073216826,1296572.113551306,4173,0.09272457659244537,0.0045921336859464645,23256.748458743095
2022-04-16,8,3736115.1102667227,17033160.417700022,2863088.22853204,13814707.39149009,719991.2800601326,2982775.9326850767,1338023.7260534032,4358,0.09110559523105621,0.005628011655062437,52533.92425310612
2022-04-17,8,1194409.1376059726,5327474.0530023575,1014845.2049117598,3965168.0843960615,254163.22264566598,1106177.387649622,581810.4629629408,3219,0.16303031146526337,0.008938508108258247,24824.73584806919
2022-04-18,8,1079680.2314468846,7136223.442105897,1075528.7217494478,6323437.068563936,240364.87880880228,1402155.6165372226,662790.7891132655,2714,0.2877477705478668,0.025964444503188133,23877.770064145327
2022-04-19,8,252048.71184242517,1258577.0661172941,260706.24305115273,1168224.5585387,57124.879233068496,263540.1685614888,140373.1878702788,1151,0.324026495218277,0.02709764614701271,23042.837902843952
2022-04-20,8,393747.1368840113,959332.9631380811,370402.2540195952,837780.945527307,91544.61766045458,213643.49754350825,123190.45596980484,1265,0.3326430320739746,0.035108163952827454,18913.84949490428
2022-04-21,8,285596.1481026113,559471.4354862943,228074.7712226377,480866.8726655395,49353.95320993789,114295.52807816114,67569.24935242857,1035,0.28783661127090454,0.0354452021420002,8792.296544134617
2022-04-22,8,479021.9494686872,2167442.4086253643,398879.7108262248,1764387.4494943945,103939.69002011379,388000.229672248,195853.77946125035,2823,0.3014707863330841,0.026815973222255707,18489.466840803623
2022-04-23,8,197147.94447822124,3860868.607460819,193355.09839220718,3238286.0851367023,47187.98324137417,710261.2163021903,340605.4138233823,1395,0.16554084420204163,0.008143958635628223,25275.131827056408
2022-04-24,8,1333749.4595800862,5149159.918063097,1045627.2250789403,4057482.812080704,251357.74982839392,866011.8023691664,400548.76980234275,3447,0.22118450701236725,0.0108929593116045,21245.076906085014
2022-04-25,8,615005.2897530124,2311444.7201735154,513217.1652017145,1831188.9352702978,131340.02888647543,463935.5717035715,278566.3018161296,2427,0.20314285159111023,0.009429573081433773,20887.72642955184
2022-04-26,8,4727836.567219615,13015668.508309796,4101524.4250954324,11088540.602306005,843112.6295419541,2311666.8087467994,975662.5398891042,3918,0.1162944883108139,0.0037016738206148148,48332.85448798537
2022-04-27,8,6451215.573065817,15615302.38297104,6201745.639413712,13234513.84729092,1143903.2383674397,2730583.9821944796,1292766.8153462897,3382,0.09673677384853363,0.0049100760370492935,35909.54933929443
2022-04-28,8,7337369.140020028,18287051.2615927,6147734.635493198,14848314.679892682,1281217.7613404877,3073466.4556608372,1385075.2565357685,4134,0.13644813001155853,0.005263461731374264,51895.46361449361
2022-04-29,8,1043790.1703988314,9867151.770344034,732005.3796193043,7516046.091798883,187894.64151135238,1710756.9333769141,703979.1070421919,3701,0.02378823421895504,0.001716420752927661,38540.545879632235
2022-04-30,8,9996150.787285805,19423922.90205869,8650871.091578681,15756438.106694851,1715392.794105527,3298244.2756605716,1513942.8428228318,4392,0.06102300435304642,0.0031663263216614723,39673.77073326707
2022-05-01,8,3689083.908251904,13451874.102098256,3133348.5369509803,10801963.840080865,726136.4408141213,2477407.273399265,1170095.502600985,3900,0.08819320797920227,0.0036138284485787153,29002.054916590452
2022-05-02,8,3039477.145484425,13013075.799494252,2493360.5662432015,10413177.519596405,609072.9313538835,2462013.205574901,1207709.6601519794,3362,0.09761419147253036,0.0035733897238969803,32737.576424330473
2022-05-03,8,895624.3744836748,4734377.585278466,676847.8501790357,3774590.138108886,181792.78877208877,881847.1617998553,413853.4299318441,2645,0.06955798715353012,0.005271445494145155,25292.692157506943
2022-05-04,8,344420.54566660523,7252666.12776158,303311.95183154265,6234188.334559136,73916.41011545488,1242330.0590250818,562496.8054636928,2015,0.23184816539287567,0.014821361750364304,22144.481695860624
2022-05-05,8,342186.1927076876,4468229.61650645,285268.78260777646,3852154.838846825,71764.67291953634,755001.532135621,341947.6934859451,2328,0.2443956732749939,0.01404175627976656,36150.509581685066
2022-05-06,8,447155.60545267165,11077398.631699838,377072.3245322298,9562166.397208465,108096.7240008719,1880419.5263142404,852161.9114131958,2719,0.3086264729499817,0.012840958312153816,41024.76956355572
2022-05-07,8,571411.3097258583,2565544.7450337037,482158.5591444881,2122431.752977336,129412.0588739565,533812.4564728022,294040.61267973477,2521,0.22220715880393982,0.009309855289757252,22292.773337632418
2022-05-08,8,5071868.974046588,16347617.041885652,4845891.030937618,14083785.657734308,841354.0659903374,2732948.092795133,1303146.186195545,2382,0.22925584018230438,0.012250739149749279,30278.15231630206
2022-05-09,8,2077269.916956231,12010316.305323802,1809937.639698406,10025263.213929188,400066.08660260565,2233129.7206708062,1105822.0358562388,3095,0.16643834114074707,0.006973679177463055,28259.95985201001
2022-05-10,8,6195208.515291974,18271413.817996956,5700962.880305898,15547430.01360339,990460.8313969555,3154148.178552909,1478377.510531546,2642,0.1952269971370697,0.010239975526928902,33757.27170920372
2022-05-11,8,4866327.037655368,14692453.92312713,3776197.0785408695,12051845.85066735,880367.794899911,2568880.6506343856,1216725.2189355625,1780,0.18733306229114532,0.012190552428364754,45703.59122878313
2022-05-12,8,6147649.60507597,18091617.715794742,5943426.529804853,15125787.690629441,1053612.3685792503,3116291.0154728936,1445492.422589279,2204,0.14944037795066833,0.010197371244430542,37132.740891993046
2022-05-13,8,8108040.9621059,18247931.330870345,7726122.24374962,15110036.980252111,1402286.9959462425,3090002.8793423753,1436604.2552593185,2817,0.19043415784835815,0.008658726699650288,37680.19421648979
2022-05-14,8,9783851.155008987,19864005.894977145,8731939.784847494,16187575.3467946,1713075.2050933903,3358833.0206773686,1512147.511438758,4883,0.20767822861671448,0.006503609474748373,34408.63597661257
2022-05-15,8,9428251.897956267,20875928.28476923,8442929.110299759,17504055.685832463,1523666.9694766954,3530440.655706159,1598885.702264456,3987,0.1787457913160324,0.006145508959889412,38087.18036347628
2022-05-16,8,4666038.904121213,18519480.952068247,3907656.987421303,15377026.425989535,770619.6758330291,3180368.4102243558,1542498.2748011188,3213,0.25007838010787964,0.013122684322297573,35235.90501815081
2022-05-17,8,3023625.377069302,12347938.062539369,3019448.1542316154,10782003.521826494,567895.6653519713,2241019.7513337797,1105667.7822281513,2614,0.2665329873561859,0.013435429893434048,36033.03796899319
2022-05-18,8,7676689.013641521,16687092.504026912,7467508.3584046215,14352323.676765788,1308616.9784941135,2834878.289915499,1387149.998093005,2505,0.3216799795627594,0.01953745447099209,37653.053132236004
2022-05-19,8,3749885.343524009,9448723.441866629,3037047.5866946764,7268046.517509384,685934.9302826524,1722096.3153420114,836068.2649452535,3093,0.2672182619571686,0.01934562809765339,28320.435543209314
2022-05-20,8,1214742.0538850874,7915380.022480957,1009876.1251242782,6468019.359939992,235554.9594695237,1529181.8953870623,800707.6586575836,2700,0.23575124144554138,0.017494406551122665,25924.29127573967
2022-05-21,8,1111520.29329969,4314496.17152258,906351.9837693321,3438014.3053916283,224584.63473466533,887436.3075245385,502587.3688959528,3736,0.3069499433040619,0.013185839168727398,21209.005513340235
2022-05-22,8,1653670.0244643986,5923350.559085004,1465076.51107012,4806002.4290352855,351795.3774257978,1166039.8967465444,612445.5690655917,3308,0.3117402493953705,0.012063871137797832,26690.00295200944
2022-05-23,8,2283258.370818399,8753699.700431056,1925983.028218844,7000632.198564155,492684.85821267765,1734637.5037360778,849771.7498182587,2806,0.16869716346263885,0.007617292460054159,28378.36501917243
2022-05-24,8,2527603.2601288334,5235411.860988498,1973660.7661801286,4084317.0197265744,501094.88248347497,1019858.0018406715,534553.3386633303,3353,0.20766858756542206,0.011113015934824944,27157.57655096054
2022-05-25,8,2337554.444701232,9019533.221907772,1910726.843298769,7190242.173319349,492233.91380009917,1732091.9315460522,850181.1854148058,2560,0.1421300619840622,0.008004033006727695,32436.555272758007
2022-05-26,8,2071157.025724098,7761783.789115004,1657434.0080058798,6204133.742471326,373082.8726367428,1490056.0472880492,751995.0222085012,4272,0.15826837718486786,0.005112899467349052,33173.03364020586
2022-05-27,8,1412937.8451434076,4485236.5469468385,1050724.3465268863,3480803.5908875694,290708.08960976044,910991.1852963028,464822.344807578,4407,0.30085092782974243,0.015890544280409813,25690.933190643787
2022-05-28,8,1980804.8761746287,4903807.999668561,1704211.3083073236,4021842.7236514827,407085.51242137246,949875.89367049,481697.1929178401,3396,0.23774249851703644,0.013138693757355213,26013.015352904797
2022-05-29,8,2517982.458966404,6727804.339512229,2123940.34788391,5391376.963036863,531161.0249017496,1324694.6250556381,669073.4608171328,3825,0.23438404500484467,0.01097571849822998,22346.512877851725
2022-05-30,8,1320085.1560043693,5966414.282623962,1004060.3807286129,4621497.718379352,265308.348683124,1186211.1800216334,569132.6406489435,3946,0.21539835631847382,0.007961994037032127,27323.650446116924
2022-05-31,8,3674350.1006950736,8480051.157614224,3079958.3465695055,6658706.277253427,757315.2810182706,1692357.4072195464,862014.3802051228,3961,0.24757030606269836,0.013712931424379349,28550.15008342266
2022-06-01,8,5371760.110464945,17515407.818331324,4604342.985862648,14677945.785839468,951856.5457169355,2995864.188938047,1385035.9709961917,1959,0.20819446444511414,0.014125993475317955,38251.138632416725
2022-06-02,8,482497.0365952477,2843312.1518663242,426323.2747902578,2366423.4691150514,121352.69447707919,587119.1429969087,291718.4239593716,2628,0.21055591106414795,0.011044553481042385,18960.08946478367
2022-06-03,8,2945061.0906772614,11425128.78325478,2375485.190394019,9364050.202528354,539870.6534894995,2004523.120912971,943382.5377141729,3005,0.18257808685302734,0.009879485704004765,25996.261109560728
2022-06-04,8,5334691.331064314,19053242.108933955,4915666.377784251,16399528.864544269,748677.0113975815,3144101.6967237503,1398634.1044960567,3359,0.20965398848056793,0.009113354608416557,23555.779648840427
2022-06-05,8,3984179.1323403716,15975182.893111333,3944245.7635560073,14246042.306906424,673413.7972612786,2666876.618933403,1213617.3751570794,3477,0.1661916971206665,0.005101162474602461,32915.643580675125
2022-06-06,8,2385518.875158459,9880980.546170324,1793877.2535693503,7926206.391739064,316502.48301071674,1541647.0410530707,618502.8690677187,3431,0.07765059173107147,0.0017523962305858731,30300.55213946104
2022-06-07,8,6801059.806343108,21177595.898196973,6171415.609549971,17384091.18660821,1023108.8538261473,3390282.1751233796,1538957.287315699,2859,0.08018899708986282,0.0022632626350969076,28844.321624457836
2022-06-08,8,7742575.154938549,20791826.91797468,6148513.226245606,16693292.738777973,1189383.474595299,3356601.246931725,1494735.958831975,3398,0.152203768491745,0.0016904569929465652,29353.310362756252
2022-06-09,8,6680654.026816249,20620420.910772145,5325675.996285042,16909283.229233254,1154789.8504902143,3382609.7212284775,1540474.543525091,3852,0.08721937984228134,0.0018008601618930697,44803.42411348224
2022-06-10,8,3875333.429223746,19640732.6890589,3344374.7781169848,16471612.808803827,613444.5939832651,3243848.892250029,1542034.353535584,2059,0.07114788889884949,0.002437738236039877,34867.25791037083
2022-06-11,8,4675288.52148661,13768508.811605625,3803660.1232832046,11609726.73319811,734375.4168843962,2317434.917788584,990148.5625971246,3305,0.08802247792482376,0.003067203564569354,29655.96041792631
2022-06-12,8,4297590.235355452,14658768.057609022,3514326.4737607804,12479139.301495166,642567.6888275999,2353506.762780182,1082939.9320543264,2191,0.16976316273212433,0.004133743699640036,27469.26358309388
2022-06-13,8,3113561.4211712778,8732723.24104257,2574316.1358833327,6760195.004201385,465825.7117226143,1332036.3447532011,615055.9041175593,3371,0.257824569940567,0.004219742026180029,25478.636427611113
2022-06-14,8,5146792.996848896,15875097.584610894,4478250.877611842,13863624.793965094,739939.3587794504,2481838.2702985373,1151196.9069182961,2319,0.18478912115097046,0.003912891261279583,36716.29541784525
2022-06-15,8,1002717.0628151298,9610077.14275252,857181.305078855,7723342.350794968,205742.63854864804,1585987.6834977323,783456.4365555863,1770,0.09043821692466736,0.0016107124974951148,21157.65562734008
2022-06-16,8,3254952.54725796,9000893.301514424,2665023.666437243,7156783.094473043,620738.2052658107,1667441.0803288622,833943.2370214347,2907,0.04487420246005058,0.0015612812712788582,35091.17190763354
2022-06-17,8,2917450.127882391,9522116.088085927,2452645.998323646,7656043.294352094,586859.3439615029,1648684.255547294,832647.3488678909,2323,0.03381050378084183,0.0021809921599924564,25608.945655077696
2022-06-18,8,1176757.8293610066,12135978.944905318,1092600.9541883587,10179760.461373705,253731.46860429953,2077443.1738829743,930081.8817830526,2530,0.07292472571134567,0.002005134243518114,33916.31921094656
2022-06-19,8,1316166.3525489643,6674468.554713801,1206971.767911817,5426912.466276487,281579.78832802875,1321777.1750310496,675836.4508264603,2699,0.09181913733482361,0.002245913026854396,25370.510350435972
2022-06-20,8,1283694.4507149085,10384219.231366888,1180315.436269857,8244673.813217997,266276.2927784434,1929118.0021224937,973803.3716909334,2538,0.11085910350084305,0.0029640942811965942,27185.391312152147
2022-06-21,8,1795323.6008614153,9942489.598334417,1537779.0902050636,7980776.487425204,360903.72849065665,1810326.2057022727,920273.8143225481,2302,0.08080057054758072,0.002849029377102852,25342.960369497538
2022-06-22,8,2842832.008121036,12800359.844235405,2377503.604294668,9442261.838260941,561071.6083397485,2187598.1875939476,980884.6409198751,2591,0.08925504982471466,0.0026676226407289505,31101.09154650569
2022-06-23,8,5144611.701426052,14059197.945105948,4053008.1628422644,11389977.568899138,921354.0487823769,2374529.9907679493,1131571.9122200834,2686,0.1356353908777237,0.0030812567565590143,43216.85694810748
2022-06-24,8,2187334.3680595458,6516699.955229066,1814179.773285129,5142371.78913419,464965.6623248964,1299347.7160960478,654863.1848124986,3645,0.03640790283679962,0.0007106373086571693,30702.84908926487
2022-06-25,8,1109854.3376431838,6329847.743951045,1034014.9957892613,5073692.75902906,217123.80183933326,1189953.5153334546,628314.982943191,3590,0.09550342708826065,0.0006135315634310246,26476.84447452426
2022-06-26,8,613574.4706640467,3966263.99076391,525624.478317527,3184358.6458755825,140745.10411130317,757515.5129877565,397396.86966340395,3093,0.0765102282166481,0.0006750233587808907,25483.566651523113
2022-06-27,8,1081726.9315774739,4103442.1718528196,993615.2278804146,3362529.675077142,195522.73525160286,745928.7133530653,371213.7929755875,2736,0.014964591711759567,0.0003927805519197136,22665.39531967044
2022-06-28,8,2359026.7049535736,7159771.131003194,1814017.8100476023,5485479.985234242,371385.45525261597,1115351.7600484493,536219.1413817974,2869,0.04621545970439911,0.0014516283990815282,21267.802597612143
2022-06-29,8,1116737.0366451517,4452956.105994813,957418.7956166073,3633106.568297079,237382.56454124107,893198.4418824753,457511.876877763,3763,0.03563084825873375,0.001379380002617836,23805.173029333353
2022-06-30,8,2168278.203319058,5202592.361978263,1745860.6845800178,4156365.6675910493,431495.6576284073,1010302.8387914995,517756.1756443317,2502,0.035976044833660126,0.0011049761669710279,28488.508983939886
2022-02-01,10,3885199.070269972,8809971.216681458,3265963.0142426696,6993723.49608561,794613.5877166856,1745305.950439947,884760.9748343606,4185,0.32042691111564636,0.01600809395313263,26352.29988461733
2022-02-02,10,3871717.526361309,8514338.709995456,3209892.5873493943,6741440.137444105,813305.6035610861,1705146.2813984435,879660.29614061,4141,0.25669893622398376,0.010500130243599415,31924.747379630804
2022-02-03,10,3929938.0442381203,9244286.79269749,3227565.1714902716,7288706.737843908,795886.9841013756,1827977.9348964067,941587.6680180535,4066,0.2631184160709381,0.011284866370260715,32369.304860264063
2022-02-04,10,3694626.86365138,12663873.79852634,3066793.983792644,10175855.93659504,772963.8645184181,2359865.962642051,1162541.5240555701,3861,0.2042946070432663,0.01041097566485405,28384.88640281558
2022-02-05,10,3493935.850558728,9111005.846096493,2888602.91513378,7210485.113511663,722693.4200567898,1810921.9630856467,918133.4071348303,3938,0.23578722774982452,0.009286978282034397,28006.64876332879
2022-02-06,10,3517075.71305725,15058734.382459328,2932593.562408379,11845047.9083507,730777.2466244185,2762970.5358088827,1295382.4529294055,3943,0.28635621070861816,0.01196261029690504,24384.41462895274
2022-02-07,10,4345285.816885769,14386010.283910118,3571724.8618072495,11884401.671183469,895705.6539218507,2692896.885824361,1291948.2317453725,4127,0.30442434549331665,0.01387954130768776,24316.743925005198
2022-02-08,10,4497181.484641165,17619708.45597314,3645967.726774893,14716793.179815095,916636.2947711218,3212572.7309139566,1576231.3208572562,3786,0.31425273418426514,0.01619051769375801,20812.40727198124
2022-02-09,10,4261114.548360392,13617767.55319389,3477678.0948666804,10919703.708480451,856707.752155001,2519189.855916971,1213759.9039933248,4083,0.3488547205924988,0.01880057342350483,24087.855144172907
2022-02-10,10,2895489.2252772823,8606318.3092594,2401446.584203027,7020624.087072209,536474.5522214724,1644738.7486822489,810597.1469063145,4390,0.33681219816207886,0.031877245754003525,17157.12844234705
2022-02-11,10,2768811.2959183827,6282488.484281436,2247015.326987978,5113822.816439852,544990.8612881551,1236033.669742308,597909.1934547075,3849,0.3266807794570923,0.02993842586874962,25249.373517483473
2022-02-12,10,1600222.7042619362,5702601.320407078,1253657.985200413,4560038.001911146,301097.55823749804,1123589.896553987,571407.4452533799,4410,0.3192577362060547,0.03240452706813812,20688.120440900326
2022-02-13,10,1406123.3628109768,7584587.081231132,1452611.0436152024,6693145.28214553,267320.42430289515,1388307.8675869007,676825.5153478582,3149,0.3281889855861664,0.02906622551381588,34412.2846031785
2022-02-14,10,1619026.1777382866,7363653.46237085,1372111.6870170734,6154651.911639335,272159.39864219376,1257229.9545377786,617563.6940617951,3462,0.2877991795539856,0.022099463269114494,46503.57277011871
2022-02-15,10,1047484.0370106027,5901593.135925226,945227.7405854224,4743802.698148279,189701.9807228843,1168910.3769341276,607506.0047364762,3742,0.25662487745285034,0.011565563268959522,22495.074287444353
2022-02-16,10,1095928.666584313,5851723.524838239,943789.8740524644,4704809.90227519,222391.73144137952,1195843.532055525,605783.7390076314,4259,0.22129298746585846,0.011601402424275875,29711.40041872859
2022-02-17,10,2319518.0963235274,7257639.425993249,1960115.925238146,5737260.359210201,465454.131764318,1450143.895817342,700434.4523499733,4070,0.22741958498954773,0.0116582615301013,19613.004612237215
2022-02-18,10,2119802.703277886,8984475.635909595,1680433.6831116336,7212399.177530114,363922.91588144074,1554050.3155301763,714169.959941804,4008,0.3125685453414917,0.02765539102256298,29220.26208138466
2022-02-19,10,2078763.6760029271,6787591.290074922,1707857.6661367975,5540145.911014444,408861.6200925858,1280038.836937277,566749.1736201497,4577,0.31638556718826294,0.03517874330282211,27682.415933966637
2022-02-20,10,2344739.5223057047,6617241.053380594,2035136.0567267216,5390921.491630507,453791.3073812245,1293816.4172510924,660262.8068530257,3989,0.31695300340652466,0.022623389959335327,20126.693186700344
2022-02-21,10,2093522.987972781,10173759.24955988,1597874.5289153275,8249246.953135639,428833.40800975374,1933366.8354657593,891469.1740886911,4946,0.3334957957267761,0.028911078348755836,29931.892744749784
2022-02-22,10,2437510.24537497,7846250.992896423,2140209.652924387,6452968.315816932,477504.5864611244,1519408.3715468869,761294.1051664408,4639,0.34615373611450195,0.031217563897371292,18166.301254361868
2022-02-23,10,3038856.5914085656,9539043.948599175,2509287.2483081417,7250028.467248605,600423.3459157698,1811626.2745653335,819679.3108144122,4684,0.3312210142612457,0.026871243491768837,22053.29658576846
2022-02-24,10,2894187.638934903,10207369.688129589,2410883.5634402763,8069009.499032056,576324.2675458663,1919570.6641917052,901275.8410741172,4748,0.3552200496196747,0.03810640424489975,21979.6062079072
2022-02-25,10,2955489.315893717,7022250.745313279,2423766.857286444,5577110.195750343,573463.7269539712,1392991.8850539404,703862.0171427827,4835,0.3887098431587219,0.03904730826616287,19342.515746474266
2022-02-26,10,2470087.3184021935,6975298.616570756,1923102.6577775523,5525394.938753183,483227.2441832763,1372599.8526677156,689598.5287882152,4496,0.35856857895851135,0.03162316232919693,23275.646313756704
2022-02-27,10,2517714.7534601465,7687008.858840376,2120683.879713152,6112840.531126486,513212.8600635751,1537812.2366959653,781882.2162049786,4729,0.3516053557395935,0.03036908060312271,20420.64000812173
2022-02-28,10,3022459.752936445,7181693.9187496975,2461542.185997956,5712673.036131989,592718.9795692584,1441387.5656755243,715944.0584661693,4470,0.3889341652393341,0.0420541875064373,20267.34392312169
2022-03-01,10,642617.3205756769,2424166.2083228156,553505.0738452068,2033539.8675898542,149878.2262941146,536185.242771514,282018.6442926688,3842,0.29660677909851074,0.01748919114470482,22775.816950708628
2022-03-02,10,2705934.628352396,6648118.935602784,2272001.9405998792,5358821.164182497,536276.8540343211,1325545.9708148106,637810.9128494819,4539,0.33252382278442383,0.024448489770293236,23417.092676192522
2022-03-03,10,1882765.189143844,6151465.889326721,1582454.7530948333,4930219.757040478,367002.1449065837,1217407.934368624,605469.7254827638,4715,0.36008408665657043,0.026385821402072906,17844.59822332859
2022-03-04,10,715461.0498382375,4732850.848892666,589308.4928353115,3797272.3366673593,153448.5738271799,915074.6158144777,446195.44586929795,4066,0.3923339247703552,0.036391593515872955,21003.692384004593
2022-03-05,10,2662153.0871052817,8118304.058248788,2309368.0233292393,6464728.139789356,515107.61179427593,1584176.7097222633,793441.428663894,4783,0.3597162067890167,0.04725753888487816,18389.897897809744
2022-03-06,10,1718744.1137535647,6577093.739011928,1410405.2699210874,5365913.47472906,331672.1794527159,1282048.1674207533,648881.7996357656,5338,0.3652764856815338,0.05327611789107323,21597.151288956404
2022-03-07,10,1188414.579912208,4522795.835585952,947320.6210281231,3676311.9761426225,229977.97461615282,892268.499619372,451147.5676066745,4716,0.37496259808540344,0.06030420958995819,17755.972119301558
2022-03-08,10,2288766.260941349,6284027.07090722,1852699.7877175594,5006408.035162822,423274.3279611651,1147139.5131783374,529732.6682948838,4547,0.3721347451210022,0.0702258050441742,23081.65920844674
2022-03-09,10,2483459.174873568,6451489.111492895,2090472.6840386423,5127097.0900842445,480920.0568927543,1231181.129813002,602834.9341668575,3747,0.3523131310939789,0.05865640938282013,16998.204484462738
2022-03-10,10,711254.7187901735,2746662.8636572286,575010.2300618491,2272211.885501252,132071.52906770568,541745.3386837402,308597.3279209903,2477,0.35971078276634216,0.053346600383520126,19203.40236839652
2022-03-11,10,898741.6195020527,3024826.198957689,791633.9659597569,2537757.6132267416,185650.0106153533,628561.889159433,326431.11397038255,4397,0.3900511860847473,0.05882168933749199,16531.052421092987
2022-03-12,10,664472.1642345712,4888499.660979576,579260.4073976199,3961770.2458687997,130109.26701398367,863217.4000194025,429791.63065781654,3061,0.3261686861515045,0.03827565535902977,19789.100279331207
2022-03-13,10,2081979.7249129042,4253423.973835342,1598067.0888621619,3346176.8682156163,395570.6392757177,808400.3219695801,393252.6040629408,4306,0.30362048745155334,0.00848681665956974,24422.113350868225
2022-03-14,10,535268.2677827477,5281053.637886509,542298.4644410044,4310422.6411421895,121802.8294580307,918693.5215150595,450350.9407555441,3104,0.08896026760339737,0.0044507528655231,32248.691268861294
2022-03-15,10,1691942.9553724527,5344976.401557669,1447676.1050619306,4374368.38312451,335553.0820933381,1108173.6948153102,541882.3296652565,3045,0.12680089473724365,0.004704548977315426,18147.641311198473
2022-03-16,10,1860912.8530578837,5700882.42614124,1593866.972862049,4561994.335254213,373627.83965690725,1161224.4493003148,576771.7869763784,2808,0.19449132680892944,0.01093992404639721,22364.08333146572
2022-03-17,10,780345.8242198527,3008349.202817045,695725.4561484512,2555637.555214589,142797.43535093387,618763.5926193648,332852.7006793325,3749,0.169477641582489,0.007802399806678295,19010.5226957798
2022-03-18,10,4382465.058014914,14882528.488691933,4038159.486241243,12521764.651416171,780299.7571305416,2592634.6883009495,1131255.5668511263,4895,0.1325402408838272,0.005963863804936409,29948.577978938818
2022-03-19,10,400695.28764411807,5455766.9284980595,320567.999954341,4072498.4579800605,76840.31087335535,941537.5076354423,347602.85206621175,4433,0.08381957560777664,0.004965266212821007,35830.1762239635
2022-03-20,10,2779572.436696112,11223716.284671746,1941109.850353061,8651996.601288725,521427.3345752679,1970019.7470273362,862036.5773830841,4396,0.08297514915466309,0.0058144256472587585,52062.694427639246
2022-03-21,10,5443512.513614655,21275057.96895261,4593274.393039728,17258230.939515978,930057.0710844544,3600740.6660462976,1635879.633754265,4206,0.13915833830833435,0.009152515791356564,41782.98636487126
2022-03-22,10,1306872.5088988096,10141451.243852966,1178733.9839452938,8714005.107605703,238929.65148691714,1679607.976162795,750069.4167300824,4441,0.24375933408737183,0.018954839557409286,38526.81067433953
2022-03-23,10,3231994.2045713365,10935913.902251616,2499212.257874607,8351791.638385928,628795.4645375275,2007480.1742048764,917714.3378799383,4382,0.165174201130867,0.014826128259301186,44720.770906060934
2022-03-24,10,3389325.7969129905,9838836.500117496,2757504.7675372157,7866006.864101783,715660.3852471822,1851585.4063164343,885920.4184692757,4327,0.3237682580947876,0.025221705436706543,32191.678176432848
2022-03-25,10,4265912.551016673,16416972.581384271,3597977.2045719195,13180164.276695717,697239.3911013533,2825073.7392366687,1364029.3968936782,3804,0.37147554755210876,0.03179807960987091,32679.95708140731
2022-03-26,10,1900728.3205201328,4455370.647695512,1625445.5934734459,3621169.420890538,421410.87037473853,958573.7104445966,464830.9404715209,4223,0.12759199738502502,0.006051219068467617,26895.635772019625
2022-03-27,10,1532857.4895054623,4008529.858203672,1168467.5888564647,3147868.597566337,295606.05324633693,802618.7265079066,423591.8293760052,4186,0.14598000049591064,0.009248682297766209,21878.37710928917
2022-03-28,10,1545408.5837553963,12020784.252422221,1263466.7235371487,10392052.108746402,312377.83709480125,2084253.8832263618,974805.4723143541,4023,0.17548683285713196,0.016159959137439728,25344.92957919836
2022-03-29,10,2516041.7471208647,16936172.29128871,2161394.5575120975,14132999.819588237,443934.76625290065,2774444.677625455,1286466.1284889407,4370,0.2619001567363739,0.02380114234983921,43090.65480926633
2022-03-30,10,2113319.110634558,5022573.833865322,1644835.8402514055,4106481.6890814696,411531.9295865933,885202.8367852094,428635.2507313952,2950,0.31298157572746277,0.029140770435333252,25162.167564064264
2022-03-31,10,657232.6777360737,5312324.2594264895,545476.8596798461,4283929.068771783,122092.91393611251,850209.5018182952,372951.51246203517,4478,0.35504579544067383,0.020438682287931442,33763.4055519104
2022-04-01,10,6561507.22560399,23749085.245779127,5447737.380416021,19473671.98395153,1086075.9425887368,4074410.214859645,1890018.4477434184,4885,0.2724688947200775,0.021708140149712563,24490.74425882101
2022-04-02,10,3998727.9264950827,11646594.856356181,3196566.304869806,9033412.783874877,760556.9394484959,2118487.654965998,1002059.9512282915,4557,0.2963021397590637,0.02998322993516922,30693.84780332446
2022-04-03,10,3459185.781666927,11890546.424156137,2860228.9492837624,9268709.520196866,649701.1706331094,2178946.9977670023,1043491.5731732381,4371,0.35187405347824097,0.04378392919898033,18284.052724540234
2022-04-04,10,2537691.0823907256,10004633.393507496,1995723.5908264106,7990076.004611602,421555.77241381595,1744021.7917196136,826955.5778204349,4063,0.36250928044319153,0.057090383023023605,19210.76973706484
2022-04-05,10,3028480.263724521,14644203.335345618,2760292.266783578,12642171.795830518,532351.9473097408,2519237.1271242,1165908.4509790693,3987,0.355410635471344,0.07950100302696228,28034.287752330303
2022-04-06,10,873254.6523251534,3933458.7827528417,740016.6977015635,3163670.9791981173,176385.45135769795,789006.1211175455,389970.66507411504,3711,0.3858932554721832,0.08880110830068588,21495.534426301718
2022-04-07,10,1022911.8560341,4267424.643480346,893966.5271105357,3587073.3885171455,201491.65186350176,827268.7600972594,374819.57260332105,4293,0.37806886434555054,0.054861992597579956,18576.276268929243
2022-04-08,10,897310.6745087504,5583408.387628764,752070.2880651806,4417115.173621383,166105.95521490806,932233.4051400458,424342.09027968044,4040,0.39504581689834595,0.11905232816934586,21103.955763697624
2022-04-09,10,1412165.0586537123,3899928.085457623,1135255.710577389,3182525.188116023,263068.9309022682,736625.6428918559,406611.1908118513,3816,0.41334912180900574,0.11939727514982224,19332.045829564333
2022-04-10,10,1892319.575162679,7123653.02263236,1462618.4623113535,5829760.255839205,299715.8990169823,1166710.402847586,531119.4489952167,3736,0.4098852276802063,0.1328897327184677,25996.343484580517
2022-04-11,10,2128173.3538246453,7814853.877669066,1642921.5510939541,6269449.54635952,330771.10495637293,1217850.6601043101,524103.9131626628,4600,0.40432241559028625,0.11009903252124786,32069.14937698841
2022-04-12,10,1032082.3675280511,3005079.5844947696,763257.3047556755,2353358.573674784,199664.7397811501,576949.1946865356,305860.3615462864,4217,0.41867297887802124,0.07713418453931808,23462.122216820717
2022-04-13,10,327866.3739897311,2167827.9310216904,288730.8692749063,1927368.1383618636,74222.12697967832,447555.7533975386,198914.01854809484,2935,0.31015685200691223,0.013833457604050636,9651.02720990777
2022-04-14,10,3224012.6645002067,15382580.737977356,2936264.993565001,13040943.59136999,628570.11255901,2709443.470765236,1276818.1951044612,3660,0.08295219391584396,0.005557151511311531,27796.823777347803
2022-04-15,10,5516978.8503495455,20530995.641001925,3782472.2146253963,16527464.592561636,985251.319373062,3444360.1894437578,1501624.821001255,5275,0.3075036406517029,0.017359990626573563,46994.09250372648
2022-04-16,10,7359188.029841259,20710909.911883034,6053075.158110021,16708540.03693806,1270791.8787782872,3510594.108173359,1585955.6137737688,4379,0.27546507120132446,0.030537081882357597,39955.94034656882
2022-04-17,10,2666962.4931199476,7709226.004106067,2080876.5311344475,6065240.507003897,510382.77699638525,1478611.524494933,762630.9394074376,4557,0.3392399251461029,0.05620225518941879,22017.54658779502
2022-04-18,10,2217456.387927085,6896243.587959379,1818942.7622529939,5438823.430477464,423694.80235749437,1273043.64492848,645675.1066367851,4213,0.3672252893447876,0.07588952034711838,20698.625605642796
2022-04-19,10,2605961.355629593,7461680.731024787,2135639.7761056656,5964589.6616002275,519052.4837800027,1407151.3046265522,721040.6476419755,3721,0.4013312757015228,0.12458869814872742,22786.98612472415
2022-04-20,10,2253195.783850223,6913872.674390905,1878326.1887184414,5457830.901308794,440956.5872200488,1295228.672342654,652568.2789078847,3526,0.4118388593196869,0.14361786842346191,24126.194937348366
2022-04-21,10,2258853.3105047494,8053979.482955486,1788406.476395973,6478943.81465856,355467.6409477766,1305630.277887029,557548.1485598894,4595,0.3890906572341919,0.10222826153039932,24341.07384878397
2022-04-22,10,1340989.6264417022,4395011.286617652,1146242.1008140391,3573108.7938181236,277234.95203430497,854875.2853060133,491330.3760670723,3837,0.3790733218193054,0.08217616379261017,16811.064989089966
2022-04-23,10,785638.9938707352,3245148.4814403653,688248.002890558,2593178.644456148,161918.45510612766,641392.9893659002,312947.20431719767,2519,0.35653024911880493,0.04512302950024605,16034.270601511002
2022-04-24,10,1829307.6097839922,3824215.422989592,1536117.9590168893,3016585.11032794,388405.6531372006,805855.5332942582,406914.46180079784,4120,0.359691858291626,0.05284010246396065,26306.994172036648
2022-04-25,10,1599818.7527517825,5750430.667661391,1346592.0038439832,4595736.57495236,337060.5224804193,1151882.5511159142,577419.4774832615,3886,0.33245590329170227,0.04567360877990723,28382.692149609327
2022-04-26,10,5224366.717315525,19024929.60593638,4329301.646409121,15394116.0418164,941363.2632151269,3192945.0736679332,1387572.8394490473,5086,0.28158795833587646,0.007949517108500004,44529.75065916777
2022-04-27,10,573429.451688379,2662055.105178386,441924.1280974305,2036627.067883956,120582.20252856333,527391.1480840968,223658.57944123592,4080,0.3370789587497711,0.025623932480812073,23408.983630776405
2022-04-28,10,4199946.894327536,17783985.59914948,3327132.5196445296,14595007.260831505,745449.3090748483,2978759.9633978643,1308136.2901832045,5113,0.35279813408851624,0.030225059017539024,50731.43612575531
2022-04-29,10,7001270.941136599,17637107.993695185,5408461.164356435,14542005.969185736,1182409.22579208,2898596.757588204,1193108.6532526086,5133,0.046533964574337006,0.0027521939482539892,50919.06191346049
2022-04-30,10,5017829.878382504,14292222.245580569,4282815.359311719,12000771.471247222,869402.4454985337,2459427.654430112,1140065.092929318,3623,0.10817679017782211,0.009044887498021126,38804.716858267784
2022-05-01,10,5947552.910696775,16235434.178239517,4959529.306647562,13801725.13471616,1010532.4333858411,2856428.49706722,1365530.8002511137,2872,0.2282015085220337,0.021876344457268715,32883.554996430874
2022-05-02,10,2272420.6994269937,5794028.0094852075,1795857.2866274621,4536954.925135339,441398.71990342974,1115872.828061615,598179.5007453121,3655,0.25728967785835266,0.02210354432463646,25731.592521727085
2022-05-03,10,1327296.2232156843,8524642.6330541,1054667.496628834,6925253.986427432,243857.65122529076,1441339.9690651647,696185.9438696732,2994,0.31638842821121216,0.02574947290122509,26943.936209112406
2022-05-04,10,5038132.199155338,15950816.22439859,4316612.083821997,13598556.172490623,892834.6869047881,2743353.7298661005,1304257.9344387075,2625,0.362276166677475,0.07414501160383224,30386.330130934715
2022-05-05,10,5219583.694027066,16840378.849929735,4611163.7866811585,14438505.60918712,868184.7482805892,2788058.4927103156,1268306.5376480012,2580,0.3782518804073334,0.08303966373205185,26526.889253765345
2022-05-06,10,4332101.296640813,16525749.822182223,3351173.374735467,13261851.436625898,656427.4587596434,2769605.61252195,1285972.5456975312,2654,0.37378063797950745,0.07852943241596222,32493.054799109697
2022-05-07,10,2179614.3327221125,6691965.112499781,1769673.2288507102,5330456.0047802925,444408.15080913855,1311136.4237552069,671612.0115806665,3577,0.33622217178344727,0.03527804836630821,27247.218283712864
2022-05-08,10,1411152.3963749036,6520168.168175831,1235940.7080230704,5274288.303424895,301689.8273754363,1222643.3225963898,657386.6813013747,2394,0.28887757658958435,0.03997308015823364,23482.5911116302
2022-05-09,10,6738557.815996312,18507365.84769006,5593164.364930137,15334256.698678292,1223123.10992617,3250805.922763242,1545755.2120754437,2990,0.2652679979801178,0.02799166925251484,39780.51420426369
2022-05-10,10,6017392.990758613,19661697.125099026,4961808.191792162,16213654.046973426,1023764.490052568,3245591.0731896367,1547978.4188088402,2008,0.3293144404888153,0.043831612914800644,33605.77390789986
2022-05-11,10,2757754.3514533713,11925453.136388473,2107994.3039599303,9030482.741831282,431103.65754501993,1957937.4877053618,914632.1998069437,2018,0.3303367495536804,0.06155187636613846,29348.099893301725
2022-05-12,10,6875475.098417312,20946462.565224037,5668749.568453323,17351483.342190113,1107804.9023663742,3472287.4341036305,1559140.0789943677,2899,0.3036477565765381,0.04576312378048897,44705.096691042185
2022-05-13,10,5510330.034934491,19487640.32788025,4748586.584103086,16313934.372057993,818331.4498321855,3122372.9315968785,1342359.3489124433,2883,0.32084792852401733,0.027652299031615257,43883.235591739416
2022-05-14,10,8769347.224782825,23876050.57721372,7432024.871646226,19396912.39087181,1536168.758449572,3995436.997107094,1862554.3983283972,3224,0.33098310232162476,0.04311060905456543,41782.32698300481
2022-05-15,10,7276098.5633818805,21202414.613828734,6323198.933945725,17468321.298678108,1202251.1735664308,3427104.5592873953,1550301.8578029051,2694,0.31849268078804016,0.04327913373708725,41459.617682248354
2022-05-16,10,3215169.084420033,11689126.890233926,2742883.1380047556,9688961.574652959,577874.9683565907,2082652.7765546252,991608.7117085985,1563,0.346671462059021,0.07161326706409454,20882.36605423689
2022-05-17,10,2330751.0411885083,8328325.957312956,1948346.9888516252,6594489.341749631,455102.89214360015,1532252.4805475292,816194.2511587813,1626,0.3798036277294159,0.0836193859577179,25491.199726492167
2022-05-18,10,3194739.2104792297,8593562.880814858,2605944.664951677,6859941.927450252,582356.0162894644,1561524.0811496703,828651.0191310712,1718,0.3907727599143982,0.0828091949224472,24533.41545200348
2022-05-19,10,2897732.4251303077,9549634.65044786,2366468.643228829,7595685.258444366,569261.1666536073,1742295.4499397725,876065.171314199,2135,0.35185566544532776,0.0714971050620079,27450.286473751068
2022-05-20,10,2496526.7570479065,8715031.621852547,1985626.5451274458,6756023.246031545,398511.054904794,1443451.063399822,714388.0334557251,1512,0.35777026414871216,0.06203608959913254,22063.582771599293
2022-05-21,10,2478717.097704172,7717349.947006747,2086387.2848324133,6272084.1320909895,495773.98334093194,1512368.865403457,789282.5655208833,2753,0.37552952766418457,0.06625930219888687,28077.10794597864
2022-05-22,10,2400577.1299497634,6182327.128601059,1905469.0547096336,4960817.151184119,466189.39665776753,1222957.26119702,623346.7309311634,3645,0.3736252188682556,0.05317594110965729,27927.359792381525
2022-05-23,10,2117918.104865074,6432975.136511713,1738200.2911931486,5171418.6551902965,419420.93058817036,1258458.143777525,641375.2754813696,3320,0.3478878140449524,0.04970410838723183,29478.26801648736
2022-05-24,10,2165631.836038783,6270922.18619287,1731246.077416515,4931452.748761879,428039.5338677735,1205059.01936056,616952.0082095588,4229,0.36992040276527405,0.06108083575963974,28354.028273135424
2022-05-25,10,2339490.724573359,7464484.744538672,1880152.0496195406,5895518.388223721,465439.66067960375,1429662.4348550113,732963.0301470837,2630,0.3573710024356842,0.058447495102882385,30353.70309883356
2022-05-26,10,2489882.070948489,7785189.669700034,2000705.1733050027,6204245.391620737,492881.31733789295,1509297.274294686,762388.4726334119,3460,0.2840825617313385,0.028171513229608536,28447.422399252653
2022-05-27,10,2303443.4872175604,6305819.089192323,1846907.9135175082,5018924.755235516,448454.23776670825,1207757.3088904934,622094.0710617967,4036,0.3685738146305084,0.03765704110264778,27600.429825156927
2022-05-28,10,2707046.918898642,6231995.827164955,2113330.582384332,4965790.701953933,534850.8469005921,1242428.7033090345,637372.4309016718,3339,0.37749454379081726,0.05932630971074104,23081.668281257153
2022-05-29,10,2562245.0966873765,6035485.703137204,2021958.9790707573,4748211.776465052,512353.62113888474,1193973.0068683147,611865.6822741113,3763,0.3758190870285034,0.06091005727648735,26169.14889934659
2022-05-30,10,1554772.1819685698,6105193.734632969,1207573.8245762885,4801595.579166036,292436.60928698286,1176603.8395531224,590076.2592221902,4191,0.3016818165779114,0.025438224896788597,30305.52132883668
2022-05-31,10,3054296.639937967,8573064.89562168,2463129.3054694957,6733934.018729018,609268.5972140718,1689002.9703855687,857710.506272899,3420,0.35914188623428345,0.055304210633039474,20245.144588679075
2022-06-01,10,2286082.5658671707,9226557.87904805,1974871.7318222963,7246756.694347367,467685.8136791731,1754395.811830341,883647.6097649586,2663,0.3591260313987732,0.06003005802631378,19809.51710051298
2022-06-02,10,1605957.0410864353,4772079.973529786,1316583.4030378473,3735660.249658403,336014.93247970706,975768.9151396687,501720.8862414522,3522,0.37300604581832886,0.06180459260940552,26124.3536850214
2022-06-03,10,2018325.9179278314,4579215.13645485,1611045.174877807,3602716.1803321764,418460.0261654376,930605.185681941,461084.1134510373,4013,0.3564651608467102,0.05141206085681915,28185.321388840675
2022-06-04,10,2739826.025396645,10751639.533399165,2277708.612615784,9257381.07468504,504483.9625484776,1898104.6915134836,898272.9697458043,2262,0.3380720317363739,0.04641071334481239,18342.258803784847
2022-06-05,10,2218567.9044778645,8219034.7238642275,1606418.9617392232,6624529.113480835,415010.0875578357,1494420.8943619193,628438.783116754,5165,0.2713131904602051,0.008489084430038929,33117.019039690495
2022-06-06,10,1701528.6044086516,5957086.637380503,1331831.5313320695,4730530.812549235,334169.97813579335,1081255.2928873517,556380.7216839538,2722,0.06250359117984772,0.003403451293706894,25522.781192809343
2022-06-07,10,8606765.665498018,22487847.15736112,7265150.158497225,18327111.823902614,1377325.6330201472,3637882.529023707,1666563.2390970076,3506,0.1457282453775406,0.008097232319414616,36914.01708486676
2022-06-08,10,10957551.131887883,22762035.151667893,9490321.051279595,18403969.98410496,1820440.0450725588,3690465.773545943,1649400.5449864133,3756,0.2181597203016281,0.005618652328848839,50040.61156257987
2022-06-09,10,3479960.4666377306,13212656.373464026,2773322.6880457336,11500158.444987632,444422.99718992726,1961700.9470516718,825026.1135730968,3035,0.21898384392261505,0.006630869582295418,27259.993145167828
2022-06-10,10,4855103.666565016,22281865.667970598,3874835.8821382755,18102331.268095292,737745.7827781602,3590757.153699651,1684818.3649435434,1949,0.16025221347808838,0.013796787708997726,28482.10076570511
2022-06-11,10,5678909.874986768,17981264.002266333,4900582.783378533,15282747.247604245,817592.6905808642,2848613.1529285233,1287604.58492074,2634,0.19193173944950104,0.016254838556051254,31448.071084856987
2022-06-12,10,4649811.3112086505,19324302.028540537,3727999.691120237,15925456.86892623,732948.9277779225,3174303.1351319235,1503084.3984103464,1726,0.2729507088661194,0.020425349473953247,28831.754139065742
2022-06-13,10,3655926.621879339,11773778.00226894,2692335.490794261,9856875.16183813,444426.4449035574,1762216.9578822372,762912.2070912388,3304,0.28722330927848816,0.015089194290339947,31166.88301578164
2022-06-14,10,2197931.8671147376,14747768.419320986,1849264.825883286,12711551.836911138,311462.7653492468,2301526.729751742,1017830.9886709074,3646,0.24232611060142517,0.008384051732718945,32910.66823551059
2022-06-15,10,2458977.670028612,8211806.101222947,2090225.803643513,6563856.552423115,477698.33357490925,1464971.500519342,701742.7465317876,1658,0.10369348526000977,0.0026452625170350075,25475.396546453238
2022-06-16,10,1675491.5759374946,5755827.3265098035,1433184.8177584563,4734405.15421625,314109.3688426268,1144904.9748969742,592039.7452181615,1903,0.1184292882680893,0.007196201477199793,24005.293818593025
2022-06-17,10,2545732.680878803,6531946.996459335,2070273.4210492866,5152352.796003291,518785.46534791065,1254194.5242337037,627746.8316162939,3654,0.12008041143417358,0.010461775586009026,25785.020297288895
2022-06-18,10,2929728.7877286524,8439655.062480643,2441666.5479574697,6743887.357389234,570867.6895388636,1612524.3768415083,844556.6737391485,2370,0.1289234757423401,0.011734523810446262,29991.806726574898
2022-06-19,10,2202375.9506240934,6707555.05641637,1863987.0360051594,5342795.074477229,454571.075263179,1322972.7410735365,693915.8017422233,3283,0.20035624504089355,0.011310120113193989,26430.246007055044
2022-06-20,10,2677731.1544571966,7372096.556177326,2242296.674891529,5876676.611321499,537596.8905397528,1422953.3079382712,726480.5161588397,3579,0.20608878135681152,0.018932826817035675,26724.512595921755
2022-06-21,10,3186862.4772316813,9330230.22130613,2566640.8970213975,7435247.264730304,603054.734997524,1617421.9470074151,777902.2279122623,3154,0.21287201344966888,0.017704278230667114,32902.4536318779
2022-06-22,10,2191946.102735251,5014297.461818501,1844803.0701788298,4053578.62165316,446427.8849473363,1010492.3469180032,515228.647887475,3230,0.23197852075099945,0.019301924854516983,26622.870102763176
2022-06-23,10,2943346.3054751754,5915036.665154144,2219614.46800021,4631211.122521874,510704.98953001504,1060745.9924551258,569885.4662771528,3084,0.23054085671901703,0.013641435652971268,29691.63158479333
2022-06-24,10,2391345.0411943346,4828497.2520734,1862316.4966849298,3945754.7830274203,482680.661459434,966896.775994812,505151.6419930209,3779,0.061604421585798264,0.0018892264924943447,27761.77762886882
2022-06-25,10,1552969.5726115853,5285260.119558118,1211529.7419632585,4200308.3750334075,312828.25887147035,1003086.4899793073,547199.4081120997,3281,0.1410326063632965,0.0036083972081542015,29354.132037252188
2022-06-26,10,556032.7222856656,3898943.5548578724,448443.763950714,3159962.5607997347,112343.83548781663,750418.571575684,440812.83640305675,3005,0.0806146115064621,0.0015398345421999693,23084.473028808832
2022-06-27,10,1096807.5303634554,4466172.708219901,860744.0851056222,3478552.609568587,185776.3538613901,758896.8405594418,404153.9245810108,3304,0.057446591556072235,0.0014608550118282437,20020.909566283226
2022-06-28,10,2209479.8138357773,7481951.12098223,1755643.6109109083,5946991.0386467315,352204.7609966437,1207954.029013399,587235.5415484641,2295,0.05496751144528389,0.002408344065770507,18658.943720459938
2022-06-29,10,2444431.6471797302,5305604.316539817,1952712.8857332305,4236250.6229588,479744.9549837834,1040235.5427115986,525365.7084998598,3537,0.04887835308909416,0.0021935049444437027,26672.93934211135
2022-06-30,10,2817663.1020372137,5334015.484970495,2220867.9096301454,4170489.0471982537,541125.8326465167,1040699.8629882575,532426.5336291022,2599,0.08190913498401642,0.0036542618181556463,25621.347814261913
2023-02-01,11,2310726.074841693,7508876.155567586,1821412.3283430852,5913827.342533073,473284.10438144126,1510678.4664427862,773642.0962037435,4733,0.41149893403053284,0.024272074922919273,21079.09259790182
2023-02-01,14,3327462.845739402,9062490.42302385,2697801.8950751834,7156541.7976628225,686429.1838752595,1789228.7280399872,914560.7942948552,6382,0.49430325627326965,0.061754755675792694,22422.75536620617
2023-02-02,11,3548356.7357923537,9128831.307791889,2908901.638197842,7191012.828538296,727884.0177490816,1819159.3940299777,923778.0345829246,4646,0.3725587725639343,0.0195879265666008,24688.304786771536
2023-02-02,14,3756304.2798245326,9484262.506236136,3115890.476018345,7416173.021162177,787233.3968530286,1882664.8905290314,972578.4577709783,5569,0.4329206347465515,0.03476874157786369,24278.110556662083
2023-02-03,11,3628759.8453845754,8658479.05129604,2891376.4687861386,6847774.431795028,698832.802203063,1690426.071729513,886901.595140336,4492,0.3578767478466034,0.02602638304233551,21714.0050855577
2023-02-03,14,2974241.0992238373,6950327.055175535,2310839.6088792076,5491719.89322784,585938.2880389591,1377855.5527955396,743907.5605337392,5312,0.42448681592941284,0.04431921988725662,20232.149146527052
2023-02-04,11,2591828.1005019024,9995780.557789624,2146261.282377084,8039420.748605728,523165.9700048108,1924588.8413667195,968753.1187027567,4651,0.3978478014469147,0.028945304453372955,19685.714361190796
2023-02-04,14,3866749.1327581033,13387264.96256058,3326858.849050567,10665246.571705896,769024.7817655541,2486700.3649431504,1281751.1711417406,4859,0.4355809688568115,0.04251788556575775,21349.104178130627
2023-02-05,11,3733193.569188416,9473604.223884396,2981589.508879576,7471934.653139988,751529.2722121886,1870149.8285878587,967741.8856349,4970,0.4122324585914612,0.030217383056879044,20069.43791332841
2023-02-05,14,2589135.3183579296,7821560.784523085,2057974.5411586561,6235613.667781602,520750.2132011746,1542746.7689543753,837398.7119395835,5848,0.4802826941013336,0.06984947621822357,21655.759104132652
2023-02-06,11,2510818.1123750135,7796236.424099743,2025949.4556383141,6106131.485922705,494785.9002533086,1539575.3278573586,789794.3177261566,4187,0.3909561336040497,0.030218416824936867,19103.991897433996
2023-02-06,14,2486825.8162689507,8032530.125661209,1988439.9650692544,6379301.856596589,517466.3444633548,1639347.5241605644,878866.8189293338,6238,0.47290152311325073,0.07894007861614227,24817.49089729786
2023-02-07,11,3812473.184988141,8901422.539205447,3072295.7768011754,6964293.576213731,781448.4104915932,1758345.833430249,915528.7256689301,4182,0.4079747498035431,0.03153287246823311,23899.71025469899
2023-02-07,14,2160001.7700733393,7442538.4782722965,1785269.6955018993,6016571.787227879,459196.0628564984,1492916.51543358,830961.111042269,5920,0.4504257142543793,0.0676143690943718,22518.180892527103
2023-02-08,11,3366857.723236382,6733733.037620753,2630156.69200397,5274174.153131195,710091.7807750163,1351162.123318812,709271.2379538475,4272,0.4177122712135315,0.028342582285404205,23284.901357203722
2023-02-08,14,2484189.458655402,8415284.76286804,2032543.6512115868,6730532.547201482,512983.0614723309,1693314.8180049132,904309.2839621087,6438,0.4847090244293213,0.06979095935821533,23866.427706480026
2023-02-09,11,1708050.5080918446,6118071.011434615,1391348.9574808378,5046494.901714301,333070.10419877036,1224956.0508807534,683750.9834938319,4038,0.39912059903144836,0.027456527575850487,20715.543860077858
2023-02-09,14,2078560.534947887,7167790.221062392,1729873.9373410866,5689310.680650715,445505.71339688386,1379070.796975387,779162.0499021006,5433,0.4311250150203705,0.048099108040332794,19725.71519973874
2023-02-10,11,48705.82320767641,1250698.7030610591,36568.64522616247,930141.9694155839,13356.268559141732,254096.16918011187,132699.71562342154,2134,0.2734982371330261,0.02013869769871235,17337.764977395535
2023-02-10,14,853495.7207354903,4075812.090556495,652248.4811188505,3308277.657395686,159328.43142871984,803854.0293972739,426537.89545544784,3675,0.3622443974018097,0.03253857418894768,21272.531894654036
2023-02-11,11,3551358.404652223,11495368.13621232,2812719.3098974875,9006714.01650128,655955.1347689456,2053025.936656727,914276.0090630603,4315,0.11279275268316269,0.011450125835835934,44546.98959687352
2023-02-11,14,5052095.299620926,13087141.34336926,3962772.7671886357,10423841.633954797,914777.9083870589,2311923.628432351,1033189.9967048994,4736,0.31429916620254517,0.02222687192261219,41361.839771568775
2023-02-12,11,1341430.7990590334,9618418.17997317,1197733.0561054912,7756251.567533249,250784.56870011747,1754539.4319945392,787971.865168699,3101,0.1282830834388733,0.010110664181411266,38726.04150348902
2023-02-12,14,1842684.4332391173,8136103.910739236,1302030.3080345658,6252381.629656868,356062.95515366603,1522160.318841729,666072.4601507257,4881,0.29570165276527405,0.02035830169916153,36866.73423194885
2023-02-13,11,6532942.444077015,15474098.240516946,5418298.745567333,12540658.66314615,1100285.1062752951,2569797.608536035,1089732.1897369062,4974,0.22680313885211945,0.009125488810241222,36798.15467810631
2023-02-13,14,6053431.785821125,16784218.308404103,4788224.344152037,13320237.619121559,1093445.4739441364,2874574.9884966323,1238708.34652742,4792,0.243196502327919,0.011273270472884178,39996.56037965417
2023-02-14,11,1796334.417173937,7951859.384003043,1203270.5800558191,5807718.288722193,286061.51736010896,1358928.8039387618,537209.0171749903,5325,0.19331927597522736,0.0116038266569376,36331.47170224786
2023-02-14,14,1808345.800748378,7690672.056190208,1685453.021633902,6729879.1773917675,333129.8790403347,1350422.5364804692,578216.5186225052,5079,0.23491273820400238,0.018594015389680862,24843.875400692225
2023-02-15,11,5592980.964677662,18315664.35484208,4206556.184662862,14281907.150980638,927785.3483087341,2999310.1851877756,1264430.5704087918,6056,0.29445475339889526,0.014179054647684097,33653.203776061535
2023-02-15,14,5335559.671231419,18087507.53376846,4571762.85027844,14335300.426289603,954795.7712439938,3057557.4613396884,1351115.5774476307,5815,0.3320730924606323,0.016874510794878006,36238.23848345876
2023-02-16,11,3027942.3934710026,10977569.851657517,2243739.167023761,8520913.320926411,510455.3177399655,1825564.9664311702,771216.1680553191,4821,0.26798444986343384,0.016740599647164345,34956.32729625702
2023-02-16,14,2330540.5752423555,9065986.342106298,1947529.5411054047,7553142.79643091,417342.23003535444,1603580.3631894635,666009.9412114049,6524,0.2886696457862854,0.02208786830306053,39480.707340329885
2023-02-17,11,6017479.760649487,16612903.15121086,4210124.097096634,12786239.946631793,1000222.5341239276,2726531.33287911,1189882.121080049,5580,0.23169657588005066,0.018845241516828537,34509.817139297724
2023-02-17,14,2846782.053071916,11643251.302042663,2218428.722494044,9102505.961513547,503526.7333270422,1989141.800251955,853662.3980848533,6546,0.395069420337677,0.038775552064180374,30339.405806809664
2023-02-18,11,4669859.012020901,14350615.050070122,3565437.762046322,11155056.332565159,815108.610343311,2383138.7990132556,1065842.5189727617,5234,0.289240300655365,0.01782078854739666,38151.25388851762
2023-02-18,14,2359114.379607886,11922300.979425803,1739834.4140249612,9032509.980187844,366418.7983334168,1910106.6222937012,772917.153117155,6692,0.3406084179878235,0.02294963039457798,24726.290955126286
2023-02-19,11,758000.2251711413,4394395.381169245,604124.3212538783,3428667.0531023177,167851.7048032825,818231.6979238394,423196.6433012659,3503,0.2761865556240082,0.012768873944878578,18990.63038483262
2023-02-19,14,3770112.1012076735,12162934.660382345,3307135.6403065473,9925242.32934076,664483.8621177016,2162590.3182878057,895099.4647650773,7434,0.3772912621498108,0.03326591104269028,34039.968268573284
2023-02-20,11,1880803.0932787359,6896296.962963656,1375464.339562954,4968221.571618991,320912.8622196752,1120039.2625683353,394515.23612625455,6655,0.4181661307811737,0.03585235774517059,29069.44555491209
2023-02-20,14,1470865.846835196,4702593.891223751,1160775.0662926827,3714317.903841066,280067.53735495266,871133.9444547846,447590.56572856504,6062,0.41779273748397827,0.04522164538502693,28806.12338516116
2023-02-21,11,1287677.843966037,4506507.350659609,1015398.9196098171,3406557.4747349285,253118.83708189713,847595.7423637977,342948.76564075425,6740,0.3789774477481842,0.040619492530822754,26781.56014919281
2023-02-21,14,1486940.469784081,5147333.5872789025,1193888.157783608,4218488.273969741,294160.76769917563,996300.3313353795,434502.22950555023,7517,0.3940834701061249,0.055950894951820374,20620.434362500906
2023-02-22,11,2251169.388210371,11402630.757735759,1694186.5616043857,8630536.71448471,419663.053019427,2024513.4394611786,933068.0269401588,6693,0.4457431435585022,0.06132116913795471,38616.18494719267
2023-02-22,14,1658086.3238861263,6832504.41840145,1286028.727248587,5448521.738964021,312923.959261046,1254086.6683424124,522349.54673050705,9840,0.46811333298683167,0.10010465979576111,20621.91435855627
2023-02-23,11,1558087.8498425186,4794933.8030638695,1217074.8079367466,3683402.8981846906,311267.7709991458,958721.952983244,465519.3646496518,6533,0.44352802634239197,0.06170088052749634,31179.484886437654
2023-02-23,14,1951252.9229568243,7449311.069377422,1514931.956768209,5845245.747554984,378859.59727692045,1429944.4115845014,669271.3457389219,9679,0.46474704146385193,0.09784223139286041,29374.881412416697
2023-02-24,11,1787665.292366892,5221704.6183431,1440602.055112115,4161265.176680988,364618.56401409465,1090566.3389339303,533220.2745766921,6695,0.45487576723098755,0.057526398450136185,25735.216539293528
2023-02-24,14,2340297.090448618,8429562.104888141,2012031.5202731926,6786349.786262845,436396.6565972147,1546609.7505256648,646693.9414192308,10079,0.4917026162147522,0.1068188026547432,35100.963067382574
2023-02-25,11,1732033.9793901443,5026477.205491796,1395740.7898831232,3987263.5418130285,333288.32930072164,978757.060663615,465952.2948319838,6659,0.4143775701522827,0.054030075669288635,22337.416022598743
2023-02-25,14,2208594.7051097304,6478554.0689795315,1743720.5228575417,5191671.408709636,426117.6952507907,1254872.044828589,634920.1950725417,8787,0.4544624984264374,0.0708107203245163,27143.3370308578
2023-02-26,11,2709971.239206478,7983630.930931494,2164775.0673792413,6366357.771362339,510751.7017150673,1493097.8253225056,724543.3618889389,5957,0.42632073163986206,0.07001269608736038,21767.088461071253
2023-02-26,14,2352017.205321282,7928338.956281379,2012223.3975957446,6495164.276027827,448199.8256809125,1488180.6626455765,695985.8469053706,9303,0.4725283086299896,0.10551894456148148,27613.680323302746
2023-02-27,11,2205318.5680419058,7335261.693033703,1711463.783877168,5626548.477145729,419078.82168854796,1397595.7104267408,673897.2646707379,6178,0.4524534344673157,0.09596047550439835,23793.70282381773
2023-02-27,14,1965440.5268199742,7020464.658964917,1605853.6940411285,5705517.0485827755,380461.412680461,1323312.6392841842,629528.7853107778,9572,0.5081559419631958,0.15206682682037354,22144.917183846235
2023-02-28,11,1469792.3626284003,4285781.0387057215,1187187.3811735646,3349596.6171116065,292536.7468953556,849902.4833393986,422050.3192935176,5644,0.47143590450286865,0.11092158406972885,15790.42848405242
2023-02-28,14,1830252.35536775,6260883.467963129,1439688.0957215969,4890259.972188296,359765.6249978979,1214605.3550594817,618510.1254521903,7826,0.5072875022888184,0.13068895041942596,23664.074977219105
2023-03-01,11,1381233.6206132472,4107345.953478262,1060439.2933367086,3195171.7415809734,266979.7862657156,789387.671084569,375527.3320304147,4803,0.3740438222885132,0.052994851022958755,20631.71072921157
2023-03-01,14,1409434.867923677,4118182.892414406,1137450.6454651454,3223270.9070852934,274725.4242645094,810245.7542344832,422982.73362615687,5763,0.48328301310539246,0.08081331104040146,20408.658238261938
2023-03-02,11,1688949.8350644708,5884180.021055579,1286123.7129163693,4659690.875482299,324746.5451405437,1140797.4597732334,584528.9113293405,6834,0.4327319860458374,0.06271185725927353,20575.972650170326
2023-03-02,14,1625691.4669522047,6482232.561827585,1457453.2996231425,5587424.940436701,306306.6110068244,1202082.6864059288,572875.0803448575,8066,0.4393828511238098,0.07596125453710556,21015.20258396864
2023-03-03,11,1023028.4087605849,4844195.962190561,779527.5950629262,3790111.8409281974,193467.2711128897,940970.961783862,469675.2032117591,6176,0.47143569588661194,0.10550102591514587,30701.718757480383
2023-03-03,14,610340.0057278275,3777291.2949876934,485891.2934662034,2985492.110850226,130013.07890767259,725104.5141956508,382582.8138060828,6362,0.507480800151825,0.14788295328617096,18966.075959265232
2023-03-04,11,99395.79903548956,1367802.0128971934,81559.47822853921,1074536.471304359,21818.13831275647,278457.9958675945,152621.50656937243,4766,0.5406067967414856,0.11197874695062637,19789.224048614502
2023-03-04,14,144314.00482973456,660904.1801884621,111265.45096347452,519091.86927128374,29366.104818026404,145530.29293523918,79613.27515506513,4552,0.5108699202537537,0.22617000341415405,15288.279539555311
2023-03-05,11,226835.18472345173,1692197.3380437866,165066.9731920698,1299465.9041544725,48121.09496000838,330081.8867497746,186647.7654235477,4353,0.4890232980251312,0.10659272968769073,19959.31745609641
2023-03-05,14,105689.29149088264,510216.05803848803,79612.58242006553,413725.3485163434,23309.116768463755,118129.39535914615,61587.86067307661,4521,0.5073061585426331,0.22597360610961914,13865.883824050426
2023-03-06,11,895387.5004326105,5166707.438861027,737314.1496067403,4151105.760567801,173050.6602492817,953463.5017536954,456912.2901995481,5569,0.4633719027042389,0.11741744726896286,25907.132306545973
2023-03-06,14,172022.6111869812,1425741.3704564571,143589.72635589703,1187426.2767988527,40163.83918220766,303356.5060008226,148143.64802124648,6604,0.4959122836589813,0.17407409846782684,17379.476945012808
2023-03-07,11,1095886.1750371158,4486668.865073219,894149.2156592609,3606579.0114852996,207663.41246629032,809540.1655924383,393481.42587735865,6142,0.46339792013168335,0.11814098060131073,28755.5723592937
2023-03-07,14,696199.9490532279,2486792.8153531253,572677.4252413476,2042105.15501616,151910.5245879037,535477.4583305281,269822.5970231469,7998,0.484214186668396,0.1432996392250061,14871.30408334732
2023-03-08,11,992543.4234199226,3635402.612895012,776811.2004688962,2928323.7805199497,200687.21131553868,723820.7966329835,381275.7665793498,6890,0.5160238742828369,0.1508380025625229,17739.814544647932
2023-03-08,14,710453.3827959597,2748236.1469735205,581662.7600540805,2293968.9027054813,149468.91522174104,560006.9593031991,267951.4562739767,7961,0.49701181054115295,0.14381256699562073,26144.49272212386
2023-03-09,11,991160.2734175622,3152017.3192992657,766718.0150784566,2525006.795130499,194361.62707189232,628773.6115988549,347570.821074714,3783,0.4593622088432312,0.0713961273431778,19512.447154164314
2023-03-09,14,933624.9593269527,2655769.0299258083,760025.2059653328,2122190.5583867235,192307.80405183157,545164.1768726478,288741.9743705447,4933,0.493208646774292,0.11687396466732025,14600.79100894928
2023-03-10,11,913747.6073238254,2304035.607689351,752487.264123678,1849848.8988955384,191392.61439982022,488251.3344897293,262449.3839413219,4672,0.47488415241241455,0.12194805592298508,13301.628078341484
2023-03-10,14,1163217.076009661,3854984.949670732,932274.4740324335,3105755.9419360263,232855.85800006753,747651.7284811602,353177.2179813263,8252,0.534027636051178,0.1645054668188095,15049.815624773502
2023-03-11,11,1133975.1582429707,3879058.9135197997,929697.5429684481,3081380.415697326,217079.24959564034,721677.1401751817,342497.0820553675,6634,0.4960787296295166,0.15267296135425568,18961.629909068346
2023-03-11,14,1155114.0634061098,3844135.493813455,920720.8674191728,3098085.281978082,232768.64852950757,747545.9608661614,353552.52749475435,8122,0.5241222381591797,0.15500876307487488,16988.261559069157
2023-03-12,11,518367.08429795504,1387171.544343084,406133.6777738633,1051298.1502120802,110289.0972699255,304283.4414743528,159047.92936079932,3972,0.45900166034698486,0.05301651358604431,17607.332870960236
2023-03-12,14,1050175.9777839184,2593932.7072987184,820232.769522297,1991048.3453753763,204796.41819929262,542704.4195652832,260926.5080799397,3653,0.40621107816696167,0.02014697901904583,25329.266024708748
2023-03-13,11,1609307.6814113855,5341569.793909863,1277890.6937608963,4174855.4223113228,329586.72024529433,958703.6665319982,482572.9361209937,3920,0.32292819023132324,0.029833737760782242,29623.481300890446
2023-03-13,14,568295.9574425817,2796223.8379594386,464024.4663321503,2230014.914589221,129124.21990356853,565644.8302980918,282576.78012939374,3645,0.350218802690506,0.048105839639902115,13923.267916113138
2023-03-14,11,1140586.3631060421,3972305.2590720505,868830.4310050646,3175902.6018641302,197006.72955920378,693746.7403528851,368059.86819539586,3952,0.4183295965194702,0.1016349121928215,20648.73626768589
2023-03-14,14,1031665.0511358678,5375922.118448004,892982.4661876675,5003525.404954035,207853.7170644006,1028861.9262451588,492715.235313026,4923,0.45785149931907654,0.10718520730733871,29204.96145248413
2023-03-15,11,647481.8383012265,4941202.295626581,582130.7878809227,3892891.568197355,128770.71279091366,859291.348212607,436034.5720510185,4137,0.438381165266037,0.11574798077344894,17905.851674824953
2023-03-15,14,495823.2218462676,1660884.4803455025,407051.7758167903,1391889.4007539076,116130.05703368629,395037.7950182374,211619.4732055428,3467,0.45905813574790955,0.10948003828525543,16839.745694071054
2023-03-16,11,1095540.3350109905,6467425.612771049,859368.210227835,4986838.21585313,197929.8294650907,1071152.3520524278,466021.53485424654,5132,0.4133274257183075,0.07916028052568436,37144.0396040678
2023-03-16,14,609659.7139538378,2562141.4620728344,500263.529055496,2037621.8552949976,133092.1657652139,549640.4365218865,269007.7203480868,3843,0.4109702408313751,0.08473477512598038,19014.249655634165
2023-03-17,11,1019315.2575214952,3968221.884987697,899435.6500537726,3272720.7845167443,207802.2418208747,748018.1775253806,330773.1153179045,6071,0.4761025607585907,0.11472198367118835,20559.182538211346
2023-03-17,14,1188267.6191500127,3749220.0551371276,1055841.5790515463,3122351.6343591213,231945.94874760078,714232.550503516,336233.7429103487,6533,0.47978055477142334,0.11212539672851562,24259.13318821788
2023-03-18,11,1176346.4887022376,4226501.113410473,981602.4924432648,3435034.3264520923,225582.23723596253,771596.1754586211,318972.75025700394,6466,0.4873028099536896,0.13869616389274597,22514.410112708807
2023-03-18,14,1098542.572196722,3839764.7163928,916857.5803724572,3132288.3400395275,227778.70094367047,779366.779483991,386443.76608589926,7195,0.485803484916687,0.14365525543689728,24259.13318821788
2023-03-19,11,1036679.0850407928,3469836.5817086548,839720.881130179,2801073.3792776256,214430.22657610883,691206.5355033069,364650.8581904486,5429,0.47251415252685547,0.13701407611370087,17544.948203116655
2023-03-19,14,1107535.1905855536,4197993.610865727,917735.4309076177,3488359.9307345776,221929.1339471627,809633.5590114929,382377.9947490329,6997,0.5071720480918884,0.16183117032051086,25458.468124866486
2023-03-20,11,1363136.8117871583,4563055.745110959,1071410.8300211136,3581489.87203205,263070.2901429186,886630.6980045061,439388.445623629,6095,0.48476219177246094,0.17285476624965668,19699.78737306595
2023-03-20,14,1432205.4313159883,5652406.800608501,1193648.5070237191,4622509.2883914225,268808.1159299359,1043911.102246259,488467.60880684434,7908,0.517003059387207,0.16541816294193268,29106.634545594454
2023-03-21,11,852783.9953793883,4601616.520208091,713800.306682563,3771245.9611739796,165961.8532311708,867512.7454037624,412587.97706311697,6302,0.5046700835227966,0.19931595027446747,25241.950221270323
2023-03-21,14,875088.1532144547,4228219.229521364,721961.4007088178,3452299.4520677603,178258.30236136873,841103.3685600532,412624.34150828596,6635,0.5146187543869019,0.17596642673015594,26469.268343001604
2023-03-22,11,1610759.80778265,5365610.711210877,1329620.1760205152,4434087.639505088,292875.7502821626,962301.0353168481,430778.1005292643,7809,0.5320266485214233,0.1629067361354828,20476.564988195896
2023-03-22,14,1589860.9098065794,5393223.390987843,1309537.9959671574,4456928.017369523,297406.21719273215,990154.7647173733,441685.728795357,7903,0.523709237575531,0.14379549026489258,24965.130477637053
2023-03-23,11,1334782.906829238,13485614.188089296,1311791.8785107457,11620487.946949773,247040.55538711068,2331717.4353550794,1023144.6835537795,5204,0.42094361782073975,0.03239152953028679,32097.459812819958
2023-03-23,14,1666330.1905694008,6124599.487922579,1358327.3676615418,5157221.252560395,283588.9464287467,1019725.7645329321,351178.8989382837,8466,0.5380375385284424,0.06802519410848618,37082.4059381783
2023-03-24,11,2000119.883225739,11167954.75064382,1552857.3016677783,9029096.573711902,331751.92377149477,1873599.7090929288,758660.9585019986,6844,0.4349667727947235,0.03703048825263977,24646.283908307552
2023-03-24,14,3381919.114908606,16735945.879446775,2957194.425670414,13897746.70619947,591499.3793350079,2914544.3425538987,1335666.39806563,6118,0.4453214406967163,0.03106854110956192,26578.619329988956
2023-03-25,11,8047370.805249631,20029971.13240382,7269991.941302289,16173592.347901918,1455718.07839585,3385389.295325145,1538471.9769709131,5929,0.414943128824234,0.02567640133202076,29691.621389001608
2023-03-25,14,4899140.547216505,16827059.87133667,4276907.1710913805,13867766.523842294,900111.8480933787,2955721.934943684,1330562.4032866901,6487,0.44973209500312805,0.026600785553455353,35097.462027937174
2023-03-26,11,1598084.3283516467,6974364.826439172,1257294.8662901532,5325400.859121421,255185.40259255815,1074276.8789417795,352079.3845261157,6682,0.4795207679271698,0.03810517489910126,25558.54098007083
2023-03-26,14,2652592.6586753726,16127334.708756655,2219444.4174466357,13467248.097432652,446914.7210663826,2773826.6023282483,1186186.281846964,7884,0.4784441888332367,0.04501444846391678,36567.268198758364
2023-03-27,11,4885418.1614044905,21778974.362116545,3626457.719311268,17513570.725931697,850082.7685945062,3609837.392014386,1596976.368382867,6490,0.4603276550769806,0.050924669951200485,34203.83021965623
2023-03-27,14,2662789.0133049786,12688124.125164956,2283726.1206211536,10764144.227084896,477009.9911401601,2216055.1049531214,906443.566470935,7605,0.45822691917419434,0.046050507575273514,37780.84114432335
2023-03-28,11,3930603.5267316997,17147133.264926746,2939101.5448454255,13470350.23539547,618457.363952036,2885104.4622510923,1276437.715167177,6616,0.4729846119880676,0.11427111178636551,32221.00753518939
2023-03-28,14,2470589.0587958843,13841061.962086573,2052891.0294364304,11867657.989307571,473211.6197423342,2489624.967410775,1109235.9504199447,8091,0.4946809709072113,0.09797930717468262,36094.826373398304
2023-03-29,11,2312369.1923381686,11135118.281568713,1891826.076634177,9052796.675964255,438587.6537120944,2054707.8186053003,932540.7643398606,6987,0.4795258343219757,0.14149683713912964,27170.077618807554
2023-03-29,14,2105665.6454304904,8038089.156762049,1688226.960505478,6479219.58602328,409681.30229658756,1481541.8139349166,671181.3092479496,7997,0.5186364650726318,0.13746404647827148,35880.35835367441
2023-03-30,11,2454911.954538971,8805868.435583904,1981351.4610648875,6985224.833919989,445709.5252804842,1541806.3436597972,669443.1858338616,7722,0.513818085193634,0.1775740087032318,27107.83757379651
2023-03-30,14,2060647.5653055012,7055587.640768155,1649037.0161049953,5546555.250721076,416128.3501440181,1366011.4794303451,654230.1979958935,8765,0.5177509188652039,0.1467035710811615,26908.173293977976
2023-03-31,11,2003432.6059970856,7071471.874488056,1611105.951560205,5562057.3248184,398613.2281231551,1355267.426462691,638949.2490890033,8079,0.5288946628570557,0.21218711137771606,21666.132651895285
2023-03-31,14,2065235.5527323782,7020542.657668352,1651702.4000137136,5475025.3297899915,410820.2334313312,1350123.199870123,640072.1674436259,8890,0.5335781574249268,0.1554950624704361,31029.765766054392
2023-04-01,11,2051563.8276246786,7473157.0337331295,1619451.2353981934,5886001.6529828645,387113.65622061206,1382953.443767639,642042.3647926188,7995,0.5362786650657654,0.22562511265277863,29359.937655061483
2023-04-01,14,1928321.7052986026,6856899.244722247,1485911.766267243,5307379.5387026705,377521.4379313394,1307057.3246906912,614429.3422314466,8638,0.5480046272277832,0.16702786087989807,25028.107083648443
2023-04-02,11,2262293.515313372,8231014.9012874365,1750853.4374987562,6367846.616034079,421560.1821509227,1523151.9441666603,679327.3899490478,8437,0.5630455017089844,0.21454498171806335,46481.00266161561
2023-04-02,14,2126432.5811558515,7422096.803882733,1651713.7751734385,5760798.117029262,400169.51634983893,1382613.0199352328,642355.7928208112,8923,0.5541386008262634,0.16157692670822144,38541.00905454159
2023-04-03,11,2153430.8892362863,7368164.518783912,1637030.8255792395,5719270.4213417005,391585.4906036811,1324286.4024966431,555634.270775175,8613,0.5669003129005432,0.2007012814283371,36673.750482708216
2023-04-03,14,1927666.5299124569,6656103.495065048,1464491.5950789063,5353271.601981414,366917.7840363917,1250899.1124091526,552242.507568065,9371,0.5704008936882019,0.16426730155944824,40551.04868808389
2023-04-04,11,1555222.8129651248,4311606.340450689,1187618.8657452962,3237885.640018385,302386.9631296734,845250.9553181938,346276.7669892482,8253,0.5446301102638245,0.15081918239593506,37740.449676185846
2023-04-04,14,1550122.4944206476,5803605.156150788,1200819.6300727231,4475287.149957926,303589.6961646695,1059228.9002591746,499994.86368139414,8736,0.5444015860557556,0.1394176036119461,24432.83370524645
2023-04-05,11,413186.36592549086,2428072.1946655363,324257.6748601885,2091079.0057726898,77763.15594926027,446473.9735499867,198451.67877695558,3189,0.14915961027145386,0.023114429786801338,26024.259876936674
2023-04-05,14,463437.0537107885,1379081.5369016826,370080.6809447855,1137659.0554895746,93800.44637826146,281049.33358345187,122720.12897903728,3753,0.2594071626663208,0.023992493748664856,22953.581148982048
2023-04-06,11,2159487.8263761997,4726661.492644154,1696422.4689198185,3677923.96018296,439296.05968657805,900226.6458883276,456035.58488050324,3705,0.08198538422584534,0.006552437786012888,29334.459146291018
2023-04-06,14,2476316.375794828,3674681.7220382392,1872339.1260271533,2864427.365328137,480687.854508586,742357.0180273091,368065.0754569582,4192,0.09756308048963547,0.008606060408055782,30330.676276385784
2023-04-07,11,2023787.6775752902,4372007.924700484,1492700.8367910408,3376596.0439331704,392688.37667027896,852493.0499149375,428930.1783394824,4614,0.1585690677165985,0.012365822680294514,29792.816306591034
2023-04-07,14,1868984.5915380716,4938354.059713297,1498859.731514944,3790499.0288501345,370816.6291326047,880805.8935180001,430894.91236794833,4204,0.21415305137634277,0.018881158903241158,22962.010252594948
2023-04-08,11,2023655.8569802642,4391399.208467618,1574295.1162043607,3364656.4838467487,403405.11408741586,850952.1471941706,428913.4887468328,4603,0.3420751690864563,0.017159484326839447,30268.68984106183
2023-04-08,14,1420325.35416919,4575622.012928776,1140069.4636153886,3521045.0181127307,292788.28827590734,862609.6492128442,427557.99076109356,4316,0.38039150834083557,0.02116132341325283,25069.7392321527
2023-04-09,11,1232158.90053308,3710004.2259928584,990590.049759699,2849178.8685545167,248443.155234074,745895.2757597719,374277.26392177335,4635,0.44393885135650635,0.048157475888729095,26791.84473222494
2023-04-09,14,1495830.1366763413,4665561.796195909,1225931.589195843,3668658.5167860095,298470.04805769457,893177.0722442392,450520.0820609061,4691,0.394883930683136,0.04002247378230095,24799.16953203082
2023-04-10,11,1088261.371402979,4500740.3704291135,898829.5475921487,3589807.789840768,228513.58951735188,910925.9729529693,449375.1975613746,4625,0.4791509211063385,0.11967219412326813,28800.694973617792
2023-04-10,14,803995.9259944856,3657842.912098244,705758.7714157857,3066239.0171124665,171228.41736202894,748525.7840491224,387927.7739091562,4527,0.5127293467521667,0.08883486688137054,25697.8365560174
2023-04-11,11,811427.5752227306,3733063.6494518667,698478.4336292036,3020098.6870964803,177812.70683024457,772636.2336695448,397155.0487352583,3567,0.5405421257019043,0.10186580568552017,26629.539549201727
2023-04-11,14,494083.77664655447,2470479.3658531383,408487.9588247095,2077398.1473829276,114343.8664087152,516559.69412487966,284109.25749004004,3295,0.5573849678039551,0.07508165389299393,19607.634213864803
2023-04-12,11,1675338.3364509344,6385545.274282321,1382427.7610157863,5310788.839684889,321257.3309403552,1161708.216933811,577433.9315758183,6145,0.4818669557571411,0.12275185436010361,27936.2392899096
2023-04-12,14,1606563.0192851126,5061847.310787454,1308551.0268972067,4114484.608254629,310419.41083336395,989344.7931966461,494437.2246613925,6117,0.48425185680389404,0.09302850067615509,25768.61519601941
2023-04-13,11,1042005.5150451362,4382581.886976391,817597.6869013286,3409055.3937780727,216004.17655882417,881545.1370309393,441971.07603308134,5139,0.5353524684906006,0.16398587822914124,30250.070532292128
2023-04-13,14,1511644.7506576777,5419347.312876269,1231626.1502701985,4309734.13293103,307278.4296303217,1088521.1599734388,562857.6208974809,6294,0.5024520754814148,0.12975247204303741,30746.875484108925
2023-04-14,11,871137.7805868387,2693995.965846896,714474.8906454351,2218156.6094552586,183652.23499315872,572033.8196264257,317704.9841448805,4478,0.5177184343338013,0.12549223005771637,21087.505552977324
2023-04-14,14,1245830.307140261,3417163.1171699464,1023468.1724199501,2724178.470983472,234678.1391367342,628782.6847462768,281755.5733286333,5203,0.49537190794944763,0.09702114760875702,45595.068856447935
2023-04-15,11,397806.7646997273,1630258.580763638,342791.72805367387,1340584.6793590556,95252.84560625977,361623.7103076539,173677.7984032772,4192,0.4467930197715759,0.06461966782808304,13494.367362618446
2023-04-15,14,502190.36998066306,1639397.5455009937,413313.2833761156,1262484.1918095984,96639.58012057943,337945.5193347597,162056.15897591432,4026,0.4171038269996643,0.04034867882728577,25554.31202185154
2023-04-16,11,1370347.0827637017,2932750.819852084,1067476.6528028157,2272542.2566241394,259464.07143597226,555625.2972457105,282151.2591650196,2402,0.3395678699016571,0.03908637538552284,27658.945513784885
2023-04-16,14,971288.4653648734,2401666.7307479084,805180.4557216899,1886318.627179679,210178.67269148031,527208.1715916749,255474.02076388747,3752,0.4557274580001831,0.08135074377059937,22661.993784993887
2023-04-17,11,2030674.6201871037,4142443.770486623,1545120.305110142,3200229.727979595,375259.2315664779,774976.8432297742,355649.9185721112,4239,0.4097791910171509,0.06281391531229019,23512.4695430398
2023-04-17,14,824886.1112812757,2292973.667468518,715190.1279169638,1924224.7183032215,181986.69627132738,491865.4485212254,244406.86355740856,3426,0.45001494884490967,0.0644225925207138,19143.415610939264
2023-04-18,11,918410.5264906436,5442616.449823856,809545.686130557,4409538.185926187,165385.7598160818,1034925.3026725379,529795.8745290925,2565,0.14269989728927612,0.0061348904855549335,19921.589042186737
2023-04-18,14,594370.1378822923,2666862.2067430317,461013.7432817207,2122964.167451745,125392.88458744195,577039.0040608037,283033.0488425673,3699,0.2154611200094223,0.008113489486277103,25057.156341463327
2023-04-19,11,4230348.308312833,14717442.825393736,3053376.7482245034,11506838.043885022,776291.4047033684,2487380.7551712836,1085607.0730109033,3632,0.24247939884662628,0.03217541426420212,45776.41286599636
2023-04-19,14,1316320.5702289045,8418399.52680105,1154282.9619258582,7267430.048660057,225736.8730841879,1386724.806654619,603831.8222368904,4161,0.3996630609035492,0.043685492128133774,23726.32256704569
2023-04-20,11,1403695.766757995,5281944.531740963,1130961.8963406724,4098069.178175056,273189.5896446728,1009596.5526794204,511437.3556389179,3872,0.3893515169620514,0.034972578287124634,23865.07950243354
2023-04-20,14,1200487.2399985194,4710558.809388265,961320.7962617718,3695325.58102659,202491.9723587458,829877.5622790067,399690.27852624515,4793,0.389907568693161,0.04164513573050499,24098.989740222692
2023-04-21,11,912392.5803995132,3269133.6340777427,754001.8769166542,2599227.969921056,183962.42201221804,671266.6508153689,323161.0412678549,4752,0.4052441418170929,0.03678678348660469,22887.28923100233
2023-04-21,14,1670275.5423246324,7524603.19282338,1396871.3311017253,6016656.845455693,309222.33393442765,1336205.5540279476,563140.3787647749,3995,0.3614693880081177,0.03436063975095749,28547.0633905828
2023-04-22,11,1849034.5847581625,6567404.399929881,1547670.254575557,5198140.629032673,331916.1265750226,1209977.0974268224,532692.3125189005,5145,0.42916420102119446,0.06523637473583221,33866.96568226814
2023-04-22,14,2497059.5061115026,16491814.624144703,2080414.702122235,13033961.39181522,434574.6244197253,2886647.8479648735,1340770.7708046148,6083,0.41980835795402527,0.04490296170115471,30095.836405694485
2023-04-23,11,2903633.9642941207,16146686.581070498,2185420.4238613574,12749291.384227837,535897.4423899299,2783193.9151932904,1267892.8987329816,4326,0.4489259123802185,0.08394670486450195,39140.65747457743
2023-04-23,14,5056204.000355035,19924166.499138415,4318053.252321,16255906.973426275,894042.0657828001,3453845.1871237783,1544655.7456795997,6904,0.4879937171936035,0.0687108263373375,37690.28053945303
2023-04-24,11,2597171.9847292304,11333098.54383345,2291920.0859401794,9142825.988794172,456439.93019578827,1923578.6751544876,831573.2212309174,4590,0.5013987421989441,0.08472523838281631,38833.18308752775
2023-04-24,14,3320212.656515956,17011535.086575866,2687213.7882866543,13679886.658483997,598188.957563641,2974241.5958764944,1384713.3527305163,5630,0.47206759452819824,0.05786546319723129,33953.444090008736
2023-04-25,11,4923692.793750346,14867413.769853033,4488989.682406966,12532342.455773348,866047.4120005148,2479809.0063292207,1102334.4661756395,4064,0.41416528820991516,0.027950963005423546,40214.64116978645
2023-04-25,14,361562.4934873879,6887090.408950806,292953.0680015844,5571661.143991694,71804.68696936694,1282204.1421814484,605658.5257831231,4101,0.3444284200668335,0.016825832426548004,21676.542784124613
2023-04-26,11,3403468.3366597593,13623197.450432807,2746386.425503833,11224142.929422826,573323.0727073879,2247799.813275943,928610.4053813121,4467,0.42182645201683044,0.028905954211950302,48191.542368501425
2023-04-26,14,3698041.4129862785,6103037.762726098,2940026.704667392,4858827.89311384,622209.0731923315,1089678.4398041386,584345.0921764912,3925,0.4558005630970001,0.045524582266807556,24365.453315258026
2023-04-27,11,3993767.1714430004,16236278.855753615,3170251.7164126644,13265745.926712878,673913.4837593976,2755164.202595735,1328592.7296692526,3546,0.375518262386322,0.053725529462099075,43188.4259133935
2023-04-27,14,3531192.734567404,13383171.422015876,3397414.5373041965,11481139.162114639,618324.9125045114,2305945.95141511,1075419.7191363096,4117,0.4450909495353699,0.052437666803598404,33801.1550757885
2023-04-28,11,2327966.273113042,10025460.27170527,1892393.8816449286,7985369.696941706,400749.6617037974,1652274.380896599,748493.1841952009,3650,0.4544070065021515,0.07498043775558472,21953.74504595995
2023-04-28,14,4436331.175652891,14640333.497146651,4249269.417791096,12663394.451453092,796263.7038914496,2608736.5279848343,1218073.8917632767,3602,0.43143436312675476,0.04985571280121803,30561.97812062502
2023-04-29,11,1139629.939188376,7089155.106510207,949396.7442550338,5552311.497527407,229779.45469912418,1325592.0888646771,649055.7276019005,2377,0.19891947507858276,0.010119825601577759,24255.075974076986
2023-04-29,14,800614.6064051837,2719379.754705459,708499.9800748699,2117975.699006873,178373.37311237262,564379.0978605209,287302.7644279216,3154,0.373185932636261,0.012818241491913795,23858.153869450092
2023-04-30,11,1752538.7753314227,4059671.9571549445,1395975.4242718592,3131529.603292358,346329.9242804996,799742.2913239844,400021.59613852645,4668,0.4115631580352783,0.03321729600429535,25113.45572850108
2023-04-30,14,768466.4998399615,4862340.376193315,678038.2743064662,3927008.4720332893,167651.4804373609,879667.2296603867,458129.71028242924,3108,0.4070539176464081,0.03574308380484581,22072.557238966227
2023-05-01,11,1041257.1534896493,6082320.636392236,906603.5140997224,4807573.898746142,228322.2834857897,1136170.1467438852,597751.8595835075,3844,0.46864810585975647,0.05928477272391319,25534.166835218668
2023-05-01,14,2107931.114735186,5517930.096122958,1726150.1645441423,4360995.540968126,415191.9321799222,1043168.0714600685,537740.7863211721,3343,0.38655754923820496,0.038812872022390366,19949.714977145195
2023-05-02,11,1261006.2748939693,5025531.013205484,1049323.3474592394,3909981.0632296926,255044.30306044797,975849.8388222693,505264.07811528206,4232,0.4577568769454956,0.08190888166427612,22881.04272031784
2023-05-02,14,2622316.9689728916,6418660.205391526,2075355.017744426,5069864.645571381,498791.13847179816,1192362.888915746,620154.6009963232,3877,0.4353255331516266,0.05681572109460831,30051.28747883439
2023-05-03,11,2069471.988970697,6758616.737933174,1666151.9473985052,5355237.673841388,388045.64257499576,1228918.5896277665,626363.4353335706,3764,0.4633243680000305,0.08594798296689987,25838.951649665833
2023-05-03,14,2106639.9322941154,5630769.591453686,1723385.296945834,4504695.344602238,386649.2693394722,998729.5248558002,509930.509647042,3658,0.45098355412483215,0.051903754472732544,24336.114655524492
2023-05-04,11,3184963.703872949,9629240.13851732,2610501.264213571,7602916.393065825,608757.5305615161,1758477.1161995234,851154.5989836282,3432,0.4617784321308136,0.08026406913995743,20257.210963457823
2023-05-04,14,2700719.6428229213,10706764.093827456,2452227.088107849,9515749.76981362,454043.7887079973,1750448.8939135608,770569.8238453431,4850,0.46682146191596985,0.053523316979408264,29386.49156922102
2023-05-05,11,693608.8898745477,4957995.292935148,621259.5296789415,4111076.069931157,157602.74423741212,892504.4461881525,465974.51489962963,2558,0.2650158405303955,0.009347203187644482,18781.817269533873
2023-05-05,14,1474782.4590444267,8150734.786386795,1257958.1742501343,6845565.646015147,243219.0997467486,1421085.1846610112,703967.7237674096,2961,0.2861963212490082,0.008660880848765373,31096.23555728793
2023-05-06,11,1202456.3650944456,7809446.284022443,1073386.810210168,6905143.851406036,202270.34437574423,1249907.6573985904,542135.4772145533,3178,0.04026399925351143,0.0015380661934614182,36079.852322399616
2023-05-06,14,533616.4495091662,6621400.488226868,529864.6215136587,5863153.554247544,93952.67904156202,1078854.9541377807,449059.9490463183,3295,0.042702145874500275,0.0016907431418076158,29121.48891913891
2023-05-07,11,993589.4392503873,6646892.90816775,723366.8633559187,5082148.780614298,202053.04284000152,1239097.840343128,538591.1780511582,3803,0.020127899944782257,0.0008249450474977493,31268.206086456776
2023-05-07,14,2434663.0313016474,14440492.470803127,2367332.9990322217,12595576.265839355,356436.0917879654,2301539.2041779244,982434.6335610796,3385,0.0199325792491436,0.0009678616188466549,38721.966823250055
2023-05-08,11,651066.8209096491,8457330.795329615,525084.4196323305,6888801.550545472,98592.6711058343,1328238.153213208,511075.18644770776,3333,0.07911872863769531,0.004565381910651922,30249.056871652603
2023-05-08,14,2153940.6775946617,9530273.210705966,1799414.4192482121,8659191.263392873,360607.9859092493,1570753.0385534856,662114.6825225477,2803,0.03135428577661514,0.0031157215125858784,41345.55948275328
2023-05-09,11,636140.4534303099,7352530.8380967975,499827.6385300472,6388357.33566834,94578.66470564267,1196667.6350771948,480370.8945829882,3139,0.08042561262845993,0.006823442410677671,33517.54429641366
2023-05-09,14,1652449.6703521758,8675740.514287218,1451392.4560490134,7739389.897644445,281072.40426319337,1465225.6489146524,629697.90298471,2820,0.05746190622448921,0.004763864912092686,31226.253086030483
2023-05-10,11,1141593.7939378843,2903470.460521668,951958.4587573521,2423332.3728844337,184910.36965827196,561422.2165407615,311855.79346732475,2468,0.3170448839664459,0.031234508380293846,17912.908873319626
2023-05-10,14,1678966.018162638,4284736.632062286,1358740.553413009,3369132.9389141616,304188.9782512411,820553.5651250349,432412.7972261781,2317,0.23545289039611816,0.02186313085258007,18293.379218786955
2023-05-11,11,5252344.8296535015,15747676.880996734,4742294.840032037,13384028.203641508,927812.9169678161,2717805.501127513,1267954.9125653862,3318,0.43219876289367676,0.08001586049795151,35489.86357194185
2023-05-11,14,4315539.353165209,11796740.465962201,4336293.269674558,10422987.51169243,782998.6868839287,2149307.852065724,1003554.6776794258,3829,0.44352084398269653,0.05570538714528084,28361.36874523759
2023-05-12,11,4596517.032728702,13766138.017981939,4149662.690270341,11412275.976927318,826869.1338470536,2352354.1115193325,1061664.7072097396,3282,0.43165323138237,0.08637434244155884,29474.61170849204
2023-05-12,14,4267890.815521747,12539962.251430735,4128956.2736828197,10880479.882086981,800576.616844523,2282971.642936915,1017755.4142493356,4287,0.464717298746109,0.05635948106646538,27774.278830200434
2023-05-13,11,4209784.780749232,11043354.52308929,3432373.523724937,9104718.228403129,785404.8610120321,1956415.9815640291,872242.1937785342,4350,0.44460320472717285,0.07240955531597137,34279.11430537701
2023-05-13,14,7335030.594462216,18203403.434532866,7063042.141832152,15213676.232934011,1310451.590581982,3132670.911730991,1447008.6658744249,4631,0.44875338673591614,0.04325786605477333,29712.65983015299
2023-05-14,11,3667869.5457084775,11098503.836078912,3138652.3272211654,9447653.324225564,643543.6104362822,1845383.1450031793,838916.4590429557,3442,0.45016613602638245,0.07673230767250061,26925.364876657724
2023-05-14,14,4320269.455806047,11156145.336074337,3620498.2793353028,9475083.188386317,807267.4964368758,2015497.2222171482,933939.3360392466,3754,0.4406978487968445,0.05164739117026329,36678.44717428088
2023-05-15,11,3939748.2557689548,12976805.760284215,3417677.9302751143,10685170.865392603,684024.4778162724,2192905.8119057715,959689.6051118646,4236,0.4516867995262146,0.07423891127109528,32991.26030752063
2023-05-15,14,4765359.744819552,13478025.727461055,4610978.967055451,11638337.727685055,846721.4277625119,2374943.2461658884,1045042.5720416983,5147,0.44831228256225586,0.053346361964941025,30164.487241864204
2023-05-16,11,3713894.010241285,11617368.003588095,3299056.306834515,9888030.25775868,654236.6073138588,2048125.4191732896,920303.4145343855,4307,0.45488089323043823,0.08271200209856033,35196.122514784336
2023-05-16,14,3213940.152345732,11905201.709596291,2973520.8367227577,10232592.694617238,574498.036974277,2095801.0060214507,962539.9062782596,4284,0.44527363777160645,0.06664780527353287,35142.841311603785
2023-05-17,11,3158393.3427779824,12534518.585924774,2802829.042560166,10793842.075481407,548402.7791304241,2160043.0115605704,983834.2435435534,4520,0.45247867703437805,0.0830581858754158,33995.04123136401
2023-05-17,14,2633888.4334165454,13338121.258707955,2643164.565999355,11382972.201728243,483055.5154709688,2348420.8353296635,1117571.722566649,4825,0.44710516929626465,0.06648892164230347,37228.01481741667
2023-05-18,11,1943176.7698398232,10762143.539136767,1725291.5515278447,9167602.406478098,352849.5053082909,1903608.945857177,923930.3886606824,3890,0.4076310396194458,0.02843889780342579,23065.470005333424
2023-05-18,14,1490925.8522023857,6387170.238590404,1230793.8378012695,5587800.778002599,235112.67806453796,1105330.1244579032,487824.9096756157,4167,0.4214959442615509,0.030436262488365173,32537.22585105896
2023-05-19,11,3613904.8845332116,14846443.477491662,3333465.7584709977,12435327.842215782,576997.5072014555,2414524.884780567,1085714.5626814477,3143,0.36817407608032227,0.027215804904699326,29400.998980492353
2023-05-19,14,5254781.803133115,14533507.645809919,4725933.989916059,12229118.710934296,963260.3563695158,2588694.3025477147,1275965.7214969157,2947,0.3603443205356598,0.018942473456263542,30125.86055445671
2023-05-20,11,2178999.685000092,9297365.952573538,1840642.8180950987,7997106.124837646,380551.9199389373,1516691.1725610709,692110.4868196337,3403,0.39515605568885803,0.037703704088926315,20388.951208770275
2023-05-20,14,2513340.4280920327,9539105.89225705,2209563.449025282,8384030.334327845,477626.230996839,1688913.5772226811,817991.3153840641,3320,0.4133386015892029,0.02755380980670452,39692.74686896801
2023-05-21,11,2653210.1240736246,7174711.554300025,2012070.0756762912,5268347.007910477,526399.7527874793,1414549.115383822,664253.738730548,4209,0.37235167622566223,0.016254350543022156,32538.268597126007
2023-05-21,14,3931595.287474066,13382649.48489824,3753716.925505917,11452328.470277162,642698.3873126232,2167526.4374430384,981787.9658869612,3627,0.39065396785736084,0.026187647134065628,29661.436762958765
2023-05-22,11,1651490.005118519,10769635.043430626,1294645.617778779,9161681.463356687,326330.9207870463,1922691.1830577513,861640.4420286801,4529,0.41664835810661316,0.014324972406029701,30921.24073007703
2023-05-22,14,7235768.773086548,17293796.50632313,6274580.879994536,14521323.05456958,1234264.5707085673,2904359.26106783,1237105.07161882,5642,0.3775370121002197,0.013361676596105099,36068.81264075637
2023-05-23,11,2413121.8978041112,11990212.908417165,2072787.5020378148,9700809.678730652,487013.3429859305,2167826.4746668553,943608.7031024905,4548,0.4207267463207245,0.04783380776643753,33057.75353342295
2023-05-23,14,2993578.0949293077,9729706.464124262,2572115.9006593614,8553156.460381841,549166.2479958102,1746852.8752011561,825268.4485738643,4069,0.4124232530593872,0.0315217450261116,29751.416652470827
2023-05-24,11,1829722.8895920217,12046999.212796211,1673653.4464081444,10028803.705945555,367417.24867188913,2189246.868660387,989395.5505668718,4982,0.4309804141521454,0.052618421614170074,35414.2542566061
2023-05-24,14,3246427.940933436,10887914.027677536,2651310.0337886442,9320994.22389732,629311.5775748414,2006305.2415327565,953693.172024483,4989,0.40970921516418457,0.035084109753370285,33167.14296990633
2023-05-25,11,3630558.2232199013,18034527.909258187,3275101.368952452,15134805.046243027,664766.7765217808,3111134.437440181,1421352.9564649318,5409,0.45896729826927185,0.06901358813047409,37228.01481741667
2023-05-25,14,6199051.392794818,16741792.463275015,5839861.866886393,14216038.036273396,1148696.0808249875,2985386.5495787766,1356957.098334004,5594,0.44391489028930664,0.03925258293747902,29970.315871447325
2023-05-26,11,2682131.5923698246,12531079.346470773,2676960.6891680914,10814064.76410203,491446.5490024873,2153233.3054917958,948443.8200025829,5550,0.4565880000591278,0.061682671308517456,35196.122514784336
2023-05-26,14,4406874.83554557,15881924.21317923,4059056.3684023987,13206960.876317257,816513.4618776848,2801815.8678243374,1238943.307129159,6145,0.4140181839466095,0.03651251643896103,35196.122514784336
2023-05-27,11,459773.72746023536,2259720.868874535,381248.805911258,1894650.2683236385,114783.71688310904,526455.2016834997,279888.316623982,3729,0.4114890396595001,0.02410549856722355,17612.246039897203
2023-05-27,14,2056715.3175952137,5151184.177504182,1578321.2259267275,4016664.3606528845,412434.48791596014,1016205.4917088414,518393.2780166545,4394,0.3554285168647766,0.01953192427754402,30079.621739387512
2023-05-28,11,974089.656804353,3500240.769651383,766363.7188266437,2795818.6161784814,191107.37306668542,730000.5073146173,425150.97413562716,2275,0.17968672513961792,0.004531558603048325,17960.7240126431
2023-05-28,14,2602332.828769326,6242354.336472034,2020393.5364947529,4932660.03689814,478431.31520842016,1159336.9294654066,615431.6056691915,2149,0.15356796979904175,0.005825102794915438,28562.964136451483
2023-05-29,11,2190563.618246749,5464912.520972714,1732388.8662386,4250412.17342758,423272.02527957107,1073784.3060283468,562544.4823108406,3053,0.05167383328080177,0.00226233946159482,25675.561776459217
2023-05-29,14,1649705.596005112,7082333.6167150885,1326071.1019313263,6123609.551043266,322361.4642928398,1286193.6622704354,605917.1642895645,3545,0.04845345392823219,0.0026889825239777565,25673.768783181906
2023-05-30,11,746923.2169693112,5396174.319229677,608522.2527797224,4232757.473510096,107916.13231502968,744807.5302254411,284016.5131157545,3590,0.053534962236881256,0.002326794434338808,28625.96540799737
2023-05-30,14,535770.6478859484,3271319.816269107,452505.27528428694,2653229.5137265753,88958.08893880644,509814.77338818484,210519.50652075227,2637,0.029796766117215157,0.0017996381502598524,20409.927139163017
2023-05-31,11,520202.6572162658,2506736.6496292427,426224.6985362382,2072237.206474627,86495.39927039444,457498.927001177,236651.31909138433,2749,0.060652706772089005,0.004717191215604544,16924.425429403782
2023-05-31,14,501753.046442911,3107083.136973582,432287.4992628858,2538174.0542666283,90383.99586134881,533908.8358182198,275747.56632281514,2261,0.052163850516080856,0.0031988664995878935,19190.822401046753
2023-06-01,11,1058474.0999037921,4791584.890736535,832430.6732600168,3908409.8888721038,153044.56978238892,720376.7609855498,281074.81841521926,3070,0.09456777572631836,0.004508936312049627,34101.9562189877
2023-06-01,14,1084610.009232223,8098898.81548056,851348.7849413902,7120010.114333086,148845.96808089397,1242681.1502847597,500942.62344742374,2705,0.03934817388653755,0.002209884813055396,36436.24508523941
2023-06-02,11,2337873.304834202,5913259.848605409,1721946.3662307037,4654888.223781435,428044.70639514655,1073827.405043113,487890.1554493174,4256,0.09330572932958603,0.008472292684018612,34298.39110684395
2023-06-02,14,745847.1559501588,2842478.2975119203,597815.4147235153,2489423.8080407633,156177.87805575496,552170.616063901,287933.07924075983,3619,0.06976982206106186,0.006724968086928129,21654.458835810423
2023-06-03,11,6995552.123338819,18262366.545444667,6242337.105878094,15661266.31856903,1247514.4070139239,3145997.488511606,1470028.8304706973,3450,0.4001239836215973,0.034502383321523666,38612.71308556199
2023-06-03,14,3594888.9766156375,11707070.425622076,2918629.9552004263,9689139.63834047,650728.1209153368,2063580.9242924151,996142.3727881301,2512,0.40926915407180786,0.02597092092037201,37840.88751786947
2023-06-04,11,5774676.666023821,14109012.433171242,5243948.924000544,12325570.18444921,1065576.81927874,2539386.0256583258,1227794.3472568044,3002,0.4352002739906311,0.04381831735372543,33695.63288938999
2023-06-04,14,5133329.714892432,12751886.93207857,4310915.768538155,10982704.231310058,947191.032000525,2289640.2287553074,1115499.334295972,3066,0.4193630516529083,0.03457973524928093,35991.81510144472
2023-06-05,11,2107905.9824750125,7536224.92728205,1695579.4287015893,5942012.250626946,429023.5309234301,1436916.178438425,696691.9634943462,3917,0.47028398513793945,0.04319807514548302,28148.27331700921
2023-06-05,14,1027597.9951592386,8736374.990151323,920340.6717007263,7468386.179435628,205158.11583529846,1583173.3050534073,774027.5664424205,2932,0.44719985127449036,0.027997441589832306,32268.533760905266
2023-06-06,11,2124332.624272436,6343425.992312416,1735030.4899202306,4996200.442973793,438085.77461568377,1237209.2238299535,658793.9896190248,3669,0.48172318935394287,0.04806565120816231,28145.272733718157
2023-06-06,14,1899671.157801643,6941269.698229969,1587320.5026832349,6353464.444040063,395841.4679627489,1310986.568770683,621393.3542737605,3068,0.44237926602363586,0.030878303572535515,35786.14588421583
2023-06-07,11,2484088.3610014915,7557147.659010246,1961587.9929533135,6027175.564689651,497205.14423217333,1495900.47625284,754226.4375129581,3809,0.46415144205093384,0.03962116315960884,30344.294565975666
2023-06-07,14,1757871.6957266033,5803407.4422798455,1465120.1465832915,4519111.358930259,376115.0887933151,1166359.9026918013,599249.8501854804,3279,0.42552700638771057,0.028022851794958115,25214.350570112467
2023-06-08,11,1927634.5652012676,5212523.273487695,1533526.4496590833,4124302.570551037,403778.06924226566,1055964.8957454166,532732.0065299685,3890,0.46419069170951843,0.03189441189169884,26687.79577830434
2023-06-08,14,916459.3934818655,4171825.462150082,832886.2062750944,3329687.9116271185,208949.45851560665,873889.0427299088,481366.24198210763,3147,0.4507729709148407,0.029402967542409897,20953.319879114628
2023-06-09,11,1671624.1390086114,9555879.991395116,1329420.4545321048,7866159.278360242,336635.6298052963,1698237.2905940297,827783.4984012768,3098,0.41873249411582947,0.033307891339063644,31794.774728119373
2023-06-09,14,2388432.9556558356,9765922.8491702,1916287.6555516156,7536843.213520783,468771.8204990616,1745507.626584576,878860.3059185819,2475,0.3874450922012329,0.03522917255759239,31725.26570612192
2023-06-10,11,3219101.182052821,13343376.007821992,2637978.120406622,11457763.778662402,598061.4184508604,2263664.9623680282,1081790.4894238068,2102,0.3775538206100464,0.03285238519310951,24722.124032646418
2023-06-10,14,2208842.0113774836,6708178.325871415,1780845.5204666886,5273690.666079114,433381.7620996765,1216962.5560637123,629035.010986941,1855,0.38772135972976685,0.025221580639481544,18443.16436725855
2023-06-11,11,4085193.571866691,9282715.438953787,3147231.127609321,7140480.802300969,693017.6912425364,1479655.2148073614,701456.0557058936,1869,0.21430309116840363,0.02284327521920204,30869.914788365364
2023-06-11,14,7243301.980365038,13621302.293546468,6710295.370373847,12175504.96315307,1257407.0554949157,2431314.0095261056,1184755.5174658857,3087,0.31566423177719116,0.0174828190356493,40264.419760495424
2023-06-12,11,3855775.5480319113,11387501.457600623,2996582.4421363957,9023452.986939635,605982.4932521506,1771974.6378287075,780223.2359869552,2319,0.2345426082611084,0.023554420098662376,27572.427574932575
2023-06-12,14,3042049.9784024656,8822954.435359508,2520894.415621493,6828846.035233989,548745.0141861094,1471139.1931831096,751532.7159710011,1936,0.37773433327674866,0.018215371295809746,23574.198313742876
2023-06-13,11,3711234.443944216,11341444.159733236,2993643.047406328,9147575.008732136,578563.5543982765,1837312.5483869808,860879.9219980247,1449,0.29663577675819397,0.02356921136379242,28892.50958403945
2023-06-13,14,3068766.0677629113,9038505.423897073,2452875.4877760625,7016481.377330108,555237.9073761791,1524881.4554084684,765530.2054606399,2241,0.3578851819038391,0.015085872262716293,26277.71618512273
2023-06-14,11,3703297.7054434195,9483817.21035213,2992155.3378822664,7293126.336444207,659310.4130033324,1602492.6472058226,791916.0790981913,1792,0.2730320990085602,0.02362687885761261,23076.314445614815
2023-06-14,14,3354223.4470558017,10159371.897418864,2609446.0317144273,7884323.278992991,544706.0184830131,1605973.7788542788,766148.1943093294,1855,0.3519209921360016,0.016873685643076897,26045.394269496202
2023-06-15,11,3436865.929031253,7951767.832501203,2685345.8538789963,6157455.631446398,518589.53012222436,1233444.1203295225,607621.7488597219,1887,0.29625648260116577,0.020199455320835114,24954.885403096676
2023-06-15,14,2291475.6248731613,7135503.415544659,1873977.9531271532,5731438.79583879,412745.920424236,1307710.5244464385,717760.2993705781,2100,0.35162806510925293,0.01479707844555378,21765.054117023945
2023-06-16,11,4787008.828037947,12694120.15980921,3963617.4438663246,10512809.158198701,761637.1632765146,2042906.5733878578,944981.911897454,2087,0.39470186829566956,0.030825037509202957,26914.937770426273
2023-06-16,14,3981565.622930348,13960982.071737498,3537410.7950133216,11912995.738652138,693242.7282664325,2344130.447204329,1129042.4886479327,1833,0.3953615128993988,0.021061459556221962,33741.13196337223
2023-06-17,11,6461090.065484196,18003529.287457347,5675809.923197101,15255094.197102338,1072369.2832463447,2968380.440082875,1398852.4616869441,2032,0.4082329273223877,0.03775457665324211,38810.80978757143
2023-06-17,14,5337303.286428988,16271996.060654372,4675866.750616262,13754257.937274843,914762.0427909318,2737419.4772145506,1308765.5374655914,2470,0.38774174451828003,0.023259572684764862,35860.55209046602
2023-06-18,11,8204054.019745693,20571460.527226076,7888884.324807921,17362163.6032947,1394220.4210739904,3478857.904030299,1644111.0249094274,2874,0.4151163399219513,0.03580513224005699,28814.521447837353
2023-06-18,14,4875632.510395139,15255006.934384875,4563259.849108501,13201955.571073681,821693.9227103848,2502431.222844668,1158152.6168146506,3685,0.42986753582954407,0.028164299204945564,29947.5667103827
2023-06-19,11,5164841.106899016,16450487.901257403,4899796.463641824,14091417.61095063,896208.9472890461,2810082.980627502,1317067.3869524826,3570,0.4392809271812439,0.04766608774662018,30866.406118273735
2023-06-19,14,4083255.577072911,14742047.22390879,4013560.302508284,12788401.215338353,709492.3006706809,2544441.0084025855,1203787.6541118184,3349,0.4326675236225128,0.03060419298708439,28218.11748045683
2023-06-20,11,2907812.5118341744,7267720.614800483,2362791.042486378,5845110.201834086,550412.2133632146,1353221.1034881105,719788.2235374236,2646,0.44842109084129333,0.03791355714201927,22131.76294308901
2023-06-20,14,4144614.2980760187,12565383.653251335,3524402.9319924247,10584325.569910044,773091.471805736,2299343.8743927665,1166145.212149607,3957,0.3740035593509674,0.014419220387935638,25330.60550031066
2023-06-21,11,1401483.9387102723,9162973.183197707,1091501.5712172026,7573778.1161273625,273119.453116087,1659534.8110059071,879156.0373774765,2549,0.10047660768032074,0.004109063185751438,30501.547013103962
2023-06-21,14,3434412.096697673,10405846.262213036,3007847.43100244,8733105.51986007,626273.948376546,1877895.6837965185,976340.3528385377,3021,0.12133552134037018,0.004745698068290949,31644.49561586976
2023-06-22,11,2827272.492651105,6768233.728562117,2213072.474440919,5332086.404437191,553032.6525649624,1271910.6790382615,651956.8424145516,3245,0.06344188004732132,0.009128999896347523,30699.580397307873
2023-06-22,14,2660706.8646112233,5481593.100822948,2004567.4378491123,4214295.675359854,462889.40520561417,945536.6670266339,508839.92428259645,2244,0.06175827607512474,0.008273902349174023,28887.428173214197
2023-06-23,11,2958025.2124746293,6464369.598680556,2292846.0490825777,5098066.6806991855,581543.0820967981,1231655.849810475,649110.5215727695,1750,0.08653801679611206,0.015028671361505985,27933.09151828289
2023-06-23,14,2361240.0078838766,6481646.889660999,1912644.5473245746,5124036.214880655,477612.4450928769,1231144.2789145354,659941.80964886,2188,0.0897645354270935,0.009973784908652306,28692.697166860104
2023-06-24,11,2136540.9988916665,5702011.068445966,1693315.405357695,4507398.875575372,423888.31927177997,1096459.0192414788,584115.2051725208,1872,0.08749882876873016,0.015825342386960983,27011.557895809412
2023-06-24,14,3033908.171976164,6762897.688366026,2378493.3703031214,5288973.601317661,596099.9552458054,1282567.4131576922,680400.7536306498,2098,0.06598059833049774,0.010275683365762234,30954.394489347935
2023-06-25,11,2766857.438466713,7247446.05165457,2117773.454049425,5628866.733546367,486439.52490416507,1258561.2838913226,660997.6749344952,1806,0.10156988352537155,0.013799448497593403,26739.030939996243
2023-06-25,14,2006235.9390391856,6848867.168492965,1623392.5108452304,5207278.810524741,403169.61517619906,1251537.5632428513,657172.9625578634,1932,0.11686308681964874,0.010565465316176414,26683.289726436138
2023-06-26,11,584032.4412714839,4783541.396561198,469523.7228048595,3752281.5902547184,124346.31979412517,907570.800400709,487644.58164173714,2330,0.0412529818713665,0.002229979494586587,16771.634392797947
2023-06-26,14,4707207.2067729235,10975275.135509543,4247678.709733967,9618266.368529094,885916.934621557,2004854.6007988232,1013101.360529257,2925,0.048430681228637695,0.003419987391680479,36190.77312082052
2023-06-27,11,1428851.7303060591,13117514.614892736,1074595.4549826474,11246565.417227577,241973.0503557204,2194478.4829539927,1001033.1244705057,1889,0.05810190364718437,0.003959559835493565,49518.51941597462
2023-06-27,14,3722596.8040622175,18420423.260722622,3090289.2178913066,15133195.165319249,627817.661037986,3040393.360565568,1426525.1210040413,2265,0.05172145739197731,0.004522919189184904,50307.13434907794
2023-06-28,11,8709063.105226547,20723071.709436074,7513923.054003457,16718754.083888832,1554796.7887740294,3425872.8403548524,1577304.154493424,4090,0.042500756680965424,0.001985593233257532,30231.43465679884
2023-06-28,14,865647.5020728409,10841581.132478178,705064.2928699139,9605424.258500006,173436.64865963295,1976445.171671933,955692.8708533694,2313,0.039679963141679764,0.002213120926171541,24744.26690542698
2023-06-29,11,847498.1152977571,2760355.2164882645,685855.1566141313,2179444.8050394673,186945.34876779935,571052.6432988436,337604.99919672776,3899,0.03074195235967636,0.0007911216816864908,30572.661210387945
2023-06-29,14,1578411.233419411,13324332.666744277,1298209.1578256798,10658603.443266233,289014.0909005114,2168119.706773014,982603.885423711,3093,0.02213967964053154,0.00031575874891132116,35301.16690078378
2023-06-30,11,1319337.6718496382,9093029.535716258,1012975.5453340231,7584303.619777804,187209.77476584597,1432304.1136436793,616597.7872322461,2588,0.008640534244477749,0.00019974620954599231,37025.454366236925
2023-06-30,14,1004863.4499805868,10850702.099487945,771844.0595019481,8142375.630744024,129555.4932507811,1789637.8466491988,765198.2160097321,3307,0.019566750153899193,0.0003784798609558493,30125.858947217464
2023-02-01,8,4445074.409782983,8798570.657255605,3472153.4255376467,6826494.20526653,889603.209111879,1733196.8480602298,889786.5438952144,4129,0.3055311143398285,0.01164059154689312,25759.02021765709
2023-02-02,8,3225967.9548898935,9307924.591357335,2641414.7269291794,7418685.35321372,689814.789808351,1823506.2322527624,954610.3084739512,3990,0.277118057012558,0.010083955712616444,22121.118986666203
2023-02-03,8,4395582.79267925,9806811.461341873,3622561.7552649863,7947732.482711227,885654.0244586351,1943152.020779559,1022601.1467071841,4451,0.36171287298202515,0.016496282070875168,17644.24378502369
2023-02-04,8,3152488.2968337834,13314073.716664135,2611507.404373182,10302054.086887443,614678.2398828032,2442943.7925128033,1222477.8714451601,4072,0.3188762962818146,0.014949600212275982,29887.820085018873
2023-02-05,8,4631426.395168357,12539320.137376785,3723065.9736146587,9988793.438654695,920749.6155843791,2400738.704987866,1242486.9537530108,3614,0.24842624366283417,0.01697145774960518,30382.507573634386
2023-02-06,8,4239226.247929767,8797516.725144237,3385665.4448979655,6948760.204560628,875948.897123684,1740150.6023510261,906231.2120749354,3447,0.3061886727809906,0.017402226105332375,26514.985815435648
2023-02-07,8,1952319.856158547,5982743.224598303,1543270.6214913512,4731213.492931279,411433.90044663055,1209976.9311633739,634461.4124140819,2439,0.3249931037425995,0.016033628955483437,23833.47492235899
2023-02-08,8,296249.6689002365,3678439.3383405805,211477.79527151637,2831897.790573911,58630.84956353624,718638.7106040613,400228.8834562929,1804,0.2556649446487427,0.015238369815051556,22536.4364964962
2023-02-09,8,608068.2182593793,3464140.8738070875,496382.0711721539,2885777.0821419526,134169.77263443067,744995.4745293118,392167.60562710604,1801,0.36128872632980347,0.01291815284639597,18175.783979445696
2023-02-10,8,41380.65057063103,720818.8831125498,31157.424684082598,556045.6619977169,12780.228506437985,160564.775639351,85424.31443955259,2459,0.25155577063560486,0.0157609973102808,15271.39616638422
2023-02-11,8,1113492.4995982796,7612526.586565062,817660.2487998011,5463708.718258551,215538.92578380278,1312505.774125706,534898.7573156138,3736,0.05774763599038124,0.009815838187932968,48874.009872585535
2023-02-12,8,3261530.7483317554,11684922.514478922,2390373.6795434365,9012695.909737516,596890.8136454382,2018186.8100432204,867080.8194197562,4141,0.07772225886583328,0.008054662495851517,45963.116072028875
2023-02-13,8,729570.9115493894,6286183.922824204,665307.1287114522,5163860.496419072,139013.33310733206,1143282.8638047879,497988.663121348,3364,0.08426600694656372,0.005872299894690514,29481.425873726606
2023-02-14,8,3877358.4582114667,10843790.945993066,3084507.832810916,8795933.95581926,686461.9591196534,1820027.0032058014,709448.9118186721,5347,0.054715532809495926,0.00655064033344388,38601.38535967469
2023-02-15,8,2877973.457337126,11569445.606470563,2496152.702891293,9371471.962992232,486507.6891390587,1959737.5282319854,853686.9070829125,4289,0.17800740897655487,0.008109747432172298,29070.326095491648
2023-02-16,8,4457294.457838729,11353053.916198298,3156999.3257627646,8669662.511758735,738608.3555014418,1835561.5454003287,675377.9740123653,6043,0.1777569055557251,0.01118967030197382,35227.758428275585
2023-02-17,8,5405624.323712125,16544736.123744324,3992735.345808685,13001224.961948901,893164.4441612462,2744533.44306097,1178311.5633154172,5698,0.10281863808631897,0.012088575400412083,36286.162812680006
2023-02-18,8,5051431.674186975,14344352.742893234,3800868.8738447707,11092994.654332379,832972.933400425,2385874.9967408506,1028029.9360407245,5480,0.2662124037742615,0.013505826704204082,33404.96944591403
2023-02-19,8,388828.7314095944,1807356.548437111,316903.6804848021,1469130.8777057421,97185.45244978086,388502.9599812872,220184.82363229705,4285,0.3200923502445221,0.012632600031793118,19791.57608357072
2023-02-20,8,4711853.9135738015,15074162.042531252,4177030.04727119,12115821.812263448,830104.5750698685,2583463.033040797,1119428.4152462597,5887,0.2617162764072418,0.011161953210830688,36295.66557762027
2023-02-21,8,1884535.8308421,5527071.308690749,1784260.5498858497,4788806.055792337,346790.1742769195,1048748.4460408664,440479.40553599,4582,0.31906959414482117,0.01648605801165104,31995.979059815407
2023-02-22,8,2993413.340848461,9628895.701450318,2416740.4160608877,7482504.144682905,567085.7700880896,1721492.9609034092,768040.2055180441,5072,0.32764753699302673,0.02808108739554882,32266.94595900178
2023-02-23,8,1073552.7551576346,7890849.159444004,776361.2101320119,5484966.564591738,215375.39119087043,1471376.0056411005,638952.7121814602,4709,0.37487226724624634,0.022572971880435944,34179.03659337759
2023-02-24,8,2148703.9182026535,6148912.508921348,1781320.4241767484,4964246.293908584,434928.3543402982,1192534.7255815482,588772.2974656177,4781,0.36175650358200073,0.025425108149647713,26269.5471072793
2023-02-25,8,2935780.1963930354,7444431.807516828,2402348.4184406754,5944353.106278567,586103.938613421,1449426.6062450404,665907.0224173462,4276,0.3314613401889801,0.021668246015906334,24914.068621903658
2023-02-26,8,1541740.149359107,6236170.048236221,1137601.4915875886,4702890.172713216,293218.4090587135,1195125.2681145892,558757.4363857743,4262,0.31574174761772156,0.0246913842856884,26733.34489789605
2023-02-27,8,2330076.3691179454,7790633.433009662,1835533.7709190082,5929394.76692929,425360.3675454815,1445037.4892860637,709167.9292893617,3997,0.33303362131118774,0.0332660898566246,26999.89722469449
2023-02-28,8,140052.1420470029,2205679.8119487613,108079.77906538056,1806082.3250517098,30858.775529600294,426111.26682954404,187757.5076375779,1988,0.3540631830692291,0.0359710231423378,15464.68540135026
2023-03-01,8,781135.4711606354,3765352.641370006,637885.3454239572,3329519.7087247022,153197.64405107487,694843.7977443803,313122.92880063306,2978,0.3411000370979309,0.02949187532067299,24597.44244325161
2023-03-02,8,3387673.6833041683,10546592.582687631,2863131.224554957,9172553.97704723,646295.2044287178,1931213.4205492095,953571.8447916056,5255,0.3090384900569916,0.02323964796960354,31882.409946143627
2023-03-03,8,519166.7447973639,6340853.2391828075,424289.47073459486,4981550.678821713,110576.2487752868,1205494.8295401554,574364.8361144677,3516,0.3823702335357666,0.032585982233285904,19588.13808169961
2023-03-04,8,234248.90100562572,2825169.8623116463,186974.87769843696,2225940.647773258,43912.86345454026,515351.9997529796,251001.41765027668,3513,0.4352523982524872,0.03815785422921181,13522.338725626469
2023-03-05,8,260114.20734483004,2252106.310861036,210027.85312441946,1726050.6470070076,53007.95373654136,410959.10884323035,222261.12036079622,2946,0.3448183536529541,0.030699534341692924,23803.7855951488
2023-03-06,8,240250.73978698254,724290.487225078,187623.33912228813,594751.7133979476,54574.37317482292,159900.38896805848,79620.9993020422,2033,0.42167675495147705,0.030740952119231224,19578.674808084965
2023-03-07,8,210314.95730888844,757238.4984681606,185418.03150414326,630079.1484603994,48186.54728642856,166556.45781640688,81474.63031076957,2117,0.4112417995929718,0.03026130609214306,12061.688588678837
2023-03-08,8,387801.32409721613,701498.7983348072,317416.0076052462,575934.8580336602,91774.44397032456,164122.52350288106,83141.73095448333,2566,0.4836445748806,0.034333836287260056,16662.823157429695
2023-03-09,8,2283984.836962536,5861018.679894045,1938012.0831424224,4983581.825095843,416142.08010389865,1077689.4074838834,509691.504099235,2847,0.3421211540699005,0.025370290502905846,37509.05973157287
2023-03-10,8,17462.115371584892,80734.1350017488,14839.73884657086,70569.32426282307,5655.183718666913,28084.48871616328,13295.831186443931,1156,0.3854978084564209,0.02724679745733738,7102.246748507023
2023-03-11,8,61552.10565626621,219572.3400131166,52099.557207224505,186283.51197697344,14827.507652618595,53572.471084316625,23608.626441073557,1924,0.4093022644519806,0.027878373861312866,8795.35188499093
2023-03-12,8,1451305.876418382,3382222.050339669,1079059.1244188177,2638745.964834894,253219.6349023246,618614.2467338985,352508.56681988854,2421,0.269152969121933,0.019698647782206535,21360.26000648737
2023-03-13,8,156397.90801623464,2184025.3094871715,135989.29790098232,1878505.9382091425,46872.96566539372,426989.0766053672,196197.95074976375,2721,0.2637966573238373,0.012364623136818409,12800.228255301714
2023-03-14,8,202652.6299185604,3173863.5183428526,186729.32647876604,3061398.6431582235,39887.021928086695,575329.7314978433,258311.86993084807,2367,0.2788788378238678,0.02829251065850258,28806.443121135235
2023-03-15,8,5693471.371656597,14748789.766127586,5729820.696883038,12781765.487951733,957842.8267893225,2454010.244983531,1097585.9887241041,3777,0.35213324427604675,0.026759615167975426,29434.656613588333
2023-03-16,8,1286057.435968861,4143787.6575701907,1021793.9824968863,3292753.1510418225,251945.5271561481,814501.5070306999,426399.4645510177,4317,0.328470915555954,0.024627966806292534,18284.278210550547
2023-03-17,8,1089120.5518735796,4705537.604660846,866818.6928595757,3721104.5363378706,221368.59219036697,874357.9693938887,451064.19878884126,4420,0.3858679234981537,0.041624315083026886,19015.16348966956
2023-03-18,8,257616.12243291736,3035244.12577641,199856.43910650004,3010776.9898605207,58177.55403802023,562011.3925732574,271603.4347388713,2458,0.32557815313339233,0.04066438972949982,16276.95620700717
2023-03-19,8,694224.1413534284,6387941.030086055,585258.7712727601,4812783.205662821,124837.22721286857,1162690.117079623,528414.480578139,3697,0.34611839056015015,0.03309062868356705,23716.23917889595
2023-03-20,8,149287.12721326947,3200688.960312128,112725.29547909621,2531529.095041181,29886.735740964654,593705.1576705435,307729.96456285106,1905,0.374603271484375,0.040521711111068726,17105.14182114601
2023-03-21,8,551329.0257731229,1939231.2157389075,414093.80630771664,1601653.3017294023,108968.11476785115,393944.1511475024,197173.25836108043,2331,0.3885359764099121,0.040698010474443436,25384.839838802814
2023-03-22,8,1039618.2877167314,5744577.926775351,1042518.9072360771,5470726.559708467,180457.5760991834,1022537.2983499807,447523.3461174161,3522,0.41929545998573303,0.036945752799510956,21476.815688163042
2023-03-23,8,373459.9304997474,1445040.338528201,304156.2892585761,1196906.3018808907,79005.678426775,293151.1496930167,137257.99281354295,2211,0.335584819316864,0.019460175186395645,30678.44448080659
2023-03-24,8,5329854.461177036,17954465.46304965,5099577.721956892,14748113.271680783,866568.3852892438,2981175.365091881,1282587.8888297542,5948,0.3244294822216034,0.013587229885160923,28361.575421392918
2023-03-25,8,3363043.0188978314,18273034.39377837,2497331.676635077,14673892.82770205,552272.0454921385,2984095.9634583006,1282280.9965937317,5977,0.2669517993927002,0.00941390823572874,36001.53794130683
2023-03-26,8,5820471.723553419,20495711.596083105,5152721.252874845,16805928.353242468,921446.6341156618,3418447.9137053913,1553110.4654357405,6096,0.3927820324897766,0.009869852103292942,35318.25052395463
2023-03-27,8,5475757.747918516,19497859.90713857,4659768.8692781245,15801638.087004662,959748.5834675966,3287288.5709404005,1434546.079922141,6079,0.2885335385799408,0.009401281364262104,45519.55409938097
2023-03-28,8,7423014.8491678685,18614770.53457822,6063022.758508602,15279849.139529787,1301422.915221672,3108616.295013954,1347893.4312630058,5591,0.2550624907016754,0.022274428978562355,52556.80658456683
2023-03-29,8,1806290.2395172268,10856208.60311921,1491074.0600588564,8618189.96959392,322283.44987077784,1835984.74562209,795425.3352989445,4239,0.27681583166122437,0.026566999033093452,29236.966622292995
2023-03-30,8,353506.13476993144,844833.9140324295,267887.483043497,681438.3686116483,76224.35174998845,175678.665277847,78721.9339586076,2155,0.3696993887424469,0.03370600566267967,16169.362464010715
2023-03-31,8,187947.01872465014,570370.982081756,142550.61990462037,437007.15737639274,38943.526003336505,129913.46946428024,59923.580639220396,1696,0.4009152948856354,0.038036104291677475,19775.230265289545
2023-04-01,8,92753.63489176333,301667.0778952986,62894.28492259719,229118.29562969328,19001.36197895328,63714.24862649125,23050.36238438596,1222,0.34056535363197327,0.04262858256697655,17477.333033144474
2023-04-02,8,274530.36821076274,1039324.9297645092,219150.81779828644,904277.4185438494,53222.573603518,209255.97734370752,95472.99007416965,1973,0.40965667366981506,0.04354273900389671,26147.163534522057
2023-04-03,8,188006.50760371983,687844.4014429003,211883.4931369483,610846.7579716891,42475.69281766988,151869.52656124852,69145.1970598629,2531,0.39447516202926636,0.04055330902338028,24460.97379541397
2023-04-04,8,2565616.3313574493,12103485.84070623,2099502.467022687,10017306.385228984,460169.462798192,2144416.963449914,950878.703963726,5120,0.46598246693611145,0.046995457261800766,41667.92985793948
2023-04-05,8,2082659.4448349476,5111107.27469562,1609191.7402177819,4200098.994069549,416380.4484591357,965398.6092555497,436772.06137017894,2873,0.2306414097547531,0.023629508912563324,26515.18507388234
2023-04-06,8,380485.17725525796,3652932.394501701,303398.89763201075,2800165.7929157177,80120.03094723514,697564.2497774657,348061.81213594915,3439,0.08054760843515396,0.004184181801974773,26057.680942744017
2023-04-07,8,1069337.5459878892,3383760.1968324855,910611.0145471299,2613786.8199659023,225793.4406587517,666912.738200887,323861.96227289876,3506,0.05317528918385506,0.003147430019453168,21627.6658770442
2023-04-08,8,359106.44381451607,2700322.8155655786,295098.27394992707,2208247.0465501063,86653.86846493694,548159.1995898532,292892.58808600355,2687,0.08508580923080444,0.002691532950848341,21213.75928902626
2023-04-09,8,368237.5647813156,2043337.9781708494,323090.07277413516,1683661.688230311,90613.13313506695,432604.68369422446,235811.9244966711,2526,0.11713548004627228,0.006242810748517513,17247.628916561604
2023-04-10,8,367924.468778193,2357081.5918912515,300590.4339996955,1923794.5594566364,86524.82469100374,537246.0351943949,273060.0745464753,2360,0.4925979971885681,0.025014357641339302,22029.521590322256
2023-04-11,8,366487.09014490247,2640160.40715982,304837.67809732084,2020900.3263886413,85924.53612849885,474152.12737837806,220456.2795056821,3262,0.5123865008354187,0.0364445224404335,17718.810026824474
2023-04-12,8,990918.1732005924,4542250.620593339,862085.3745371692,3666292.7900200756,211826.63070331872,968004.8517903797,508287.0344389144,2983,0.4182682931423187,0.024548733606934547,17698.71458441019
2023-04-13,8,390860.6211927831,805671.4456727132,316068.25683996844,676930.7213180684,92324.51988941565,187756.68987449075,108568.07105623334,1954,0.45901232957839966,0.03749077022075653,18944.263266801834
2023-04-14,8,399792.31405474246,1074093.680274047,324686.7827220998,884931.0367698119,92957.43679144475,239549.62508807585,136871.4930987353,2128,0.4781773090362549,0.040396399796009064,20968.563346743584
2023-04-15,8,66213.39541754127,896179.8808506727,61654.095136979646,787366.7173076108,18628.51200118345,207152.65697780077,110536.58683571883,1503,0.3050873279571533,0.028752900660037994,9734.415914148092
2023-04-16,8,20090.40555331111,627760.9593088031,18058.752334139233,513342.25472822925,6739.48759627012,148537.8545950529,74462.04289825927,1506,0.2042188197374344,0.015055465511977673,11662.234438300133
2023-04-17,8,815281.9579262137,3531919.7000229955,693724.5468406982,2643137.9886751026,161951.9047068869,666764.0338754235,297303.49324550276,1566,0.06012455001473427,0.010371025651693344,26849.85170286894
2023-04-18,8,1397583.542166531,4966471.698859803,1149305.1089179802,3847682.772623205,250286.98438781593,864372.8647594168,423998.14311069914,2613,0.19643062353134155,0.007895061746239662,20956.606469124556
2023-04-19,8,19650.955497264862,5856771.779182643,14672.84355726892,4860476.2988733975,4807.399649312439,1079547.7397375403,538112.3126518504,1484,0.13009783625602722,0.00782636646181345,33012.622226536274
2023-04-20,8,333360.2874637842,2031218.958005488,280618.2485905186,1647833.6783995868,87300.65679129855,456731.1213074182,239289.9486037622,2915,0.08827580511569977,0.0071530588902533054,17750.6349734962
2023-04-21,8,2666537.342737004,7334349.423718758,2250845.783210802,5845502.6107687615,552087.0919701918,1476921.6851845076,726351.4032363537,4127,0.22220705449581146,0.013275270350277424,27132.606827020645
2023-04-22,8,2373121.5502564013,8877967.726757266,2107674.5461814716,8176880.528551104,446949.1047862937,1684182.832397454,791421.0937494546,3015,0.28490394353866577,0.013194332830607891,25188.961093187332
2023-04-23,8,2747297.0104479715,11846685.522093631,2485640.696406819,10536722.586878264,547000.0895447473,2236039.0915391073,1037861.4338985862,2711,0.2963775098323822,0.017554067075252533,30861.143481105566
2023-04-24,8,9228631.159304947,21538152.550912775,8422323.26176383,17518767.20670907,1575135.9929831931,3696303.7845461024,1821021.710327157,4354,0.4030151069164276,0.022589482367038727,39352.17025154829
2023-04-25,8,9144793.170687377,23237400.00494004,7748199.014712612,18670774.446492143,1504238.4415695546,3790648.734847352,1745463.6253576698,3782,0.3856062591075897,0.023439088836312294,42768.72672948241
2023-04-26,8,2837639.4712037146,14635369.24093555,2566103.852683807,12397630.1983075,478006.69103970984,2456522.660798787,1118001.1657908084,3486,0.23728047311306,0.011041968129575253,37550.525479108095
2023-04-27,8,7212198.920263618,18900017.462363943,6205392.634528437,15539391.44057,1214885.3632283325,3106878.3575146096,1459027.9225622958,3199,0.06338953971862793,0.008704407140612602,49291.859009981155
2023-04-28,8,1530746.854925938,14477647.82216946,1628815.8490997518,12455418.077582777,273546.433752269,2509790.8676834847,1222898.8315534522,2070,0.17556755244731903,0.009365754202008247,31607.99603152275
2023-04-29,8,3654490.352043271,13221337.469191015,3159219.075060732,11492419.029724408,615287.2435071955,2201581.4652199997,933760.9395031097,3854,0.17427875101566315,0.005643865559250116,36579.642924934626
2023-04-30,8,366146.326589942,2814007.803273283,303072.798897351,2344620.009610665,87993.79858674287,574967.4707749293,306466.37791992695,2612,0.2759903371334076,0.005626858677715063,21440.62339529395
2023-05-01,8,646422.1587061137,4769838.3796774,567774.5106390289,3920125.7287196005,134363.89132398955,957478.4189118416,477689.792945657,2597,0.1815347820520401,0.00552980275824666,22577.02860507369
2023-05-02,8,1138448.7336050943,4426473.981436782,905380.08873907,3488564.346358626,227300.12741415546,835943.5581970718,430951.7355325573,2324,0.24298249185085297,0.011395012028515339,20906.06603220105
2023-05-03,8,829355.8229250312,3564516.1490384936,681035.3045875956,2795749.5412265686,163982.53356290964,668637.7060176467,350583.5028644636,2596,0.2328253537416458,0.0142314238473773,20786.60179746151
2023-05-04,8,2834028.900222689,10233690.937605247,2225121.107316848,8140101.638398112,553319.4765938013,1801762.8438474303,874534.1099090413,3236,0.34028327465057373,0.017169494181871414,33089.61411958933
2023-05-05,8,1898094.4997617304,4598796.480466053,1469674.2888626577,3573635.857777993,380927.3689891133,931060.0906210754,485768.94242836477,2509,0.18839655816555023,0.006577271036803722,30594.102994024754
2023-05-06,8,663305.7558156624,6873513.918630265,606762.3716940808,5964421.202828062,132720.8351412932,1129544.0082121168,481186.6733977682,3423,0.037509627640247345,0.0015709965955466032,26048.557748913765
2023-05-07,8,295827.99803748727,4166672.996440068,280105.0688855345,3407547.7556661987,79043.0748539384,764787.8540588757,333796.3548898477,3483,0.014050918631255627,0.0005471311742439866,27482.405608028173
2023-05-08,8,175595.9730654359,8995815.390853927,175661.3007052784,7611942.505642331,41778.427757912876,1418462.0421255887,587245.4132733056,2786,0.03273429349064827,0.0006028510397300124,24305.950112849474
2023-05-09,8,453272.82661145926,7730392.71791783,486904.761540699,6424145.007784712,99093.0763574821,1242914.4824116055,500970.6423780415,2810,0.022736435756087303,0.0008083662833087146,26947.3189265728
2023-05-10,8,276980.96046231687,3049517.810373515,220286.65417952274,2589613.9350169776,58646.5908780673,546397.7164670045,294263.63456573966,587,0.10629867017269135,0.0036228946410119534,7907.253570765257
2023-05-11,8,3545479.6115786135,12401527.271133497,3487326.2005514367,10975778.886590084,613240.1649071794,2148068.6768773673,955649.6932201814,2241,0.2939021587371826,0.011219315230846405,37763.837555110455
2023-05-12,8,1424831.0101287514,10204557.93658036,1281303.9014591533,8788049.992381725,263606.15783595975,1732083.3377246624,785198.7819823188,1524,0.2937631607055664,0.013454536907374859,35723.386972516775
2023-05-13,8,2558043.6896374375,11394365.00345914,2015420.577775019,9702269.105781939,481504.925350407,1963474.9708287467,862187.5333856253,2026,0.257903128862381,0.009939431212842464,51201.80071029067
2023-05-14,8,2799814.7441113144,13985454.076161593,2249396.0708161956,11809180.073234083,464084.1306528874,2350038.881920916,1070265.2730337488,2171,0.24217607080936432,0.010005366988480091,42883.98016101122
2023-05-15,8,4637397.697159097,15255592.614540346,4076229.8195735672,13091136.545766464,762443.6686861949,2507615.279153343,1141519.755032031,2726,0.26543915271759033,0.011204647831618786,41041.99475106597
2023-05-16,8,2499117.2839054912,8846058.845459506,2122651.9151889337,7513221.989749986,439959.0342751664,1466135.4855769244,652478.507772323,1914,0.27170079946517944,0.010603540576994419,44459.9551795423
2023-05-17,8,903560.3797473013,1965122.822431624,666675.6954280448,1583546.4610154792,174437.73332204414,414894.19832984346,228084.53388104058,2477,0.37247931957244873,0.011577518656849861,20007.838446736336
2023-05-18,8,2562191.1437442154,11264125.7562249,2274835.3531860146,9633625.482501352,434315.4572859597,1874308.265323076,903905.8799446604,2526,0.3376924395561218,0.009539618156850338,35823.87266403437
2023-05-19,8,5485354.303534731,12135615.090800487,4379121.30128286,9646364.386612602,863203.7330515706,2011064.4125338097,918784.3422656015,3921,0.24488362669944763,0.007031859830021858,40900.82786434889
2023-05-20,8,5527550.65942128,16617289.75982058,4400403.840081843,13903775.137355441,878505.3760505232,2736616.0227549714,1278085.554863431,2389,0.11614992469549179,0.005585949402302504,37869.43488958478
2023-05-21,8,2787971.2486221567,8225134.124216519,2314280.0098466584,6634574.89382887,489853.8067334193,1467787.4632978684,745743.3933663892,2969,0.23332014679908752,0.0035912133753299713,35133.6116835475
2023-05-22,8,2712950.610729143,14726306.254402153,2565440.1345407437,12682821.268419437,497113.1639786097,2555310.8461858076,1203511.9409313742,2614,0.26307499408721924,0.004525349009782076,31857.393674701452
2023-05-23,8,4688848.568683282,11453794.506085634,4270274.656732934,10023256.174857486,855558.7501739652,2038952.1362996565,986628.5723114975,3520,0.1387864053249359,0.005768219940364361,44894.40683281422
2023-05-24,8,1922947.189282626,17475225.91420658,1673383.2498421147,14991501.056332294,353236.3155706113,2943217.1334709437,1381460.2327798062,2808,0.2611672580242157,0.008258160203695297,36617.501923412085
2023-05-25,8,817142.9420116544,8516812.229743615,638933.7030554593,6891143.434800558,175200.02359403914,1565670.241268021,722812.462687098,3134,0.302639365196228,0.00831990409642458,38827.739022284746
2023-05-26,8,2851174.582147062,15632281.354364492,2257142.366690594,13454778.581545174,408417.1153209122,2565692.6384166395,1180704.2967339407,2320,0.3181517720222473,0.008791210129857063,32898.09251824021
2023-05-27,8,8140209.140983164,21350070.93806567,7899469.891541569,17665724.847425558,1338430.7932154445,3624728.061139445,1698164.9138308421,3586,0.2989331781864166,0.00993284396827221,38115.843849390745
2023-05-28,8,724570.4944693744,2783316.5149633065,574808.911788147,2178106.7078218507,162903.53878191795,564928.8622788542,320426.21508087334,3263,0.10384279489517212,0.0031046250369399786,19420.060571700335
2023-05-29,8,2248338.3519626707,5320373.102985397,1780444.1181075885,4133679.2379640564,456984.14443844336,1071010.824486093,558351.9651601268,2875,0.021686313673853874,0.0020530521869659424,28849.749727219343
2023-05-30,8,537481.5682882369,2572904.3609653935,438143.4419915705,2077575.405424063,99321.69533419506,469512.0603651149,250893.90951911238,2270,0.015509267337620258,0.0006716868956573308,13994.067743122578
2023-05-31,8,1142205.1323013306,12348427.925561957,879420.3534435784,10309118.801575469,145820.11261108535,1889308.538515872,850483.6219249448,2959,0.0191629808396101,0.0007153718615882099,37471.3352496922
2023-06-01,8,531190.0651535243,3991303.553868428,452663.3939837138,3311048.1364068426,94644.14350386443,698300.4845349472,326999.7753524437,2684,0.025631997734308243,0.0010929087875410914,26251.63453143835
2023-06-02,8,4375038.350652292,16131677.369738922,3829451.432778142,13548030.01008115,785791.7353451358,2728476.2399338335,1269121.7586892839,3989,0.029171114787459373,0.0016978626372292638,40549.456365436316
2023-06-03,8,4374613.685354859,17624832.860794455,4404255.795365731,14880662.72024511,774399.8236716755,3018958.593129272,1486563.8319988232,2428,0.12754330039024353,0.004572891630232334,32467.198021948338
2023-06-04,8,405498.90867222846,5328765.421045102,348420.64984679816,4407393.246649155,97682.10662609551,1077435.639795503,573186.0436857254,2759,0.26675543189048767,0.005687723867595196,25749.193674325943
2023-06-05,8,1012618.5379779786,5672210.906382561,836912.429873615,4657086.168033006,226602.00002154257,1107323.1537615436,565778.5388731617,3073,0.36216801404953003,0.008033674210309982,24759.64280834794
2023-06-06,8,854874.1191983297,11388290.473789044,768209.0764612847,9337240.35972467,189122.4020572828,2059860.8474572094,995342.0558878072,3107,0.34223902225494385,0.008121563121676445,23515.552344441414
2023-06-07,8,634753.108854346,4415797.508782752,554186.9720302946,3556923.841451711,149623.9973889321,861457.1673170405,498143.5655316798,3388,0.3585338890552521,0.007675589993596077,24413.649197518826
2023-06-08,8,496646.66489189863,5212764.619189471,458696.6495462978,4277047.49532361,114809.48653444664,976721.841108666,481960.6608374255,1971,0.31041985750198364,0.0068061514757573605,16786.162124425173
2023-06-09,8,2196080.4099953547,9407988.028416492,1994978.907537294,7810410.368786441,449227.40684265154,1836919.4121938231,886342.6214800349,3346,0.2688923180103302,0.003866061568260193,20992.392876535654
2023-06-10,8,2050083.3084941655,8906804.218843058,1649509.2474736404,7269385.076976854,405062.98451573047,1608533.98316132,813311.244273758,1363,0.254130095243454,0.00501586776226759,31527.294777214527
2023-06-11,8,758147.590495713,8338881.498290934,638727.0941812461,6467755.992332377,146344.0362729648,1346369.8161564635,654679.902713384,1512,0.17953841388225555,0.0045893555507063866,26872.48414710164
2023-06-12,8,3450225.550685659,12375235.658513106,2631811.483274254,10111803.493382787,561458.1581306178,1999211.7308641663,958253.0627019181,1713,0.04159601777791977,0.0036324020475149155,33983.37812927365
2023-06-13,8,2436832.499572113,10238440.810860045,1829110.2799556612,8446248.225843346,349793.5680169591,1609642.3315795916,742012.7952422034,2089,0.07830772548913956,0.003658617613837123,32151.671045839787
2023-06-14,8,4682382.212815948,13857595.118933134,4000307.3833576655,11470219.53937469,731900.7380081819,2215636.755651669,1024613.8463581395,1801,0.033752791583538055,0.003440270433202386,33326.11495369673
2023-06-15,8,4227253.924218804,13406121.948312208,3596823.443127635,11134879.03395512,643326.391316962,2134090.456861956,980771.8167289156,1853,0.0346241220831871,0.00321034318767488,34376.59933194518
2023-06-16,8,2101426.0668509305,12428951.796405658,1739677.7146763497,10093967.563002007,362563.4068655763,2057212.1917186477,1013315.0838000702,1613,0.050813380628824234,0.0036986961495131254,30034.138510107994
2023-06-17,8,1016983.4704027176,10834049.488870323,922955.24212429,9299925.127828903,209003.7135270279,1823791.6229622443,878956.2959449757,2262,0.19443252682685852,0.00548173300921917,32380.916141182184
2023-06-18,8,751083.6494730338,8743615.56917043,714341.0311812958,7487879.921175867,165070.70995603895,1574359.5744290806,752978.8949723017,2149,0.264452189207077,0.0054889558814466,20813.616771370173
2023-06-19,8,6708531.5267497,19351457.191867307,6382577.264347884,16637809.722933944,1139187.9913591642,3296531.96759519,1493674.253508603,3287,0.29337602853775024,0.00862810853868723,35433.71924775839
2023-06-20,8,6765860.959229842,14473202.895925008,6360824.06180198,13067828.617974523,1023237.6965194806,2380160.538654349,1104761.4813578194,2522,0.3850470185279846,0.00952963437885046,33666.333425462246
2023-06-21,8,3938999.0520211905,11698605.551765695,3073714.1588832396,9753002.65823273,715978.7172460032,2109964.0281262156,1038097.9134079884,2413,0.08991949260234833,0.0028539823833853006,38927.333770513535
2023-06-22,8,1532274.0035386682,7650042.373122789,1238175.1660761086,6236723.147814056,265794.741406412,1396223.6086645164,729774.4064442192,1818,0.025490039959549904,0.00200810469686985,29541.797251194715
2023-06-23,8,2379881.418067917,7194217.478572719,1940982.2360296533,5742936.224058835,444721.5750837515,1339547.8128951131,707987.438353401,1844,0.021184688434004784,0.0020563462749123573,26300.995135247707
2023-06-24,8,1948083.2159680277,9060778.641876988,1549050.309653216,7520385.1480826475,372855.8010209329,1646041.4135784993,839129.0454852043,1366,0.03092239610850811,0.002106992993503809,27988.987198740244
2023-06-25,8,649551.5855937228,3923688.459710911,511751.8825237202,3089782.477516694,133376.23209070944,762901.9764957351,436978.96975965565,1592,0.06637707352638245,0.002732569118961692,18223.808504074812
2023-06-26,8,471414.89222373813,4766692.5515005365,388403.60961674736,3962436.4205282656,107063.22190563408,984515.4601054876,521900.8300358419,2460,0.03566177934408188,0.0013631239999085665,17135.525175392628
2023-06-27,8,2678972.10924381,11777265.03159649,2225249.169665664,10113780.295025017,500552.2531675593,2026479.2673472147,946287.848531684,2262,0.02005687728524208,0.0007209893083199859,46503.6276127398
2023-06-28,8,4220290.100476116,14663742.287078455,3242449.8805533918,12280795.758974748,576281.9143251294,2298164.4502428193,970947.2143850874,3615,0.030321860685944557,0.0007821431499905884,42643.60468053818
2023-06-29,8,2244851.593467623,12586667.789096415,1702882.1814017794,10781474.420813516,318635.1628686309,1996704.0382989217,853095.7749397148,3102,0.02745918184518814,0.0005127628683112562,39806.51704457402
2023-06-30,8,745350.0392785817,3660870.2297670767,578802.6746507795,2935186.275916866,142752.5732292495,649108.2240434147,310597.6529585118,2625,0.004535771906375885,0.00011538859689608216,17210.186229407787
2023-02-01,10,4390943.24509687,9060414.650633395,3472162.9827784207,7028338.901563868,915871.0001467855,1796877.5903026888,916596.2399859313,4191,0.3157415986061096,0.013741351664066315,25663.808538287878
2023-02-02,10,3886634.9602473527,9506728.705664814,3118440.3664687863,7475445.553070042,803990.7733885623,1868682.8653127726,966113.8552459852,4361,0.3089207112789154,0.013171575032174587,24253.84799656272
2023-02-03,10,3905639.351654917,9534308.236822203,3106489.960212503,7535246.916986432,756947.4676800631,1857918.8469746816,973503.1509302336,4253,0.35468870401382446,0.019220665097236633,17591.703284829855
2023-02-04,10,3498870.156119965,13566468.647076264,2960755.362997528,10870208.360299427,707445.7971566038,2561266.511095334,1318814.3406700972,4342,0.36816051602363586,0.01866701804101467,22056.045778661966
2023-02-05,10,4399752.363588765,11329080.573286116,3574022.839209227,8935076.115378428,917152.0724800032,2226489.659554478,1169542.9929393819,4283,0.34423553943634033,0.020587017759680748,24964.358953505754
2023-02-06,10,3147817.839452505,8277798.93962498,2569483.980530015,6550388.355907591,640169.0284509795,1638846.9491632674,841032.8912583755,3528,0.3907793462276459,0.020837079733610153,17976.763415008783
2023-02-07,10,3725644.429365918,8046362.451661065,3022000.8618562687,6304135.963898638,781329.303214766,1585436.7609673408,824068.848459175,3403,0.37761572003364563,0.020173050463199615,19381.46386831999
2023-02-08,10,838173.1301380098,3529024.5725999773,611969.2387970723,2698932.8273700653,177821.6017227276,706996.8442789742,383264.842990201,2223,0.34164243936538696,0.01829213835299015,28751.134944200516
2023-02-09,10,869619.3958964497,3944327.336280443,704538.4635885728,3259777.554794779,186160.88097191008,798524.6741664311,453555.33688149665,2443,0.3714219629764557,0.016804788261651993,21323.791623294353
2023-02-10,10,41474.53480455279,765479.3241381496,31083.435870613503,580753.2783791372,12373.096999756524,162827.6922393943,85625.83767658197,2224,0.262192964553833,0.01819521002471447,17676.954978466034
2023-02-11,10,2209159.119719237,8748779.77333884,1654738.0867272213,6534176.748394563,411969.2208466992,1518224.8723274462,628585.3240555994,4133,0.06507967412471771,0.010339159518480301,48910.01090115309
2023-02-12,10,260726.43419027328,8750310.904412903,245229.398896805,6907659.101761421,48459.64015972686,1556448.9125265796,674679.0007417283,2904,0.09623714536428452,0.008825532160699368,37070.33127743006
2023-02-13,10,3762119.5448455215,12499841.534041129,3309836.3134580003,10360058.465514848,636422.7892361437,2097238.413725325,881711.4777801454,4311,0.19619853794574738,0.006990563590079546,36092.46826851368
2023-02-14,10,3956967.7028272897,9749301.819564626,2876203.238932877,7642896.120047696,701419.376886714,1636412.998925729,626146.6030504048,5610,0.0703452005982399,0.008018960244953632,45987.242597043514
2023-02-15,10,5551292.663022339,16773138.136987232,4453888.813613253,13144505.463431505,969365.8749407306,2815184.4767294284,1209758.4488733842,5263,0.2602553367614746,0.01019993331283331,38589.53751000762
2023-02-16,10,3698834.55119209,10576812.559968278,2757819.265000203,8188181.515093513,640144.9907576216,1746127.971575203,711991.0500053819,5151,0.19111225008964539,0.013115791603922844,39431.73261222243
2023-02-17,10,5265225.361143172,15777342.658565521,3641794.018062487,12152352.507753352,874527.4671105188,2589893.5376693197,1113404.599416008,5657,0.11139023303985596,0.013902186416089535,38717.13154414296
2023-02-18,10,4746600.27615422,13786065.748794988,3637685.130325062,10656583.844729599,800850.22221173,2290233.6131323297,988294.1211510248,5339,0.27333447337150574,0.015272491611540318,37657.716070741415
2023-02-19,10,710751.3503070325,3060108.175955087,540458.5801634464,2437689.961698274,148606.4866117787,624646.2094363673,327945.7821587278,3792,0.3017168939113617,0.011599159799516201,18346.152047395706
2023-02-20,10,3033294.5843114257,13957610.33115244,2082309.9237863084,11029850.12841221,488402.6646100139,2306206.2425691076,902812.5734522943,6362,0.3650493025779724,0.01991448365151882,29149.907046973705
2023-02-21,10,1634278.718812704,7150976.843127355,1197739.71318275,5506626.002653652,308870.51178306114,1299625.421117058,545554.8479558593,6031,0.34648287296295166,0.025722438469529152,27370.634027957916
2023-02-22,10,2177877.0488639325,11110476.695314854,1793305.3495866172,8446910.837202057,407007.7184124184,1975516.4622805575,885539.7217019559,5363,0.399885356426239,0.03865031525492668,33020.974067837
2023-02-23,10,2530578.112459898,9051947.90432287,2031410.1389820399,6886000.005177874,501126.2264976092,1741589.9024959519,822550.4465238057,5722,0.41898563504219055,0.036517251282930374,27264.70034262538
2023-02-24,10,2538586.5660612583,6498053.202469617,1968570.5474135159,5093092.415107233,507668.27930639667,1305942.4859666494,648025.9986307132,5719,0.4269866943359375,0.03594556450843811,25718.70271164179
2023-02-25,10,2450980.766673073,7640529.556089401,1907669.682002122,5881042.112131369,467406.1566902632,1463600.3946007225,707438.2118297592,5329,0.363626629114151,0.034573525190353394,27914.918613940477
2023-02-26,10,2823087.7183763385,9375444.500448659,2244825.975648678,7507579.323835924,528839.1128571298,1716903.9416697146,806465.9530157591,5125,0.38872814178466797,0.03994378075003624,25987.1086743176
2023-02-27,10,2810665.2776130736,9339278.586515166,2210941.19198041,7096103.252547835,514976.2539836952,1696164.8303379563,810757.25532736,4682,0.38539713621139526,0.05294153466820717,25975.89144232869
2023-02-28,10,1051797.171148926,3689335.602514088,783293.103798572,2955188.193560414,212404.30608297134,727776.3145217014,339538.69782793295,3451,0.4133797287940979,0.05937102437019348,19898.177564144135
2023-03-01,10,1242178.2417979166,4224523.151603378,972488.7939434072,3423951.872675426,245792.1369326717,798039.4153690492,364592.0140870225,3708,0.342787504196167,0.03888547420501709,19505.7729229331
2023-03-02,10,1757083.750434652,5622648.208919823,1391113.417772307,4511872.630927242,334976.11801190674,1088166.239635431,541753.2983776701,5830,0.40120458602905273,0.0446382611989975,28288.178953409195
2023-03-03,10,1352948.2883865237,6314452.9293961,1077919.9353444471,5025312.931163518,260586.55423409026,1231125.5115260046,633239.9050755893,4836,0.44126424193382263,0.0603720098733902,20441.873471677303
2023-03-04,10,228023.0887082368,2868868.7639728338,200223.8498379264,2254367.72111023,45130.92387220118,555073.4399331908,279793.5513619868,4255,0.476872980594635,0.06199265271425247,13791.877990961075
2023-03-05,10,455750.4442329854,4651680.42396909,343676.515017285,3637757.3932349076,95623.6627390882,910309.7870297653,461256.9533427971,4047,0.4287411868572235,0.050696440041065216,26281.868917763233
2023-03-06,10,576790.5082231164,2981469.1371829957,491716.198460998,2380506.806281573,114427.02548324855,561231.2071234356,268536.7369189693,3161,0.4328570067882538,0.05509713664650917,33985.55051377416
2023-03-07,10,618533.9905627221,2394271.823256135,554165.7586075675,2062268.1537935026,122185.54042123689,457131.39363977173,224405.94186318654,3439,0.43270036578178406,0.058981604874134064,22707.12639835477
2023-03-08,10,834843.421633333,4338464.492768422,657828.7145173034,3323184.2948566615,162520.6061602687,795556.5956326268,430274.86476285453,5153,0.4973801076412201,0.08397660404443741,17665.16777986288
2023-03-09,10,1728520.8140262663,4984237.956138328,1331492.708835055,3928394.136042021,297039.96299947076,888414.2547449125,471958.9108791752,3135,0.37819942831993103,0.04210679233074188,20206.765087217093
2023-03-10,10,363939.8120895028,1593135.0786210597,300437.88773610693,1298713.2124158673,73588.1557782208,330576.59716523136,162171.41842652863,2095,0.42795106768608093,0.057154685258865356,7652.140482366085
2023-03-11,10,636421.5419583917,1601847.7128744721,486667.76126727136,1233364.3747013744,110695.40456706376,294604.3533869841,138771.39186862728,3681,0.45744529366493225,0.07603304833173752,16835.046358138323
2023-03-12,10,370329.57261893153,1118516.3899945319,302718.5279327464,890139.901667218,95431.87354326581,277657.3784493177,159890.2140371987,3652,0.40613484382629395,0.03605959191918373,13104.82247915864
2023-03-13,10,1443036.708417803,5430829.6900848,1188023.7013377897,4168374.292812346,309252.8168599267,973424.0108914251,475372.46291054593,3885,0.28787556290626526,0.022021718323230743,31389.52492135763
2023-03-14,10,1485455.4491171688,4164568.6644419134,1110461.1518552788,3142088.594026463,258714.17367613927,697891.2827945522,310311.64575662185,3872,0.3458077311515808,0.05587037652730942,17401.311056137085
2023-03-15,10,990100.3831033558,5968418.237677008,742882.1100566671,4576176.746301656,136594.96955775947,931037.8582523649,412232.3529619939,4218,0.391764760017395,0.06983301043510437,28623.7566601336
2023-03-16,10,930726.8166748285,7644759.452347189,778519.5131588054,6763001.976477958,168534.58915367955,1249934.1757826158,547012.1627192015,4844,0.4115055799484253,0.051900770515203476,24620.802708536386
2023-03-17,10,980472.6527922899,5021340.145934895,782291.2644332505,4004881.323357709,204399.1241410384,932788.0634658515,440978.0403856311,4995,0.41914471983909607,0.08097516000270844,22079.71434685588
2023-03-18,10,1033271.8073455989,7031340.062583312,833309.636005159,5526261.745551331,196761.04682800046,1203075.351464368,583362.179969784,5027,0.44384828209877014,0.08661831170320511,17812.195442855358
2023-03-19,10,1224297.911630854,5448324.715596661,944923.3025973367,4344601.164619203,245222.1368062118,1022059.0422814984,503410.53056220437,3894,0.4266000986099243,0.07533642649650574,27319.219318896532
2023-03-20,10,1923179.9433738887,5782940.524330363,1527963.2344645432,4491596.251880158,370440.59925887245,1095637.647733212,546568.4740075598,4432,0.4438210427761078,0.0906037986278534,25499.768688112497
2023-03-21,10,1554312.562107414,5593898.8365751505,1343473.027789733,4743947.857695416,286381.73082588275,1003956.5110670257,472357.2936384103,6013,0.4618189036846161,0.11656146496534348,22401.8463717103
2023-03-22,10,1793544.57406798,6071130.078188568,1574941.9973492166,5202062.052155074,317637.16372300155,1057825.4709151888,483598.34016501316,6972,0.4906427264213562,0.11322575807571411,19324.572125434875
2023-03-23,10,763581.3622609824,7112264.679170385,682225.5086269384,6294587.090704655,144710.6405213263,1289154.0158222858,593133.6071190041,3685,0.37544867396354675,0.024630757048726082,28346.706546992064
2023-03-24,10,3023029.993313521,13317246.22781071,2254679.4909473388,11434934.656956907,454839.2342816215,2193518.4764657454,927832.637820207,6789,0.4131675958633423,0.027834555134177208,28269.42420104146
2023-03-25,10,7330659.770402968,20989522.663445204,6654684.131370978,16840125.948840596,1285376.0431182783,3437193.3952867533,1516755.6933353322,5802,0.36056655645370483,0.018610801547765732,27851.421540230513
2023-03-26,10,3083357.218252301,10677622.127259046,2396563.2193147847,8321977.425179404,418629.2089472783,1634485.6072352822,638622.5368023056,5969,0.42385435104370117,0.023992426693439484,36793.36451625824
2023-03-27,10,6803070.462220103,22409273.47141987,5509466.099517345,18027430.92568949,1141671.4142253092,3702548.8778448575,1635219.067014547,6251,0.406838983297348,0.029734589159488678,36019.167090803385
2023-03-28,10,6503322.715398148,19484837.0478494,5149841.498909442,15998313.927402107,1058001.2295657592,3302289.6563771116,1469650.0135948595,6049,0.3959171175956726,0.06005505844950676,40565.02849960327
2023-03-29,10,4076171.220901951,13642857.089779988,3236532.447118569,10884310.431647781,759580.245922476,2353078.7266769297,1026741.6340688327,5719,0.4263063669204712,0.0713086724281311,30113.93214470148
2023-03-30,10,3047830.164834097,12056308.526389077,2573144.334464635,10000186.473211914,520557.42640830093,2029586.993261338,906207.4272664371,6830,0.47387558221817017,0.10652019828557968,38111.46208438277
2023-03-31,10,2445296.8913442343,8780340.322011113,2000077.1388286133,7300649.0910946205,478006.6402651476,1649317.7319351607,784112.261658333,6610,0.4819605350494385,0.14690811932086945,22102.047110527754
2023-04-01,10,2159365.1789075285,6308597.786795482,1733095.8848267156,5198935.396690288,406497.7279075345,1141294.5821404452,526521.6230245801,6095,0.5046099424362183,0.15771189332008362,23380.48476627469
2023-04-02,10,2510284.112578094,8567930.21002385,1920961.9906107648,6720987.286605886,440373.20939648594,1532013.311838991,663641.646950624,7918,0.5349262952804565,0.1683790236711502,46588.97212135792
2023-04-03,10,2166771.140034035,7432078.636853501,1674029.947971025,5862606.572078336,391065.65603506664,1276960.9124539285,524190.9734725308,7162,0.545060396194458,0.16227875649929047,35846.44032180309
2023-04-04,10,1993053.1332606077,5811849.702031508,1461067.1417097203,4152364.3037715424,374317.41882322275,1113485.0747392024,492406.0078442248,7081,0.528846263885498,0.1164979636669159,44618.16292056441
2023-04-05,10,473430.28393924236,2139896.3089970797,363927.2063411189,1923816.5869820938,97610.87423909867,403808.95084522327,182815.9003456326,2962,0.1428872048854828,0.023318903520703316,23794.4180149436
2023-04-06,10,1801984.4432337284,4281207.1131919995,1435205.7864734004,3305408.4498530924,371518.2699384027,816330.9988280248,404804.4057626108,3397,0.06798780709505081,0.005468666087836027,27234.706391751766
2023-04-07,10,1880355.0982181728,4569880.500977643,1455359.0851147447,3528200.6827949174,385407.0516852256,881174.9093961187,439451.6307973177,4332,0.0943589136004448,0.007000500801950693,27707.55625629425
2023-04-08,10,1731474.4174787402,3846666.2479797453,1322064.8112891125,2985203.2746865125,349744.8843897624,765099.9453138262,384952.1449280731,4227,0.2905465066432953,0.010863097384572029,30189.458589732647
2023-04-09,10,681379.5745834708,3846268.4628026634,525099.465088856,2899409.641473558,146368.28493693145,760822.065343004,392876.38321383874,4420,0.41437047719955444,0.028001658618450165,25033.611081510782
2023-04-10,10,1543421.6088252068,5749935.847076118,1171409.8770841875,4536535.406211061,278751.2130571421,1111614.5823750491,543175.5015492481,4231,0.47870001196861267,0.08981303870677948,33522.893406540155
2023-04-11,10,684571.9315814376,3135301.9042434692,570204.4434570904,2597167.331398976,153042.00879900882,674491.3938358496,349013.98975301,3409,0.5299209356307983,0.07839684933423996,23996.39204594493
2023-04-12,10,1407602.982760042,5801401.230021864,1199411.268224172,5280719.504363276,272112.0136468039,1096656.7323705917,536575.6405895962,5100,0.45715412497520447,0.08890224993228912,24330.589743435383
2023-04-13,10,1016477.6636852622,4611846.6801763475,776921.4415444784,3593461.553921234,202784.4344139723,896914.3936058697,455480.3136706718,4513,0.5037532448768616,0.12141423672437668,22512.287614941597
2023-04-14,10,1085230.7971555293,2950172.1871479675,873623.1364568935,2280397.847877024,228231.75567638778,609123.032360509,311947.6165097946,3788,0.5225961208343506,0.10790836811065674,22321.807286292315
2023-04-15,10,369245.62455669045,1735310.9962443113,311280.70598815,1562740.1232634103,91736.50738314417,351405.2283441663,151963.45968670154,4103,0.417906790971756,0.05314973369240761,13991.27879461646
2023-04-16,10,825407.5067978203,1933406.046000883,679732.1271945097,1501882.4495482808,173244.5814988186,385790.3845399554,190853.60715187123,1552,0.2737230956554413,0.02189388871192932,16325.690369397402
2023-04-17,10,2209556.530308306,7058563.8400805,1674932.771653661,5902626.38923746,390097.43291215133,1179420.664208929,520926.08373121324,3712,0.3074747323989868,0.02971014194190502,29967.556610941887
2023-04-18,10,1346599.7804561853,6796597.905461647,1063867.9499180592,5486011.842088899,233411.82102205086,1250722.7317560674,645073.8547675837,3130,0.1427832394838333,0.006493326276540756,21788.42528089881
2023-04-19,10,5477279.228635222,18852924.119622543,4384234.969373657,15284606.87381754,969844.5121293296,3161877.9217115915,1462632.1890011765,3546,0.1482282131910324,0.01623944379389286,48122.15741163492
2023-04-20,10,1241227.3738569021,5292931.835416131,1022828.3684714842,4124935.066460362,259583.28387726107,1040420.4071829618,538987.0622274681,3260,0.2198990285396576,0.020376477390527725,22448.636287152767
2023-04-21,10,2003182.7658844888,4110309.703258693,1550202.5926036946,3198382.294266155,394982.6782362395,819991.5964197044,389639.248977659,4623,0.3257804811000824,0.03128397464752197,29064.547548353672
2023-04-22,10,1539006.2714978755,5882396.027141124,1270057.3893234264,4623816.292447611,294007.8500797314,1104191.3857372268,502402.3728463502,4526,0.4031286835670471,0.05250973254442215,28967.320469409227
2023-04-23,10,3913125.621675715,15415212.097424582,2969811.5107709244,12614085.933813524,665200.949116156,2620525.5714959647,1205987.4314971922,3824,0.43390652537345886,0.06328251957893372,34036.47928825021
2023-04-24,10,3149683.1016263664,12860802.134127513,2597632.731672599,10469747.031618275,486674.7953366384,2016728.9663954095,857208.9347759618,3912,0.4787452220916748,0.06420326232910156,40634.82948833704
2023-04-25,10,3763398.2550136745,13547807.656013936,2770676.3140427344,10964683.452589333,640419.9462043743,2186442.667180241,945837.5335663976,2918,0.418891966342926,0.028511593118309975,45142.440819233656
2023-04-26,10,5835548.373745814,17904039.426550016,5346018.902253866,14767893.54874673,983731.6177837002,3057543.9159129197,1384567.8509202292,3444,0.31983238458633423,0.020240217447280884,38448.562156796455
2023-04-27,10,3541000.538188502,19022984.331320703,2804135.143823758,15333412.533819007,578469.9712779411,3171470.846454164,1533967.1292112572,3583,0.2808907628059387,0.028248731046915054,43912.92028281093
2023-04-28,10,3685852.5890231133,13991570.383755088,2974383.186261085,11525733.611488782,584151.5903609552,2320213.672582224,1082553.1117252824,3264,0.40275079011917114,0.05042562261223793,35742.93733638525
2023-04-29,10,1324767.677101031,7950616.656746902,1073674.9044283677,6555897.465957355,255133.7523890066,1434921.8360169434,623088.286277714,2460,0.09987751394510269,0.008009843528270721,31327.233925640583
2023-04-30,10,1666496.1101453751,3959810.41812633,1298393.03429284,3061507.1598472293,337148.61079483334,784394.7277876909,386167.7205843585,4499,0.3943592607975006,0.022042620927095413,29029.906650543213
2023-05-01,10,661080.8742859066,4537094.843607277,553766.6373371959,3517069.4954345217,145140.47840698005,888829.9091913344,451521.77502095734,4125,0.45493197441101074,0.03892800584435463,24823.05013883114
2023-05-02,10,837297.5288647264,5512541.108180165,707823.4514652716,4305746.070857552,185772.31750626417,1003023.1167176082,517752.04435219814,3826,0.4617328941822052,0.05627919360995293,24713.235194414854
2023-05-03,10,1492068.2967058718,5924682.604068637,1244933.7383148405,4735249.292415546,266617.4937775753,1034100.5528958202,533336.3496004762,3100,0.44869178533554077,0.07095430046319962,23960.936610668898
2023-05-04,10,2092498.226050347,8207700.397315949,1735539.4133220809,6671155.571037555,402553.28810381994,1504949.7127232905,733973.3981422407,3190,0.45318830013275146,0.06354920566082001,24023.300279200077
2023-05-05,10,1045247.1978607178,5131309.235477105,888605.8064962788,4190742.5447432855,224902.1080544895,976165.2701642415,501160.23644661804,2377,0.205049529671669,0.008464474231004715,17198.517639636993
2023-05-06,10,1141497.1945630237,7428536.695839398,1043022.2461549871,6814700.383130053,194600.34189380216,1203162.565257098,520912.3085339406,3188,0.040983039885759354,0.0015371250919997692,35607.88732588291
2023-05-07,10,785897.3854448274,4719140.016397014,598078.0502892486,3542746.854872766,171913.21197138814,904103.5190812864,413122.5448344445,3761,0.02488800324499607,0.0006949460366740823,28632.089900135994
2023-05-08,10,1077221.8011038005,10252467.682642117,948348.6513246763,8137978.457078767,145786.52898136835,1602754.603933842,667219.5626487733,3249,0.04556357115507126,0.002567296614870429,23162.48173826933
2023-05-09,10,575111.9240842015,9136463.44004266,488568.7622129875,8014592.814300873,88605.73216412828,1461895.9852750392,594892.1075237462,3228,0.06250040233135223,0.004240882582962513,27229.54041686654
2023-05-10,10,646890.6880663112,3507159.864667952,534969.5808942053,2828359.816722542,100703.62817897847,644839.4189509208,338162.3861746548,2326,0.26755326986312866,0.02155647613108158,16221.754376113415
2023-05-11,10,8388096.866331935,20018100.74141331,7296516.634660921,16538520.28244401,1406918.0547771184,3309298.755941904,1564990.864732292,2869,0.40481245517730713,0.06043345108628273,25953.64744770527
2023-05-12,10,4878932.373768732,15411120.900835633,4127222.160003682,12797270.677345011,818144.5968798043,2588900.897253626,1196958.960651448,2921,0.40746796131134033,0.061365265399217606,34282.18995437026
2023-05-13,10,3388934.1726694107,10008614.842304349,2848636.1000610716,8446105.477478277,607936.0836342116,1708672.041155308,759469.3226757012,3992,0.41792795062065125,0.04965627193450928,31136.561120450497
2023-05-14,10,2664348.894531518,12405421.958736956,2166346.0820578295,10452884.661519248,407943.3487375554,2005506.5633535949,878628.5340212843,3547,0.3946080207824707,0.045645613223314285,27072.084506720304
2023-05-15,10,4500435.034644365,17859255.938146397,3709755.435389952,14665159.36291977,717876.0710135396,2924441.0156763014,1342005.7714225156,3565,0.4271560311317444,0.058107711374759674,33107.958319664
2023-05-16,10,4637672.136635587,14623672.43561025,4120666.44960134,12429530.04506943,781787.7762312761,2417831.63211865,1056068.1782944594,3682,0.42968064546585083,0.06574773043394089,32473.299291074276
2023-05-17,10,2814217.3215605617,10241667.066467643,2219558.586021214,7972665.342155665,485591.89181515627,1701618.5049781534,798445.1956859718,3730,0.4445676803588867,0.07214687764644623,36957.78463995457
2023-05-18,10,514857.1418673098,10567858.419409499,456868.384536557,9245043.198603986,113346.64078551286,1814003.474983951,890066.6511830613,3478,0.44868966937065125,0.0212600976228714,25250.495631217957
2023-05-19,10,2282380.1732991636,12401723.161644742,1834599.5299229717,10237494.653398192,346918.6069058759,1937711.3422437594,853996.7472331268,3615,0.36675575375556946,0.0243604127317667,23480.135654211044
2023-05-20,10,3039033.0450200737,13157694.142841667,2357353.42043237,10592578.894992441,444962.926124608,2078330.5282375317,928124.1444447173,3175,0.33283939957618713,0.024981938302516937,27636.424369633198
2023-05-21,10,2005932.2116318643,3771221.1932284757,1586230.4600903215,2937733.2150731278,392335.9287162992,770876.0542841682,387056.1161350042,4334,0.35621747374534607,0.010510341264307499,30010.640999495983
2023-05-22,10,1968883.840943396,7741438.030467838,1530504.6958150077,6528046.844538633,385862.51894266426,1420339.4129907629,672688.7735964137,3972,0.3374875485897064,0.010496827773749828,38803.06797456741
2023-05-23,10,4368027.895490468,14633472.807998061,3501925.6660178383,12303599.907596726,794513.8466905664,2590766.53065796,1167221.9016212572,4589,0.39759889245033264,0.03151608631014824,28903.7769048512
2023-05-24,10,2982408.3956655264,16125044.319041342,2189124.3954193783,13552390.282942612,556074.2896315282,2791887.611497827,1256787.6439047202,4704,0.4082666039466858,0.039083559066057205,35568.97110256553
2023-05-25,10,4313875.745405674,18932592.430996627,3413964.9257169873,15654333.028667977,722863.1355558174,3146973.204526319,1429797.9041833687,4534,0.42991912364959717,0.05520348623394966,36995.64246851206
2023-05-26,10,3956067.1098797023,17160835.2255466,3699123.7910413453,14688633.715729907,655116.0834616937,2865385.7554586064,1298641.0784281166,4495,0.4517756402492523,0.05156862363219261,33251.24081027508
2023-05-27,10,1267233.166204095,7564981.512791097,993976.5267223684,6250118.64553754,271339.60239565745,1459861.1043609665,712842.0334906622,3695,0.3989531993865967,0.021243281662464142,28004.64664644003
2023-05-28,10,946720.5097390413,3389463.315919414,765180.2167560225,2730208.9395787204,187157.9741436821,715328.2889558948,410515.5282943208,2598,0.17783239483833313,0.003963657654821873,17960.7240126431
2023-05-29,10,2322428.685075417,5120129.953261897,1849128.762360957,4006261.3672066377,456116.1639460356,1029316.0029296576,552371.0986120633,3244,0.02873559109866619,0.002100633457303047,26428.466116577387
2023-05-30,10,1000357.0000519753,4941284.101542741,771796.899637713,3906332.889664055,143623.1694983293,691083.989618361,283388.4355013509,3882,0.034393250942230225,0.0015555837890133262,26828.700968444347
2023-05-31,10,555775.599598512,2862834.314442314,463244.69971783366,2375031.811313981,87732.74604446285,512277.5641529333,267180.31779353524,2795,0.04995258152484894,0.0033239424228668213,17672.213851213455
2023-06-01,10,1000722.8199013174,5814142.162293091,821753.8038813362,4806135.262666496,142857.2893732654,879937.5226036117,367999.3729942042,3165,0.08604848384857178,0.003471403382718563,31778.075052917004
2023-06-02,10,2954104.3267202526,7416728.518736586,2214609.454290684,5712672.298575628,505293.327370452,1270699.7160502267,556374.2080613265,4383,0.08419276028871536,0.006721862126141787,37268.29474037886
2023-06-03,10,8584250.624584049,20603649.544585407,8131772.494614175,17204582.63929058,1516436.0118313795,3529363.514409826,1653545.4358878438,3489,0.38238057494163513,0.02612883225083351,39785.76318868995
2023-06-04,10,2329264.226691678,9353235.29050985,1893635.1529548906,7678311.498863451,456606.8150961464,1689374.574628884,808230.3500438469,2978,0.4316863715648651,0.035554468631744385,35876.99909466505
2023-06-05,10,2167622.416910082,5763982.03961499,1714664.5754940773,4412265.578855582,420892.13470651873,1124085.4531947374,523877.80975718226,4197,0.46593934297561646,0.03686950355768204,30881.74667453766
2023-06-06,10,2254583.394729197,8252221.321163893,1833309.0606554213,6472456.273348504,451259.3086564709,1497480.40829764,754814.032980073,3384,0.4738304913043976,0.03983721137046814,27655.902769565582
2023-06-07,10,2207442.2626874447,6872109.068010099,1774355.9579764733,5437873.156759426,447730.54934680474,1349268.2932749772,687240.6607532513,4000,0.47458451986312866,0.030293555930256844,32010.46872636676
2023-06-08,10,2037285.7784154117,6037689.248342119,1600942.2890833465,4676390.485275406,420259.57935964933,1171137.966235829,592778.45196846,3988,0.4370293915271759,0.022409360855817795,25861.73730674386
2023-06-09,10,2099554.0934580863,8013361.561502069,1630714.2351776399,6699434.194215145,415336.56857462495,1488357.5602001338,720010.2030721279,3695,0.37779173254966736,0.01958579570055008,32372.388551861048
2023-06-10,10,2928487.1637432724,12948801.074584901,2398697.758592428,10895084.653881617,556776.0619126011,2181706.3814897547,1010072.8325231328,2207,0.3658905327320099,0.026234477758407593,30033.554071366787
2023-06-11,10,3702159.82335037,8583359.498873964,2920876.0099923057,6619878.3686387185,626559.7495736671,1378676.9576198584,655898.5045427706,1463,0.1651594340801239,0.015742002055048943,32546.543088763952
2023-06-12,10,4345096.389372721,12444820.519009873,3397515.606460238,10183710.089228636,656122.8746165496,1954457.683137664,887338.8851748027,2709,0.1599077731370926,0.014810213819146156,35303.91880577803
2023-06-13,10,2722657.6452400237,11124689.714266822,2072910.9961120666,8831410.476524323,338491.0500990135,1744430.1358511886,767097.2200998729,2080,0.14743798971176147,0.017004888504743576,29876.60618159175
2023-06-14,10,3376729.625531204,8474588.469428763,2752990.545281493,6733966.954694512,605825.4160686098,1494746.1268629855,768868.3393805888,2165,0.2265990972518921,0.015194623731076717,25165.280238240957
2023-06-15,10,3569400.7606716454,10288629.882466681,2828286.672887175,7940614.866657352,511283.0066029287,1571669.1026972015,693181.0390460909,2094,0.26606351137161255,0.013990317471325397,24628.409569382668
2023-06-16,10,3918289.5243418217,12324331.528780617,3087166.933209569,10217639.981551658,614507.1783493778,1975294.1899825772,924764.6469838572,2376,0.2930469214916229,0.02038009651005268,28434.372467160225
2023-06-17,10,6082002.139931589,18983568.70778501,5112177.736735498,15948895.85350494,967954.4371342567,3055969.0320437276,1451439.9673321932,1922,0.3980565667152405,0.03391776233911514,39403.89016079903
2023-06-18,10,6144190.924682528,18276713.68035665,5938304.357699998,15798712.325726815,1024471.6963474853,3073445.6061681537,1452324.1139936317,2720,0.3883718252182007,0.028005266562104225,35895.20465764403
2023-06-19,10,5296326.307751618,17902582.100304805,4701478.09370378,15184493.790456586,884116.1498357365,2987182.8597225556,1377573.147255241,3323,0.43128278851509094,0.04447939991950989,35718.793082118034
2023-06-20,10,2139712.999797344,6974130.518040955,1708746.259456207,5612023.810857562,382434.5886532762,1324600.2927560308,697650.3270597917,2494,0.44580885767936707,0.0362713597714901,27279.638449192047
2023-06-21,10,1978851.8039145172,11022074.833932914,1543460.9588234397,9186597.66508635,379110.35918838804,1964144.572228557,1011204.1850730868,2300,0.09834996610879898,0.0036317752674221992,39228.86291849613
2023-06-22,10,2602937.9885759056,4992086.057944931,2012112.3449211782,3924807.9584747273,496073.5336296293,952177.889682231,472847.97918782453,4282,0.07304057478904724,0.006872303318232298,28536.11097896099
2023-06-23,10,3223935.7029915005,7573541.791550964,2551426.895657817,5911664.750835897,621776.2774644581,1394071.0258506415,712232.5389435422,2994,0.07837995886802673,0.011098033748567104,29300.818104475737
2023-06-24,10,1876830.7660238296,5454933.36897146,1418741.503881006,4272050.11821048,348640.4561289606,1029338.549824392,559970.3409622582,1899,0.10139637440443039,0.011853476986289024,29339.5080524683
2023-06-25,10,2726431.657173082,6731515.4167903215,2032896.6056767267,5248284.572779661,453251.23826548015,1154290.5053131003,601760.3061455555,1901,0.09862232208251953,0.011920061893761158,29121.255959898233
2023-06-26,10,490683.6931072101,3977365.143025391,391982.65632668533,3299474.1319881184,110171.44306919495,820288.0960361545,443813.8261488551,2144,0.044216711074113846,0.0019253940554335713,16885.419893592596
2023-06-27,10,1784345.8447498083,9590429.77155058,1489606.7921078522,7733881.266519264,369715.1239735782,1714084.716418283,809943.2003103435,2113,0.041108254343271255,0.0024635992012917995,23207.99824076891
2023-06-28,10,9228830.053922772,20485593.046848387,8391366.214607958,16827940.528734148,1587145.1418915126,3419243.122077302,1573840.4059033361,4474,0.04131457582116127,0.0016631396720185876,39642.39449977875
2023-06-29,10,865529.8706071824,6649359.723033346,685798.8993137387,5072241.02769489,186300.33687645433,1128464.8185371968,587935.6698265558,3701,0.037550557404756546,0.000790274643804878,36274.89077344537
2023-06-30,10,818743.7048164308,5919871.513359964,642445.0597195241,4699778.810371595,133107.54803632156,978673.1928271352,434228.0937400311,2805,0.007065802346915007,0.0001476776960771531,32113.867253661156
2024-02-01,11,3402922.008740157,10834924.156674825,2967830.5533836344,9011150.760382049,668069.5480276544,1990766.6409379074,928209.0439042351,4291,0.16361109912395477,0.012186144478619099,32381.158341139555
2024-02-01,14,2415025.6714909375,11573420.404886901,2579828.0582259824,9923031.848292278,464869.13361605525,2170933.714756198,988753.8639536365,5016,0.2436080127954483,0.023566650226712227,28680.51885601878
2024-02-02,11,5617386.042548679,15202995.54192599,4815876.856808795,12384881.37707671,1033180.5548806329,2702922.3923090966,1263108.985618412,3313,0.17094311118125916,0.0100782485678792,43923.84090521932
2024-02-02,14,6328706.686576635,15531702.15906547,5696734.789350957,13210211.161866847,1136784.5198733117,2812892.932591893,1338488.4123161102,4673,0.2476971298456192,0.020049864426255226,33537.45164874196
2024-02-03,11,7683029.532496333,20255298.233858757,6503326.4882580815,16707679.51045907,1282065.407934047,3404831.7317444375,1560711.965126132,4434,0.15906472504138947,0.010751592926681042,43913.10438978672
2024-02-03,14,2778823.173132926,13921704.212393492,2295731.3918078747,11444465.077442497,514715.6625689614,2428035.388673287,1093749.4190994964,5562,0.2282806932926178,0.018356332555413246,25579.020521223545
2024-02-04,11,7498146.2181212455,17475248.409619257,6600975.332778206,14295438.606327172,1277123.0959507953,3010453.861933438,1374201.2242609146,4579,0.18116594851016998,0.00815100409090519,36727.64918771386
2024-02-04,14,3451758.577442467,15073123.738665074,3029837.093033572,12674953.332608258,620994.3013005778,2576080.4086477505,1111100.3402468176,6071,0.2505738139152527,0.018491392955183983,27686.800573527813
2024-02-05,11,8364501.2296658605,18783592.674184658,7601736.078630622,15839430.04094553,1553636.649779136,3429597.3384387298,1647313.8626256469,3895,0.09278256446123123,0.0025873896665871143,26973.08358183503
2024-02-05,14,3675379.6584032923,8755238.497485474,2848869.3625677377,7322754.16955362,723031.3290620662,1699484.3933899186,813269.4944656536,4214,0.17799566686153412,0.0038551711477339268,40654.65526998043
2024-02-06,11,5968610.346304134,13620932.280237496,4958293.621584767,11826495.76637552,1103462.989954766,2479554.072572195,1105345.240282025,5083,0.05443906411528587,0.0029611894860863686,43945.6977070868
2024-02-06,14,6896198.482792124,17849742.972445086,5736682.527096195,14725788.656302512,1271810.2610989371,3127659.629799567,1422452.6829844678,4800,0.06305970251560211,0.0036618008743971586,46478.304318636656
2024-02-07,11,4222290.17653963,15810055.500742644,3230276.5228496967,12728967.648355778,838683.0883664638,2900514.653458347,1307139.4427789035,4031,0.06892079859972,0.003517884062603116,32114.775451809168
2024-02-07,14,5950231.347125322,19542794.00497149,4588672.850157913,15817029.149614852,1122507.938849007,3503291.0918378048,1633951.676693077,4233,0.07239394634962082,0.004969924688339233,39040.85824871063
2024-02-08,11,8708353.516745761,24849189.17243799,7320672.389990305,19764734.560936794,1592107.6135858519,4314163.86408761,2033393.0318408557,3336,0.08748535066843033,0.0049074916169047356,37670.43473765254
2024-02-08,14,6075161.321332186,18472586.171012923,4901042.474042979,15204271.93572155,1138549.0545375575,3326029.1534944745,1523577.445667129,3695,0.08905346691608429,0.010616622865200043,37149.65264672041
2024-02-09,11,5124529.902608395,19609565.153283358,3960351.125737034,15523650.012892421,945185.7651960051,3377686.7840682557,1594118.1820057933,2355,0.08971074968576431,0.006430136505514383,33815.79077780247
2024-02-09,14,5413936.282567099,16254063.188211277,4546470.8820922095,13937051.824511092,992984.0664985339,2984308.067934973,1428908.443279603,3304,0.1203097254037857,0.015039806254208088,31836.27525496483
2024-02-10,11,2777526.848860413,7097400.3820400685,2229609.037177329,5540872.807072973,551392.3218176644,1378526.936452982,693659.5000104273,4282,0.23891283571720123,0.014665966853499413,22117.863614410162
2024-02-10,14,1496187.5971826762,7135632.615797237,1239141.6200540005,5644839.148390295,288147.3677844505,1396142.7762229564,683492.3169192302,4826,0.34239161014556885,0.03699309378862381,20785.04073035717
2024-02-11,11,2490952.401968777,7418063.422914214,2010073.8110742746,5825267.963801242,492913.0998997381,1456511.18521092,738319.2866371879,4407,0.31508931517601013,0.021877149119973183,22390.68968513608
2024-02-11,14,1541697.0415184498,6289080.007032506,1261286.9285055362,5008765.228677023,300271.6369531087,1252457.4650825853,628939.2854503512,5225,0.3446919023990631,0.03516687825322151,15952.041145861149
2024-02-12,11,3104014.631244853,7376188.960708551,2487566.620335847,5738869.701421611,632909.7437552945,1438450.647606051,739093.5598430533,4185,0.2920948266983032,0.023274347186088562,26594.985129863024
2024-02-12,14,1169522.1999691129,5265067.866903901,959829.281728184,4169875.6878867634,233557.85875099315,1057025.7091958234,539110.1468604875,6563,0.35426270961761475,0.06894982606172562,14768.468856364489
2024-02-13,11,1680506.3525999486,6693773.190724008,1375235.1570623042,5384896.147051345,312798.0746445601,1335108.0474218335,676319.7906962764,4517,0.3362598419189453,0.036694079637527466,18610.57965388894
2024-02-13,14,1343649.6860967577,4768878.388267912,1059440.5648625877,3856992.3222515057,262736.5816766939,965824.3602544742,504393.2337566786,7010,0.36909428238868713,0.07257921248674393,21790.888032257557
2024-02-14,11,488902.6989570856,8993017.809295125,379554.08558379055,7223752.047586862,109302.17918055682,1630998.4930752553,753814.0781036548,4062,0.33243829011917114,0.018055282533168793,34441.647206395864
2024-02-14,14,625162.9517081082,4220163.566918522,503454.91895673116,3318897.5721502947,140929.80678413378,826695.9611451454,335209.3759793548,5656,0.3407360017299652,0.03477146103978157,23736.02774336934
2024-02-15,11,928443.0952300355,3045792.3255608752,731989.0445702418,2426666.7854483146,166435.9568270805,592913.6241808749,306048.56098342827,3090,0.2352837175130844,0.010131051763892174,24700.11888241768
2024-02-15,14,1498259.9965127409,4587909.672999486,1168224.2132817227,3636376.965612004,282288.255072198,878823.18939418,456276.76868774416,4009,0.3578522503376007,0.01993740350008011,24643.07558259368
2024-02-16,11,886551.565767616,4403538.618349105,706953.6021654466,3558430.1125327153,177107.03912282016,858021.6009360359,430168.7091745765,2779,0.1946846842765808,0.013109480030834675,26484.23753157258
2024-02-16,14,772749.8008052707,4342262.342985004,591725.033438272,3361032.9201043956,149955.45714851987,798771.7003262236,386956.9164705511,2983,0.2084473818540573,0.021681493148207664,20905.57329276204
2024-02-17,11,2261283.632850088,7021335.288263649,1863378.0394453206,5577820.991900306,437152.7668291639,1362064.316739683,674168.0583135863,3673,0.12424305826425552,0.015979832038283348,23914.275148779154
2024-02-17,14,917635.73285833,3172757.607611969,699372.1475855855,2482107.4205802474,172073.81420338643,644312.4167687391,320850.2609723975,4919,0.3308546543121338,0.04417142644524574,20197.111036598682
2024-02-18,11,240524.1754862517,1784224.761204891,195076.37626133062,1344709.6386202003,57859.97882418151,350488.5725478487,201614.67320002062,2433,0.23470419645309448,0.022381756454706192,22382.807190150023
2024-02-18,14,1174693.7225696146,2636375.262327805,910737.7055686286,2052070.2464335803,234538.80696866527,538568.874502258,264211.3492647023,3618,0.34864601492881775,0.03606176748871803,24849.546826720238
2024-02-19,11,256711.31756086648,1306220.8101465255,204830.40984450275,1026880.1008838816,57289.25571218861,285231.539032591,144485.51653052747,2175,0.04070720449090004,0.003993020858615637,19236.529298514128
2024-02-19,14,2270036.4691646695,5581220.6253512725,1794603.604368701,4315659.884985159,434302.7902035075,1092604.7153260377,534645.9923623586,3954,0.0995323434472084,0.006907772272825241,21314.06787264347
2024-02-20,11,199113.88917625695,8317723.514262207,160970.38603312065,6201941.998068612,44737.31475233853,1479174.7592034035,637507.5959953016,3109,0.03069791942834854,0.001549990032799542,51970.23096913099
2024-02-20,14,856178.9059995264,7043045.284203537,589756.9986041919,5158408.009510405,153172.8735036904,1286720.2724099942,520511.85141600703,3830,0.026549698784947395,0.001771148876287043,40381.010882765055
2024-02-21,11,115127.6007924676,5424340.397615261,93714.85444446275,4049590.4210595097,26606.47420347543,1005508.6475770369,449358.35686425766,2499,0.017169907689094543,0.0008667049114592373,25957.284208625555
2024-02-21,14,49622.505828619,3581735.65487168,47044.70143444358,2690210.55720982,16427.672766761956,685692.5277770972,298155.1785934556,2357,0.017496880143880844,0.0008358396007679403,27189.66449612379
2024-02-22,11,983938.3216437548,7229190.881880783,687710.7639968741,5252152.6785976365,182511.91151863406,1362426.3504176692,574738.2687022414,3678,0.017110062763094902,0.0006874233367852867,36920.34181717038
2024-02-22,14,1461008.584063284,9764174.377651773,1028440.1734273683,7173696.427299349,273359.3612882798,1752781.6448664796,755715.4140966989,3434,0.016022764146327972,0.0006859314744360745,48901.35063934326
2024-02-23,11,1062910.8629974425,5659375.06994921,708149.0058816349,3989711.426858971,199398.59202066864,1087718.1598076273,453776.8735027134,4578,0.02372130937874317,0.0012751951580867171,40664.25446629524
2024-02-23,14,3279063.7751396894,12565795.592003107,2339922.382251859,9391244.753136212,617683.7156145693,2260947.192727597,994006.829336484,4643,0.03334542363882065,0.0017027275171130896,41788.40337496996
2024-02-24,11,519346.37138330936,5184692.420206517,409355.88328477344,3724711.587970708,106198.07242169467,1014592.2841839541,464932.0265365562,4370,0.06443092972040176,0.0043278709053993225,31823.712701946497
2024-02-24,14,822702.8525205851,7018070.160906434,647505.6664506901,5265549.405307417,155781.5682472706,1356796.0874095263,611247.0774975219,4282,0.09660335630178452,0.0057838731445372105,31524.068734377623
2024-02-25,11,1288403.4485699683,5162777.697988674,966374.7876778722,3818909.576497133,247157.4942243934,1033810.1199571898,466862.82735837885,4102,0.04677524417638779,0.004589607007801533,29847.85226649046
2024-02-25,14,3466607.4742672443,9980607.481723234,2545185.408010978,7229112.665970042,705528.7901521199,1909854.3795419666,853965.3547244461,4502,0.10805898904800415,0.006847131531685591,30270.325767844915
2024-02-26,11,2384930.6126100793,9383984.72250519,1934023.606744687,6851516.79067727,493505.2624145121,1725772.7385346873,810449.827192775,4061,0.11099974066019058,0.00959340762346983,28593.994757711887
2024-02-26,14,2693539.9039447904,11892697.508831829,1963043.834375603,8686158.24844891,404740.07475034473,2032634.98742397,858216.1266082453,4875,0.13881491124629974,0.018728524446487427,35913.12226679921
2024-02-27,11,2327837.921583712,10707005.059376866,1675283.6767812415,7992862.517992523,430631.3234864287,1915657.7569379555,903732.6690107381,3728,0.24128296971321106,0.01654241420328617,45254.79748228192
2024-02-27,14,4313965.743873358,12924638.76983121,3202313.1175129972,9804834.71133405,761862.3382995366,2233595.309017473,1026506.9390744223,3416,0.2869599461555481,0.021903878077864647,52378.656360954046
2024-02-28,11,3141474.805840969,12213765.75921522,2427029.6335923523,9025453.036747351,613062.4210179513,2286653.712901419,1081546.4902279163,3992,0.3005317747592926,0.021855197846889496,34666.01230931282
2024-02-28,14,1621911.4651734978,7708077.2975476235,1377146.0623922846,6031629.402649667,306397.99646945007,1434475.2118184278,719336.4442328977,4248,0.296181321144104,0.037495728582143784,30235.267934381962
2024-02-29,11,8315548.970064715,18414058.77517265,6108920.428546334,13771906.051403398,1430505.1597742871,3004585.9909003507,1321693.3518752784,5341,0.2161683440208435,0.014205116778612137,39813.44563883543
2024-02-29,14,4107036.4307010174,13673161.028946996,3069313.6177727384,10065965.797450721,609177.5147931492,2177195.8100983026,848743.1594565721,5613,0.29040393233299255,0.015209026634693146,30610.953910201788
2024-03-01,11,3350643.365445152,11194505.025432006,2628133.4534536907,8593888.779388476,628089.3140265195,2056397.1599692206,985148.7204950077,3572,0.26304730772972107,0.01596500538289547,28664.262638777494
2024-03-01,14,4351015.162353642,14738912.701236002,3522801.9248240427,11168047.327829428,758673.057190588,2566972.969275661,1156012.9326433202,4785,0.2778972089290619,0.020578565075993538,34727.97323679924
2024-03-02,11,2865778.521807283,9983379.777355626,1967330.287554792,7242846.088081853,539431.2815118174,1712094.8053537048,718123.3204269707,5909,0.2884579598903656,0.02820586785674095,37502.69028580189
2024-03-02,14,3227226.213648498,11283074.118526429,2568289.5162757295,8669249.589390326,556356.0569864017,1908769.7740637942,913920.3216506382,5699,0.3134303092956543,0.04188021644949913,34058.72024935484
2024-03-03,11,398345.70183330774,7717467.42814517,315631.0432612791,5731200.719541143,91038.69345461928,1453692.614698012,623100.492715645,4977,0.3519851565361023,0.03197299689054489,19298.787616580725
2024-03-03,14,693770.5094164312,5224990.815951139,533020.9205190346,4052130.030398977,127622.30215501715,934857.4878407079,421447.64635549835,6929,0.3545060157775879,0.06318929046392441,28212.657614409924
2024-03-04,11,3302483.832147032,16958348.953815006,2577370.094601613,12900662.942075942,566041.5260618376,2970981.4544188688,1367530.109189993,5096,0.3501345217227936,0.04169169068336487,46587.581871032715
2024-03-04,14,955589.0989662409,6111827.234862417,891619.2293558476,4834432.017169196,181876.5673414283,1093650.1344593423,445523.82553475257,7630,0.3682442903518677,0.08705157786607742,31996.173997551203
2024-03-05,11,5055109.156352848,14267564.53680037,3930636.6670244485,11528722.035847932,926147.1906276991,2537024.7975881803,1132544.7945621114,6120,0.2896289825439453,0.01810663565993309,31840.55935883522
2024-03-05,14,3103766.7082062066,15967302.094695449,2702170.5095388275,12677345.046965757,557639.8417540966,2765852.5685195536,1224648.4035505285,6387,0.31874412298202515,0.02133628912270069,41059.058137863874
2024-03-06,11,6820401.790005803,18660542.10577987,5527193.60749181,14807873.0789714,1202358.0389355756,3109322.0212710295,1366588.8352153006,5353,0.29902616143226624,0.025493977591395378,40214.47158831358
2024-03-06,14,7433657.800586492,20306933.96456805,6378075.200714307,15809098.151789535,1309079.3645771297,3328410.7739674463,1465815.505446341,5870,0.30835482478141785,0.03182538226246834,27194.664421588182
2024-03-07,11,4017329.222340569,11341894.370392747,3325273.5736591057,9284377.24275335,763108.0558814137,2001889.2621623056,854145.9275256271,3487,0.24893155694007874,0.014537540264427662,38476.96549978852
2024-03-07,14,2078281.7006394565,11910146.597569078,1667324.2521848478,9856455.87175938,303211.9779591564,1878328.0183689347,823109.9351880475,5374,0.29463455080986023,0.024321578443050385,49964.77600058913
2024-03-08,11,3870669.869884521,17383345.583616734,2878984.657628021,13676982.71325321,551552.2045589536,2836665.79205726,1228303.3418890988,4924,0.3298172652721405,0.03637893497943878,49285.035674482584
2024-03-08,14,4419595.334577382,13031616.417907223,3624865.9309344785,10360574.101756165,764079.604392516,2264901.0700250957,1018103.3602726213,5491,0.3328263759613037,0.04066187143325806,30374.755782306194
2024-03-09,11,2909038.6538345814,12690455.661727235,2131707.594821021,9107791.595407126,439317.12930793094,1994422.9152029234,834174.7780335215,4753,0.3031415343284607,0.04435248672962189,29647.59584352374
2024-03-09,14,2919518.3652335852,14667387.248417363,2616503.37497122,11717466.888159897,519545.8768995408,2546702.2181277587,1114399.4101971523,6637,0.32979902625083923,0.04881797358393669,42203.196039527655
2024-03-10,11,1561737.743609041,9157382.357221164,1314188.8528185678,7134828.936104869,288373.11164915713,1634948.0918793702,786103.3508269386,5207,0.3496533930301666,0.0801713764667511,30031.594314306974
2024-03-10,14,1354310.1480954587,7448939.125110537,1113541.0832746292,5999246.819488008,268637.6035268425,1385245.4972286178,643737.2135602732,7923,0.36624929308891296,0.09493859112262726,30315.845263451338
2024-03-11,11,1407210.986475736,7345256.764402717,1163380.3851713878,5755069.081850709,270809.35835535964,1303978.7510489426,641600.9298858525,5595,0.34956932067871094,0.09187177568674088,23387.065251529217
2024-03-11,14,1198422.9007703364,5056075.541603297,970080.6314386888,4002205.6675458057,242473.53689072252,981749.5845835494,483587.4447161304,6798,0.357848584651947,0.07819817960262299,23288.893409878016
2024-03-12,11,1495442.8856581748,4615475.48659578,1155352.662523698,3546606.7201589197,296563.64029880764,881299.0546822972,432341.08817698795,4465,0.3364669978618622,0.04873634874820709,24128.098513126373
2024-03-12,14,869524.3911907226,3258115.0964079946,705554.7960494849,2556318.19290716,176231.35296695045,623985.3421754356,323097.12934371043,4740,0.3480972945690155,0.04952309653162956,28671.68189316988
2024-03-13,11,654511.2944793403,6389800.773188308,546947.6345287983,4773410.032777287,147402.38070004815,1191084.0687908826,638150.2247174303,4201,0.33698153495788574,0.04235140234231949,28912.287584275007
2024-03-13,14,2205106.3143999577,7212352.367456138,1879834.9744000956,5833712.471340385,412743.2536743968,1351198.998655022,635460.7567287907,7387,0.3750471770763397,0.09046824276447296,39442.14091143012
2024-03-14,11,1726166.9700462818,4688088.490114577,1346771.7831978626,3657316.5304603423,338525.87687384954,905496.6342881769,476750.43971382943,4703,0.32625240087509155,0.05814478546380997,30086.806422829628
2024-03-14,14,1950554.0510304421,8815647.549738452,1752766.919588671,7371908.924454095,375024.4078274094,1651633.3967546003,789619.2394823369,7644,0.36217206716537476,0.08972791582345963,38138.49333328009
2024-03-15,11,868329.9405493438,4488967.918034807,695424.8436455977,3503901.0787338368,178230.6889050083,882377.503979616,471059.63791903073,5601,0.3777431547641754,0.0920596644282341,21730.525506794453
2024-03-15,14,1683369.9085069746,5080238.9594542235,1307705.8447179683,4064597.902838521,335806.30769909924,1007278.7653685039,528773.3742634698,7152,0.38744544982910156,0.11687446385622025,26144.339955687523
2024-03-16,11,1016417.6560327858,3954086.0688683093,819313.3097369839,3156309.598186454,210304.69684346113,807207.737322852,431476.9512001621,6405,0.36074578762054443,0.10713905841112137,25572.497315615416
2024-03-16,14,1138602.4592678994,3755619.3002519906,957755.1406123539,3117866.273524747,237346.1490648376,761498.0854613928,401173.09073602076,7249,0.3866971433162689,0.12469501793384552,23312.262805253267
2024-03-17,11,355494.3412732482,2035218.4487828761,282924.66011772817,1646135.1679688115,74063.71201662219,405463.08450584684,214464.4319532721,6071,0.3700072467327118,0.05861877650022507,17995.8729673028
2024-03-17,14,672028.3872232437,2715291.774868861,548083.5447002302,2256953.432128825,144434.04861247877,567138.8542615068,293292.9514428766,6315,0.3873644769191742,0.12239918112754822,24990.780748665333
2024-03-18,11,572455.5237580538,3032326.253620237,472263.4573785792,2440354.580126088,120034.02486068943,616186.0204718909,305317.3072830684,6618,0.3590855300426483,0.10991308838129044,26173.350502610207
2024-03-18,14,893667.0734711289,3364898.3968292177,741683.393287415,2783675.9269091957,175091.8254414514,677454.4573159511,336559.91570314736,7282,0.37859785556793213,0.11776366829872131,35158.578394025564
2024-03-19,11,746273.9045018256,4893551.007658742,628226.8478093434,4026973.35809006,154514.3147305348,974633.1525580192,526427.8443350355,6107,0.35496318340301514,0.06407592445611954,24569.507168293
2024-03-19,14,890622.6803099215,3581885.7775793225,725594.441101611,2833323.375160764,180459.20488409136,708064.0934287914,354033.5620501115,5930,0.37286272644996643,0.06348754465579987,23977.803144186735
2024-03-20,11,995719.4486112297,7296317.186384186,807771.322635023,5470277.207831132,198417.60220424915,1359030.3128691018,620498.8170317688,6625,0.33815857768058777,0.06477418541908264,29242.070158451796
2024-03-20,14,1030749.6909752488,4524149.298067957,847641.9732592741,3638689.3189484505,205187.82418181578,886632.2013159515,471701.8567555418,6108,0.36072176694869995,0.08742070198059082,26623.426854729652
2024-03-21,11,482716.75782126933,3295263.338719599,406693.5426805412,2490138.792654967,108476.84179011182,676999.9353461196,321694.67520264554,6149,0.35646572709083557,0.08529574424028397,24853.087896108627
2024-03-21,14,447375.99171185493,2779152.623631768,354727.2393206188,2127449.565209671,93211.62160631694,569222.0518783395,285587.57000248117,6775,0.35602712631225586,0.09854595363140106,30293.30189320445
2024-03-22,11,1163457.2539231777,5920248.973372884,934204.6428414034,4620992.278004004,223979.46992950782,1111995.4729419728,557030.4457208596,6694,0.3774566054344177,0.10337327420711517,37422.61482474208
2024-03-22,14,1558979.4402798116,6397625.555013739,1252173.654545263,5003807.039453791,299137.76966127835,1179254.3702453056,579859.4194422072,7447,0.375479131937027,0.10907398164272308,42949.19473272562
2024-03-23,11,1667514.5679883063,3275385.3660576344,1325842.7399851873,2502575.553011398,311692.11930333567,656077.5463681612,319229.970723475,4596,0.3735553026199341,0.06519296020269394,28477.601032823324
2024-03-23,14,1171466.4905050993,5282672.407934099,964598.0304534233,4125177.143160734,234281.40429445132,1004590.0167034469,508207.68729693943,5913,0.39062798023223877,0.11476555466651917,30412.524765968323
2024-03-24,11,2831802.3576825857,10856205.007384598,2217923.305150778,8097676.146645128,447556.64655609336,1731819.648279448,776887.3745724106,4944,0.3748241066932678,0.06177007034420967,47055.516888171434
2024-03-24,14,2527471.3675866127,11434153.415718332,1871261.832738476,8878113.112957755,424151.49464504106,1926927.5294768931,813770.4474960221,7357,0.37012338638305664,0.05850956216454506,55144.20569258928
2024-03-25,11,2617083.5080358684,11029297.816114604,2011606.0249859549,8180555.339517222,385441.92583185754,1718754.3462491129,714225.3010652252,5600,0.3313080072402954,0.034678008407354355,44894.46381884813
2024-03-25,14,1237072.9053914547,5583543.202052698,1021174.8041366988,4325545.156009158,183751.5661458567,801894.9569884416,317451.33097380656,4256,0.31023210287094116,0.019405357539653778,28600.530064493418
2024-03-26,11,2856093.2761466503,10111622.446636155,2063767.5852930078,7726501.557836746,394635.9923348898,1642558.6250536768,676917.7350896373,4443,0.07623643428087234,0.005151253659278154,42462.89616471529
2024-03-26,14,5991503.012873441,17216744.44449681,4716469.920931989,13795109.59436258,905086.7107595914,2841611.023092749,1231716.9147218696,5611,0.16236162185668945,0.014261617325246334,39469.87335675955
2024-03-27,11,8529097.490215406,20354274.97293684,6552962.570267584,16213035.403996147,1407981.272127141,3413239.024175498,1498097.1544192869,5621,0.12174773961305618,0.010517144575715065,43676.149623543024
2024-03-27,14,423340.9025633037,7307080.130266011,323804.8708164786,6325638.037940705,88349.54662657424,1260357.105606364,535296.4672523325,4249,0.1701211780309677,0.025112897157669067,35679.288990944624
2024-03-28,11,4146199.3016775846,15411227.007660955,3540028.561474903,12549522.117824545,649369.808128964,2577677.3633582178,1129951.4289749705,4220,0.07231934368610382,0.003155940677970648,33704.5830616951
2024-03-28,14,7084051.823587537,15182395.47375232,5375129.408372801,12310969.554289091,1297777.9242618482,2663547.8950190777,1254350.2532938353,5064,0.03369516134262085,0.002673413371667266,30813.423708617687
2024-03-29,11,289646.33583796024,2086961.5640036017,235470.23225616012,1608550.9566417832,74197.90786064771,448492.8118817353,232033.27079458506,3339,0.05993619188666344,0.005983297247439623,22050.520497322083
2024-03-29,14,440098.06609611213,3488811.607016824,372567.95334347413,2764307.4956689966,109351.57223336624,692133.5313401271,353076.39634818234,2627,0.03573048487305641,0.002830097684636712,29392.725121945143
2024-03-30,11,272272.21801131964,6721086.617718905,226116.42311194152,4968490.803969441,61748.06176289258,1049082.8613804702,455785.3044345159,3101,0.2504076063632965,0.015376253984868526,37196.35233512521
2024-03-30,14,1551948.7443463206,12340613.451538593,1114440.170660678,10488857.1956033,248754.32293609148,2053336.4997441312,836468.8961792798,4171,0.2681950628757477,0.013939461670815945,40432.52696958184
2024-03-31,11,566812.2449671924,15437754.935280204,484209.14422892965,12877666.82675311,121745.05921443267,2587422.6122938734,1140951.2192656477,4496,0.36296749114990234,0.041147615760564804,36596.2722068727
2024-03-31,14,3341768.584914148,14063208.133331478,2881668.5597622246,12042819.227177389,603166.4260048007,2414541.2164466036,1036616.3711444234,5856,0.33119675517082214,0.04182347655296326,31037.02775964141
2024-04-01,11,2954104.0368058085,20066054.518277317,2474702.35259162,16324529.756125784,501658.13573256775,3349128.8449460985,1471563.0718995428,6441,0.3659133017063141,0.06815749406814575,52190.98523169756
2024-04-01,14,3275928.4116875827,15795056.301485032,2971259.724738461,13367246.706079513,579883.1437927735,2728879.6601594626,1211570.3793171088,7242,0.37313029170036316,0.057223107665777206,43763.37059387565
2024-04-02,11,1097856.909356296,6281397.833124965,853825.0777064371,5066358.963543655,214072.78026361624,1161217.110812696,545867.2381918889,6830,0.38249340653419495,0.12788033485412598,47549.48105087876
2024-04-02,14,1664850.69045344,4886645.273483545,1282532.873321509,3911866.111181991,326746.01326606807,926795.4479986114,452229.002023491,6776,0.3975207209587097,0.12893593311309814,34413.209411770105
2024-04-03,11,4162368.5001905262,11067915.70152384,2886628.4331725365,8760119.853304723,792653.9021725492,1977958.8184158723,892438.5502265213,4311,0.36024489998817444,0.018987026065587997,40781.408828377724
2024-04-03,14,1684153.6926171482,11141776.345288247,1204605.9238908454,8491345.041808315,306609.97736893117,1979586.493431106,925693.5742832742,4213,0.35202717781066895,0.019109977409243584,44197.008124798536
2024-04-04,11,5538039.919400901,15256151.45106244,4423135.316238431,12667617.827384472,1031486.0402856924,2710749.5578007773,1234754.016333612,5318,0.3570384979248047,0.029468489810824394,33688.18621349335
2024-04-04,14,3296681.099123448,14102995.81021151,2958028.7973176586,11766504.86548823,604489.5001315067,2502998.8555464856,1130436.9063960635,4990,0.34755468368530273,0.02771887741982937,32177.204065561295
2024-04-05,11,775136.8557950258,3125496.5316696763,632334.1997652301,2962244.9908227017,157337.81338160086,599854.3258685868,247424.8846957959,4230,0.30587098002433777,0.029860522598028183,36937.82924798131
2024-04-05,14,2590909.4679766,8373164.457201958,2384535.0582842603,7145515.003375257,493533.5357754382,1561494.4465132907,677209.5325583391,4692,0.35511812567710876,0.028902394697070122,33306.67111352086
2024-04-06,11,5532796.966135055,17092782.575279772,4181206.9540515263,14116274.457192052,1009678.5947396301,2991128.121040372,1401271.7463468555,5626,0.34570905566215515,0.037026308476924896,48354.53096836805
2024-04-06,14,4801224.687788755,16561715.04101476,3882591.993661335,13694118.98747519,887578.8431672511,2915462.3622361557,1325095.1136631782,6113,0.36663323640823364,0.04356817901134491,29705.173220962286
2024-04-07,11,4457754.1716891825,17731135.05405438,3551527.4719460127,14530180.748120198,812294.3632852123,3045615.667273945,1408150.5945543842,5702,0.36145928502082825,0.06027005612850189,41108.957133919
2024-04-07,14,3411998.1600469947,13277552.828617781,2983730.51410982,11380413.784646353,629320.5344257135,2401923.506108486,1069185.2782172314,6603,0.3719223737716675,0.05262049660086632,40965.00024166703
2024-04-08,11,1971068.5594730526,11385187.55036299,1620190.2458801835,9525576.932539959,361529.6600313306,1953323.3687413847,925061.5533945407,5809,0.37909936904907227,0.1093946248292923,40664.219891011715
2024-04-08,14,1948585.118601054,8500879.16475682,1516685.4407798785,6845183.860553652,380152.88355389395,1590222.5677240398,729036.9727053996,6838,0.37983858585357666,0.08199657499790192,31757.629019379616
2024-04-09,11,3111430.2167859674,11273273.155966222,2476907.1922542835,9149729.582504336,554973.8426740505,1952635.265666421,897334.5185563543,6501,0.3607728183269501,0.08672265708446503,45515.85693457723
2024-04-09,14,3362032.255822569,17342196.99628097,2948248.44471133,14565328.830553312,605069.5101263402,2987704.1363481283,1343410.9483162072,7280,0.37563687562942505,0.07856357097625732,42345.910482198
2024-04-10,11,1255530.9770991951,3524273.386379078,1024616.56064495,2855251.936744937,268484.72381416033,726246.3445503032,363470.90867565316,4174,0.3598393499851227,0.0801793709397316,23447.530084699392
2024-04-10,14,1783819.5505209565,10281068.338133931,1520738.0058414664,8919996.775068244,359170.62512334145,1894865.8971365336,856647.3319115122,5890,0.3586686849594116,0.08256842195987701,37060.192270457745
2024-04-11,11,2215401.541865155,8477728.63283734,1843228.2417448002,6496631.531606482,404892.30154591857,1432063.9589325907,738359.9863442297,4073,0.34431666135787964,0.07645048201084137,31659.1971180439
2024-04-11,14,2073240.423844099,10680934.523531288,1668624.0139904001,8659932.331195569,399066.48063092795,1886655.291272674,791162.8019353591,6524,0.36606496572494507,0.08815786242485046,26947.53239658475
2024-04-12,11,1842320.3533326685,5340272.012656704,1495620.3693086451,4183902.324658852,363627.7263590886,1030032.4440197123,523060.3438064588,4625,0.3767447769641876,0.10206978768110275,26150.986725330353
2024-04-12,14,1934060.1677016616,6296636.797118992,1584129.1894841944,5030946.769732079,385870.7419224277,1215887.8350836937,569672.1320589543,6368,0.37705692648887634,0.10466302186250687,36491.28436163068
2024-04-13,11,1631608.0812295377,6254713.510895282,1355698.3587017974,4963148.24705807,315676.46574726584,1121312.5488328375,477991.16134762904,5720,0.3737649917602539,0.11432084441184998,21413.336450189352
2024-04-13,14,2251060.072330594,8945897.753383845,1888584.2326223436,7440790.69617539,424839.2946964467,1602256.3400802333,710568.9893488415,7012,0.38944530487060547,0.11263686418533325,40026.044941455126
2024-04-14,11,1368601.3170256019,5953014.889747873,1121978.340649981,4825772.454894192,275041.92290127615,1108882.61666838,504884.1796681629,5899,0.3743155300617218,0.12173591554164886,27963.255032390356
2024-04-14,14,2132906.7882083505,8648258.839405313,1884075.5764554061,7476125.6791567,415070.482261302,1615595.8895128984,733892.3771759418,6642,0.3872639834880829,0.10333636403083801,30231.63103374839
2024-04-15,11,238548.72573840618,1280714.4984656125,201232.37710778654,1061463.8336473606,61893.068460395036,314478.81273415795,170984.63407254062,3305,0.3466636836528778,0.022351326420903206,12097.819669485092
2024-04-15,14,442170.21572604775,2897408.704036385,389742.5517077222,2350986.3752785143,106391.39209468145,563416.3925568082,310111.42574453633,1382,0.1309260129928589,0.004235800821334124,10874.851524144411
2024-04-16,11,1541071.0343010277,3296778.258034274,1272911.9260103465,2612237.4073475823,325140.8891540237,688650.3011815124,335583.5065805124,3917,0.24501128494739532,0.01149031799286604,26696.68376547098
2024-04-16,14,465091.1700781286,4881660.758249059,379255.65643439,4517499.06799132,100841.74301622482,880732.1900978554,462892.97071503475,3420,0.3175829350948334,0.037418581545352936,24878.107190459967
2024-04-17,11,377733.9191713929,2587809.64301686,319141.6109235446,2115510.4580699787,92340.9307281895,544616.3578315286,276351.9763282165,3389,0.349263459444046,0.03650055453181267,17179.94934284687
2024-04-17,14,2282729.8256933093,7564413.123811007,1868827.687335809,6059966.0639301855,387041.6680276131,1362062.7682404201,679857.3854374976,3884,0.3388448655605316,0.04719008505344391,24914.637152045965
2024-04-18,11,894218.9910985827,3064454.7456145883,741160.7812000671,2514332.8112485637,154477.71384868654,622517.5940443045,330215.2641649852,3281,0.29621168971061707,0.05460359901189804,14090.54242604971
2024-04-18,14,944767.1425749958,6167757.328821301,812705.5899836533,5005742.333330486,196257.79664700874,1139992.5015228395,554376.4924073762,3601,0.32780221104621887,0.04772959649562836,26004.149823904037
2024-04-19,11,1247099.4028842747,4934309.02441451,1057250.9710362074,3872437.396452811,253431.20796798344,956500.3264062854,535131.7503624146,4032,0.33510375022888184,0.06735482811927795,21813.889461159706
2024-04-19,14,2130209.445982039,4856667.962911367,1761835.54595262,3889881.86438263,386015.16983491124,947620.5069365676,497905.38375914335,4063,0.35949471592903137,0.05594830960035324,22935.194532603025
2024-04-20,11,5870959.1328676045,12311636.775088161,5276144.362163337,10884974.84478386,1066277.1718771167,2236541.3860493083,1021006.3196781194,3990,0.24034875631332397,0.010196661576628685,34137.35930144787
2024-04-20,14,2447858.3877450526,6775941.246899702,1826032.4766590083,5236575.759946747,383136.067656077,1010755.2573266444,469292.74969127163,4312,0.2165808081626892,0.0075132641941308975,24671.37018096447
2024-04-21,11,10002569.148225874,20238020.710882366,9008116.541606959,16457994.505505104,1771479.385541692,3399916.246940607,1514314.7882269404,5424,0.19637788832187653,0.012224962934851646,30455.05121693015
2024-04-21,14,9624049.246938288,21540295.691187933,8665793.198824406,17363936.689530358,1720251.246954162,3628546.3578582946,1674676.5326628233,5279,0.205644428730011,0.015307112596929073,27225.93525069952
2024-04-22,11,7773443.870270237,21604738.980254725,6238277.401132424,17238659.500972442,1367517.3247036203,3596960.8721057526,1639623.9526544525,4388,0.16941478848457336,0.0175221748650074,38536.11830610037
2024-04-22,14,8244041.031507254,19011536.614500716,7774693.694553687,15541023.95829714,1354810.713296012,3143323.172503016,1379870.670800831,5349,0.22587540745735168,0.020468056201934814,45007.24549642205
2024-04-23,11,5403143.157334268,18468708.634151503,4954315.037538748,14949343.922979776,975558.3361899512,3173608.0056253048,1469519.313745241,4840,0.25483614206314087,0.028558943420648575,34798.619965970516
2024-04-23,14,9690572.340935767,21144502.963080943,8871806.624201987,16954390.418154147,1686530.916120659,3520130.173712707,1577236.3149279268,5964,0.2946843206882477,0.02665678597986698,33021.812370568514
2024-04-24,11,2077945.8656362891,5758227.266331695,1566619.157643258,4454215.2474374045,345398.3973052708,961252.4220160735,489218.25256446516,2640,0.05175965279340744,0.005072041414678097,29136.138782650232
2024-04-24,14,6632158.081176847,19157653.425930545,5962715.51623407,15664615.721069973,1073636.847762979,3137279.2377992794,1439151.0307706357,3300,0.1770346760749817,0.014013275504112244,39338.3135868907
2024-04-25,11,1660586.325447753,6244976.300876789,1411067.708957063,4967713.843461778,328899.636344313,1239167.1239306321,608705.0581772923,4294,0.11562483757734299,0.01811651699244976,30696.72640323639
2024-04-25,14,2697044.2589345276,8161803.960647181,2129947.1604700917,6875145.129501015,522831.4279688468,1512542.491287576,752000.165986033,3937,0.20839455723762512,0.03210250288248062,24494.60561466217
2024-04-26,11,3134046.921915859,10629449.484030172,2273318.549034096,7918912.578403428,525894.0723630775,1887672.0051907932,913102.8737534753,3735,0.19306398928165436,0.03595912083983421,33140.08831691742
2024-04-26,14,2236261.6761460304,7245249.921987683,1725295.7607551403,5992222.743257534,383542.2065418521,1305271.792107171,665444.2795702736,3627,0.27951180934906006,0.04713889956474304,27306.962247788906
2024-04-27,11,838942.3294320554,5788834.033258498,699918.2843251637,4543708.322778231,168309.87869261397,1054882.6273516384,563472.9537280313,3867,0.3033987283706665,0.06390748918056488,25980.365168124437
2024-04-27,14,2096444.0940596461,4993042.615614325,1655515.1351874766,3919860.5659457413,420170.52549324906,960337.3077776523,511599.6344130709,4243,0.31225141882896423,0.061754222959280014,28176.540407836437
2024-04-28,11,1177495.6126615703,5354510.896692812,1016159.8548948363,4144090.6802128884,253792.9155472774,1042002.5818496384,547623.9274007865,3787,0.31429699063301086,0.06960311532020569,22251.979002535343
2024-04-28,14,2767040.9270049185,7460794.61358209,2228758.0718077533,5861115.648401188,526123.1474412258,1372237.2010520117,699100.4338528379,4162,0.3579653799533844,0.06671297550201416,35628.8865160346
2024-04-29,11,5973287.998708934,16303615.441905335,5009106.673477693,13486326.670887215,1095883.5416736433,2833862.782768968,1255527.8851073703,5174,0.32637983560562134,0.022982390597462654,31233.95124414563
2024-04-29,14,4375818.787667334,13681437.156377405,4129728.835663032,11349689.395072034,804293.8528880709,2446827.2259642063,1092636.1615848835,5781,0.3342297077178955,0.018936047330498695,31233.95124414563
2024-04-30,11,7317187.164436132,17827433.99980122,6471601.397063591,14618165.627877213,1301758.1652042242,3069655.020821133,1342538.1046026964,5127,0.2886756658554077,0.022525092586874962,28019.50898358226
2024-04-30,14,5381919.701784134,16158570.136537433,5444730.09546412,13322613.579195939,938711.8978601143,2819088.4745347714,1254997.4917300479,5908,0.32630085945129395,0.023361748084425926,33678.04287776351
2024-05-01,11,5276941.7792182565,16225207.664488971,5034627.612976135,13390746.289644808,949821.575009792,2804450.8806284554,1283438.768768143,4125,0.3222980201244354,0.021996598690748215,32131.431757867336
2024-05-01,14,6730375.058418989,18422353.652606666,5924032.05658552,15062588.168998718,1194585.086000723,3171892.5424407274,1402768.6741285645,5474,0.3275468945503235,0.02453005127608776,38366.51739966869
2024-05-02,11,3402515.408376962,10210745.100524932,2876005.505512306,8745744.136668598,626312.0347927811,1836588.7469834425,771819.414486124,5139,0.3443622589111328,0.04291708767414093,36541.69509792328
2024-05-02,14,4591970.393738061,12519021.085466564,4027740.0476981215,10534761.204153072,833276.9830829729,2229812.6965894327,978755.665831753,6195,0.3592369258403778,0.03998681157827377,38866.55994904041
2024-05-03,11,5372160.510752529,16716566.550544113,4719685.302602485,13770578.559681557,960177.5276445395,2842835.0638687056,1310966.8347544447,4522,0.35803285241127014,0.06316845118999481,39287.57824924588
2024-05-03,14,3749429.7951578796,11759565.959063768,3209060.0592370923,9756616.390471205,686897.142469353,2067733.6314076222,898646.9555590122,5886,0.3641321361064911,0.05563927814364433,38807.94709157944
2024-05-04,11,4075543.370764345,14107353.249267042,3596892.1595224678,11720135.820881717,724874.511959136,2414738.5194417657,1110603.8564732121,4144,0.3614603579044342,0.08507128059864044,44359.90008801222
2024-05-04,14,3492097.6957362294,11113233.646567494,3114605.638772548,9299914.217972659,647634.3353900542,2011860.7063613667,925522.549304995,5673,0.37936580181121826,0.07020457088947296,35333.4392862916
2024-05-05,11,350285.66248360276,3409929.9317634553,318458.22051924805,2631599.9288593326,81974.40696834018,658590.2695547267,342066.63131721993,2443,0.1894867718219757,0.006876226048916578,23212.569609880447
2024-05-05,14,2784170.653541982,12728908.157694146,2217057.8160882317,10021781.953859275,514731.87305271986,2217425.8620088915,1079333.6907438156,2388,0.13869674503803253,0.006143354345113039,43813.73692855239
2024-05-06,11,1382276.309062153,3354712.7065977156,1095263.9757371256,2583859.740587561,287807.3362114305,664643.6912752963,335643.29064188164,3675,0.18890419602394104,0.0035923048853874207,28643.141355752945
2024-05-06,14,706473.1393316239,3645269.903798826,598624.1081464585,2870597.2558892043,158703.03959170228,697801.5486071473,359614.53446324676,3413,0.2819063365459442,0.004973065108060837,18678.389203459024
2024-05-07,11,1219580.3588594794,4707262.963601708,953655.935701203,3519783.829093839,213686.2975346195,847378.4377586329,390365.36850028654,3437,0.02529865689575672,0.0011547972681000829,25835.532350808382
2024-05-07,14,2115806.799760878,6343330.55630134,1659020.6912704185,5292674.426436406,381573.0874827204,1129689.9900881408,519109.83475671144,3623,0.03073555789887905,0.001400055130943656,29623.15089160204
2024-05-08,11,1569555.8359908462,6016716.669481412,1248831.737930059,4741894.310732583,323985.2607676332,1158444.8895097473,518146.65000575705,3513,0.03056894615292549,0.002585354261100292,27897.316283732653
2024-05-08,14,1704317.5002778322,7190884.6549007,1511114.8497984603,6443296.521249633,330007.5758298618,1314630.5458401772,602483.7499039059,3095,0.022622816264629364,0.0020274673588573933,32752.199529379606
2024-05-09,11,1172995.8253122568,6315254.211988851,945460.856821662,5071364.737140594,245487.32975419686,1178906.8325763019,549025.1440157718,3799,0.07188983261585236,0.005575049668550491,25029.73442286253
2024-05-09,14,2282399.8221352845,6499000.298059866,1813258.462574692,5268696.864028325,433423.35761122755,1257303.953916395,587377.5236475635,3550,0.060146503150463104,0.005543355830013752,31107.242313414812
2024-05-10,11,2011360.2057788223,11473729.545272522,1764381.4726731377,9930427.401700713,368298.9381221238,2052317.6639889288,966091.5606066323,1674,0.13384561240673065,0.026871666312217712,35181.49601870775
2024-05-10,14,4589689.037677839,12379342.631043851,3987191.9949406977,10726117.661311664,837463.7051686912,2306882.846172046,1113634.7084456568,2323,0.11398129165172577,0.024754153564572334,41082.90304982662
2024-05-11,11,1910459.593853429,7040714.668185785,1603561.7619199827,5805942.477955043,404054.2000320717,1318364.5483470191,611080.8637257352,3030,0.26161429286003113,0.03176964819431305,34058.89514660835
2024-05-11,14,1706476.2045112252,9521873.194420427,1717719.6973395068,8726785.450003585,338568.8215475456,1762962.488750352,906242.438605523,2180,0.25370004773139954,0.027517151087522507,39782.26698204875
2024-05-12,11,1467777.1913605332,4957824.239810541,1176404.436289586,3837847.1796224406,314744.30923337536,991235.420265356,534994.0871429209,3246,0.3306873142719269,0.031162191182374954,28679.518891245127
2024-05-12,14,2080940.587012127,8697679.239223845,1634068.7676420822,6840772.424800487,392466.74413782964,1644322.398750062,839333.6832777672,3869,0.3102913796901703,0.03041806071996689,28532.040597826242
2024-05-13,11,865565.5404184461,3625314.021038279,727692.2001621684,2841903.616402873,200202.0964828477,758696.6179985672,384153.84137836576,4239,0.36110299825668335,0.03757771477103233,28037.617896407843
2024-05-13,14,2652254.53958416,7019742.095007747,2045072.0670943775,5399610.602449618,500155.83942834905,1287301.5129033423,646968.3816778655,3315,0.31219738721847534,0.03095114976167679,31337.90773010254
2024-05-14,11,1277806.314632088,4552246.814378738,1044689.343592253,3470306.4716851506,275646.1598624117,902579.4648851738,459350.466778958,4047,0.3630082905292511,0.04450259730219841,27433.839779257774
2024-05-14,14,1888495.0566414893,3847813.725212142,1516351.4280995862,3040099.843390419,387358.9732067034,785317.0769719693,395434.3876058689,3945,0.3349420726299286,0.0372355692088604,32428.261111825705
2024-05-15,11,2195647.1890507936,4207557.185558394,1745618.320829107,3270942.6512294384,435566.04901095416,858066.026728452,437678.1819568825,4491,0.3100447654724121,0.04615367576479912,34470.02777546644
2024-05-15,14,2219047.0847510695,3679845.4469377846,1713147.9717854124,2883878.956609877,441987.6807257294,761253.0038050404,382849.0075271362,4669,0.27125412225723267,0.019221214577555656,35301.115016669035
2024-05-16,11,483468.31822211295,3855527.736980386,392252.82542692637,3184937.9001353295,87715.67247058976,768383.2200412358,438922.7713492345,2075,0.0821644514799118,0.007007587235420942,21487.091565400362
2024-05-16,14,2350671.400230691,8208779.952767454,1958980.1753654904,7170894.052297475,461454.4286046404,1554145.6365653249,828328.4882668611,1968,0.23925413191318512,0.025901533663272858,27899.47380873561
2024-05-18,11,3455112.0053026527,7920516.3382899165,2758976.3629641137,6333302.6568328515,701395.184421248,1572991.264129816,796691.3812423386,3627,0.27536267042160034,0.031176907941699028,27599.323823720217
2024-05-23,11,2432333.315121785,6134750.371673271,1939585.6207392288,4875097.423644613,474478.7095411929,1207429.7935222266,637379.6778930104,3516,0.3155565857887268,0.04854767024517059,29839.449543505907
2024-05-23,14,2162447.8179107755,5218279.003424302,1735688.0434256773,4173368.3961313916,445054.1357637887,1041156.6794136878,543215.6309213201,3939,0.3180350661277771,0.046341460198163986,27642.636872321367
2024-05-24,11,2102884.086647898,4232509.168201588,1647728.6298217557,3321761.767862602,421071.36264031293,839490.1565425331,410873.5456685133,4445,0.3176064193248749,0.03684467449784279,29440.45423975587
2024-05-24,14,874492.2875889242,3177690.3291742504,770296.8652188026,2611145.195475405,175444.80175777222,657490.2870864065,350928.55774868076,3796,0.28326481580734253,0.029036907479166985,17905.418868005276
2024-05-25,11,1427512.4245373085,4826477.617321812,1176618.1302136811,3959866.8347521937,251346.0970461315,959657.7707984452,496196.66060287086,2813,0.2766449451446533,0.026598697528243065,20385.3853366971
2024-05-25,14,2448073.1280795634,6774086.345007472,1895346.6987631584,5424645.831444047,483336.0847460478,1322037.721709737,671145.6932192554,3386,0.2862461805343628,0.024930322542786598,29761.800309449434
2024-05-26,11,2196679.5993442833,4020092.520963758,1736917.5979473952,3149410.917364994,438916.9547359768,836043.114582021,422699.30919376324,4218,0.31547683477401733,0.03966663032770157,29589.67061585188
2024-05-26,14,1558504.116860211,4392768.634626105,1311155.9842898701,3450163.172199553,338884.2884702415,878253.4796640414,483519.87810393586,3938,0.30454543232917786,0.018358875066041946,23222.37487372756
2024-05-27,11,2638030.6521389782,9017561.129280873,2117773.615722784,7243625.400306193,471717.21118015144,1710762.3931795491,877682.6849539471,2464,0.19618380069732666,0.023904427886009216,22174.309366375208
2024-05-27,14,2427242.4248183668,7039173.385856427,1948460.0189731258,5595723.5021885885,485197.99809053645,1368629.6717681007,704785.1138143555,3170,0.1532467156648636,0.019194796681404114,28420.593489021063
2024-05-28,11,2899526.888716966,8642415.790208057,2344528.882160335,7377027.621258733,548005.3096528278,1612840.4747310402,779694.6656211066,2207,0.21054694056510925,0.02745511196553707,26228.50146922469
2024-05-28,14,2945902.7125703394,12944749.598064482,3206686.438714302,11653074.12121512,528879.8976355472,2382175.255564292,1170531.937649221,1539,0.21019111573696136,0.015672899782657623,24296.603950619698
2024-05-29,11,2411955.5393222272,7546478.722606048,1856979.3054767589,6375502.429064426,474375.0895379934,1415603.2616125527,703409.1883479012,3495,0.2517980933189392,0.03619099408388138,26770.50382256508
2024-05-29,14,3319867.5929399133,9278309.979567438,2706652.9077291046,8249564.847018286,607150.326174326,1728400.1541594171,838749.5198473027,2701,0.2386254370212555,0.03165062144398689,26436.886902421713
2024-05-30,11,1501622.07788077,14303611.481295057,1141362.794516512,12327703.38257873,264296.3440814268,2468774.9568754975,1163535.0346930153,1375,0.22542333602905273,0.02597043663263321,19959.37671086192
2024-05-30,14,1088635.4838226736,7558006.127317391,935707.115695822,6817084.424578928,226050.80130288127,1458489.52608906,758116.1698396921,2303,0.21741485595703125,0.024040989577770233,25762.45109450817
2024-05-31,11,3868360.9878160954,13508045.628031075,2946116.9919247497,11571221.37579863,711711.690350603,2391010.987493747,1125877.237178913,2641,0.2557838559150696,0.04354177787899971,21746.199928998947
2024-05-31,14,6699424.841053754,16753333.192155167,6379983.817963615,14262162.475412581,1241130.381833767,2963658.2887900174,1372832.348670056,4049,0.28029823303222656,0.039154618978500366,24597.19983163476
2024-06-01,11,2977314.4339182675,18896695.24129957,2647129.854568906,16097295.358311325,561854.6539413749,3331413.6768424045,1567068.900466667,3444,0.2564885914325714,0.026361798867583275,24164.817845374346
2024-06-01,14,8654004.57854572,19202068.03175804,7908526.940095745,15863259.336968461,1504339.9234064175,3234849.96094618,1474362.7963485776,4483,0.25749659538269043,0.030455835163593292,25662.805603414774
2024-06-02,11,3858074.6323309243,17094850.18648821,3375881.895524141,14268499.684363168,724606.5352612172,2937840.953949456,1367645.4578868523,3397,0.2849668860435486,0.04571669176220894,26951.66964057088
2024-06-02,14,3339304.342342317,11669668.179721683,2868614.7819014187,9995776.3595429,601980.2987146619,2071249.8908625217,1048197.2494746508,2768,0.2821771204471588,0.03272378444671631,21013.362666130066
2024-06-03,11,3277290.2014635205,12482079.110003293,2896822.0338250585,10539391.441258468,609398.3830655683,2281269.700637093,1116345.22964139,1949,0.3037554919719696,0.044245313853025436,32637.421357423067
2024-06-03,14,8551811.543880135,19592744.886434138,8120713.966161927,16275558.951564563,1531826.3693637098,3372481.4843282104,1609380.7943377772,2944,0.2692459523677826,0.03310113027691841,26737.241471737623
2024-06-04,11,7832758.57515347,22944161.706662998,7244176.6388064325,18776235.99447028,1408787.6386622968,3909811.044877941,1867593.3818845456,3046,0.2549799978733063,0.04262103885412216,27992.61001688242
2024-06-04,14,6193479.1201275885,16768526.59280023,5700610.014569465,14323109.437590977,1076499.5083923205,2853407.36717672,1358402.1965679212,3322,0.2792733907699585,0.0380430668592453,27026.58176550269
2024-06-05,11,9289697.378881276,21733229.23978579,8549750.457806308,17649923.556417726,1654913.4740690184,3671057.6236696993,1683684.389778515,3587,0.25823506712913513,0.04708480089902878,27756.692052036524
2024-06-05,14,9804775.779099107,19919425.977739513,8648250.519838115,16421800.64939063,1735448.1525140512,3433314.2302830187,1625723.3255927241,3411,0.30354562401771545,0.03966102749109268,26055.56436342001
2024-06-06,11,7781333.024811119,20999744.525603294,7326614.462833069,17072084.763526645,1290651.8002171323,3464412.165626739,1565954.982028037,3060,0.22803927958011627,0.03916938975453377,30705.92508009076
2024-06-06,14,7894964.607885182,18221383.338134497,6965701.563582803,15115477.902946401,1452875.1100851414,3213935.6924446984,1530267.9513829448,4416,0.2934030294418335,0.034910108894109726,27683.344785004854
2024-06-07,11,6137289.462966472,19511536.04538259,5718728.394509623,16175459.858647909,1002197.0093821795,3251623.8298930535,1495409.455122651,2919,0.2626907527446747,0.04827001690864563,38783.21471813321
2024-06-07,14,2395075.614560783,7643530.972472012,1945782.303142699,6395711.699443704,466522.3815442028,1464515.5448157573,748748.905675035,3375,0.2948755621910095,0.03330918028950691,23423.55038174987
2024-06-08,11,3006003.6758729815,6970757.696994722,2354494.668234571,5536355.333676269,569434.3607210431,1369286.3998588854,680441.7388487076,3929,0.12384752184152603,0.007057841867208481,27474.640038609505
2024-06-08,14,4276429.306358367,18609029.231760964,3171079.293884073,15229393.80928782,601976.3850448251,3034816.0104950443,1412496.9303379292,3177,0.08012371510267258,0.003525533014908433,37054.79771959782
2024-06-09,11,3140397.942746043,14022720.552462518,2467214.565840768,11774314.064021312,441029.1201998384,2306483.2983391825,1084935.8158116797,2265,0.0985804945230484,0.01628977060317993,32170.819359332323
2024-06-09,14,1332571.6926547885,8519203.14985621,997636.7462344569,6638966.822712565,212899.10682543257,1429691.4491782894,715968.168162204,1634,0.15342852473258972,0.01852751150727272,23640.96572366357
2024-06-10,11,1655528.3548211455,7167197.066738516,1222704.0812786198,5850403.004696767,221405.2712235458,1158592.9058241625,583674.5595667763,1678,0.21250739693641663,0.024065585806965828,27478.133489996195
2024-06-10,14,1181092.1555197835,7858585.150678493,911169.8030295264,6055363.312213125,232776.45481480352,1348236.315226832,699164.2176165285,1378,0.17266325652599335,0.024634748697280884,24416.948678344488
2024-06-11,11,1007114.0617342293,6199529.876805216,810647.0516752722,4831760.2703938745,191149.1944843324,1147736.5658298316,629645.0364491709,2469,0.2587486505508423,0.02349105104804039,24917.624017179012
2024-06-11,14,743554.0432029366,5893258.7264685035,603731.0996025125,4596999.986086331,124133.65359189498,986676.2711924156,511862.90448998753,2117,0.26003438234329224,0.024936851114034653,23570.3185813725
2024-06-12,11,1261367.1925572753,5607643.457286686,998868.4856891681,4340735.920175795,234713.9690121592,983256.8452344517,532749.1531777554,2716,0.25387462973594666,0.03425650671124458,23011.98436331749
2024-06-12,14,1258131.3734342754,5530821.400444001,973517.0295425614,4250931.932244469,241392.02580010856,969959.1600619821,529547.858551669,1801,0.25924569368362427,0.03498115763068199,20143.35395973921
2024-06-13,11,2358167.1832665503,8087500.550327092,1898383.759369168,6534014.514735573,468340.1661720609,1517817.1153417847,767529.966054661,3466,0.30806806683540344,0.05459652096033096,20841.783254355192
2024-06-13,14,2230577.116855532,9447146.206225604,1822337.938093168,8001524.6668130085,438948.9175001457,1751451.4510469679,895718.9503522718,3766,0.3083699345588684,0.05223096162080765,24141.317144423723
2024-06-14,11,2639549.77751866,11733070.47024332,2271218.073693555,10629539.144044034,522589.2868017341,2124839.4010259155,1051203.9152104724,3680,0.30226531624794006,0.057435162365436554,26602.00260990858
2024-06-14,14,2449998.5002135932,10678525.211104631,2097671.021852785,9199281.878524808,473655.56298595644,1982599.5290526794,945467.7041981509,4506,0.3123509883880615,0.04858940839767456,26602.00260990858
2024-06-15,11,2764226.8431297243,7023201.470583975,2174087.3751972187,5407192.3137528645,530662.6160860241,1311255.6441690917,696487.267016019,3595,0.290950208902359,0.04115743190050125,29633.924402952194
2024-06-15,14,1924298.8985464573,5182638.3082001805,1530728.6716053258,4099373.523154733,380895.83189356735,996233.0150243439,507769.42616844736,3783,0.29455992579460144,0.020550541579723358,24789.17750221491
2024-06-16,11,3537347.5476883054,14494674.251958445,2723914.342305945,11763786.604749374,668293.8088859415,2520197.348699881,1207933.4585248504,3449,0.2517447769641876,0.03707968443632126,30849.31667843461
2024-06-16,14,4089920.0953654945,13965555.366993725,3243669.5084101777,11770431.913583113,760386.3924256586,2415967.976707176,1133841.8352303412,3567,0.2911768853664398,0.03735439106822014,35415.152427852154
2024-06-17,11,4027507.2064133286,13957441.017512381,3022001.385519148,11446813.522433467,683491.5009498128,2309352.962624997,1056455.6529706316,2611,0.27349480986595154,0.034875307232141495,31221.60440969467
2024-06-17,14,4556385.172482938,17606342.728895217,3783260.65484229,14776884.807075173,852061.3700096419,3030212.398589591,1458962.1388735604,2613,0.2728170156478882,0.03036184050142765,40138.60197082162
2024-06-18,11,1881535.2995211482,6716233.378147289,1461867.5562821717,5302838.336103286,332980.17900755233,1291828.4055106272,691305.8603983987,3349,0.33467045426368713,0.05068254470825195,17097.099813997746
2024-06-18,14,4134472.89155747,13721720.457816541,3300766.75285792,11461165.787866745,762535.2365891824,2414366.4414069555,1188328.9614863116,3655,0.3271702826023102,0.04748566821217537,34565.31236150861
2024-06-19,11,2347497.0347545147,12315469.550282389,1858828.046086023,10115280.719949534,463400.00480501255,2173775.090189125,1021549.3087198739,3752,0.3155117928981781,0.05408598855137825,28377.023910850286
2024-06-19,14,2176339.8857372403,11017621.311545491,1699690.9963911609,9408057.073180448,430273.2232454722,2021055.0730676837,1007191.0678243958,3423,0.324346661567688,0.059142082929611206,26426.756632864475
2024-06-20,11,368416.31370306015,10739356.198894963,306920.2670875655,9316656.437315289,80928.03242145182,1829048.353920813,788877.9558450375,4340,0.3399052619934082,0.052205488085746765,21866.206844598055
2024-06-20,14,2115873.624890268,11558244.589907706,1889077.006879116,9897821.342283463,397092.1405625228,2039336.6547433585,897494.8829262119,5581,0.31074851751327515,0.03727041557431221,24205.276175171137
2024-06-21,11,8474501.66094473,20076640.907529026,7488279.891968768,16829356.797014978,1378190.666874496,3323165.3013140224,1519139.6472829906,3027,0.21063047647476196,0.05057065188884735,24379.027382850647
2024-06-21,14,7319054.514987856,14220325.178912044,6703771.5569112,12154311.493884612,1305547.7407946137,2470737.973048662,1101235.7730447254,4568,0.24433845281600952,0.035828880965709686,29323.381737083197
2024-06-22,11,1545890.336583078,3169242.0708089992,1227346.3827240774,2550074.55107995,309505.08170343837,654737.488020903,389225.2869382964,3576,0.12785394489765167,0.004749339073896408,24745.73051685095
2024-06-22,14,456707.7522267699,4550926.308835007,385191.3384939596,3639452.1262904485,102349.19786628315,863268.0161821471,461251.0245771608,1733,0.05951211601495743,0.0016251099295914173,20506.691254258156
2024-06-23,11,9142980.98323518,20104377.439856768,7610850.40919452,16354424.75649428,1636400.1062953195,3543376.445036093,1683079.268430788,3996,0.049389783293008804,0.0017380915815010667,38592.99044427276
2024-06-23,14,9125737.164109796,17235270.836691737,8369995.125036944,14274083.729257476,1636138.7770014885,3049874.6504760403,1453354.581519044,3985,0.06693373620510101,0.0033332176972180605,30151.39120337367
2024-06-24,11,5462050.585504711,14456919.656195015,4646303.576199453,12279589.886667617,1031140.1780903214,2644355.9879749184,1281987.9908231865,3292,0.04050420597195625,0.003982425667345524,35713.134256482124
2024-06-24,14,4239855.803044677,14835689.710973442,3276956.404332533,11825665.41459913,820145.0526493611,2717132.187647161,1358484.0154976407,1730,0.03812379390001297,0.004414014518260956,52526.019562363625
2024-06-25,11,1616906.710304737,11023734.158880025,1107665.3296318322,8520553.325446848,325219.7054548231,2026379.0180716105,977754.6558354696,1930,0.05686383694410324,0.005890448112040758,45697.0445677042
2024-06-25,14,2175837.3145710826,8526634.945123598,1644233.9384544606,6947070.6979076415,434399.9324433521,1620361.7931447981,812870.8158919581,2012,0.04676884785294533,0.004524450283497572,35931.25669875741
2024-06-26,11,2820666.511240989,13300635.986290425,2134017.209545689,10385491.347189188,553529.3013255715,2441609.054301841,1204628.3758166325,1824,0.0725824385881424,0.008486774750053883,46633.12893936038
2024-06-26,14,2435709.44748953,12133456.424425125,1888070.344650407,10515545.392282534,482726.22813389834,2270352.0765281282,1110369.6614784636,1938,0.059149548411369324,0.007784708868712187,39855.189217209816
2024-06-27,11,9897193.960098058,24951753.126099512,8242646.456878053,20067273.02450912,1763449.4643287964,4203407.22638208,1990777.1159388805,2827,0.0918995812535286,0.016962438821792603,29532.909011811018
2024-06-27,14,9468363.661218107,20490984.452382714,7905999.771768689,16680689.531905424,1698809.511269698,3603251.6221047505,1747140.5119522712,3082,0.07990562915802002,0.010816517286002636,29477.06655919552
2024-06-28,11,7707773.940186977,20862357.530257255,6868384.622606739,17118166.6434313,1370406.7493091605,3528840.332678826,1704346.385035133,2376,0.2649710476398468,0.030572064220905304,29019.984989345074
2024-06-28,14,6817782.409101963,15309948.517953664,6136804.541867436,13052930.362551577,1244514.8738402477,2761399.7017247886,1285887.246754126,3724,0.269149512052536,0.02812328189611435,30422.932053893805
2024-06-29,11,10387046.318626553,22481125.04018651,9137122.748464718,18260786.151922796,1850789.7209034602,3845137.9068557913,1840548.5618368979,3539,0.26896995306015015,0.024118348956108093,30476.72079488635
2024-06-29,14,9749814.59432228,18881598.55284983,8546824.784872115,15620134.386500277,1779155.3858203199,3315046.4106728104,1504647.8519154368,4314,0.25514835119247437,0.01306658424437046,28430.47121974826
2024-06-30,11,476166.1442235261,7215034.179843456,390227.2640244116,6330701.733137445,106051.9150513613,1141623.256646993,503159.3892501111,2940,0.058763064444065094,0.0006442884332500398,20956.295408070087
2024-06-30,14,1141754.4830337912,6637159.401114374,943283.0580154983,5036661.169086318,241230.41964981315,1081649.5363163913,507196.1128673171,2799,0.05243322625756264,0.0019671961199492216,24791.5758074224
2024-02-01,8,2388692.57288453,7575097.903109886,1877196.4657340841,6211682.862851199,458463.94923487626,1357002.9422046011,648249.1407215535,4129,0.17930041253566742,0.009013529866933823,22602.58817729354
2024-02-02,8,6694242.175553329,18803366.812034138,5578352.421253486,15136359.44554966,1129432.4449993104,3158294.956777453,1499671.0587525526,2781,0.14867985248565674,0.00600771140307188,46957.82744151354
2024-02-03,8,9276854.117231175,21805192.9580326,7890291.637559099,17738770.30963286,1561143.649910544,3726214.5967601268,1763341.6626976435,4222,0.15569020807743073,0.007190869189798832,40644.2363306582
2024-02-04,8,9025440.463786855,20481704.373285048,8010263.755317848,16872146.475536045,1563231.2054486235,3527208.8689754936,1611555.3828680492,4450,0.1708754152059555,0.005248364992439747,28645.029487013817
2024-02-05,8,6582977.646266326,15484825.230787866,5723996.030925842,13230871.787874341,1219396.4220956224,2881212.9456613082,1320792.9308484904,4792,0.0872059240937233,0.0030879834666848183,31510.575886815786
2024-02-06,8,6394751.776722863,14493339.817737535,5249383.789311817,12245409.63489434,1169359.392160452,2571122.868694936,1151123.595383119,4817,0.03743196278810501,0.0022325110621750355,48579.47911500931
2024-02-07,8,5867350.3728880435,15052428.894634157,4848284.568379171,12507284.581537101,1054268.2526790802,2653961.5879707476,1174258.2653322825,4810,0.03158310428261757,0.0019707465544342995,48322.011552125216
2024-02-08,8,8381363.617695838,21301992.597802892,6675891.391479531,16976829.334570188,1408700.7494299638,3562038.123416122,1619782.8762787376,3953,0.038942962884902954,0.00295920274220407,45685.2343737483
2024-02-09,8,5868858.506672889,22248403.616229855,4571003.677703931,17914804.810215823,1018687.5573995134,3788458.6675563757,1795264.9949213157,3026,0.06119769439101219,0.0034400250297039747,40494.46170267463
2024-02-10,8,3677406.816865295,12025661.91139812,2670554.100804977,9028664.269716103,646247.3314959339,2077135.2711807457,912799.911444857,4104,0.121434785425663,0.006793160457164049,44618.341198563576
2024-02-11,8,2024286.1091060117,7555612.501649685,1706293.3876871262,5816865.3666487085,415560.6844606225,1443567.1813495562,702103.9655412664,3487,0.18816129863262177,0.00912417657673359,24725.703937143087
2024-02-12,8,1965247.0978868082,9383261.300089158,1575074.8631333874,7106019.977095461,395492.72096867516,1735996.055189088,799680.1711347398,3870,0.1338275820016861,0.008174892514944077,28278.449385762215
2024-02-13,8,531457.7908157259,5289049.991433568,428092.5228437382,4248541.584788058,121275.38623632977,1077153.3271226827,543760.8287293032,3335,0.25248414278030396,0.010474447160959244,26992.956779271364
2024-02-14,8,212066.67302963138,6721686.203475378,177864.4886503918,5366024.170011554,51168.39974439975,1250208.4986344832,562134.8286893117,3738,0.23649916052818298,0.010915075428783894,35947.16849961877
2024-02-15,8,999229.1016958207,3330793.971882753,828557.4574583498,2741440.8962631105,202634.1856462668,684395.4369555437,338552.76489873836,2446,0.08400464802980423,0.007045262027531862,23908.257055372
2024-02-16,8,357706.55642739683,4214720.637434371,302066.13035932067,3322916.4760744087,73458.24699427042,796914.2816216549,401320.01112521865,2742,0.03705625236034393,0.004986674524843693,24849.229005604982
2024-02-17,8,514807.93347264826,3558278.4933160096,388867.1831961824,2781854.5752327647,101094.06270044611,632900.8652018902,293093.39258140075,2941,0.06439010053873062,0.00668163551017642,24108.221520096064
2024-02-18,8,137534.28716374934,657005.4422859699,103231.28509072162,533999.7338939556,28818.557985506333,136710.41990945325,72186.26829340587,1295,0.10157942026853561,0.00884215161204338,10758.60332480073
2024-02-19,8,238017.09250237048,1398108.9737036377,189233.7110909493,1092920.430417966,57579.42670911271,307273.9625772891,160080.07973004357,2408,0.032228440046310425,0.0035078676883131266,16266.138565123081
2024-02-20,8,762735.1270859987,3417446.6028390303,590970.6090220959,2475243.921071121,158708.90520430089,659041.84324335,285519.5648092762,2465,0.023062055930495262,0.0013659237883985043,22794.26075208187
2024-02-21,8,92504.923776716,2077014.3126726449,73486.78240812928,1520172.8566973126,24991.3594920591,396427.2495518147,175699.19926135187,2257,0.031370729207992554,0.000808851036708802,14281.532075971365
2024-02-22,8,682961.9443777651,5755480.018637009,513849.37732703483,4209013.41912627,128217.56397022516,1085145.1382449986,453911.25674349425,3191,0.013730795122683048,0.0005828783614560962,31815.517470806837
2024-02-23,8,1449248.4683511406,7247561.154583067,992618.1352213444,5438984.89237428,260620.89781464348,1326301.899092249,550065.4770118208,4033,0.017387114465236664,0.0008321001660078764,41887.866779237986
2024-02-24,8,2103382.681015551,6828281.600426145,1658491.8937032975,5241565.887312336,425548.4179229337,1362207.0644134912,623303.095869782,4356,0.04221545532345772,0.002313192468136549,32240.017234236002
2024-02-25,8,1021945.8232180625,4238793.217900068,742426.346871444,3102913.206895158,200401.18895201737,850940.2016573141,385481.115955628,4342,0.05035307630896568,0.00377263012342155,31666.688208788633
2024-02-26,8,2935606.017830834,10130228.964134797,2104737.5250234627,7269640.234436995,486142.5072716933,1720064.8661569017,718187.9526329716,4192,0.030988838523626328,0.004290348384529352,37222.570420235395
2024-02-27,8,4117033.8532449156,16010083.836763121,3100827.9588824306,12077686.433035765,788241.0244693593,2764539.0644878666,1224198.1888538958,4517,0.1177109032869339,0.006630300544202328,23394.929802834988
2024-02-28,8,5932886.278678939,14829468.016446427,4239565.657956524,11119260.97693802,981064.286778599,2431308.0616993094,1009361.153226604,5155,0.1756466031074524,0.00743086077272892,43196.48235273361
2024-02-29,8,2791889.663592115,12027658.522895604,1972043.6537912546,8669368.141497713,432017.9183341279,2026749.6389640486,862860.7347305471,4252,0.1864062398672104,0.010066377930343151,43330.12921896577
2024-03-01,8,2943934.8171053976,9912494.851196185,2397476.8984076357,7637449.502408885,451758.69112732704,1596349.4045781852,719076.7830230934,4268,0.2675476372241974,0.012097205966711044,28750.66051054001
2024-03-02,8,3909111.221818477,13032507.319637626,2704369.697925818,9384224.9829899,684189.089062708,2204954.9848760045,889290.0189225042,5772,0.1868983507156372,0.010222017765045166,45241.252868533134
2024-03-03,8,298508.8949994892,2757873.270470217,247193.02377011545,2129654.2344802697,71657.00547013791,545242.9449400192,268801.0935578785,3585,0.24094261229038239,0.01059627253562212,13825.428051948547
2024-03-04,8,2310287.9269773215,10356222.476360321,1578427.6256441926,7534996.2606375255,435221.89646884135,1788201.0055293986,712622.6727309185,5324,0.21560734510421753,0.012118658982217312,47996.485841959715
2024-03-05,8,8344843.314489156,17907476.22519558,7120497.662509802,14088998.983575456,1424600.9982652627,3015581.0283501726,1333541.6856826167,5775,0.2671620845794678,0.011864257976412773,30445.654667258263
2024-03-06,8,3907084.3163983673,13610654.365029894,3249007.9531135224,10804369.831204113,705722.1815844546,2426983.257843541,1099610.072253911,5139,0.21285364031791687,0.007407911121845245,40583.87549182773
2024-03-07,8,8612091.42041549,17375544.312267974,7275821.576596909,13707041.09250095,1513783.2926907912,2869475.679597263,1219115.6653590524,5485,0.19736041128635406,0.007338006515055895,34591.07310548425
2024-03-08,8,2341125.636296928,14889287.58060804,1586554.4911357956,11696949.117895227,407092.3471348546,2449953.0544081926,1103342.5720788054,4396,0.24766570329666138,0.007875483483076096,49885.06578019261
2024-03-09,8,6343812.491236955,18007734.860722125,5182378.75062512,14043466.352735173,1016834.8078820929,3004706.8817745605,1340293.4797975193,5313,0.15305566787719727,0.008426694199442863,38898.40992435813
2024-03-10,8,4749973.372874685,16766004.811214648,3416962.9846648364,12211854.38167296,804867.814565971,2879930.7139923205,1338458.8299007658,4281,0.23373226821422577,0.017292123287916183,41447.202917814255
2024-03-11,8,630304.541635409,8855155.637101546,447808.8783736248,7132604.1352295205,124247.81416940584,1536758.654707449,763626.9209411897,2779,0.2435605227947235,0.02093658037483692,55784.95636588335
2024-03-12,8,2850611.3749506325,10043875.181503527,2374550.088288798,7888186.707260301,485178.8646484297,1698520.3785811055,810276.2569351359,3232,0.194290429353714,0.021085523068904877,48780.30184537172
2024-03-13,8,662592.0563444942,3267286.5363417566,546189.1714130462,2452524.0357725723,136912.5324930456,626813.696312634,286451.17674331146,3332,0.16196511685848236,0.011696206405758858,27379.887961506844
2024-03-14,8,971732.4054180533,4483391.525756836,831970.7173007097,3459335.4184029726,182183.89087910208,868530.4084682026,471316.3708931669,3321,0.1970434933900833,0.010757917538285255,17485.159486830235
2024-03-15,8,344357.52089858055,1217432.2373288348,284038.70228560455,1024771.9238765005,83089.98329969816,285135.4019712608,161599.20811263903,2230,0.3284774720668793,0.016062816604971886,17235.28057360649
2024-03-16,8,148506.78934425116,1023455.1010141969,120575.87005357844,798007.0968227764,26771.352741488132,197730.49227725473,108835.83461741434,1984,0.26019757986068726,0.017305593937635422,16364.867246359587
2024-03-17,8,490282.5295237154,1523338.0076998249,405459.0205262445,1282503.462762915,111496.06532913238,347093.1207351195,190470.98305693973,2799,0.2873959243297577,0.015014712698757648,25193.98621469736
2024-03-18,8,268490.90543687344,2854087.674183838,209206.60827673483,2310842.8679064666,56703.44739893111,605986.7674374946,288781.9762480109,1983,0.2361733764410019,0.017540743574500084,28616.068997979164
2024-03-19,8,418685.1223450601,1404741.4747468233,343878.4150896758,1174634.7373854409,98329.07200942465,337501.9841689294,182750.56019059115,4598,0.33765754103660583,0.042798008769750595,18400.38680484891
2024-03-20,8,2402938.0327251554,7701764.240060307,1925153.8831489068,6638414.335757749,443476.400437043,1420583.0191737819,766670.3881734491,4571,0.2853530943393707,0.01959504373371601,23673.678748875856
2024-03-21,8,3296500.659791261,12691269.652419254,2424162.811810584,10168302.026441284,629402.6350513974,2359717.731484758,1120633.1640577088,4463,0.2251003384590149,0.018176492303609848,39895.5010599494
2024-03-22,8,6229534.19982104,18610677.36484059,5797645.241831249,15202289.535155617,1097340.626629808,3294774.884536285,1642257.8580047144,3750,0.25348398089408875,0.023666951805353165,40278.95094001293
2024-03-23,8,574478.9411402345,3903079.0509414673,479279.636135978,3120579.851518701,109378.96947233511,752715.8280734713,373996.48635484546,3397,0.1705044060945511,0.009804126806557178,26744.477910906076
2024-03-24,8,1790894.5883933753,8034493.893048152,1376712.441287536,6706998.005287042,241744.51458573894,1218000.6190193552,555678.5392726865,3636,0.2747892737388611,0.014651142992079258,28041.745276600122
2024-03-25,8,7161600.43326211,20287688.8237734,5808456.010159317,16189386.391447205,1122389.284573044,3313958.4614593503,1516146.8794975942,4748,0.24217218160629272,0.013866627588868141,46923.30669268966
2024-03-26,8,1597628.2923852503,9100057.969197735,1226315.164404657,7490455.30461082,259322.02560715686,1491856.7882056339,609169.6209211341,3975,0.050730977207422256,0.003851678455248475,41236.70856684446
2024-03-27,8,4175339.546220571,13986595.625203788,3378577.087517247,11036263.563909654,683745.8384932941,2300731.893842199,1003043.0901004842,4912,0.025626061484217644,0.0034933320712298155,40936.08636459708
2024-03-28,8,231106.17995375395,2118682.753662288,189290.4372040887,1640740.1402806253,52569.99787273971,362680.8551985868,133505.8416940171,3083,0.030400874093174934,0.002750509651377797,18969.417231321335
2024-03-29,8,272464.235804677,17819366.118217006,239314.81389008762,14599763.6307519,65195.149345852406,2997113.2344526574,1364862.0268786752,4207,0.04347025975584984,0.0015994679415598512,34378.813492268324
2024-03-30,8,222551.42490005493,5152693.751138508,184217.93617064788,4419259.743782489,51808.196968759825,931336.9283233667,448819.89252792083,2374,0.040062639862298965,0.0018974056001752615,21902.511465370655
2024-03-31,8,191445.51360586286,1008953.7568874657,160663.4413707101,817222.0292759839,44848.984695672814,217248.92919719155,104812.97250991128,1581,0.18641577661037445,0.004448461811989546,13960.445166140795
2024-04-01,8,306665.20835858583,4457204.060251959,259943.95088995819,3759104.3914890625,70220.89851195208,821975.6582679454,402256.1997155333,2514,0.28268665075302124,0.008229054510593414,20800.717708408833
2024-04-02,8,646454.2664175034,3741153.032375194,490062.3559198775,3537952.188991584,118694.6592271712,661685.0997223572,301736.1502021314,2456,0.2978459298610687,0.0267142616212368,33548.620036542416
2024-04-03,8,6300199.977654308,17988650.718639106,5830505.233872329,14703981.328265615,1110870.644744932,3081619.096966559,1416800.5571461986,5557,0.30199384689331055,0.013723409734666348,38640.81057792902
2024-04-04,8,5342882.285649121,15489556.438134044,5001947.1995034255,12782299.86847977,945120.0144523694,2709789.3634720026,1243717.2285112392,5577,0.29331493377685547,0.013615827076137066,33805.36373978853
2024-04-05,8,7135929.5519682765,16684003.790424407,5918732.799463622,13508401.94621438,1300837.077590469,2899504.3275157483,1284116.7686646462,5080,0.22472378611564636,0.0071769580245018005,29746.936332017183
2024-04-06,8,3081725.2736757398,14110217.75904888,2170121.3745328076,11648053.337015172,583857.9716425841,2498809.322519362,1153299.249502881,3873,0.18364250659942627,0.005859920755028725,50807.53835526109
2024-04-07,8,1327725.279954195,13853775.454251423,1154501.849373459,11731015.541737622,250057.4419158156,2456246.0479637682,1155612.659348623,3901,0.22709834575653076,0.0071798949502408504,45900.88392853737
2024-04-08,8,2119204.584978655,10958781.131860882,2188868.58964465,9733533.542249298,388976.88524792163,1906453.7718255627,871987.4658002491,3328,0.30715277791023254,0.017865344882011414,36369.865153610706
2024-04-09,8,4626668.405410558,20989702.048400633,3844003.4988627406,17262211.47601261,680831.0603771742,3468709.02783579,1568929.4107211796,5521,0.34027087688446045,0.03072236478328705,35605.02826413512
2024-04-10,8,529712.7280150056,2456601.6487063915,426369.75335013086,1876067.844521014,112162.57922246156,470507.5119456959,172766.70029768642,5077,0.2656835615634918,0.018146328628063202,23647.738816052675
2024-04-11,8,1547834.1299031973,12736425.48737286,1492147.1358647146,10664668.918244902,284382.29240620614,2200071.4675907446,975318.6459052414,4130,0.25220412015914917,0.019039908424019814,48923.14021652937
2024-04-12,8,1049813.9743788838,16051591.062345281,920496.795651403,13314551.981494896,202245.1497898199,2750134.6365255904,1291109.4812321065,3432,0.24908041954040527,0.01345550175756216,50294.71985903382
2024-04-13,8,86956.653442204,365661.491162017,78602.04351544377,313738.59651857516,22189.030090473723,93321.05858744419,52947.195329491034,1366,0.24465057253837585,0.013655046001076698,13192.619226902723
2024-04-14,8,246236.06100451946,396547.9274392277,206199.5831851661,329171.2841184669,59796.15292162753,101372.54495745501,54234.495286326994,1305,0.27069830894470215,0.014064276590943336,15919.472301542759
2024-04-15,8,2417398.059751898,11659709.35153836,1837338.779624087,10004411.71918064,413508.31231090706,2073666.8688069633,906041.3585149718,4322,0.3006155490875244,0.0195497777312994,33295.45058116317
2024-04-16,8,633091.8549660146,2794201.7863384485,486104.9326892654,2192203.273317609,137248.93336051353,556007.5501788204,277281.2668716579,2249,0.09346060454845428,0.004366337787359953,23505.906794816256
2024-04-17,8,319585.50904405117,2641041.5955931395,257306.19185544207,2075701.1838384336,74210.70206721249,490919.80542673066,244374.41244280816,2143,0.19151636958122253,0.004370075184851885,22444.458514511585
2024-04-18,8,301704.4227950871,650346.3607252836,224364.6248557776,535929.0625198821,65689.02266147302,154097.81000493822,92035.96881688487,1257,0.1209019124507904,0.004659341648221016,17687.491431117058
2024-04-19,8,186276.62577658892,399338.2426301092,152008.66075769896,352674.90907616564,43613.53045562193,103487.83996808282,60168.372515037656,1342,0.24183906614780426,0.007719339802861214,14313.049437135458
2024-04-20,8,274822.3462675661,4630505.046493322,275473.6433209145,4380909.456037813,62806.7092221042,806621.1576117795,399692.8719032461,2605,0.274206280708313,0.016563158482313156,21909.020204097033
2024-04-21,8,5646663.789524466,17131846.792935282,5548069.55082944,14413873.298996493,951419.9013271315,2933421.453826073,1244217.5480656188,5493,0.14544889330863953,0.005639162380248308,29874.93959930539
2024-04-22,8,8694169.623700231,16201129.334274426,7836304.813469787,13418429.45604995,1520061.082717888,2801268.6982740387,1263250.3957625288,5028,0.05097302049398422,0.004728023894131184,26385.442697644234
2024-04-23,8,7590108.280371144,20254150.20849605,6775139.107208457,16424448.523323013,1238639.4170925503,3341191.213302118,1468234.8338954193,4424,0.06729251891374588,0.004530689679086208,38417.89410293102
2024-04-24,8,495589.4518882185,3644262.8308367953,389586.8095624438,2960897.2733731256,114103.33306917294,684986.0192562499,314785.48660437565,2712,0.024912972003221512,0.002420332282781601,23541.937114715576
2024-04-25,8,2659807.444129184,10585222.382445648,2175901.32849223,7892772.407219939,474746.5404304849,1887037.6233797465,933734.6192405545,2681,0.03884059190750122,0.0031217141076922417,30419.46130296588
2024-04-26,8,168106.85643202066,1490875.220132351,150402.17030233104,1265457.0136071998,44607.407466898694,306954.5120863571,184961.4401881916,991,0.054407745599746704,0.0049110413528978825,15082.368509113789
2024-04-27,8,189281.30545951426,446305.37978078425,161014.91309672507,365157.61611250613,46172.74151741366,104573.26389304844,57626.218479539006,1046,0.13171307742595673,0.005730928387492895,16196.608937978745
2024-04-28,8,21412.14868053794,170418.69034647942,22738.560503617,130323.02924712337,8171.250222638133,40555.95559754745,21149.75289743617,504,0.24138958752155304,0.008389395661652088,13313.984799683094
2024-04-29,8,2498049.6082476377,12390535.18041654,2031771.535147786,10643287.327612475,355093.27087552316,1909697.4407982505,847578.0264721462,2999,0.3171834647655487,0.012101703323423862,21169.40034648776
2024-04-30,8,6603188.560261309,14462362.006492138,5831243.882224601,12222865.73658644,1084108.2242827269,2425693.9502920564,1047909.6611371019,4444,0.1717698574066162,0.0059884521178901196,35991.4378901124
2024-05-01,8,8152369.156254947,19838910.824556664,7452148.190388292,15997067.557674848,1341032.4454198969,3206046.7571562254,1393837.255380213,4251,0.22324344515800476,0.007967767305672169,27357.864345520735
2024-05-02,8,7698909.676700234,18649309.043638572,6827446.921523094,15170193.355575964,1251456.1896435935,3141655.528583742,1398938.3350155964,4306,0.1865885853767395,0.0052678934298455715,37591.357898145914
2024-05-03,8,471493.5560146272,7893991.760709956,356432.06733374036,6617873.393872873,105461.25925661885,1364623.8178393387,637547.4100403065,1607,0.16511857509613037,0.00685174111276865,36935.24381822348
2024-05-04,8,51317.60373669863,5507754.649644926,50422.21799140322,5021573.918453008,14423.098775846303,929433.2089425642,405232.6927673562,1103,0.22272208333015442,0.010860111564397812,21394.09862497449
2024-05-05,8,913445.9297311157,4380525.583533362,750469.6241459906,3497481.001991178,165652.11553299252,809002.3429896256,406639.4258944191,2580,0.24096032977104187,0.005551616195589304,21074.665730804205
2024-05-06,8,259141.17345446348,2749257.573942736,217032.6744169814,2178260.1069421014,64655.02678630321,564037.710380222,292880.96862264286,2212,0.24005113542079926,0.0014270867686718702,23216.74291932583
2024-05-07,8,1221946.4075475931,3087487.415118739,982063.418313399,2413646.4342214544,250371.63543096327,582265.6128390775,303503.59628666635,2443,0.012061317451298237,0.0007361216703429818,28640.370465636253
2024-05-08,8,1678275.8112036064,4616415.850019388,1382136.260004912,3680502.0587959173,349658.49049302586,921710.3477065056,462356.1469958421,3808,0.008422214537858963,0.00045441792462952435,29749.686213225126
2024-05-09,8,358297.8257153034,5682270.835295975,299201.3564771236,4529196.290954248,88145.01133195405,1082245.1249271254,501903.8997834538,2824,0.03746563941240311,0.0006066519999876618,24618.74943602085
2024-05-10,8,516029.3615754992,4781838.243677042,458094.77787154703,3858897.269030045,122536.07766428636,905612.7068465771,430819.45178427093,1963,0.05078563094139099,0.0027904834132641554,21046.941300570965
2024-05-11,8,3860678.5506549776,18048330.08970204,3556313.969486043,14503002.390365878,690449.3583898098,2993299.6756999097,1367026.8000983598,2980,0.15362249314785004,0.006515373941510916,49590.92985218763
2024-05-12,8,325132.9037062228,1452982.3948593736,268689.6661179789,1210686.367585608,77608.74021758341,328268.3405777918,173767.41737906227,2555,0.25432610511779785,0.0038555713836103678,17271.724557429552
2024-05-13,8,589449.0469372347,2880020.531539373,519950.09059939085,2368724.707033641,135846.65337446774,578224.0580371466,316906.8718584132,2346,0.23494520783424377,0.0038167652674019337,21466.7112108171
2024-05-14,8,387041.329742834,2827344.8733364716,322035.09838770283,2329787.088480203,95900.26329919226,571294.1357941055,306065.67657136184,2404,0.3130737543106079,0.005744575522840023,17415.741171479225
2024-05-15,8,605840.228117168,2588478.6320061013,534172.0195369574,2161701.814404743,141854.56384416064,495633.97631471953,259762.1223492308,2088,0.2926074266433716,0.006601410917937756,17843.825219124556
2024-05-18,8,735864.6693123877,5083574.886818171,624315.27769448,4129563.8137160596,148684.7374316734,1041947.9596594594,540897.1874616961,2101,0.08923042565584183,0.004410326015204191,18685.431679069996
2024-05-20,8,684492.5243365318,3980681.4057916403,539362.9664727404,3215631.4593944596,135032.70768097255,824210.3512785452,395270.5758517207,1658,0.2119218409061432,0.010010181926190853,21735.61338299513
2024-05-23,8,881810.7148371637,4725842.514342368,736782.2163265835,3825307.1118929,190075.77295937663,936095.1923381797,469268.30531898874,2054,0.2126043289899826,0.005099826958030462,26382.807292073965
2024-05-24,8,1116866.3041134924,6760187.53019733,979002.9039675839,5420619.408610921,215936.27087816704,1343817.7729695833,677696.8435010621,2325,0.20294468104839325,0.005103785544633865,25554.927454948425
2024-05-25,8,4822355.031047687,16927601.243624285,4070674.152691895,14528045.875587612,748058.5950560591,2858163.5033811284,1320466.9164285026,3149,0.2612159848213196,0.0070761460810899734,33151.86771154404
2024-05-26,8,581722.1222180426,5688441.000705346,523398.7438081773,4539956.737465272,120935.36936026542,1066797.2908285717,570880.5127703659,1799,0.16257117688655853,0.007568845991045237,22907.17660728097
2024-05-27,8,2621350.7466042712,5774551.869167931,2058156.6913878294,4647480.241853407,510790.0358751044,1092806.9614587263,542644.717943473,4122,0.08347879350185394,0.006373709067702293,28655.99266925454
2024-05-28,8,2049745.9347737134,11215437.618053034,1624163.3685218038,9656243.180250978,408052.1414658452,2110723.293118616,1035178.8187576791,3006,0.09822160750627518,0.003266644198447466,28622.63522133231
2024-05-29,8,2091570.7727045119,12874021.461848594,1709444.6908821766,10158290.267284311,418324.09387127915,2331361.1530397683,1116385.3962884173,2424,0.06744055449962616,0.004123969003558159,31530.41632914543
2024-05-30,8,3484863.480475694,15498092.855831653,3617756.2300660172,13749637.335713845,635305.4571619346,2731059.8777514924,1303132.8755197837,1917,0.2119738906621933,0.004442043602466583,37984.49558085203
2024-05-31,8,3553428.6533598155,12558183.293558545,3268552.265445508,10945233.636696422,665665.6508308187,2113724.414674842,966966.0647247699,3360,0.12000637501478195,0.0062842289917171,33966.560002207756
2024-06-01,8,3201226.8167087734,11350634.24566359,2519475.4428042197,9314755.476221228,585786.3083212943,2197173.084687075,1107439.9438318107,4002,0.18206319212913513,0.00634452048689127,27175.406304627657
2024-06-02,8,3962187.5434796214,15313804.815947324,3476607.5679164473,13229887.909082271,702896.8987601774,2560906.7449964555,1187532.309784294,2949,0.08959174156188965,0.005331283900886774,35416.474375367165
2024-06-03,8,6890620.263436109,18655635.082786366,6197318.192402219,15348153.690649668,1140874.4634559555,3072291.9492477663,1469032.3424415342,1798,0.12973223626613617,0.00583037780597806,28773.04003253579
2024-06-04,8,6113463.481765956,19493544.22529328,5408073.92981206,15983132.339153863,969593.1884178583,3142912.3807960036,1474169.944967141,2930,0.11808349192142487,0.006186638027429581,39170.07771226764
2024-06-05,8,8648999.463102162,19919890.64699863,7405996.201100312,16406340.022471484,1365635.626643917,3255390.550063584,1466500.8246431309,3038,0.11312095075845718,0.006248250138014555,32100.11134251952
2024-06-06,8,8432888.912003309,20764324.564735383,7093942.400616167,16823247.69428538,1424291.787962843,3447146.8974138773,1612704.4635592578,2844,0.11720744520425797,0.005306264851242304,32651.44286966324
2024-06-07,8,6786462.291185945,16775565.174732223,5772272.9348140955,13865733.993154464,1169235.9826943232,2807689.3979618447,1262514.4522243268,3028,0.14174339175224304,0.0062106819823384285,43635.45178240538
2024-06-08,8,1036874.3293140233,5518101.833447769,853878.3654829033,4393160.4900910165,235444.05963863726,1167533.2130938268,620127.4756596703,2649,0.09985942393541336,0.003173551755025983,29709.377256304026
2024-06-09,8,1273091.6614934504,7095243.536758028,933195.5480071157,5873623.624027815,221900.93600514118,1160299.3265925446,573298.6181455777,1891,0.031991925090551376,0.002209761645644903,23046.36717772484
2024-06-10,8,566849.0674274266,7942957.536278196,451569.48604607506,6691185.637935486,128672.33529027409,1319234.3178419028,606449.3110787596,2092,0.039426907896995544,0.002245489042252302,19214.9230042696
2024-06-11,8,695903.1399562806,3761497.511504762,602191.3053426231,3012905.981756972,161014.71124065225,769938.4333862584,420262.4096659337,2102,0.06114252656698227,0.0027618110179901123,17198.55417150259
2024-06-12,8,390721.09119680524,4192707.4431499764,325742.01573960664,3218125.772435357,96100.55461675441,740589.4774153987,376651.2126710694,2313,0.13354597985744476,0.004011391196399927,17415.741171479225
2024-06-13,8,406394.0693987608,5570647.70199956,365736.160452218,4510180.178180944,100349.0178030261,1051412.878992108,502395.156350489,1858,0.24009186029434204,0.006230165716260672,23268.65956455469
2024-06-14,8,4484818.922777295,14387743.261187501,4037357.2598347235,12025159.016981035,787993.2769947317,2502932.9847881515,1192684.7250489844,2078,0.16608987748622894,0.007688029669225216,38599.71439626813
2024-06-15,8,1838918.3644670844,10086698.746963277,1549174.6205703784,7931307.943371131,371404.18022517086,1788855.4469997163,917609.6031897007,1605,0.15553240478038788,0.005999928340315819,24884.910579442978
2024-06-16,8,2751342.458141938,10986916.043478265,2396898.3592949198,9793305.300242245,507769.13570620294,2058923.4888522006,1072350.7246757844,2527,0.15593913197517395,0.004752591717988253,38402.4567925632
2024-06-17,8,3199059.882196486,14151066.098675117,2529223.1526664686,11329414.303387653,518234.2420728518,2373681.5843444644,1047128.4486690724,2650,0.1412571370601654,0.00445964839309454,37519.081541091204
2024-06-18,8,2198099.5808277726,6652549.206164278,1752487.296552193,5151580.3514192235,428922.8867028704,1189354.6166008043,597900.444746499,3121,0.16794158518314362,0.007548990193754435,24685.720239549875
2024-06-19,8,2743246.47648751,12162888.467766233,2184991.832419684,9753955.43774768,515533.1175529037,2100061.6310849646,1014257.8122842477,2361,0.16143828630447388,0.00793194305151701,26076.777634829283
2024-06-20,8,1324142.068804711,9077889.095755443,1115442.311688897,7616764.1714292895,247230.78387969988,1519908.7333887117,694446.868968502,2490,0.24593676626682281,0.009201989509165287,34035.16726130247
2024-06-21,8,5453015.517904654,17224752.83000187,4535095.953191504,14587957.292235835,941790.6294266339,2973717.966422523,1391371.7223117151,2518,0.07971388101577759,0.008348211646080017,40480.463557600975
2024-06-22,8,10360991.195038319,22659836.69676961,8949426.61058819,18271820.246465318,1789052.4433588183,3819749.356517917,1722085.2948528542,3986,0.042372871190309525,0.0029047655407339334,26441.309590935707
2024-06-23,8,3420115.940526277,13701734.784101136,2279326.3152973633,11088479.49293182,676481.0174523235,2529186.2775906716,1175721.452175746,3211,0.024743106216192245,0.000744310615118593,48879.6930398345
2024-06-24,8,4551024.431354344,12112817.166788861,3584217.547598649,10308285.41241438,872117.7007150461,2218745.881009181,1114917.4854470002,2963,0.011947991326451302,0.0006160580087453127,43590.32769149542
2024-06-25,8,10693729.994567037,22334956.070967548,9444822.551362809,18353649.19566754,1872426.816378003,4085019.039533746,2030429.689688675,3513,0.023329101502895355,0.0008101342828013003,28715.063812702894
2024-06-26,8,3640905.922242321,13068821.308828302,2667644.7177443733,10111775.52293542,681696.6787604726,2390680.0739881424,1181325.872509817,2718,0.017843255773186684,0.0007775071426294744,40950.372531056404
2024-06-27,8,5576350.476008624,17125929.361269258,4777071.996318594,14486810.637264194,1021317.6155313358,2954229.560743578,1380226.0578311393,2407,0.03931064531207085,0.002716200426220894,30379.703537613153
2024-06-28,8,8112109.830408312,20796519.555457406,7123780.564462789,17121074.675999515,1416275.8754305649,3597321.285394411,1679258.40612554,2274,0.05881580710411072,0.003228370565921068,30243.062025666237
2024-06-29,8,8885390.4389752,21718228.569544286,7864577.9165055,17487284.775103927,1469486.7736839529,3671023.280628576,1736142.859649298,2552,0.07075085490942001,0.004622295033186674,30665.771396130323
2024-06-30,8,3289130.2699484974,12233290.686396897,2620468.250284698,10728892.517286975,611716.7497229822,2226800.723222199,1050632.7972316202,3190,0.015820499509572983,0.0004990991437807679,41138.87851563096
2024-02-01,10,3308585.131955862,10687990.910088569,2849464.2448538486,8840001.173375815,633419.9284023833,1924550.6238072107,904476.6161601692,4376,0.15090340375900269,0.009630018845200539,29595.789747864008
2024-02-02,10,5481120.570401005,16323024.862580784,4765862.306938236,13220129.94289365,1006487.1479891127,2815915.6302462583,1341149.5939580996,2950,0.15673498809337616,0.007282129023224115,39101.494094222784
2024-02-03,10,8623237.76171498,22278810.475598037,7429720.271375792,18194283.465828314,1396154.2722650752,3733802.233818728,1758869.6499224678,3890,0.15247495472431183,0.00819054339081049,38913.01502650976
2024-02-04,10,8269782.746138051,19329969.19526039,7259460.160297608,15899987.145855486,1477373.4567106343,3373647.0833893307,1551766.743335471,4778,0.16781796514987946,0.005882448051124811,35021.458320468664
2024-02-05,10,7816135.344129905,18140124.75292424,6710238.448317673,15334092.526460782,1447158.7583646397,3336221.1231146874,1578028.6973090447,4506,0.08618102222681046,0.002608434995636344,26973.08358183503
2024-02-06,10,6075029.003284186,14266735.32226941,5028386.594791987,12209899.180899577,1115997.4977421188,2544030.694533151,1130692.139882435,5008,0.04451436921954155,0.0025399147998541594,48712.56491279602
2024-02-07,10,5765015.320507169,17211956.59943275,4685730.368948369,14064534.46885495,1058698.2975123497,3059872.796095196,1363304.7888539056,4579,0.0545576848089695,0.0024969507940113544,37318.59368824959
2024-02-08,10,8684927.8519883,23852255.01585491,7091015.08016026,19072027.739021786,1521410.31493196,4073242.4474316654,1876681.1626588232,3599,0.05280392989516258,0.003461756743490696,41510.86604562402
2024-02-09,10,5792627.669683605,22457493.167179175,4581932.554372278,17940319.70044107,1053089.0052397791,3877842.7370850705,1832681.7792896575,2644,0.06645425409078598,0.004203213844448328,36741.61753350496
2024-02-10,10,3321382.4821137935,11293945.458021283,2681262.5638676253,8530449.759354012,653485.9886851431,2062977.69899092,969267.6524757625,4084,0.16942466795444489,0.008868124336004257,21916.348778545856
2024-02-11,10,2597915.410201259,7269473.8544043675,2115303.6671065222,5661474.292855252,536119.4678040139,1421669.7478844305,719503.7030259139,4174,0.2854151427745819,0.012804483994841576,22252.9176440835
2024-02-12,10,2598904.529701233,6764220.776396379,2087690.9986123862,5304876.127286399,545652.3769272557,1337346.4995691243,677312.4815556683,3323,0.18747222423553467,0.012303849682211876,23234.192646056414
2024-02-13,10,1312223.7917264327,5973376.740110099,1057468.4139519935,4779478.788812427,282764.8142362917,1199934.0172143888,608611.1789722386,3545,0.2764342129230499,0.01689949817955494,27165.77758422494
2024-02-14,10,441859.5659504831,7534821.094413258,365037.3027173241,5864993.06733667,102270.94838704629,1390707.3072444103,659796.3897382825,3833,0.2867867946624756,0.013016244396567345,33099.31995430589
2024-02-15,10,794122.6046866849,3613242.1224767193,660927.8138634594,2736328.705739914,161359.4159576581,722367.6211862408,355801.7131360364,2928,0.072929747402668,0.007772245444357395,27021.561929523945
2024-02-16,10,838219.7485385165,5252259.611528009,749303.6780562223,4106082.6119449777,185040.7505304336,984843.815038253,493177.3904203875,1997,0.06632763147354126,0.007540644612163305,24011.08988890052
2024-02-17,10,1066092.3301919252,5736471.678405501,851796.9758909578,4567719.027447131,220700.0453707133,1115502.6546157165,537035.2360530666,2844,0.07207881659269333,0.008935008198022842,30265.49626299739
2024-02-18,10,197791.952247262,1329428.8721346483,149219.09241768354,1026490.3245461938,43135.47206459603,287928.05391835613,148962.94644489832,1662,0.12363218516111374,0.013107107020914555,14537.455512553453
2024-02-19,10,214772.11585234106,1302821.3011871427,168986.45104099961,1022875.0130832909,51431.17928279523,284324.22741118085,147569.68213666615,2253,0.061052724719047546,0.003790374146774411,19537.61549025774
2024-02-20,10,193689.31979828328,5282851.345627569,155030.4175718784,3882425.9269530685,44755.03082176122,977889.9300666287,423866.2144924166,2910,0.026950811967253685,0.0014749534893780947,47823.67751696706
2024-02-21,10,109143.47551712394,5455681.475853242,86558.9348150958,4132010.4398322674,27387.34907023328,1010814.9756782388,462958.65669884294,2467,0.020920831710100174,0.0008449970628134906,21130.530024677515
2024-02-22,10,1170593.5907777399,7336912.681284897,852891.240520063,5309864.219414173,218787.97985154332,1371629.8741700547,570928.9321987043,3423,0.016858858987689018,0.0006697908393107355,35801.141852766275
2024-02-23,10,1443717.4751065075,6755801.334895551,960598.3784570616,5125791.133343391,269798.419721373,1253570.6231414168,527207.9657843355,4616,0.01823253743350506,0.0010164121631532907,38780.54298859835
2024-02-24,10,1207486.3582077175,5786471.106081821,881096.3813095388,4265201.545781909,226499.46916268367,1129729.5612678737,522230.2094691573,4370,0.04293570667505264,0.003169344738125801,28880.603993296623
2024-02-25,10,1016955.1981269717,4573621.6764400005,766845.1005595939,3415997.4787237705,199337.60926725756,914839.018114824,407477.6878747551,4184,0.03865644708275795,0.004155240952968597,30416.20075789094
2024-02-26,10,2115245.1244984716,11594295.281926297,1701474.1498802702,8452629.654540002,419720.389305982,2073762.8356028185,936081.1963196853,4060,0.08047964423894882,0.006035001017153263,23701.356493264437
2024-02-27,10,3253671.2969524562,16017716.565578304,2405977.4826789764,11846767.866343744,619526.4184195374,2754334.9363928693,1234964.5159788956,3707,0.12228171527385712,0.009864851832389832,37116.316900759935
2024-02-28,10,4566164.52176556,16278878.59717878,3202121.5012482516,11975215.624683833,868344.7219646916,2839197.957781355,1260438.5394017587,4289,0.2327381670475006,0.012348000891506672,47300.986229240894
2024-02-29,10,5339606.92011027,16789681.692807943,3852825.0884423708,12535087.58755089,888495.0056644377,2802316.2966914577,1255418.2520321237,4744,0.25725454092025757,0.01254507340490818,45152.74447855353
2024-03-01,10,3682232.4645510465,9542795.056455791,2983557.755602976,7561350.123379483,696372.2650221321,1742829.84738746,867375.4360359681,3511,0.26553085446357727,0.013678811490535736,25788.206237465143
2024-03-02,10,3299162.2348073423,11628593.122983232,2338129.9678824977,8401280.340262666,572958.0148731892,1959668.1156038889,823358.823690387,5648,0.22850143909454346,0.019457174465060234,40444.69820976257
2024-03-03,10,332514.81075397134,6316242.113629505,264917.1862070132,4878847.541227483,77015.86638226864,1224745.2752280317,579628.8977229521,4422,0.3395044505596161,0.017695223912596703,23837.015733003616
2024-03-04,10,5080311.387706593,17355332.290430687,4147962.8193519274,13234507.694732044,928435.1156440483,3105936.1221861243,1433942.6276638675,4865,0.29819971323013306,0.019864119589328766,40548.984691500664
2024-03-05,10,7315599.597654372,15805351.163605772,6441803.581763069,12707530.587889113,1304333.9792188492,2811636.1436936567,1294149.5254273615,5717,0.2912079095840454,0.014616659842431545,27049.986202538013
2024-03-06,10,6700453.851479188,17233210.385857716,5639882.604258895,13669259.115796188,1175538.0302268188,2909115.9068173957,1267910.5918920455,5815,0.2567631006240845,0.013768436387181282,33497.22122493386
2024-03-07,10,7496436.425142989,17285393.750537075,6243536.794728948,13672918.27619556,1329461.4399737613,2925268.8114054007,1290768.9494222223,4893,0.23725424706935883,0.01000288501381874,28255.679408729076
2024-03-08,10,4726366.475905806,18555027.02074626,3611400.1773935137,14315305.938868798,687612.0622168855,2908955.9866041928,1254696.6810895703,4626,0.3071776032447815,0.022023897618055344,39132.76785811782
2024-03-09,10,3755787.856726244,18774464.93512334,2766226.541172839,14610306.698871128,514570.84479612793,3041576.849395144,1375441.462356799,4781,0.28427353501319885,0.024019191041588783,35128.68080633879
2024-03-10,10,3417982.9010966495,14855072.070821032,2752317.140766551,11773500.411742378,703607.2177368178,2629142.953881122,1304636.0257858492,4572,0.289354145526886,0.04023825377225876,28701.200802832842
2024-03-11,10,3743714.6588541865,13581857.20386421,2937437.660811032,10461213.733089183,630928.1963815901,2332077.918465164,1146473.6854979913,4545,0.3015136420726776,0.0521855391561985,31289.873042434454
2024-03-12,10,1343006.0024944618,4504761.108001448,1062699.6972790598,3573101.5451242505,264981.7300393635,835456.0772668703,442032.2018683994,3565,0.2396886795759201,0.03151316195726395,22160.217689961195
2024-03-13,10,372416.400638476,8384187.024075232,313939.23829841474,6714200.444706244,89365.8431336135,1476671.9433084151,722191.2175419547,3309,0.2898636758327484,0.02026771381497383,23113.2887917459
2024-03-14,10,666669.5681656748,5760905.860436633,545134.7918080399,4661756.569718111,144107.15369925613,1114426.4324789678,579762.4534857362,3902,0.29502028226852417,0.027613984420895576,22959.81230071187
2024-03-15,10,550021.3191404343,4467833.02849374,444787.3434652316,3574080.0810060427,118676.57141472232,875597.0700417683,462312.39088237693,3598,0.35602548718452454,0.04723269119858742,20551.28176355362
2024-03-16,10,1356031.6308503598,6988410.67960766,1099576.7508921404,5488264.034768801,267481.6300903903,1348644.9298247672,685854.5432067018,4583,0.3341805040836334,0.059047628194093704,22578.252285420895
2024-03-17,10,422649.8776202202,3139358.5124316663,344504.04231220897,2547719.3414944448,88766.22228789233,616483.0076444658,307392.3673393315,5181,0.3440837562084198,0.037164948880672455,19864.973887354136
2024-03-18,10,1032440.1059531868,5313500.303212494,859022.3494309802,4235043.897188454,211941.8978113267,1023564.3653016221,503801.88101426756,5540,0.32737886905670166,0.06576865166425705,25087.542498230934
2024-03-19,10,652268.0558339953,4524968.844828963,538652.0304162249,3593710.1946720663,136996.0314730897,891141.3225064331,482677.2893202881,5967,0.3470257818698883,0.05552905425429344,22360.14160567522
2024-03-20,10,1356011.3725623786,9054678.245645389,1100573.545431742,6995185.273500742,269087.9347332278,1736651.2937407957,841759.4477524534,5600,0.32028818130493164,0.043498020619153976,30577.871887773275
2024-03-21,10,810685.6620204747,6076718.770401664,676601.4175505312,4567260.357820485,168245.68215868386,1173849.4950159518,582833.9301178531,5099,0.31761568784713745,0.05488777533173561,22036.873735129833
2024-03-22,10,2450099.3645625114,11314471.450665519,1835389.005377712,8352829.278558503,460550.7152797205,2103454.4325662875,1016705.2840553289,5648,0.3299684524536133,0.0691930428147316,38726.909782379866
2024-03-23,10,860384.0802991688,3282330.963462338,677357.9353563825,2553819.916950267,177441.35391159897,644379.0519275592,309119.90440991364,4098,0.321611225605011,0.0303645022213459,27753.691548854113
2024-03-24,10,2057072.64501521,8113233.205577344,1635049.6459030053,6190354.758141325,291534.57553871255,1177567.5253890993,488026.31810964143,4181,0.33015987277030945,0.04342299699783325,38429.396521002054
2024-03-25,10,1768898.4951820374,11851400.30669722,1380286.2521580923,8861275.035281334,308766.6202912695,1966625.0106586693,876491.216523464,5273,0.31266123056411743,0.02830386720597744,35055.78192907572
2024-03-26,10,2191917.636418447,8783346.821696788,1590356.7379098579,6752389.816941528,309771.2102125067,1441460.305716462,558130.3620841625,4246,0.06278299540281296,0.004267617594450712,40152.82921817899
2024-03-27,10,8697213.710346207,20057858.83504778,6889580.976442441,16093876.90662361,1428987.2726057018,3454879.418477108,1544774.5671286846,5296,0.06398288160562515,0.005372937303036451,46104.362362235785
2024-03-28,10,724359.7969833463,6636869.503276095,567966.7082657309,4779605.398430454,101739.70785861963,1079936.0233726378,452382.7878260264,3213,0.07243476808071136,0.0031061170157045126,37847.049505382776
2024-03-29,10,1148930.2517313957,13511100.983006202,951793.2398610527,11596974.03245825,201718.18229822136,2288398.321953024,979400.1788690679,4754,0.049378231167793274,0.0037069753743708134,34003.33683377504
2024-03-30,10,422884.7536047101,16140693.79197377,356753.08315256267,13536278.6625256,87635.14729293913,2680095.0969344247,1266202.569043312,3445,0.18982011079788208,0.008707549422979355,40431.87944099307
2024-03-31,10,358092.4221022427,17544771.613781825,293452.9965499771,14422182.505430054,85759.40442412891,2895657.2621200746,1362719.415916802,3200,0.35203784704208374,0.021326877176761627,38992.27551159263
2024-04-01,10,2873115.3198446333,20801900.266628534,2601576.819108316,16694158.766013782,511453.46333849593,3450715.511036456,1532217.3392801331,6058,0.36019986867904663,0.04412524029612541,53404.924017339945
2024-04-02,10,1064093.7882092,15030620.380730271,917558.1071132311,12356538.932176823,202745.33913005993,2584961.832370649,1186690.9471829478,6417,0.36411094665527344,0.08644387125968933,42007.79455828667
2024-04-03,10,4624504.947494388,13259487.047327012,3424685.9924731404,11056609.437948098,860094.9865026479,2359449.91187484,1081833.9542534319,4608,0.33842921257019043,0.01720721647143364,39115.441075742245
2024-04-04,10,4547429.195121646,16280527.280721128,3735179.412081689,13385583.330552602,843190.3072314989,2813958.908665603,1287131.3673791003,5420,0.33843252062797546,0.02326466143131256,46843.47468808293
2024-04-05,10,850076.8444743454,5971875.6556559205,678375.294937846,5040677.889967697,173089.0210555321,1127869.1186371888,492005.2968755078,4538,0.2890550494194031,0.020814087241888046,29787.120325654745
2024-04-06,10,8270689.281765193,15488325.236537442,6938600.157086988,12867202.531402037,1490474.7530221161,2763680.4339393065,1258438.424367202,5564,0.3188707232475281,0.020586766302585602,40428.06550318003
2024-04-07,10,5530134.080467552,20739901.353553057,4401119.300334383,16884971.65944331,958856.0505543973,3437978.205500242,1572494.939011858,5370,0.3410467505455017,0.03995303809642792,44076.424911767244
2024-04-08,10,1842953.7739213258,16670635.357476905,1533676.4667133247,13748318.587999905,334789.4996644693,2793184.8303465266,1320006.5641376926,4832,0.36572501063346863,0.0832199826836586,39899.14892819524
2024-04-09,10,3192086.735521972,12253629.135990083,2675408.9627679344,9624539.20855813,531263.9845647123,1956094.88080091,871543.2497433787,5628,0.35803186893463135,0.07273636758327484,44251.15866190195
2024-04-10,10,838962.3973561227,4240777.8821211755,699856.4476196818,3385942.9456905946,186686.62156286015,835345.7203492024,408047.0264338406,4638,0.3460090756416321,0.058313723653554916,24467.473437070847
2024-04-11,10,2427001.6747182757,7389292.602219686,1852853.8315387736,5838757.017533746,410918.1938617616,1283381.3926733874,648415.7799866418,3742,0.30447784066200256,0.05308375880122185,22217.660755336285
2024-04-12,10,1633251.8880058527,7284467.230184838,1323034.0221607652,5612490.321123113,282192.9328251096,1175058.8967238269,531029.5174624122,4822,0.3703579604625702,0.06590472906827927,24383.92497050762
2024-04-13,10,1270925.5850144029,8025060.61696443,1076176.75293318,6564448.842358524,255490.71940555534,1443059.4768549493,679995.344663318,5090,0.3625684976577759,0.08006501942873001,27922.34194648266
2024-04-14,10,1229065.944578737,7776375.82617043,1038615.4943203395,6243114.135808078,239566.31615424415,1288917.0918517672,587543.9055010658,4532,0.3692146837711334,0.09692821651697159,23747.731207072735
2024-04-15,10,722673.3214965761,1637681.7820540667,595119.3721279516,1330442.1212749016,166182.81130855184,368967.69620673463,173737.66631341056,4874,0.3224014639854431,0.025883326306939125,18730.154459953308
2024-04-16,10,940434.855931744,3189698.150840059,761676.3191285147,2536086.681627116,198081.74563471705,668369.1035321238,328280.44948964426,3243,0.20431962609291077,0.006984359119087458,27146.09083071351
2024-04-17,10,465254.48389312625,3443852.901367709,379979.4616714304,2712659.1607336462,107311.67260340342,694587.9292038865,348487.03076794,3479,0.3273899555206299,0.018801458179950714,20481.34226512909
2024-04-18,10,765794.1255682111,4253719.604998335,599656.9446727847,3395415.377649934,136058.9492079973,817471.8291749605,455061.1094207241,2840,0.2528245151042938,0.0348784364759922,18284.083408027887
2024-04-19,10,1170840.567551583,4812384.255080208,920212.8689101811,3762569.079869613,247608.19325499516,892075.7420702477,499623.68974762585,3000,0.32249003648757935,0.048971984535455704,24165.79710483551
2024-04-20,10,7326832.7499699,14775805.537061557,6833872.817650587,12669188.320063848,1311402.9891955093,2654800.5244197347,1261698.7327670834,4106,0.27135443687438965,0.015167105942964554,43400.025708794594
2024-04-21,10,7966117.35867542,18327244.822130203,7315389.662340488,15063762.869905299,1432009.4898421818,3125974.515972498,1391311.3795819792,5361,0.17963455617427826,0.009009767323732376,31886.16623723507
2024-04-22,10,9598433.224877372,20349363.4590988,8173085.703098751,16128453.61560264,1657847.9162544124,3366216.0156077477,1496937.9653520144,4484,0.12158595770597458,0.01355657260864973,38742.4729180634
2024-04-23,10,2559727.9872669876,14522453.950035885,2007367.0252117168,11685737.670608666,474473.45351579436,2464824.068084726,1083690.7397426465,4103,0.1749046891927719,0.022045647725462914,25752.586197286844
2024-04-24,10,1160640.8127297014,4255751.8670877665,921415.737096251,3398532.878407442,226811.55526014412,814484.9764885423,421177.6355999446,2597,0.038004741072654724,0.00412739347666502,22468.670432716608
2024-04-25,10,3049852.049826227,7059715.503360547,2531216.948088277,5606661.918055672,604257.8661454148,1411876.999763847,706083.4554521195,4073,0.0961320698261261,0.010957148857414722,31205.753488361835
2024-04-26,10,3413268.463879958,12126956.676032245,2654126.1065575937,9797825.5343181,625294.9497517266,2112660.154618266,996066.7516020772,3820,0.13107070326805115,0.017661478370428085,34525.85460460186
2024-04-27,10,712261.2802820951,6070544.717059925,579726.0081634555,4440096.246952876,156399.8461384189,1106535.9725483498,580273.8724763796,3643,0.334342896938324,0.03833754360675812,26409.452288776636
2024-04-28,10,1328562.35879457,5800802.440139726,1102557.2679335508,4366910.778304333,264494.51951386535,1077417.7270052175,562055.5395605059,3705,0.2771092653274536,0.04952036961913109,26912.424165308475
2024-04-29,10,2971641.3916614056,10762722.080584109,2591496.4035860086,9020125.306466632,532122.1368557501,1857742.2221632884,788522.6688790052,4320,0.2859460115432739,0.01920679211616516,41690.89445191622
2024-04-30,10,6430048.635511875,16622432.402621359,5996503.008967078,13598426.416830895,1100082.957393451,2822149.3949516024,1253555.3164302479,4613,0.2617676854133606,0.01615743525326252,32753.54127845168
2024-05-01,10,6068361.00719583,18753367.214694157,5808377.508912256,15375813.529658414,1058893.1587869655,3163060.0274581597,1399511.5925436309,4254,0.30446887016296387,0.02282881923019886,34465.38320162892
2024-05-02,10,3517064.225161135,13944590.402199984,2715784.17273961,11833980.75578523,631976.3294389783,2367375.5706381844,1008873.112027742,5009,0.32997316122055054,0.0317300520837307,32357.515538156033
2024-05-03,10,4051622.0102548003,16577835.182068765,3321735.4443832026,13489736.442402193,711232.6912026228,2747006.9608832495,1272618.4857933067,3514,0.34071317315101624,0.048265501856803894,40246.73023328185
2024-05-04,10,3856547.3850126565,16173916.68516332,3302010.704281361,13230636.44855982,643728.4503271187,2660271.4170335717,1239798.5834377483,3371,0.3405444324016571,0.06861598789691925,39816.29954919219
2024-05-05,10,1078344.9484510422,5004553.005237013,904427.4128430289,3993562.4696903313,202007.32020393648,1000309.779070477,488161.3868166345,3201,0.24557295441627502,0.007009579334408045,24153.359095543623
2024-05-06,10,849941.5113813579,3081282.632513419,702931.6943271363,2419456.430898539,190620.01871758275,627812.2031401086,318785.9745823994,3116,0.2617436349391937,0.0027149959933012724,25470.383694529533
2024-05-07,10,2198180.8462342024,4205684.199253306,1762590.1559735339,3279491.5188746112,410100.09552763065,773466.8404296387,396070.23402218067,3597,0.030780134722590446,0.001054509892128408,27877.559654325247
2024-05-08,10,1697214.7669672966,6775609.336459108,1367577.569358655,5398755.06679159,342129.7097800707,1282186.5837264808,589608.2389036996,3526,0.02981833927333355,0.001988316886126995,29545.502853691578
2024-05-09,10,586231.7585019171,7190369.53483817,482935.7293505103,5788562.675247861,134779.22437226196,1271826.3396579952,579169.6136861172,3466,0.06816147267818451,0.0032452282030135393,26820.374403059483
2024-05-10,10,1677175.4287051857,9115560.856776163,1390438.2858049513,7733524.6228698185,321888.803143966,1615483.0161752792,750013.0619571456,1829,0.12222768366336823,0.01986953802406788,32573.374802678823
2024-05-11,10,1594475.590175718,7295920.11246635,1366281.75474546,6004972.133937669,336476.3656379636,1344043.1823448057,636973.2405339257,2889,0.21161282062530518,0.0271088145673275,24591.304279863834
2024-05-12,10,999423.594253242,3273617.274349138,843949.8357418759,2543955.7703887527,225266.71202308274,673751.1471362633,337830.98448713275,3032,0.34421083331108093,0.019060466438531876,28743.75534442067
2024-05-13,10,645156.222756207,4742780.743622333,572031.229457739,3617726.9867395237,153555.1476534644,920357.4031233896,480727.46717378334,3989,0.3467455804347992,0.027181681245565414,25893.651800870895
2024-05-14,10,1298464.177544713,5715418.098023221,1022076.0244613257,4368725.780707584,277299.3866436086,1065263.188920101,537068.1735626209,3738,0.3676615357398987,0.033098723739385605,29030.035530269146
2024-05-15,10,2012172.6038832515,4451963.176729485,1627642.2694350346,3438302.274912621,404663.74045849603,884233.3047328306,453131.3010857783,4422,0.32592782378196716,0.03832671791315079,31200.997150033712
2024-05-16,10,387723.4554777667,3930065.7343753204,315326.2928779913,3219084.219677088,70374.75838609935,773760.5259772469,443003.2224404568,2021,0.07782259583473206,0.005725167691707611,21532.864759892225
2024-05-18,10,3384223.928957209,8599536.646669641,2694281.449658235,6718636.568009614,675609.5947328173,1683596.253966537,855618.6282675079,2908,0.19611668586730957,0.020049475133419037,27777.48088014126
2024-05-23,10,1970229.8960571736,7509939.8234570995,1591964.8235374351,6070071.134849876,390611.73055121873,1459107.3597546571,748235.3297354023,2974,0.3008764982223511,0.035422615706920624,27709.052048116922
2024-05-24,10,2334518.7316832393,5323230.999193981,1810470.4574932996,4177905.3311688444,461478.15598490764,1008064.0537123426,501643.98919757595,4086,0.2848542034626007,0.02833564020693302,29866.794298112392
2024-05-25,10,928262.2147705033,4447394.39343556,760038.099546729,3690637.1352224518,154834.69451905394,886550.7580503304,471672.2736008584,2952,0.2664247453212738,0.0221452247351408,18012.168755084276
2024-05-26,10,1385708.5977361798,5154606.836542547,1147664.1271670035,4080135.6647812324,287193.3094041156,1043955.9308285406,571596.3741697137,3284,0.2295205295085907,0.036643464118242264,26790.886608570814
2024-05-27,10,2881144.4345869124,8464651.304043032,2208223.530843192,6990390.799531754,520150.74400645477,1537756.9533100268,779632.3964439008,3283,0.15177318453788757,0.020038234069943428,30618.28229430318
2024-05-28,10,4291382.975893006,11707984.702615753,3512033.52531198,10035160.12919683,773360.1979823406,2089823.359217132,992661.3120194747,1978,0.11640864610671997,0.02251204289495945,27368.013597875834
2024-05-29,10,2427609.4307118654,9842113.79246138,1866413.105175113,8494747.387315178,470892.9792616089,1752550.4069781369,843774.1551060765,2840,0.21045303344726562,0.0277999397367239,28086.685797303915
2024-05-30,10,6307174.953464538,20620023.058495574,6007898.742633102,17138346.460015163,1033963.197979948,3446437.5580995018,1626254.5810974413,2079,0.17027147114276886,0.01595211960375309,25793.492878705263
2024-05-31,10,4064063.1678830534,15988651.036224715,3259135.9188849106,13300836.85810874,744736.6275071686,2752961.2564176437,1292434.188631477,2566,0.265630841255188,0.03521370515227318,30264.762763172388
2024-06-01,10,2402068.316608697,12881693.315840632,1959492.6723719183,10716725.13304863,464469.17874355416,2402211.900322998,1136576.7813147912,4054,0.23764267563819885,0.021801991388201714,24252.41093698144
2024-06-02,10,3925175.828533292,18415747.89054951,3048327.182661378,15323759.814260215,704136.9803774618,3102067.9539105706,1483171.5874185911,2934,0.22972986102104187,0.03594167158007622,29784.787162214518
2024-06-03,10,3113831.5060017407,17305751.985245675,2678462.399579662,14516921.648817696,592755.6336579367,2972861.296288526,1491313.7646252546,1383,0.2335803061723709,0.03477024659514427,29074.96446734667
2024-06-04,10,6975625.788092673,23734839.192989722,6450403.329698725,19215766.896128394,1215547.9916167231,3930721.9588525966,1865480.4356862172,2749,0.22070802748203278,0.03457171469926834,32129.163905233145
2024-06-05,10,8940115.17152232,22671489.56455137,8120591.6670318395,18539297.69533249,1492146.5556463546,3794282.9597485187,1726951.3831500914,3262,0.23487459123134613,0.03643171116709709,32950.15993878245
2024-06-06,10,8578315.93419543,21918912.088353068,7638848.442978773,17668127.14657461,1372279.6846345249,3543026.5229370594,1627116.9772662446,2991,0.2183956354856491,0.027920536696910858,30624.704962939024
2024-06-07,10,7598168.4911676645,20112684.268552214,7006154.528640383,16742033.116495809,1240400.8218357044,3361764.571202739,1546805.7073012008,2591,0.19318309426307678,0.03787438943982124,29704.696010529995
2024-06-08,10,3311844.54403995,7473812.345385447,2735779.5233460367,5847066.344734615,668014.7216406721,1503571.361682762,761483.3098895573,3770,0.08571390062570572,0.007349114865064621,27282.47194209695
2024-06-09,10,2213189.1159630716,10481272.621541768,1685360.795946711,8968845.642063526,330680.5132684133,1714020.583941639,857345.5180786045,1982,0.07694628834724426,0.010243525728583336,33400.11508923769
2024-06-10,10,1342638.3953478634,8447587.866804808,1006543.1268405549,7022578.355427938,193165.53773359925,1441018.4244408347,672604.5395424934,1862,0.1679731011390686,0.016161279752850533,27185.665435373783
2024-06-11,10,1328604.9509431124,4598974.878472924,1022826.8723124587,3593491.9691855893,246987.02375884756,908199.5098224829,525145.952160835,2525,0.23580873012542725,0.018495798110961914,23121.039259582758
2024-06-12,10,1227766.3569424748,5288518.4899176955,984807.9650396297,4123891.32537245,224731.26128134382,891459.4537649514,485862.7143869614,2863,0.24994944036006927,0.0253964401781559,23290.474765986204
2024-06-13,10,2106002.789207965,8381543.041633785,1662462.8681113694,6727122.168930398,408090.3329974371,1526664.7932363632,766494.5208084797,3325,0.30633923411369324,0.04179081320762634,26439.229210227728
2024-06-14,10,3200424.7080128193,12582357.274529293,2634708.1252587303,10994110.094160635,612564.2871160881,2220231.3177911495,1092784.2758158043,2922,0.2589928209781647,0.04706943780183792,24294.617176949978
2024-06-15,10,2877701.5636362135,7725921.936859012,2247112.1915375926,6024156.441675816,547007.9007489923,1432342.7555215482,756378.2998420775,2932,0.2508968412876129,0.03404827043414116,28631.7250366807
2024-06-16,10,4078237.2869156897,14628163.104219079,3093000.5430017198,11964472.860749211,747657.4941653031,2575525.885431421,1237817.7160597413,3044,0.243177130818367,0.026340560987591743,33111.73461276293
2024-06-17,10,6177801.268579334,19699163.296379685,4957069.658762735,16494792.716764003,989885.6356517246,3275556.586893136,1482854.5278913304,2700,0.24529963731765747,0.024921132251620293,35433.252768069506
2024-06-18,10,2608089.3348141015,6241308.156176262,2027973.6721797776,4873441.9956722455,474682.4144580851,1191941.2864877703,641260.7784234027,3961,0.31935256719589233,0.04133492708206177,26831.70743241906
2024-06-19,10,2484507.978223026,13305420.828803822,1994872.258418568,10697338.054775871,479624.95201720635,2271470.1673547085,1056884.0464271111,3283,0.29112187027931213,0.041003722697496414,26184.09964823723
2024-06-20,10,1493169.7039942145,12488946.0094233,1138861.400230728,10527281.463396853,238388.48793095947,2030132.1395823013,887467.5970923656,3836,0.32847338914871216,0.04414844885468483,15911.68599292636
2024-06-21,10,6376024.283789486,18462679.82881823,5721164.023383874,15711256.574727876,1016736.8258880877,3051799.994666216,1393952.3017931625,2677,0.21612802147865295,0.044365253299474716,33201.339265435934
2024-06-22,10,5495364.17129907,15035653.636228442,4217118.256937029,12279102.99991005,1008478.2522746427,2625311.9725333303,1144557.6411240692,4367,0.061851900070905685,0.006456590257585049,33872.950942099094
2024-06-23,10,7576250.595954388,18782374.609606594,5351231.158984244,15276536.158059793,1352426.1929500764,3347315.2839107034,1570234.3244101913,3531,0.0455004945397377,0.0012552603147923946,44995.313976854086
2024-06-24,10,3032312.104697287,10975490.062212676,2248692.3808573205,9217645.245422274,599719.54994206,2066928.6780407927,1028109.311243621,2676,0.05984324589371681,0.002806707052513957,45624.68873682618
2024-06-25,10,8681977.643923253,19262739.80066076,6711474.004866546,15744756.22233997,1546307.4588437001,3421194.776134176,1676694.99160008,2651,0.05528046563267708,0.0047051566652953625,38611.22942072153
2024-06-26,10,3826626.7882140875,14402190.430337936,2810821.1425443618,11066731.383217221,723956.2332177379,2613522.3049382092,1275083.222076646,2247,0.05594027042388916,0.006172048859298229,41967.66386786103
2024-06-27,10,10489856.062198862,24780362.887721375,9077802.474199925,20096994.969724875,1792995.4496384296,4122802.2600492286,1933215.4658633692,2407,0.09780841320753098,0.01380178052932024,33826.06182894111
2024-06-28,10,9873624.549641103,23966656.097582296,9106216.012615249,19365830.961118467,1704188.0258081043,3981824.769459347,1876486.531675956,2570,0.18741029500961304,0.02211766503751278,35511.0564545095
2024-06-29,10,10804189.860986412,24319697.588951543,9484997.12786407,19554844.920335066,1861049.27790756,4054100.850766051,1917976.3586490164,2654,0.23943068087100983,0.0218494925647974,31148.895804584026
2024-06-30,10,2150226.9966816455,10403279.552745745,1671902.8468916034,8817865.41027926,393503.68345703895,1730629.2036810978,774516.6972007093,2929,0.022458989173173904,0.00047848655958659947,32713.945205658674
2025-02-01,11,3672697.887448117,12840958.687853873,3163695.9305747338,10467169.933345746,743076.7901422128,2456222.741203323,1197354.7990155313,3698,0.22752805054187775,0.007940758019685745,30576.190399706364
2025-02-01,14,4234194.084121391,14505676.874736696,3127293.9487339566,11903983.95719224,804353.4759245807,2732114.3077667765,1329242.3648515579,4058,0.20293869078159332,0.008535681292414665,45926.254159241915
2025-02-02,11,7839620.679903522,21914883.601762116,6016526.806994056,17149756.049875572,1317895.838478954,3669972.0630694004,1744689.9839805127,3842,0.20902399718761444,0.006005475763231516,59917.45009750128
2025-02-02,14,3232158.0066993237,14653615.711780824,2544138.6434121723,11754877.492491564,576984.939574508,2499348.20830687,1184932.9336801674,3533,0.27961355447769165,0.013597054407000542,46489.72860983014
2025-02-03,11,1406303.6865339503,9457837.642851695,1208502.2251876905,7720589.418493263,299840.103781078,1789522.798306359,913118.3924084395,3046,0.21241481602191925,0.007492194417864084,26899.448443591595
2025-02-03,14,2109349.560681708,11925697.279376715,1664143.3539468371,9968951.72701627,417823.3624776731,2260995.616337509,1114718.4945898957,3493,0.23512816429138184,0.008108752779662609,31265.270534574986
2025-02-04,11,1888957.435245879,12896368.448167413,1466807.6203953745,10366838.504704587,368892.8019750533,2379429.3721290594,1148531.8846117218,3032,0.1817599982023239,0.005962837487459183,31447.562400341034
2025-02-04,14,2602868.1010188684,10941226.701729119,2096566.5345589695,8735212.964328669,506876.132037726,2125793.6458406746,1040966.0923220983,3586,0.24225766956806183,0.00818724650889635,27914.885862141848
2025-02-05,11,2309475.7433741987,10530483.12942291,1739714.2249592117,7898551.378544615,436243.93148552283,1878655.475828655,847756.7227623449,3310,0.24928249418735504,0.012108874507248402,35121.37898796797
2025-02-05,14,2653890.893763609,12504096.165743746,1947854.7718836302,9979470.352556223,508506.533427854,2362543.382300951,1115943.0326855483,3638,0.2758091390132904,0.01343538984656334,32703.658539295197
2025-02-06,11,4313937.03103257,18978427.032221228,3216830.6809037635,14584138.852772996,848285.1337860217,3359751.3230989324,1650783.681648076,3341,0.29586896300315857,0.018837345764040947,35562.44361412525
2025-02-06,14,3926785.124390915,15078187.455703288,3076155.8121403293,12569287.566780977,767721.9736268886,2857761.840683337,1386903.44760061,4406,0.3483739495277405,0.02464740164577961,30872.835659354925
2025-02-07,11,2907510.1040184647,7915926.788643211,2214928.0280010477,6256893.505815472,531218.5904556283,1596727.2765874597,821048.410644348,4378,0.3408958613872528,0.021401241421699524,26869.715902626514
2025-02-07,14,3325173.0637293085,7487293.523988403,2738442.1056237044,5875952.873258466,663697.1850042394,1506650.2487924718,784282.9879038673,4921,0.3654188811779022,0.021623414009809494,28408.887297332287
2025-02-08,11,3072857.6110036,8705443.274609528,2542969.108947773,6725731.132907636,628870.4841804012,1759275.1985482492,891109.2831366906,4491,0.29656916856765747,0.013834824785590172,28454.93348789215
2025-02-08,14,3624407.1228367835,7988657.281411655,2895568.1575937336,6308481.77408688,711381.3430465457,1605587.2656752875,833447.8416729623,5193,0.33943986892700195,0.017168326303362846,25039.932816118002
2025-02-09,11,2609927.285982482,12890270.342687525,2065137.5044091584,9906323.723163622,541511.2640207139,2424439.376248315,1203398.1451386884,4180,0.287241667509079,0.01748327538371086,31181.43945029378
2025-02-09,14,3500972.8477095515,10421593.137733236,2826366.829849931,8363683.490924625,705385.3478312023,2042413.6120487223,1041503.8883978946,4949,0.3655243217945099,0.024305861443281174,21559.00898423791
2025-02-10,11,1821739.270442009,6268471.986559264,1350183.049789836,4872000.315717265,354430.41983608785,1251814.7027679202,622269.4045131708,4961,0.3614979088306427,0.02622588910162449,20422.41606733203
2025-02-10,14,2365544.656133935,6841924.500780866,1892416.7467315118,5400993.433548007,480149.1681141095,1390833.0462033693,718202.2446291503,5305,0.36875006556510925,0.02925102785229683,16733.23538210988
2025-02-11,11,2175744.4381381124,6717487.044661649,1686074.5071486842,5266444.040938949,461454.11776149715,1338093.1589375122,679559.2598363521,4956,0.37385642528533936,0.024578122422099113,21571.5318133533
2025-02-11,14,1685230.9859220982,5874763.814018175,1307608.5772050966,4598225.047029624,347365.1540053026,1206372.2652096893,607830.5987002314,5708,0.38933560252189636,0.05078918859362602,22093.899379640818
2025-02-12,11,1184947.650910616,5025774.755715355,910508.1393675345,3871585.7730409233,237952.0027362534,1002611.0872797034,488233.543102464,4210,0.324454128742218,0.013358736410737038,27078.88402828574
2025-02-12,14,881027.3810659647,5793993.6368731335,762617.0476311881,4541381.198194157,192970.1176418771,1158385.9340187318,585479.9299074992,3899,0.3264829218387604,0.015322203747928143,26053.700017869473
2025-02-13,11,376829.8284510523,9946328.109725825,311759.2170847452,7666884.928721214,91640.248774017,1795222.8344430635,855227.9146872123,3501,0.3568473756313324,0.013423699885606766,20667.50498521328
2025-02-13,14,437364.0851627588,7281269.807699792,361118.8185246522,5951062.7693310445,106351.6221361226,1398619.374944657,662527.4820673214,3634,0.37658894062042236,0.022388052195310593,27988.6303434968
2025-02-14,11,415952.53209392726,5753519.441394053,345427.5853615857,4591553.481763206,99956.51701033785,1143596.1228468083,582002.0833367789,4200,0.40279895067214966,0.027852129191160202,20163.192944943905
2025-02-14,14,920033.5674336255,3531065.3441960216,727705.078172677,2755896.1817765674,203876.43034022307,744351.427723068,396396.92193259904,5164,0.39949968457221985,0.05317234992980957,20729.946435272694
2025-02-15,11,404143.8027587235,4377872.511749603,334810.63847461675,3454811.343056468,98309.01851679747,881675.6658115453,436122.5633807053,4018,0.40236127376556396,0.026398111134767532,17483.94026955962
2025-02-15,14,904638.7531076521,2672150.9579281807,722878.3221900639,2084285.3308356265,208430.1833608611,566960.9738795283,300681.7738860465,4713,0.3894084095954895,0.04662902653217316,19789.242441684008
2025-02-16,11,490624.5484455973,4205936.431480527,398100.93587686,3316983.3070535455,117352.26906223345,847466.825110308,431708.4944128056,4089,0.3920447528362274,0.028371537104249,23900.41747099161
2025-02-16,14,953770.0277016759,3100972.635702476,756889.8058617163,2506666.2754912795,212385.34445655113,673222.3946410331,358557.79303149204,4920,0.40760210156440735,0.04902751371264458,24266.885305076838
2025-02-17,11,1936637.553308539,5935550.306278296,1564038.076092923,4745522.47553812,404247.131286751,1222521.519487855,651743.1681903512,4607,0.37734586000442505,0.02764144167304039,19223.42861559987
2025-02-17,14,2191346.548780158,5551426.960032783,1743856.4135987938,4408295.155133075,453460.42548423895,1142060.5125483428,607868.0669591979,4856,0.3858494460582733,0.036940380930900574,19072.41493999958
2025-02-18,11,2329138.889007464,6377533.719216056,1845757.3641501723,5087413.365017256,479702.04915785755,1313695.6385868941,698168.7625768639,5141,0.36042889952659607,0.04208668693900108,25858.381073206663
2025-02-18,14,2548080.1994383633,7014842.487694867,2173198.0194533337,5702348.362043431,516008.774096809,1405723.164086379,723852.2618205126,5604,0.38187429308891296,0.05140276253223419,22443.221304148436
2025-02-19,11,3094660.880309075,8870594.808319815,2416402.7586847027,6759025.370417853,620770.0598194776,1637415.0962414392,744351.0484693146,5119,0.37773215770721436,0.051190439611673355,26730.206421881914
2025-02-19,14,3579837.7091704607,7956559.650564633,2840994.2493306687,6340588.5504257865,747837.7321959237,1602059.3126515506,822242.1511393519,5412,0.3889662027359009,0.05950624495744705,19948.462611436844
2025-02-20,11,2730763.9231212437,8439340.509132802,2157003.7094669472,6569168.4211157765,528063.6434353306,1536035.9031169442,724240.8557446802,5357,0.3848273456096649,0.06685774028301239,32122.22546249628
2025-02-20,14,3740109.288185358,9145176.0357484,3111303.8392761177,7347730.830792056,753814.4075633211,1795202.7903555837,911413.5540361332,5871,0.3919493556022644,0.06912974268198013,17522.42317083478
2025-02-21,11,3515352.4829098284,13063942.403594464,2658088.70260635,9637664.714156974,670108.5797845193,2298992.0633393573,1084233.0506981746,5417,0.3811514377593994,0.06251893937587738,32304.479421019554
2025-02-21,14,3602009.4040730596,9965988.881401956,2949229.409305628,7955975.949265715,707067.0868196257,1946983.4080327991,960172.8383543841,6380,0.39397165179252625,0.07380692660808563,20180.516062110662
2025-02-22,11,3009016.9180758893,9107904.511324428,2359457.0106199193,7066716.485901168,595139.6066376588,1745479.8890831615,852366.837620144,5557,0.38799357414245605,0.05865368992090225,27419.587382644415
2025-02-22,14,3179783.3527278006,9148047.729247317,2677877.2229437213,7384502.965369208,608725.5520399895,1766158.7138540866,897878.8359390564,6408,0.39683130383491516,0.06948776543140411,18593.019167989492
2025-02-23,11,2785134.756095946,7468207.334375806,2242463.256400768,5893979.446211566,540144.443489261,1412993.31833949,674246.8354504255,5571,0.38670215010643005,0.058318041265010834,28160.08061209321
2025-02-23,14,3622362.2385782003,8706321.941069491,2914471.42680434,6971020.3819893,731502.9395223492,1733521.9896990017,892303.0123100495,5910,0.40180838108062744,0.060272905975580215,19168.182570815086
2025-02-24,11,3554056.7168144584,13122412.233680725,2770702.5271104006,9814695.036388388,603680.6405192902,2233024.991233975,1007298.8214438949,5758,0.37796199321746826,0.05688251927495003,37941.08493092656
2025-02-24,14,3137016.3117412925,8553311.219565801,2637158.398131132,6907751.555363963,646450.447142796,1711731.564950011,862311.7863794062,6351,0.39740604162216187,0.06883186101913452,21522.38306686282
2025-02-25,11,2572270.4844554663,6284285.553413309,2094478.4948684294,4970944.905855898,540911.5169604707,1265232.034783603,638862.4068832716,5570,0.41698968410491943,0.06816378235816956,23423.405706584454
2025-02-25,14,2511016.3898660243,7233132.741365679,2129129.0809236243,5858072.808118589,523890.67627886793,1471158.2654275913,753805.2694549294,6427,0.4174748659133911,0.08179321140050888,25637.843981474638
2025-02-26,11,2330993.785519749,6476700.1075437665,1868422.3344846773,5027563.825004892,437537.9308662588,1242628.8176317771,629590.2294122746,5209,0.41735726594924927,0.06504762172698975,17033.259405732155
2025-02-26,14,2408784.462443918,7273308.808648631,2041044.314001365,5917224.961882263,471765.5593059357,1413721.4089937136,719313.2464443978,6910,0.4261593222618103,0.10919452458620071,27543.356332331896
2025-02-27,11,1054191.4114546776,3791997.978404537,843923.6776414443,3056386.6245469684,207566.55383042572,729901.622562934,372346.4690934338,5283,0.42920809984207153,0.10421358793973923,35805.62834098935
2025-02-27,14,798743.1181033552,3048432.515690446,653430.7020526861,2561210.2180900993,166700.48055619246,629678.9402823711,318956.76075887936,7549,0.4321114122867584,0.13813535869121552,24269.12213268876
2025-02-28,11,647189.1677556932,2173194.7577200383,533029.9776219998,1763794.6657021823,142123.08889784827,473805.51796710835,253578.3404325477,4187,0.42245712876319885,0.08310214430093765,23651.387348622084
2025-02-28,14,979253.9582118094,3504119.131165743,801471.3593022145,2871557.244011567,200550.2145476061,721507.3198771073,388465.5629498478,5227,0.4315670132637024,0.10828432440757751,19510.12999418378
2025-03-01,11,371665.8103132844,2926783.3649669737,295319.0328945563,2346894.08956577,85333.8330500446,604865.3416530152,315072.07341687835,4068,0.4444171190261841,0.07127300649881363,19089.63160008192
2025-03-01,14,898247.7237104177,3763522.9361632764,770201.8737757043,2879635.531214593,169632.73758488914,716407.3621113366,340222.5587544418,5363,0.41906726360321045,0.08539184927940369,38879.4572057724
2025-03-02,11,684103.7200339735,6335073.206815079,656823.9460049097,5408209.474072922,131994.8826133036,1091620.464087138,443804.1885954022,3747,0.382686972618103,0.027250422164797783,41869.78064066172
2025-03-02,14,2299861.606884092,13845588.957690895,1836843.710120324,11259025.02625065,413025.4967239611,2453221.995610521,1077244.5112322161,6968,0.3938482999801636,0.051131121814250946,40546.7529682219
2025-03-03,11,4973322.608838081,13930060.33179257,4672133.60099996,11765961.174405992,920332.6278401507,2493702.5446203053,1136186.6000362926,4790,0.16585808992385864,0.008174639195203781,28311.824656546116
2025-03-03,14,7036310.892992236,18837142.40953561,5861432.902654286,15319648.75442346,1266254.9507047911,3231865.0268263402,1475971.7107594851,5328,0.2146567702293396,0.012979104183614254,28541.894522935152
2025-03-04,11,498550.602349408,1955357.0958362445,436846.9326682779,1677158.6137275645,122468.2262530108,421933.8880912996,226184.46639468276,3977,0.0486389584839344,0.002673473209142685,16882.970087647438
2025-03-04,14,448651.6476975456,3129770.7897210047,405130.51374671713,2569296.0891192565,89726.19451926516,603359.5000548661,272174.6768455328,3571,0.054466236382722855,0.002523756353184581,24132.48022571206
2025-03-05,11,1612587.537483409,9710874.226397514,1042221.6022230724,7490374.613304826,288933.0619556147,1658204.2363504854,705361.7035972681,4644,0.056401513516902924,0.005230103153735399,39103.82744368911
2025-03-05,14,647985.5777185261,4660743.938676648,494366.587295979,3438928.666404447,121122.84514556512,857943.2355153724,338440.68016230257,3696,0.10135719925165176,0.006388112902641296,33862.326455026865
2025-03-06,11,4729491.192263752,13614217.740633473,3335097.3621668005,10474985.995349916,793266.3960143839,2262545.129082719,983917.9957934138,4629,0.09888085722923279,0.010722176171839237,41306.86765152216
2025-03-06,14,2062186.103349626,14181871.112348765,1406423.803124312,11894963.96698429,372195.20852570306,2454670.1441343813,1095252.3424735195,5026,0.09411344677209854,0.012629888951778412,37904.906790047884
2025-03-07,11,8124939.211915985,20592215.029160343,6275195.124066216,16318278.318878744,1409257.763241581,3433024.2045167685,1567267.810663051,4656,0.140889972448349,0.015297272242605686,43400.44203326106
2025-03-07,14,2660353.2712348998,11056737.435765415,1832700.6141589647,8335767.947773801,509259.1086217499,1912002.0578937293,837261.6634653372,4709,0.2572256624698639,0.026798496022820473,41359.569067150354
2025-03-08,11,5422292.777442038,19004792.652340427,3619597.5832431884,14332134.921474714,887434.9447910725,3136278.1349531524,1416178.887749826,5613,0.32504257559776306,0.029890138655900955,49054.84420323372
2025-03-08,14,6378083.075760812,20399646.465702593,4799910.193457501,16259375.937407177,1121298.5841628443,3399321.0285233185,1509097.8395602216,5544,0.33177560567855835,0.02648603916168213,34528.711958259344
2025-03-09,11,3288558.251018554,12975208.090100914,2441589.3655183245,10775322.23139497,645217.0318793964,2418068.998036405,1179507.7098416751,4231,0.30510127544403076,0.04020750895142555,38566.79335150123
2025-03-09,14,2860276.564230442,15986181.233604968,2344513.5943731125,12335181.798830636,441871.5974165328,2630437.061345114,1145762.4280479718,6121,0.37353628873825073,0.0665026530623436,39305.18896213174
2025-03-10,11,4951649.659062624,15010683.154622987,3836610.9014712777,11440660.359091729,828086.2038350741,2552554.8831168134,1238912.1078251875,4964,0.3345719277858734,0.05462822690606117,32056.513817727566
2025-03-10,14,2236362.2626600266,9168296.888791233,1838654.2279173767,7364716.809710846,418685.1461253636,1649045.9532883856,767611.7501428532,7458,0.3678153455257416,0.0709790289402008,37141.46874949336
2025-03-11,11,2344762.849440858,9669962.13679044,1853311.6176294656,7532523.191558404,449131.2006133328,1730147.5522258775,884386.0889771348,4910,0.38151445984840393,0.07218776643276215,27724.87435054779
2025-03-11,14,1586607.3112757504,5613125.787608892,1402485.4985351493,4625202.154034505,321009.4429138481,1114142.7092844057,551276.8775981634,7849,0.3883994519710541,0.09437490254640579,26687.069721788168
2025-03-12,11,1508203.40487051,4075013.3894531727,1230897.9830725493,3175884.1222756132,306009.10666707717,840245.849598269,420209.9701882483,5298,0.3825000822544098,0.08213870972394943,26016.246783703566
2025-03-12,14,1393221.0283085108,5202046.3167925775,1180973.6448987827,4283630.530079491,288805.2896965813,1013496.6098482565,499178.3429626235,7133,0.39131635427474976,0.07085011899471283,16467.870715886354
2025-03-13,11,1055172.987338066,3379861.72255601,864184.4209464272,2797655.6303569935,226794.96384338112,707001.626688975,361417.3568397901,5480,0.39277055859565735,0.08179326355457306,18476.495586961508
2025-03-13,14,1753030.3455060422,5700182.94783695,1440417.983521365,4602585.190822812,348037.9899603385,1069035.9962740242,515875.9347285585,6754,0.39987272024154663,0.09758798778057098,35898.96882098913
2025-03-14,11,1004172.4847056568,3338439.7514471263,864247.2472834783,2806893.6286603715,206590.5823279735,680999.6392442655,349755.81192396523,6856,0.417523056268692,0.1424875110387802,21449.84093979001
2025-03-14,14,1106433.3227502108,4413794.196738988,930087.566168437,3662037.897060868,230394.26122344506,894157.5575097009,456975.9876543133,8244,0.4111764430999756,0.11268483102321625,25586.890196293592
2025-03-15,11,1310927.825277388,4483913.988591939,1130893.0918284226,3450828.691938772,242528.03804195204,819826.3680458353,331598.641824546,7129,0.3719359338283539,0.05023971572518349,40036.758386969566
2025-03-15,14,1551357.7271609604,7131293.300247252,1485325.0603415645,6134007.478443904,291399.5235084704,1313524.7032318388,606964.6964887681,6186,0.36515846848487854,0.06085122376680374,33806.67188677192
2025-03-16,11,579821.8088962734,4222707.3628975,472276.13007061614,3323373.968127511,116898.95469046466,760091.3363931014,425527.99555381585,3973,0.28903692960739136,0.035358916968107224,27074.642610162497
2025-03-16,14,3945493.251412809,18025033.360564686,3213020.452660502,14662517.545731686,696845.6638104703,3050385.5491414727,1432265.490186268,4359,0.32935431599617004,0.034068986773490906,32190.319532871246
2025-03-17,11,1026224.9759659767,10214455.26624927,847612.523385011,7421376.910304713,175168.4812550488,1707572.2769386065,680875.5531022206,5392,0.32511472702026367,0.0375676266849041,38723.087231606245
2025-03-17,14,3953069.672955036,16393763.296001256,3600193.198471952,13398649.10326057,717358.9811312836,2769065.683230197,1269180.055536163,5994,0.32735931873321533,0.04515628516674042,39644.15279465914
2025-03-18,11,907428.411023818,7966994.093858011,802870.7902484402,6685613.311622589,170006.02191297768,1451983.7048444478,687230.3923115684,4054,0.27461332082748413,0.028237221762537956,26111.408146232367
2025-03-18,14,1136205.8971547484,9454562.473810107,867488.1820215028,7263950.972747536,184812.40452236,1619144.6837462366,775806.5927861915,4094,0.2840120494365692,0.02669672667980194,38424.68342408538
2025-03-19,11,2513688.446495667,12210323.297451496,1762689.854223245,8904101.762968615,339510.220040468,1948291.2729839743,884421.980710433,4275,0.3218904137611389,0.04074045643210411,43030.02081725001
2025-03-19,14,1321042.2223193944,5384400.700982824,1076143.895447813,4204100.921833562,261587.82370180485,943691.3640694824,451139.74648965715,4513,0.31126582622528076,0.03660906106233597,29011.455078095198
2025-03-20,11,569200.1889212504,3137891.9371726587,496942.0403430201,2480949.1949871816,115333.03891085157,594205.8707006469,318834.7801199752,4404,0.3746557831764221,0.049658436328172684,16922.62867373228
2025-03-20,14,543650.28505072,2562223.1657646894,441582.710476815,2089217.213148761,113360.33540378373,512873.72971567267,268094.57447651145,5435,0.3837263286113739,0.06288626790046692,27751.617090135813
2025-03-21,11,717074.7863890678,2720535.553472206,579104.5294093096,2181824.954716186,135719.95927406976,538173.436251425,270511.3863364705,5126,0.4004013240337372,0.0744132548570633,20169.46181061864
2025-03-21,14,554252.7089839578,2406458.0144245923,460798.28307525,1994780.7798393327,119358.3389934947,514371.67871758074,261954.72312676487,7202,0.4221324324607849,0.10868225246667862,24156.551430404186
2025-03-22,11,608735.3033906817,3136537.6993979067,497069.90975986386,2447551.4539427888,123054.63864134149,619685.6703331727,309893.7980035256,6521,0.43080008029937744,0.11842271685600281,17325.4188747406
2025-03-22,14,640913.8771961033,2799567.6039191484,526347.1996369045,2298032.8023703275,128629.09187890429,569635.9960846631,296978.14198630874,7419,0.430083304643631,0.11589397490024567,23292.144230633974
2025-03-23,11,782777.8292423934,2937249.604032725,628527.1549214952,2388295.249477329,157750.22864243804,581951.8007428923,295821.1505652055,6104,0.44490543007850647,0.16452598571777344,20749.451081484556
2025-03-23,14,876867.6878753603,3331118.434972167,797344.5073548981,2788812.699101871,177640.63079322694,666915.6548591563,317340.19559259736,7692,0.44618916511535645,0.15595388412475586,25824.661915421486
2025-03-24,11,609754.6941048503,2098682.5657982826,475656.3231618821,1678436.8767104747,130676.88617333487,461195.7400028409,258094.37785699795,4802,0.4444267749786377,0.12685374915599823,29296.72551304102
2025-03-24,14,540984.3004157841,2230086.1346809864,442653.96854443627,1864897.7776677054,119376.47245039778,474560.61191024433,248309.05563738963,6263,0.4384538531303406,0.1363014578819275,28214.527083545923
2025-03-25,11,507212.5946473479,1257095.7638136446,393555.42945329944,1022045.5916366959,110181.12428614825,292289.2441972782,159599.23315124438,4166,0.4415266811847687,0.1673494279384613,13586.33226504922
2025-03-25,14,822812.2883474529,2896589.200036794,692409.322430677,2494204.814615206,171207.94983448408,594177.1999395886,305635.89881586743,7323,0.4480331838130951,0.1899285465478897,28045.79938966036
2025-03-26,11,834182.8340148926,2628777.8963210285,701275.7908461697,2130630.0694936845,170987.08080209812,538936.3156840415,287003.90462760616,5153,0.4312838613986969,0.15696358680725098,27965.65956863761
2025-03-26,14,999762.5432930738,3594523.3163416833,830337.4403823069,3028153.87807468,203939.90236047754,709920.2736131945,337101.9823273677,7519,0.43565163016319275,0.14962655305862427,33794.027605861425
2025-03-27,11,1125272.4515886009,2315022.719518423,882790.5436164925,1728309.5766621814,234767.59617693094,490836.83441220137,241612.33987360887,3779,0.4094060957431793,0.04101167619228363,26850.762725621462
2025-03-27,14,600889.4051521719,2479011.8628658354,467265.5301866851,1851287.802604261,124390.59449599327,498775.44324187527,243725.28727369892,3682,0.4173715114593506,0.058323610574007034,25018.640824586153
2025-03-28,11,1357732.1659560502,5950379.070777833,1117187.2707223454,4746087.692416052,271636.59721470793,1010067.2771680998,437242.1363324833,3627,0.27417150139808655,0.0324934646487236,33639.43669292331
2025-03-28,14,3671887.1099714786,15238947.99573049,2789650.147086483,12831875.26654264,698597.0805375581,2671830.296677812,1179369.133352432,5538,0.3711637854576111,0.048538513481616974,37440.272685319185
2025-03-29,11,528351.5760760605,2233201.783190176,453793.2084634843,1784001.204607386,124790.16469363628,489241.23906066536,256350.47655943193,4833,0.39404892921447754,0.07407663017511368,17603.36625045538
2025-03-29,14,924574.8261022866,3294904.2924167067,812517.9549850234,2661264.6672584894,175681.82435974013,669993.3808080044,333356.6906006934,4236,0.37430158257484436,0.03520464152097702,26539.513516575098
2025-03-30,11,795296.4563450962,6974629.973436698,637154.6686654025,4939175.191631742,154604.6867914066,1212846.7210458487,490007.685328143,5753,0.37895816564559937,0.07411736249923706,37787.96638023853
2025-03-30,14,397816.14473232627,2689042.594221428,333447.696651739,2142571.509240766,86507.93056366358,551978.050177454,274658.96824973845,4788,0.3868955671787262,0.054663997143507004,26392.338849186897
2025-03-31,11,548471.6952065527,2934154.705041297,435853.3813894822,2268693.356003614,114720.36947682362,564241.3093040239,282639.9540315352,5393,0.4032820463180542,0.09319650381803513,27207.369022130966
2025-03-31,14,413210.36559566855,2149835.3075439036,403159.30591643206,1764602.6652485048,88327.09037942672,446772.88371892273,209965.1175500669,7852,0.38891929388046265,0.09707830101251602,30777.077624887228
2025-04-01,11,521826.4806637764,2703831.404466152,427934.6616835514,2089039.6176197003,108024.2936769767,542880.649549659,276935.6009264705,5966,0.4175229072570801,0.13728372752666473,25701.96601885557
2025-04-01,14,518867.42906299233,3547188.4901554137,493223.7488025807,2919335.9957850277,110937.34143353772,721309.3223090229,356793.2463581471,8034,0.4260319769382477,0.12071971595287323,24494.321509331465
2025-04-02,11,259610.25720386207,1642941.8723872155,217771.97074418783,1406669.7221339133,60333.589312806886,362734.4627490983,175517.57380830235,7145,0.4299933612346649,0.16813278198242188,23619.60149139166
2025-04-02,14,230114.8576067388,1261038.5357010365,182519.49246361,1111915.2348092766,53828.883275806234,284769.4776973667,140917.08839260344,7302,0.41573774814605713,0.12288647145032883,20792.731780320406
2025-04-03,11,325576.01055046916,2242234.7917355,278811.12481256406,1686107.7676289845,81486.44605691472,489118.4858954304,289512.8665131438,4621,0.39776739478111267,0.0866522565484047,32595.1914716959
2025-04-03,14,343359.3698490858,1475620.0454734713,350613.80497422226,1284623.2207758157,71577.02154847511,312978.48910356255,140947.5346971176,6601,0.4142115116119385,0.10745429247617722,24880.931094765663
2025-04-04,11,848183.4417995885,3673756.379192479,661151.2278937132,2720161.603421042,185829.20887709825,753865.7806256565,435640.7955639484,4860,0.3838520348072052,0.09781842678785324,35926.12222099304
2025-04-04,14,1191218.0671322644,3938036.4599872828,1060499.8481612885,3317907.7883414016,237569.54081873508,779702.4192131402,363236.83156325924,7002,0.3749183118343353,0.07839605212211609,38831.208211153746
2025-04-05,11,475828.74740576744,1193811.8266290426,410330.2520802051,986917.6816403442,121475.11923001043,299032.08300982893,170064.18744694567,3723,0.39533042907714844,0.05672314018011093,17396.704476833344
2025-04-05,14,709636.817059055,2450536.299018815,619183.0881144924,2002461.4344260152,167988.53424600733,507766.8495059692,267377.86161918205,3358,0.321126788854599,0.01886429265141487,16042.207256615162
2025-04-06,11,729743.5882208645,2793164.2853715643,570743.839023571,2167605.5632966612,146794.5093282509,583554.8810911896,294271.5815510091,4747,0.35651081800460815,0.037347953766584396,21355.474917531013
2025-04-06,14,2295154.2980653197,6036812.343865633,1854750.6827541697,4803055.572407144,392341.101417204,1109232.5550210306,565790.3223400501,4109,0.35329002141952515,0.05298124626278877,31580.774283379316
2025-04-07,11,1289518.064073965,4295563.740459852,1060176.7147134987,3350602.308365521,260259.26529085956,855959.3593204145,433763.0646302635,5274,0.3957289159297943,0.09084533900022507,21749.1195320189
2025-04-07,14,1009521.4186164737,3947214.9115558416,821251.8935251175,3140093.7172328564,213169.75612795033,820335.354172542,429991.51951512054,5575,0.37490251660346985,0.06097793951630592,21849.19257169962
2025-04-08,11,1227204.0165267587,4179603.148866348,988641.7502055386,3418364.401387244,236435.71584108024,802961.713686327,427352.8290233095,5695,0.40633267164230347,0.0547441728413105,20664.990860313177
2025-04-08,14,832807.8629375994,3674225.145246014,673416.3152081346,2965810.8172548427,167050.6164869446,753971.6427861138,398541.4937681522,6182,0.41137149930000305,0.0851440280675888,17784.177213072777
2025-04-09,11,639899.7444324195,1849232.7263826728,514554.4180875294,1486110.385028312,136841.91406934272,414736.08019665687,224390.59023676591,4920,0.4246377646923065,0.13143351674079895,18322.22404384613
2025-04-09,14,1212837.7267354727,3753958.61384815,966378.5707349286,2930812.9951194646,243040.22713130846,765427.5235985988,384046.231773186,5132,0.4005427956581116,0.07885341346263885,26976.083105266094
2025-04-10,11,945962.7558913529,3230121.3821599483,750835.3396323728,2491853.8398400107,198676.81648175523,670337.1392980216,338344.2605193069,4743,0.4214000701904297,0.10879303514957428,29090.937176316977
2025-04-10,14,634371.0978747904,2009449.5295287967,533326.909078215,1717015.0486685976,134098.85725619918,436379.59699362714,230261.86775457874,4862,0.4235970675945282,0.09279007464647293,28463.48776036501
2025-04-11,11,1069484.8686853945,2626848.4341474473,949566.0237167453,2216518.2291178964,215015.2304315403,540868.9765848259,281529.0580534514,4736,0.43044179677963257,0.15575963258743286,28037.537646830082
2025-04-11,14,878000.9793150425,2991956.3544625044,799097.5592350747,2566144.0472174734,186724.15470426483,623772.5032603034,313602.4959712129,6248,0.4192209243774414,0.1247500479221344,24601.51613175869
2025-04-12,11,1147937.006878227,3656382.146908164,956560.2456247455,2970047.348332352,226302.58277757975,710947.3118554684,375545.83418196125,5945,0.42294391989707947,0.13437937200069427,41722.211160719395
2025-04-12,14,1169242.1267885268,3794383.7683463395,994656.2342190393,3181785.5232675825,243271.74443054246,753102.7774710198,358642.6765318329,6934,0.39839673042297363,0.07276751101016998,34324.51740926504
2025-04-13,11,2042204.2178905606,7624747.844257891,1605212.201909124,6130906.28555461,377022.313186967,1334669.5261659683,563304.6296511458,3880,0.34727177023887634,0.037506408989429474,28846.79854592681
2025-04-13,14,1736479.3471677303,4415816.090133414,1380815.2137859855,3365672.180327993,314399.65288940695,804263.5570221394,441636.94444786554,3192,0.30536141991615295,0.023608412593603134,23332.25089240074
2025-04-14,11,351560.39971042424,1930976.340797387,298365.93209094874,1623909.4095551106,82528.65001905223,394680.99286491866,214455.85009977387,3274,0.21127071976661682,0.015155982226133347,15798.088779628277
2025-04-14,14,605248.6003101319,2829582.9548738375,460471.3699716921,2208619.2270286474,112389.82608958814,587407.9073886772,306095.60477438674,3316,0.2585289478302002,0.011923720128834248,23996.752518564463
2025-04-15,11,744733.9947675914,5994294.339908078,642341.2878989046,4811760.298330642,152391.358683676,1139591.6566968372,600036.714993732,3719,0.3191376030445099,0.01588776521384716,33371.01470682025
2025-04-15,14,725157.7068731785,3960878.704387881,587405.1949878068,3049695.927689572,140103.18414542405,746714.0828621879,349218.40610386163,3752,0.24853655695915222,0.022854110226035118,21948.982294857502
2025-04-16,11,405122.8705159724,2420780.1411800757,331123.2197504601,1928486.8226129725,92320.83729761487,532900.6068196988,277266.1403750202,3848,0.34646037220954895,0.03763304650783539,18603.583117574453
2025-04-16,14,465780.8007913232,1524834.9873204678,386216.15196550195,1298725.7134481058,104592.14756492907,347275.96226004045,197698.51638129845,3662,0.3213237524032593,0.03677111119031906,15055.774778604507
2025-04-17,11,538754.2717800438,3228034.2982213646,451692.05245269573,2547685.361307486,127667.95428678801,638963.8222459673,367876.7757687181,3982,0.3451627492904663,0.042896490544080734,18755.803325861692
2025-04-17,14,505264.3775743693,2368526.646361023,458715.1328651771,1903190.8839699626,114993.21437898697,471905.3006093777,266082.20897896704,3457,0.3756258189678192,0.03992779552936554,24932.239387601614
2025-04-18,11,633645.498139739,2141345.5602922738,532250.1930387991,1716615.8591548274,150531.25917148223,504145.28049023147,264872.8074382645,4282,0.40562257170677185,0.05498216673731804,18422.89732813835
2025-04-18,14,568188.7461389005,1693012.423842743,470765.3075074373,1438467.3206756138,133756.81397589092,373085.96962586424,200668.9358632393,3913,0.41154745221138,0.05933323875069618,24572.080389916897
2025-04-19,11,1173156.7209082544,3693639.0540108234,986387.2167176374,2952848.082786737,250162.0783992578,754786.7032005624,424794.7944365083,4773,0.39402881264686584,0.06690379977226257,21308.86103734374
2025-04-19,14,1502655.7179249376,3920664.5279883593,1246012.729450169,3273306.6148487045,294304.8068370242,765164.8084776732,404034.37082470115,5323,0.38619741797447205,0.06177648529410362,29362.753331929445
2025-04-20,11,187240.20600026846,5677763.295380965,156128.28643977933,4285409.346213504,44056.2064637083,1036405.3347970233,410301.4246838336,4663,0.29989391565322876,0.016820671036839485,27168.9580026865
2025-04-20,14,105908.47795376182,717780.9302395284,92700.6855667932,618137.1204475984,25001.06248946974,158367.5900756657,56333.7006631691,3782,0.31472378969192505,0.03176314756274223,13301.151662379503
2025-04-21,11,323433.4257363081,1147015.2149275541,285598.4245462971,1010925.5491007508,72258.08520243946,257087.11801788592,120103.57583044609,3682,0.33922049403190613,0.048770006746053696,11870.26704904437
2025-04-21,14,719278.8285805136,4049053.238863483,606081.170680643,3386368.0702680843,155949.87110318628,795525.2940295665,386424.54267883295,5059,0.31090909242630005,0.036553435027599335,30504.189648717642
2025-04-22,11,2160763.606024176,10939477.626742274,1922801.3922736854,9180839.716060583,380947.0890442574,1900672.4583100898,874990.5587174108,4285,0.06382352858781815,0.0052632903680205345,37264.967194736004
2025-04-22,14,1700848.7150687277,4459984.0269807875,1382102.6044844345,3626052.7259545457,346188.00873696175,895771.7657912121,427972.677676786,3292,0.04936140403151512,0.006414931267499924,27762.644187241793
2025-04-23,11,301689.9048551917,6294672.859412909,239647.2430928676,4802414.708241521,70902.9402442019,966627.7674173394,378074.0130328343,3743,0.07002369314432144,0.009147722274065018,30103.256896466017
2025-04-23,14,1086059.558999002,3095447.457182288,847058.9737921249,2354222.273578492,231674.89346663683,607800.7237106177,274751.75721120136,2994,0.12973138689994812,0.010151566006243229,26805.42361021042
2025-04-24,11,1673339.727917254,3958692.0727830827,1254788.0807819185,2975440.836978679,343650.4439308098,758977.5139335799,359244.3436677706,3690,0.12444434314966202,0.02458025887608528,23200.073861777782
2025-04-24,14,1782747.6783020794,4698803.658835202,1419134.26619038,3690227.078992973,353161.1414132194,876559.6027709492,443195.82274657744,3276,0.245042085647583,0.019547145813703537,24408.530566364527
2025-04-25,11,2529492.1464129984,9446319.727962911,1940213.419610673,6902122.970585737,335618.71999709925,1436648.3640825367,597728.0678341254,3919,0.2639411687850952,0.03131968900561333,37696.99044802785
2025-04-25,14,2160532.278894976,6515350.413849033,1651810.904633935,4978053.18938571,368711.7614095333,1067604.5587727602,498909.15459283814,2625,0.21535703539848328,0.02151755802333355,22963.650309622288
2025-04-26,11,860139.8837043047,3130389.2697291374,652556.1501259669,2480598.8612630614,189306.96400967578,662985.5843928258,319086.41425098473,3885,0.40305131673812866,0.06666480749845505,24642.839253753424
2025-04-26,14,1874310.163257867,4763413.091829449,1494306.7425652016,3772971.1326817535,381346.9330489622,915404.6364397211,462758.15825367474,3609,0.37376904487609863,0.042599283158779144,26960.257052361965
2025-04-27,11,1249679.921812296,3504300.759194985,1030594.4789129065,2893937.8714571493,253250.72805856334,713128.7838590787,382510.32311673334,5652,0.4262373149394989,0.14506909251213074,31041.633302748203
2025-04-27,14,1162461.2060167044,4263048.505346969,952295.1912258009,3491064.7045835196,241597.64291620784,883596.0362807708,461231.001236127,5451,0.4224538207054138,0.10944490879774094,33679.51666748524
2025-04-28,11,1040037.3198798597,2449715.606055349,877272.4011596171,1960432.2644667728,226600.34453867687,529711.3875056518,274439.68448327354,4823,0.4337858557701111,0.14305749535560608,27548.04662311077
2025-04-28,14,1182805.4020684361,3405117.745610997,1000897.0592624613,2734626.11611123,241866.5152556962,672265.3906873995,342257.3772043866,5398,0.43110817670822144,0.12530049681663513,32891.12006339431
2025-04-29,11,1116329.736142218,2525142.1464756876,961981.8326502205,2072420.0241234445,239176.21726651373,550321.6990088143,287123.75574253727,4427,0.4361068606376648,0.16625799238681793,30965.166119635105
2025-04-29,14,1060710.059511751,3645837.3740754128,907584.661499043,2938305.281367682,221482.15891850204,737408.6953669502,371045.61044976243,5094,0.42941367626190186,0.12165123224258423,29164.195163071156
2025-04-30,11,1139103.4496513605,3111767.443923801,965585.3515258492,2538729.485421009,231843.1020450449,644329.2156128795,322672.30557181686,5222,0.4335096776485443,0.1717498004436493,33533.454636693
2025-04-30,14,1397831.7462955713,5092390.234613597,1154456.2227694637,4154022.173274625,280977.72136140603,1007798.7170982966,495222.4938265791,6085,0.43311724066734314,0.13477368652820587,41885.65718522668
2025-05-01,11,1006778.9035920799,3528009.1992602944,859108.5537310173,2916242.6227394366,217707.67723054893,711659.0802874845,381524.0265539394,4693,0.42281076312065125,0.07713855803012848,27728.360325068235
2025-05-01,14,755703.4341644794,2815850.0803278238,651448.3688926857,2202794.4975888277,161589.31124559266,580016.5751028305,291017.75569288724,2841,0.3996500074863434,0.028107278048992157,24741.92093771696
2025-05-02,11,1778814.1194528937,10197965.761393577,1245793.195630477,8027060.457248524,341050.60289649566,1806064.2346050795,789801.7408173103,3211,0.3269326984882355,0.02999992109835148,54029.04632520676
2025-05-02,14,1895128.3829550445,6400214.437180802,1534335.8335579769,5443835.506835695,365026.4476379413,1194623.7867483613,577423.2131617746,2811,0.3318326771259308,0.037084221839904785,41190.29647055268
2025-05-03,11,699941.1534210742,4843310.704241045,550503.5096255345,3810081.819432207,119322.34397334431,918935.1295710402,464001.52490634634,2123,0.29753977060317993,0.006599467247724533,26705.617607444525
2025-05-03,14,2949725.6770839393,15238287.745529383,2303302.9329943606,12366491.883433132,562573.3820843098,2584537.037500249,1223806.415569156,2952,0.21593783795833588,0.006595721933990717,42952.8890568614
2025-05-04,11,826087.6113628894,4205230.320314407,572257.7783336182,3139973.3068793355,177181.81146927687,797388.3002029427,397539.27197173075,2231,0.3366784155368805,0.023044055327773094,37097.96105211973
2025-05-04,14,1528333.0846051574,10135918.03482543,1099804.4672692188,8568295.498450134,300132.7609255515,1844849.7178302074,842350.2168738976,4020,0.3384954035282135,0.022325675934553146,41710.12073376775
2025-05-05,11,381880.5875874758,2823434.353015125,317880.3195876627,2269680.6563606104,92214.38706245452,545241.635410051,299091.4611284166,2762,0.3799028694629669,0.02549976110458374,19459.316200762987
2025-05-05,14,353700.8646262586,2840966.001423165,291969.8985922778,2420860.796575219,86213.9094804583,572234.8898273893,305803.5520163567,2660,0.2669924795627594,0.00672006094828248,23363.150369644165
2025-05-06,11,1727406.1426060796,8848833.76984033,1268697.3056009174,7242741.93941335,345479.28628513945,1618360.4362248788,732387.2622701835,3888,0.3388882279396057,0.024358496069908142,43203.72301736474
2025-05-06,14,478835.527820915,11623907.489303954,358696.5768484865,9430744.313392982,103041.40823675001,2072509.251755978,958084.7195287746,3206,0.2641887366771698,0.010703042149543762,41159.480663597584
2025-05-07,11,3171355.7016391605,11739561.76465924,2367232.3080152366,9696621.720005635,595206.6361725398,2034172.6767261433,920681.4117129988,3003,0.31287139654159546,0.03198988735675812,41018.94197165966
2025-05-07,14,2951076.563489035,10072891.264904588,2516186.7873266363,8464882.253746208,581385.2859992092,1871352.2532010605,924518.6863429565,3385,0.30046355724334717,0.026491599157452583,28055.56886342168
2025-05-08,11,1067668.6147931814,7158642.538212061,922091.8008796633,5394250.689180475,188718.2842902655,1161917.9571590596,551642.3412579751,3451,0.358384907245636,0.06781937181949615,33779.74606502056
2025-05-08,14,4819594.184313387,13793918.351359248,4507230.502250049,11758438.447990341,841140.5597590908,2348863.047298136,1071374.1834400876,3975,0.34009459614753723,0.04099959135055542,49943.74765691161
2025-05-09,11,935941.5398966968,4397644.252218537,788081.803870945,3757773.2833717354,184378.68569769152,767336.3645804399,383872.9297327825,3008,0.20516909658908844,0.005308585707098246,21759.713104128838
2025-05-09,14,1298539.2578565404,8761985.708120458,878209.4097207799,6850986.788022587,270720.0277686506,1615204.2496377844,796089.8644450782,2556,0.10640072077512741,0.005556883290410042,41111.18987387419
2025-05-10,11,2014534.2301913276,4605426.2531370595,1649452.5794078354,3717915.748754427,397960.9595687897,889685.3670120831,451365.48420525924,3870,0.07902658730745316,0.0036019906401634216,29190.308298528194
2025-05-10,14,1781093.4886837155,4967119.557549156,1451571.9679769434,4003825.8483034093,353552.6476962317,940468.9535296608,483407.194408393,3229,0.05641811341047287,0.0033953776583075523,23931.157052129507
2025-05-11,11,1137525.489270717,7015855.41850093,918741.318244523,5447873.564332815,200307.79154081628,1138100.214776389,526785.6928401344,2842,0.04053955897688866,0.005043898709118366,22579.452517658472
2025-05-11,14,2259484.962848574,7898393.182273865,1804883.7831785507,6227754.722344153,438492.5553498392,1374384.4153412608,675063.7270773896,2238,0.06153222173452377,0.007442916743457317,28507.946752786636
2025-05-12,11,2341914.2692438066,5573291.910837412,1810036.7184637247,4257369.188592609,445011.9434406308,1023390.2618609153,503128.4379953916,3863,0.09289952367544174,0.019335845485329628,26654.564558357
2025-05-12,14,2699701.4755521715,8390679.743822575,2109390.2460079053,6699144.05427943,513821.7438907566,1480270.4745602557,718559.5318828637,2310,0.06093418970704079,0.015382913872599602,27645.618781477213
2025-05-13,11,2061857.7884581983,6002054.7593076825,1582237.016928029,4697619.845112986,361705.2687300353,1035520.611603,527159.3140351807,2640,0.1070406511425972,0.02832430973649025,29210.051443755627
2025-05-13,14,2854300.4905624837,8501161.786858007,2319328.463925934,6917220.207145251,544491.9330954237,1467274.1677674723,712082.0286730439,2326,0.0757937878370285,0.021162867546081543,27633.152705937624
2025-05-14,11,763254.715803206,5158309.5126963705,629451.4219867629,4173393.572196834,174216.16952463315,995645.2602950912,553519.2320658751,3217,0.374880850315094,0.06276659667491913,16940.09106385708
2025-05-14,14,1807545.924798116,5932872.728502557,1587013.0054825204,5047010.568219651,384519.02814838634,1148287.4917539828,615049.2731023075,2986,0.3727737069129944,0.03735250607132912,23462.85998183489
2025-05-15,11,884031.5374673456,4014658.1006387696,770506.0788717729,3172712.4063887857,193474.67075022293,734877.428427589,394380.1211207397,3597,0.26937630772590637,0.008353493176400661,19125.007264345884
2025-05-15,14,883100.3710520267,3189159.9166345745,778342.3520983057,2577170.7574707423,198126.42648553394,688653.945884895,364904.3392568064,2932,0.4096124768257141,0.021271614357829094,25364.847970485687
2025-05-16,11,371106.51702462137,1850709.9786133915,314481.3114996486,1572170.8463834869,93883.83737177911,425792.61973653093,221641.6011812516,3145,0.3181006908416748,0.01378446165472269,15557.770248502493
2025-05-16,14,820343.4218597114,4914503.108655214,669452.4898889516,3729240.1635121405,169607.5147403607,800465.0903555042,414845.112904491,2322,0.34028422832489014,0.009823895990848541,25934.146897554398
2025-05-17,11,308358.00346699357,5938622.499669611,252099.40373242265,4532201.921361884,71773.30197138707,870705.8274329028,352502.7236652516,2544,0.19425447285175323,0.009278853423893452,20999.56227043271
2025-05-17,14,1853160.8431355655,7859655.7946448475,1420858.4648641567,5936765.672343069,346505.1849432193,1293750.7739551025,589003.403764812,2386,0.1912856549024582,0.008339243941009045,33234.59568962455
2025-05-18,11,1235148.7150455415,8514709.028438196,956232.284432351,6337741.5104818735,190550.77770813584,1373273.437932479,553866.4855034597,3461,0.04342348873615265,0.004958226811140776,34005.182470589876
2025-05-18,14,1680801.9050065577,7653191.290976986,1256603.5676421935,5697361.881088739,242795.2041864099,1189502.7046900336,486589.9979051092,2617,0.05921821668744087,0.006878954824060202,33836.907803446054
2025-05-19,11,1064718.156954825,4294350.2699276805,808548.2484931875,3358912.352910557,225326.4602268706,871963.6027895365,474667.999248591,3107,0.1157243624329567,0.014474502764642239,27595.27737441659
2025-05-19,14,1794668.2148893774,5084240.880948767,1492183.0620849319,3955727.8120330763,382889.47642473696,971090.6553550984,474943.0462247567,3272,0.10837395489215851,0.008713336661458015,27297.882814109325
2025-05-20,11,1662958.3491016328,4676146.082183577,1383442.143823668,3615790.9478342133,349577.50360810844,874646.8192279909,434773.5263045016,2891,0.23620295524597168,0.009616081602871418,27194.25108537078
2025-05-20,14,2242671.467933193,8146336.5733236745,1882401.8701215896,6234268.507990325,437138.2910146748,1341293.486004374,644195.3243967635,3089,0.2103641778230667,0.010793919675052166,29447.99440050125
2025-05-21,11,3126716.369096115,7629173.318104312,2439834.260173529,6005391.099116091,603444.283130659,1344769.1774523896,685361.9080584407,2313,0.30034932494163513,0.033826373517513275,28578.63816282153
2025-05-21,14,2608103.303173512,6995973.057383463,2040639.1253375355,5464174.388726778,482901.7057715534,1194657.9869599019,562419.2501751881,2769,0.2203976958990097,0.01212969608604908,29181.93705305457
2025-05-22,11,928262.5562539697,8363938.89008984,1001915.2871351092,7513753.516967666,201381.39275309158,1577219.2962873343,744298.0819501203,3361,0.28868013620376587,0.013438256457448006,35860.54551324248
2025-05-22,14,4449208.542989761,13286286.07357198,4308825.235824165,11166784.736489506,831470.2889538743,2421044.0043532536,1103270.099534887,5116,0.2306980937719345,0.010090420953929424,31283.68847605586
2025-05-23,11,566421.5778713524,4124459.3305471092,439003.025034329,3226222.3800929296,124594.15482681483,837286.4805017019,432085.52050879283,3599,0.2788463830947876,0.01795485056936741,19998.776774466038
2025-05-23,14,1268632.0276390463,8351087.541062199,1095253.3511293724,7274457.983498387,283357.57521045266,1568100.2372849192,802521.3994886841,2308,0.27707523107528687,0.012365437112748623,25449.890546619892
2025-05-24,11,2564539.0097848475,12275122.083708793,1999020.2992125629,10001170.708911492,453726.1529888455,2209629.073947778,1131895.483310989,2471,0.19541946053504944,0.007611300330609083,30335.721969991922
2025-05-24,14,6058632.61428982,16860246.75480379,5376938.4233068675,13507351.068571432,1071769.5544747717,2905311.1779017258,1413696.7252299082,2617,0.12263612449169159,0.005225141998380423,34628.107926130295
2025-05-25,11,5142367.74121125,18172199.13576685,3533201.371471419,13850363.661120825,926467.1364219687,3039097.8200845383,1487833.8762018485,2739,0.27963075041770935,0.02614554576575756,46142.15930044651
2025-05-25,14,2833960.0677622706,9549512.761376433,2232900.6386640775,7308234.0720460275,530262.3877580443,1794047.3540027412,955763.4707104212,2709,0.2385980188846588,0.018147123977541924,36344.90014791489
2025-05-26,11,1743108.7339961678,10670945.09437184,1320717.4044394186,7710891.286440877,321412.6010525566,1843648.6394243955,931449.6755655432,2467,0.34209898114204407,0.03854719176888466,27225.12667223811
2025-05-26,14,1564551.8487139642,10424410.687124103,1212762.2715354855,8131277.702353189,312783.2816328406,1919341.018556572,1012743.8866226178,2529,0.2936061918735504,0.024493340402841568,37489.163845807314
2025-05-27,14,2487042.2366826683,8923604.280836165,2032003.1861905146,7040190.180710746,482068.07597879134,1691418.1357254498,874691.839387784,3004,0.24544614553451538,0.019872844219207764,26430.595372080803
2025-05-28,11,1323630.1022228748,4262116.847126678,1132116.475848625,3530143.1100545204,233979.36418459256,871454.0494568844,463895.97665552195,2320,0.34633976221084595,0.04780839383602142,13869.482798039913
2025-05-28,14,4830959.438573927,14128689.663718328,4095744.640456996,11419436.626896491,899037.2043520907,2580570.8583092717,1322418.7776799137,2319,0.316732794046402,0.028484787791967392,37045.05664485693
2025-05-29,11,2377342.831931174,9086751.876734242,1864378.4928205311,7060260.216832219,435968.69499652577,1651217.936370798,860903.4073171144,2673,0.3534570634365082,0.04097707197070122,46255.28223180771
2025-05-29,14,2507287.414669603,9642962.32036896,2061904.232902311,8230966.915708441,456925.905183207,1784656.8720734469,918722.1918871718,2789,0.31165778636932373,0.029811512678861618,39328.68863517046
2025-05-30,11,2699204.060303852,11402424.471334577,2256924.0975153586,9329030.552901546,484463.40117078996,2068899.0243667576,1032599.1928597372,2331,0.3056323230266571,0.038259997963905334,42807.68254086375
2025-05-30,14,3220438.267380595,11575888.176628053,3074858.654909484,9889217.047518892,574307.1675693183,2010603.2322286917,994568.676537025,3480,0.33688095211982727,0.030065150931477547,41687.69561353326
2025-05-31,11,5213235.435682699,16478801.06465283,3875725.697030987,12900437.619975835,850339.756935148,2727970.4703624523,1344929.5494834515,2296,0.3178540766239166,0.04249401018023491,57357.22692716122
2025-05-31,14,3588900.1307432055,12314498.880060539,3558420.4860268845,10470620.73971328,631750.122728282,2239665.4453425896,1132900.04556843,2938,0.27412453293800354,0.02332117035984993,34307.21341744065
2025-06-01,11,6703470.8567291945,17197366.48036845,5466194.292511702,13807091.027906986,1190459.9045589268,2911736.823985769,1398735.2686855947,2773,0.3367997407913208,0.05154240131378174,45368.30871871114
2025-06-01,14,6984022.327188492,17579158.919772476,6125144.443011256,14090364.232346784,1268040.6329990965,3013855.8822769527,1431991.0537073154,3084,0.33079591393470764,0.031244494020938873,39489.71014881134
2025-06-02,11,4293044.439328581,16618013.351822108,3656033.1597519107,13469834.253150515,749137.119824072,2829279.5792888803,1382121.5166779277,2606,0.2119499146938324,0.014351730234920979,33280.80476039648
2025-06-02,14,5202624.550422579,14143242.187983885,4037741.0179327475,11797160.323570682,796524.6394005837,2276055.433547453,1120836.5779095944,3386,0.24326251447200775,0.011858674697577953,51055.987531244755
2025-06-03,11,10492633.895881921,21945059.21779722,9162679.249089753,17715107.319802944,1858260.951028672,3741715.792256149,1703843.443141567,3928,0.3224388659000397,0.033221300691366196,38060.12071532011
2025-06-03,14,2512980.099077314,9293833.44756496,2051346.0817720392,7876325.95077157,451387.194075991,1572835.5557356235,757162.4404221971,2662,0.24630127847194672,0.021297374740242958,39600.29173865914
2025-06-04,11,3496912.5608383864,13539257.462612092,2734352.955722569,11161383.32789626,590104.4966665176,2272229.4147196915,1060864.3880724197,2405,0.30797573924064636,0.040297575294971466,44174.894041508436
2025-06-04,14,4094934.7308582067,12415886.075857922,3532339.1085832585,10803241.028468408,711599.356754045,2199074.229477946,1045102.8397720995,3290,0.30291295051574707,0.03013155609369278,41235.7996301949
2025-06-05,11,1488814.0725155622,10210919.756125793,1220971.0507132774,8605863.436035534,290773.6485889009,1864589.1994709945,911333.9388529791,3038,0.34871765971183777,0.05518289655447006,46472.47298282385
2025-06-05,14,2942907.025994912,10758599.449433625,2422234.4679155606,9356376.026675668,561075.293533401,1996496.9973983937,979391.0406333946,3190,0.3719082474708557,0.03601919114589691,38351.216214209795
2025-06-06,11,645790.9044093639,4414246.68110247,495912.6700366518,3446868.88119291,130817.4275058034,900423.4294200018,438527.84316539566,3678,0.40020012855529785,0.05395108833909035,29488.671989381313
2025-06-06,14,1670586.0586870462,9689047.380127713,1450320.6892200557,8704158.935959928,333987.6632678991,1803465.6843356318,934689.2893934109,3469,0.368817001581192,0.04162024334073067,37032.121387302876
2025-06-07,11,1607780.0382984728,5442625.030710027,1315831.3990842854,4288152.505807962,345383.5846379265,1066083.6121992916,572383.3747369583,3524,0.3874681293964386,0.06831452995538712,26161.683043569326
2025-06-07,14,1935421.69680655,4919420.95470652,1546125.1926539075,3937943.744087307,400623.190073526,994489.9521440791,536096.0496926515,3809,0.38589438796043396,0.04618220403790474,32038.326778292656
2025-06-08,11,3506255.305827722,12413399.37608011,3087655.25321449,10832238.232536007,683087.3164214558,2270047.536088595,1101884.4036817602,3014,0.3491297662258148,0.030861815437674522,25020.163695514202
2025-06-08,14,5240066.939890698,16161096.821095645,4680754.803236763,13482917.521918535,972582.3264498482,2820709.8175042924,1360117.0410856183,3476,0.34907519817352295,0.04363318532705307,31584.851061165333
2025-06-09,11,505986.1203228086,4631020.535495117,423541.1542358324,3764887.3754504393,115696.95135457722,947047.8268179718,521580.9356401063,2905,0.34893256425857544,0.04538458585739136,15565.66434699297
2025-06-09,14,2215381.427703634,7585691.20890785,1776404.8186195102,6480543.268192073,449345.267444625,1449271.8762211865,744458.2634141846,2994,0.3345288932323456,0.03656204417347908,37226.5076790452
2025-06-10,11,1639896.0147856027,6388294.231380656,1361162.153371593,4993367.269925149,355014.9143086157,1246916.8093230398,685432.5047476608,3321,0.336329847574234,0.04128912463784218,27224.549580574036
2025-06-10,14,2010705.513001278,4765352.805726305,1622671.6226382311,3716752.7142120358,418722.3275039999,962801.4721000175,501568.8140082307,3224,0.31429973244667053,0.023424340412020683,28758.406989514828
2025-06-11,14,2740252.003183916,7554436.920498103,2098368.771165398,5900654.030772688,527274.5174618391,1422278.4161342098,730880.5261311485,3029,0.31564390659332275,0.027964765205979347,38708.63867351413
2025-06-12,11,975160.8456536531,5725936.3181652725,786720.2447531247,4413349.00609317,212432.30605840127,1139923.4297197736,583983.1715507316,3767,0.37202227115631104,0.04549768194556236,36740.10415491462
2025-06-12,14,3379940.002471477,14690105.26310347,2840481.883919269,12517206.5781627,639297.0527539616,2644150.918313632,1303196.4518896977,3444,0.31704822182655334,0.026936525478959084,38653.38335624337
2025-06-13,11,3029115.7972889245,12315889.177076668,2094630.1756596747,10445762.901800213,545706.5928391009,2149242.3677568054,955225.123189864,4002,0.3417627811431885,0.030254118144512177,48453.80861079693
2025-06-13,14,1453410.5101792961,6145683.001513466,1075777.8729727762,4695481.582729082,293627.7057720611,1157724.22307871,556307.4282992999,3926,0.35200655460357666,0.018591059371829033,42477.66347023845
2025-06-14,11,7611319.298202872,20033793.32018955,6283343.163761936,16082243.682647215,1359576.368974919,3378496.3354976103,1504575.9661835018,5166,0.27541857957839966,0.0068451715633273125,52252.17057186365
2025-06-14,14,1267368.1286708713,9136254.173633203,874639.5636284207,7886421.784138827,255942.0441896628,1641399.87639903,767982.7516139417,3388,0.3574107587337494,0.016528822481632233,55380.04368844628
2025-06-15,11,5809976.231596887,18148146.77455443,4807134.73979228,14660522.130143208,999899.6509680327,3026478.2717368444,1380435.460805938,4123,0.2760050892829895,0.011438736692070961,43895.06840369105
2025-06-15,14,10569487.024169683,20748988.8574242,9171331.128544133,16590960.945592608,1854535.751583841,3430780.008300377,1565076.5025639955,3410,0.2515915334224701,0.009034624323248863,35252.51595687866
2025-06-16,11,4789885.502184674,12498666.596576408,3927334.0831836294,10614790.646472959,785362.7764127296,2073737.528268645,872906.4921596657,3976,0.04333258792757988,0.001201221370138228,46479.852022498846
2025-06-16,14,4793812.592008978,12067352.691888079,4147791.2176195593,10723261.037972428,832699.7374791583,2126920.1246588193,973543.2156348468,3844,0.1214330717921257,0.0020316080190241337,36065.228115946054
2025-06-17,11,4588574.365580797,15159836.71882914,3964897.4423668548,12888063.836275382,821320.9575511856,2631881.5370678953,1178350.103313785,5443,0.04029921814799309,0.0020252608228474855,38967.79068413377
2025-06-17,14,1724096.8121620268,11896847.536160454,1336854.7419396276,10044345.197445862,279106.9871997784,1882606.3444946315,789247.6879109395,2643,0.02645324170589447,0.001946502598002553,28059.56111884117
2025-06-18,11,811075.3658210337,6661195.740748167,576197.0018024636,5590925.192892296,173876.4859980483,1186309.3498602093,520196.3154316349,4066,0.09910845011472702,0.00612277165055275,37316.832223802805
2025-06-18,14,5793174.991585821,15680206.229376808,5243734.590440782,13441561.464537438,973407.7626660852,2565566.4712143214,1137686.6733800035,3582,0.1029309406876564,0.004544814117252827,38776.74820128083
2025-06-19,11,734300.3912307024,4522997.960469484,681800.1668271945,3566907.943703454,166579.30795878393,914690.6837131253,472492.5973261363,1932,0.2409835308790207,0.015997769311070442,23522.93982487917
2025-06-19,14,1272706.3087332845,6180168.837109417,1107241.647059422,5200230.5727349445,280470.834768994,1216082.4527394932,592816.1081437111,2880,0.25816652178764343,0.01174673531204462,26151.260934859514
2025-06-20,11,1388139.0742327198,4014919.439796947,1208199.1452843756,3100695.5769384475,311906.48919885635,815048.6923332867,412529.3498184181,3641,0.18490083515644073,0.00521711865440011,26216.920542150736
2025-06-20,14,1489377.9480523765,7637492.30661691,1267143.450797707,6837825.174770605,324629.2567842564,1386049.9754775842,699419.3369732499,2801,0.2366001158952713,0.00378986494615674,32086.699639320374
2025-06-21,11,1180871.3228446692,3724315.0396579728,915879.8511498319,2889775.0973376906,228081.5132572814,720399.033776322,402860.2727756286,3714,0.31059569120407104,0.001397420885041356,26888.72224971652
2025-06-21,14,615914.4121925831,4256360.17672389,497235.9117736671,3424928.1081285113,121456.47955449589,831229.2467470892,453957.4548062888,2940,0.24042516946792603,0.00128748279530555,21925.768677413464
2025-06-22,11,740663.14319323,7697470.105751917,536293.7351551516,6569996.961295296,157690.00389295316,1364632.0347529596,647367.3744962731,3147,0.2770802974700928,0.0024586094077676535,38342.58478245139
2025-06-22,14,1337354.820528984,5127896.526655979,1085998.591454864,4125456.8331729635,253746.4477735982,982293.6939372777,515386.0241596694,3764,0.2871210277080536,0.0034769235644489527,29664.030111521482
2025-06-23,11,569443.1860557944,3458249.322428018,453618.54151142563,2656722.7257972686,108170.79367242308,648312.0538701992,363910.2636628768,2749,0.07008891552686691,0.004974797368049622,29764.890257179737
2025-06-23,14,446095.3853031695,5344940.479354091,387078.615546249,4174612.945148372,91552.45962966792,979746.1797381585,518758.87366064783,2451,0.0348147377371788,0.0025976954493671656,34219.827207654715
2025-06-24,11,284394.806398347,2315217.9606986493,237392.96532220062,1972766.6879291,67821.36088111112,393571.6091991843,177791.557393428,2661,0.05756019800901413,0.0024781690444797277,17199.12512513995
2025-06-24,14,3752444.099743113,13037413.91436033,2979307.378095273,11353331.296207253,688478.834793912,2238993.8549652384,1020788.4465233125,2916,0.024658994749188423,0.0007849663379602134,35239.52010136843
2025-06-25,11,661187.8424929082,4368447.27847065,523374.26583416684,3492637.9956691684,125128.40963175375,792525.8867236384,405196.96862159437,2840,0.030224105343222618,0.0009743098635226488,22922.592440873384
2025-06-25,14,754511.2700115666,10268886.57692317,799773.1413476509,9059457.894312501,142119.33132557228,1881218.9951767186,927498.0578366803,3467,0.04203316569328308,0.0012158312601968646,39424.7418372035
2025-02-01,8,4471663.23696062,14571541.235338658,3887911.4475925444,12103029.867170757,874097.675460034,2728936.732854143,1346683.0102979457,3538,0.2033325880765915,0.007299752905964851,32595.366529107094
2025-02-02,8,7678609.607087493,19263638.248363957,5995397.4142427705,15294443.748399995,1240708.7213010923,3218843.7888866365,1534157.1395320531,3146,0.08486644923686981,0.0049658529460430145,57658.58076027036
2025-02-03,8,1178103.5504906476,10350088.36484886,950666.2111626768,8607903.589588108,236418.9068320627,1897961.9038796744,943201.5009473974,2492,0.16434551775455475,0.004555135499686003,30406.01812455058
2025-02-04,8,1802436.8572639003,13339265.50454817,1359829.8200658597,11301932.05390055,337559.9355658848,2474984.7720584963,1228181.646856375,3047,0.11730635911226273,0.004193201661109924,33511.89261484146
2025-02-05,8,3039825.1445229053,16421912.049916029,2075932.841413883,12656804.310382921,542393.3553279634,2861246.7017077953,1338919.0617000728,3263,0.17967532575130463,0.0067785074934363365,54785.7149579227
2025-02-06,8,6692590.602156997,21840091.923448652,5235132.440076675,17623800.121944338,1247824.8493321077,3845157.63138665,1802175.8101408388,3845,0.22131209075450897,0.009393294341862202,49367.3608058095
2025-02-07,8,2801209.4160181284,10237754.19068215,2210713.8915238436,7987460.116752071,536055.2150556764,1951072.3709360315,951407.325175458,3197,0.23398512601852417,0.014836880378425121,26387.42643997073
2025-02-08,8,3401688.880888529,9182470.057061441,2745728.0235112444,6951443.608921865,732900.0161470651,1840752.821295955,923039.2120499362,4020,0.28434693813323975,0.008322032168507576,28637.472365915775
2025-02-09,8,3874745.9004296437,16785429.412265196,3097774.0344201447,12638899.554685667,806510.2351795066,3047825.320312625,1497118.3718414255,3671,0.23259258270263672,0.010707948356866837,32459.73956874013
2025-02-10,8,1355780.306517996,6990605.126322076,1045924.7862915467,5568515.872053154,280415.2077573823,1392981.399673658,698953.8097407531,4238,0.2940826714038849,0.013078741729259491,26315.01479548216
2025-02-11,8,2354303.888819106,8918243.065635636,1935735.7705278785,6969595.694859088,513353.3839740539,1795930.273294339,919797.9682451703,4462,0.25759005546569824,0.013439259491860867,29056.642270237207
2025-02-12,8,469637.9624443203,3289111.931563221,378548.89588317653,2543418.080547641,108281.17247858773,668000.8037243965,342351.6792111664,4233,0.31239330768585205,0.010137041099369526,21886.182319253683
2025-02-13,8,734340.6542075723,5315000.376225345,600605.878571209,4225908.770353572,168884.58907102857,1047976.0440063889,564458.4810873886,3484,0.285896360874176,0.006295786704868078,28467.657472014427
2025-02-14,8,479333.62345386297,7620243.609419875,397564.5018693129,5895613.053235328,108689.47172960866,1445868.2080669857,696746.3121280906,3639,0.35758674144744873,0.011998247355222702,20633.20225393772
2025-02-15,8,402900.31727134436,5645229.620412357,331959.25602638687,4474048.232161427,98654.79092838106,1030339.4998388195,499939.53230840364,3742,0.3153558373451233,0.015386969782412052,23180.362959235907
2025-02-16,8,377805.8434012756,3014510.6110160574,307464.61015410273,2495415.10022516,92594.28356836834,643561.4942052984,335315.5127395878,3314,0.3401006758213043,0.013948001898825169,18648.977666705847
2025-02-17,8,2340694.251970768,6698954.310145542,1859578.56889088,5328616.457111888,478268.91946631897,1344820.1781130664,697542.0048924724,4688,0.3296108841896057,0.0188484787940979,21975.88786739111
2025-02-18,8,2567045.1493073627,6433699.040825799,2103512.8362347526,5130884.267073386,540844.699388051,1304216.7853276124,677940.5800684615,4193,0.3354232907295227,0.019045300781726837,27557.544861018658
2025-02-19,8,2083427.7861579135,7678321.543509223,1634985.726470689,5953295.559778108,436389.8296383787,1533326.6285956977,768120.1281549992,4020,0.3045923709869385,0.020260917022824287,28050.584027528763
2025-02-20,8,3787995.6090419367,9771844.01439555,3005611.1907861126,7500934.915358456,795870.4524403833,1887029.6704420028,947960.8361806704,4324,0.3516242802143097,0.027122383937239647,27815.453010171652
2025-02-21,8,3505667.353592135,9495325.477089748,2853184.78113751,7274813.175258343,706881.783661125,1851750.773339076,929695.1887116346,4463,0.355552613735199,0.030732477083802223,32052.019866406918
2025-02-22,8,2063575.979330726,6920214.421084665,1644966.226862378,5406832.451510968,437666.6518194806,1405230.1856367025,716932.0364430094,4277,0.3379090428352356,0.025368379428982735,30379.246801406145
2025-02-23,8,3502149.399843864,9153953.586124748,2717232.196121745,7008620.372688238,716296.8393006512,1758105.0284460052,890687.0521707254,4624,0.3464208245277405,0.027049953117966652,25445.715782672167
2025-02-24,8,3148888.5495517626,9932202.880393907,2535169.5535503016,7579061.906756471,693384.3508516599,1893430.7931526862,894124.128066679,4453,0.3565789461135864,0.022391151636838913,30777.72207146883
2025-02-25,8,2026233.1312934384,9260955.543594941,1647443.4455270183,6940197.637059694,457586.7048646904,1794717.290075898,882904.9077801228,4078,0.36401501297950745,0.028727708384394646,31967.421151816845
2025-02-26,8,747797.1278966218,3593754.968068607,610631.63595204,2929338.0087866993,170701.8826286778,753372.7610989688,412934.74129575083,3278,0.33702826499938965,0.019868148490786552,16290.329190075397
2025-02-27,8,864262.6139261127,4567328.345396005,715213.1750507643,3645153.3678122647,197620.97613350523,956051.1315282098,493564.40183543344,3336,0.37511834502220154,0.03021423891186714,30632.905809909105
2025-02-28,8,830228.5594892427,6947463.052851073,776666.4625146899,5713912.237022639,161828.07570043826,1188255.5345849008,567538.7357075594,3400,0.3414219915866852,0.029616858810186386,25336.889781832695
2025-03-01,8,506341.9958958924,4004003.401480019,378178.4890972617,2913158.4952491755,106274.27756713898,716760.5872273514,338883.00582914404,3238,0.36588841676712036,0.034870851784944534,36756.68980166316
2025-03-02,8,313197.65839508176,5521180.460024208,328432.8035528717,4852932.050531332,71547.0462307765,1038140.629850213,521844.55488710606,2978,0.3698369264602661,0.02019822970032692,39009.67258682847
2025-03-03,8,212207.88371944427,1581530.8532953486,179904.6170904255,1274978.1597951222,49089.41029879294,351399.91210373177,179343.30351756426,3460,0.062047556042671204,0.0062649548053741455,15211.999874770641
2025-03-04,8,3864120.7226608843,15973383.131844632,3493251.4061040073,13291096.155259961,668250.9512794892,2814685.056350593,1338599.154497136,4997,0.1327095925807953,0.0038351677358150482,25392.016278386116
2025-03-05,8,1320074.436041668,8387614.669233397,959024.1012150043,6303874.438687362,236522.55898284033,1460810.1032714485,594957.1775703605,4666,0.045889712870121,0.003393340390175581,27765.824087262154
2025-03-06,8,2719877.192537993,9525526.274608359,1853986.5063530032,7037555.405594688,472668.66766706714,1617155.786872911,687455.5617247935,5210,0.03951109200716019,0.0044976333156228065,43493.44402047992
2025-03-07,8,4928419.980249122,13570960.21829632,3502559.29517176,10161131.531413047,849176.9071167177,2269528.1181384474,997517.283742406,5294,0.039413996040821075,0.006410821806639433,49171.678358882666
2025-03-08,8,6693474.859071866,16773537.643846527,5336193.82277372,13503019.481866073,1096289.3398943716,2721813.7972555077,1219527.858796047,4312,0.13275671005249023,0.009346636943519115,42906.151228398085
2025-03-09,8,4828548.888269156,18270748.765327275,3669983.2023447067,14369866.90061942,854135.000055039,3046691.717241102,1374038.771338864,5361,0.17628902196884155,0.014185098931193352,45754.02370801568
2025-03-10,8,4210931.68489489,14164902.22456339,3436395.301833194,11295629.43331118,761166.8147768418,2367523.03439576,1080274.2506590947,4661,0.16265593469142914,0.015492034144699574,44977.332653582096
2025-03-11,8,820685.2629651427,8815870.917795755,726001.7100552176,7402460.619988057,152854.3641124443,1581318.391176648,750542.157257173,3613,0.22383223474025726,0.018114779144525528,38364.71792691946
2025-03-12,8,325256.33795696497,2283282.1976654455,266622.3402270331,1769987.518464169,80775.10620693267,498364.65891895414,260202.87608630274,2470,0.342837929725647,0.019598260521888733,27248.45972838998
2025-03-13,8,527080.2157381251,1798788.5850116462,408727.1012437852,1449024.8368659993,117181.8839870768,410918.27418802603,241389.19179877333,2646,0.3158568739891052,0.02251739613711834,21889.760058373213
2025-03-14,8,442533.35398072004,1605949.6601537764,304433.98851811275,1217383.0305257207,97506.04602275805,359599.22934427566,190038.13217117244,1906,0.3505086898803711,0.026830701157450676,29682.320683926344
2025-03-16,8,193544.59554570913,1433419.8684376776,150416.10410496665,1099357.9477913575,40145.19415314008,268149.08518172934,117976.3093398829,2505,0.1897319108247757,0.02108953334391117,20076.27152904868
2025-03-17,8,5308576.151884824,15913425.726172775,5583868.247046659,13671452.718486004,916229.1913931167,2730519.1597395083,1312529.5552576643,3528,0.22270984947681427,0.01390436664223671,38390.42826640606
2025-03-18,8,1725678.0481246114,6543399.2879649475,1338863.2916762724,5911851.572357124,331886.69145836297,1213440.9598111208,635686.2193328012,3650,0.24501924216747284,0.018321111798286438,43113.29437318444
2025-03-19,8,3539519.686839998,12690517.295409605,2383539.6943224426,9132076.530321898,523901.7111279491,2055816.2013386153,903684.5513718666,4168,0.09203407913446426,0.010604544542729855,45593.17377844453
2025-03-20,8,729615.438076742,5040699.636281155,580272.911112089,3883564.3900500825,139337.4611938867,846437.1305861577,439891.92520317243,3339,0.17509298026561737,0.013983380049467087,30132.943904459476
2025-03-21,8,1295229.8537638336,6703263.654843338,1164393.2252791752,5219835.9754880695,248809.72086130158,1275743.504922829,664557.0710113142,3657,0.23824168741703033,0.011741070076823235,16521.883395940065
2025-03-22,8,585570.5320919752,2162039.7752599046,469719.7053026996,1693842.653681187,126868.5199647673,477007.4481484693,260546.66028335848,2831,0.3671364188194275,0.018267972394824028,18106.66277602315
2025-03-23,8,717765.8814512715,1785338.8199129626,578628.2683199774,1373407.7958828518,143292.87609674176,372356.29115569376,206836.9289575464,2045,0.3713775873184204,0.023009246215224266,21083.45151028037
2025-03-24,8,361241.5264759511,1802113.9730276167,295901.94362250983,1533602.4704609704,83534.57102116477,382132.8155134885,204465.46220600573,3841,0.4131164252758026,0.05457727983593941,19411.461368650198
2025-03-25,8,89958.40764275193,522156.84839734435,73823.93897133546,453551.7881979367,14337.120058811473,108971.88564017002,58787.153615410236,1353,0.2832874357700348,0.027162037789821625,7010.0813474059105
2025-03-26,8,44408.985751360655,356269.0616762638,33474.93739165121,320110.60335089377,9941.990074512236,92597.25726632391,52906.19874508132,1002,0.31610575318336487,0.02176290936768055,15839.895591199398
2025-03-27,8,519827.31573310494,1413852.1114500165,406662.86263438035,1141223.1828512172,122396.46584755697,340803.54423166934,172921.5493475297,3689,0.29700613021850586,0.021029552444815636,14767.840552866459
2025-03-28,8,2207584.6626487672,8762822.490863085,1718217.658713834,7598954.295915909,437154.96294003946,1596177.0197726535,770243.7230214899,3373,0.210722878575325,0.0173513013869524,35744.75136065483
2025-03-29,8,3446518.789950326,12411270.58854574,2906775.980421389,10043603.792680133,615481.9904840142,2197961.9111554576,993693.9093178255,3931,0.18378417193889618,0.014081417582929134,50319.63364675641
2025-03-30,8,1998668.520669207,9526315.203125164,1496707.3337372607,7401559.078205438,382907.8148936676,1734013.7147979415,822318.6193744708,4547,0.18395701050758362,0.014024216681718826,41419.62267327309
2025-03-31,8,990524.4038157314,5205018.284871876,761142.2487896206,4073253.2674427284,170629.12588236254,870191.5252654662,398468.19077776145,4631,0.2542058825492859,0.0270592849701643,29193.44321885705
2025-04-01,8,1824858.2013527378,8488633.265933566,1438795.7034727852,6528904.520216054,319781.9475326976,1469049.9334426401,677317.3514548701,4227,0.29186439514160156,0.029426146298646927,35357.60399964452
2025-04-02,8,245349.07876259089,3870166.530991748,189104.7203742508,2969789.7064737277,55855.29952909915,740787.938565857,363695.98218016454,2748,0.25471389293670654,0.02860528603196144,33064.04371330142
2025-04-03,8,349314.9578576088,1096061.8388469368,274609.22938782215,918487.7388872296,68352.68157119103,246204.9751918237,118301.82106374684,2524,0.21715883910655975,0.024498125538229942,20134.210601598024
2025-04-04,8,2354902.4238407165,7760789.157769695,1578097.6448673108,5459337.410862376,428130.425442294,1344464.3147294773,627785.6839008561,3644,0.17529447376728058,0.018061529844999313,49501.8228096962
2025-04-05,8,1296485.0039449334,4425196.697545931,1009208.2906562882,3228126.8392267306,242842.3186277009,836116.2906744607,431468.5866315016,3633,0.20174384117126465,0.01689913310110569,28764.747453570366
2025-04-06,8,2222395.1186154187,5618378.897335082,1924736.8105255202,4580914.832068813,461829.81825273647,1093864.1452402386,580710.3027644814,3181,0.17361657321453094,0.007083224132657051,29484.7682775259
2025-04-07,8,2530619.655370325,4980039.586886652,1964868.3251461717,3900488.469729677,548699.6175321145,1017043.1069569725,501945.0687829885,2228,0.22881728410720825,0.01062390860170126,32129.976241230965
2025-04-08,8,697657.1736948192,3093042.807183072,557023.2065408311,2559397.523516302,138748.44498754793,635694.0467036795,323566.68411836197,3305,0.3547327518463135,0.024234699085354805,22719.506122261286
2025-04-09,8,57725.78209924698,612951.6915266812,51483.312896784446,489896.9266714642,14028.475340166318,136979.3348809214,73854.68404974267,1593,0.22209133207798004,0.020601684227585793,10629.933511942625
2025-04-10,8,111885.37485735118,1194650.2120177746,92679.38531216458,937703.7099479714,25784.319528230983,254061.7379167558,136144.46875371563,1868,0.21039119362831116,0.0197049118578434,13959.979677200317
2025-04-11,8,299121.690964669,2188538.79664132,239413.91283446777,1650091.1218008224,54251.726276340676,369523.6884392799,202068.55383581127,1719,0.2661541998386383,0.023224418982863426,21771.264460772276
2025-04-12,8,1212135.7437883615,3266345.3658022285,950201.094927833,2493610.136500573,148927.24183517857,471157.7825085899,194549.84920090437,2925,0.30853211879730225,0.02758323773741722,39235.331993073225
2025-04-13,8,318195.5537632108,1578729.5950732976,261451.07362195375,1341712.469741905,61681.22590488805,309246.16809255874,161807.536837929,2391,0.24668626487255096,0.011812793090939522,18099.105058431625
2025-04-14,8,321294.32543085515,1093186.2243077904,256109.99530433532,883824.3215085631,72355.65280100195,261429.5163392278,138252.83077196393,3259,0.06116399168968201,0.005209994036704302,18511.594046533108
2025-04-15,8,305940.2614104301,2423922.5860907584,248678.18089904997,1842235.2042744108,66205.83762420414,487142.6790342214,230598.34594542734,2821,0.0942450687289238,0.004388741217553616,20239.992849349976
2025-04-16,8,577327.793237254,1069883.396385178,459485.18933313445,905372.8388994351,103902.88849469184,223198.08533852745,123912.57622473314,2007,0.20090514421463013,0.005106199532747269,15550.941611558199
2025-04-17,8,444677.16466511786,1615876.427822955,363167.6603276969,1245113.4294799077,89504.30624780722,297728.2256276071,151141.51835340552,2115,0.26641857624053955,0.007289762608706951,14400.88154181838
2025-04-18,8,243943.24354799092,1459815.4868825227,202873.68498041388,1213283.4134947117,56362.46149955317,318878.5396617214,178484.8455083973,2274,0.29014280438423157,0.009858566336333752,15037.970020502806
2025-04-19,8,762056.6340597421,2718999.0931578726,534761.407675012,2090814.794889127,138625.6774940326,519070.6353145742,276612.26915604464,2677,0.2147829830646515,0.010023415088653564,27051.219933390617
2025-04-20,8,1251661.1755438298,3634424.2568748146,974905.1143047547,2730867.8199848756,166416.32373923936,541678.4556370003,222802.80161970784,2525,0.06172148138284683,0.007406240329146385,35587.149101018906
2025-04-21,8,2694684.9840493947,7149549.400867999,2117331.2335578324,5921073.466790888,357506.51309817214,1096290.417618108,506000.9893912809,2528,0.055041272193193436,0.007286689709872007,34811.29201897979
2025-04-22,8,406402.61261335015,3719468.459613681,384831.0213393585,2924291.2817243366,77028.05052362957,602267.2779870093,300933.4220539745,2530,0.03827774152159691,0.0050659277476370335,17894.58241006732
2025-04-23,8,1660658.4576015472,6023476.633308552,1325121.478414476,4856753.181706283,331274.09737450327,1098250.0905131435,536830.6046834049,3069,0.023733116686344147,0.0024006275925785303,23935.964214622974
2025-04-24,8,1616728.7891773134,8240180.34794198,1129834.246411588,6301274.161487057,226235.13763851923,1251878.7010547048,492238.8552596407,3172,0.03533990681171417,0.0027230598498135805,43990.50133264065
2025-04-25,8,1233404.8919291496,3461668.006827973,990879.5305443762,2982843.5768731884,263529.339485777,685147.0952384737,344060.00518827094,2107,0.037407562136650085,0.003684734459966421,23426.313115000725
2025-04-26,8,805406.8860204667,2670433.7838365063,701657.3957202724,2229527.0305265267,173309.65610326527,554133.8374811453,301927.16898852127,2237,0.28810781240463257,0.010454916395246983,21583.46205663681
2025-04-27,8,680782.0957087427,5367884.509146392,727165.027369181,5481394.575126654,146806.73041280228,1009133.4796045233,548892.0744250286,2274,0.38881269097328186,0.034319400787353516,35778.90125274658
2025-04-28,8,611542.2509074807,1132909.3798415884,534769.2776884014,971088.308314722,142251.87822720764,263193.71896387695,154722.06543846292,2322,0.3592345118522644,0.023590097203850746,21518.533484876156
2025-04-29,8,365297.345848456,617210.425163731,298350.5101572879,526011.4329767209,84769.7859288591,150613.72721508826,84704.17180511112,1617,0.3469502031803131,0.027852850034832954,17533.168379187584
2025-04-30,8,274543.40103530884,3524973.869925633,307892.4407077173,3150459.903105062,58804.0175315357,610145.7443348658,277092.9854756641,1419,0.37350597977638245,0.0369863286614418,25214.622078746557
2025-05-01,8,4854151.329188049,17553763.931365013,3549720.091212024,14131248.695117358,855026.7161980763,2942656.999389132,1371825.7873013297,4253,0.3776518404483795,0.03678574785590172,40505.57386791706
2025-05-02,8,332882.68721695244,2447731.5164457634,273618.20904404647,1950543.3078179213,80062.16784939234,479145.25844807894,258740.19907604315,2623,0.26824232935905457,0.007465409580618143,21279.45837625861
2025-05-03,8,461265.1526268646,3655791.4798900485,362524.2166037668,2824989.216168039,77134.87007268226,616330.5540202586,303430.00066735456,1930,0.27125126123428345,0.004813365172594786,28978.28532040119
2025-05-04,8,379914.63504712284,5967266.30099652,310480.61636687233,4907001.092073392,89271.95193993795,1120373.9677553829,546922.0185535655,2373,0.2651316523551941,0.0030909243505448103,16813.235562473536
2025-05-05,8,605468.5079863966,4348181.525017135,489337.0193223279,3408321.288548287,113788.43397620435,862326.7143066765,426068.3088038329,1977,0.12682528793811798,0.004189314786344767,22551.859814673662
2025-05-06,8,1953249.8977220356,7484864.724833898,1872017.1276641635,6320466.238752877,416914.4653345485,1471620.4480378432,752653.1239977891,2211,0.09655999392271042,0.006626628804951906,33871.329048365355
2025-05-07,8,2077715.3050990105,12441054.974281028,1693729.8131088,9842800.957733402,383952.01082760934,2092958.7832438145,950104.4613290802,2396,0.04676549881696701,0.005266624502837658,45935.06728646159
2025-05-08,8,132200.08875656128,9430843.27600395,130262.4893094239,7779315.109897304,26091.328765147227,1546130.2932043956,701632.2917136233,1806,0.1911337822675705,0.008861169219017029,34971.80467200279
2025-05-09,8,4277992.944672018,13127192.605410084,4082514.5168750975,10808833.230754793,687997.547216793,2185262.1762277717,985034.5553667215,2469,0.14410081505775452,0.004216528031975031,39368.54073625803
2025-05-10,8,1694087.0575008392,6714167.726697326,1474157.0605279845,5736885.81677117,352592.6419936755,1271917.4756402492,591361.3492970136,2687,0.03205617889761925,0.0023881408851593733,28761.532096922398
2025-05-11,8,2031871.6708786413,8126018.209121831,1611337.2975896269,6465524.075158728,354071.06864848436,1329498.0631148121,617222.8341856119,2898,0.020087366923689842,0.0015707130078226328,26487.50319379568
2025-05-12,8,838475.4444933161,7284256.08622054,718941.9423868051,5533216.443469593,175781.9358406987,1211976.2100571587,585842.8393254904,2592,0.0497792549431324,0.0023527329321950674,22676.58866518736
2025-05-13,8,2231674.6229683757,10495689.33151158,1866262.4700026687,8445725.515781853,345339.5929521544,1674237.3825595542,769689.0396204931,2862,0.05786176025867462,0.0038878396153450012,41321.19244724512
2025-05-14,8,420282.9534832835,2901468.1082391962,383842.0738548633,2427216.4452101886,104787.71730558705,486174.6657727646,232988.13541050703,2048,0.2829388380050659,0.008327582851052284,16418.350145071745
2025-05-15,8,341170.24911892414,2851156.743025042,302421.153195536,2357002.828111233,85084.55870736227,585138.2342814658,299154.8499478395,2473,0.25535884499549866,0.004659848287701607,13693.53979498148
2025-05-16,8,317344.7245141268,9132410.466179721,264489.18865583156,7595701.657793223,77764.36281735059,1562042.828887783,740161.4773341656,2338,0.22631919384002686,0.00595975574105978,38831.252476513386
2025-05-17,8,494469.2319601774,6207354.629550844,374048.6369447608,4733086.825883081,112164.57144121782,1034158.3197807746,465266.58441274764,2554,0.03080577962100506,0.0016571790911257267,30970.17969584465
2025-05-18,8,1132071.4534660727,7430180.976933233,908828.4566892344,5729080.248808592,205191.87988934893,1168087.6888444033,564740.4306726479,2985,0.023265602067112923,0.0010442201746627688,31043.119152337313
2025-05-19,8,2208438.9104341567,8720064.108687304,1678068.0985846359,6538411.463157463,286018.62358989206,1304361.7724913673,587224.8347104744,2637,0.054051194339990616,0.0024618294555693865,37351.35046315193
2025-05-20,8,337672.92434868217,4291127.01344347,278429.81616199453,3468351.1189274825,81377.65082011581,841876.7846304444,438916.62153178686,2404,0.07107821851968765,0.001792271388694644,22964.84440174699
2025-05-21,8,4038557.9658239335,13025437.200922087,3681968.744267852,11114170.596429437,761233.4856540541,2320816.097976659,1135638.9010039982,2122,0.14485692977905273,0.0038195126689970493,31512.8641128242
2025-05-22,8,695722.1578255594,4139769.971138403,610084.575815876,3461289.748036804,147886.4840706651,825184.2377604472,441374.920571364,3240,0.09749601781368256,0.003804822452366352,20020.688360512257
2025-05-23,8,5857346.59932965,19136518.931025207,5720114.337479426,15497342.932017807,1027824.0881047951,3232547.414839768,1520690.2290545427,2637,0.15117794275283813,0.00492494972422719,34925.42688369751
2025-05-24,8,2258894.4940184504,10628190.522570841,1894973.2814761596,8695291.834231898,427199.90969112626,1914268.2158848657,1014783.0160700509,2011,0.12397245317697525,0.004357472062110901,24419.303581684828
2025-05-25,8,4574140.683127746,14305142.191129155,3504471.143443097,10894135.278417185,833748.3220326512,2476104.8336130893,1250107.0760908911,2347,0.08564107120037079,0.003935701679438353,42702.09314453602
2025-05-26,8,7810464.370976821,19624449.255348116,5816925.424481135,15103322.243343677,1319416.4128130146,3262417.241581767,1620153.2373493179,2015,0.10800117999315262,0.004649634938687086,44655.31204396486
2025-05-27,8,4842231.121972509,14827124.313484408,3767969.727074522,11704881.47659076,763164.8568977613,2471048.667881586,1238736.9731381263,1311,0.13238483667373657,0.005616163369268179,47408.47974714637
2025-05-28,8,1923654.6369530559,9849152.958780855,1415925.7973016244,7637566.817414074,327501.3969134928,1769290.8617460157,843149.2057213823,1271,0.15811263024806976,0.005623215343803167,44373.71898341179
2025-05-29,8,5365170.57329496,15711271.89652384,4740311.239854514,12889519.005072342,853984.875183319,2652784.5437487885,1306653.0300463212,1542,0.17819392681121826,0.006018548738211393,44409.33845034242
2025-05-30,8,2785724.8635445684,11040184.629756182,2278967.892330747,8907240.599018566,475446.59363001946,1859387.2282259546,919284.8159847418,1231,0.17158930003643036,0.005647493526339531,35710.16116499901
2025-05-31,8,7258884.374334231,18762103.312303185,6509382.085832111,15245677.328838546,1154242.5873777156,3094338.774237628,1424160.5351346328,3326,0.1845172643661499,0.006363444030284882,32870.76918259263
2025-06-01,8,5292348.386329278,18272278.957824707,4230282.44709817,14535861.7256273,880010.0674275113,3084352.7258266024,1446314.0372538096,1789,0.17783479392528534,0.00676985178142786,41121.34346678853
2025-06-02,8,2533055.5417350754,12687238.573981218,2297112.759457036,11243230.017159915,485948.02868708124,2279410.03111214,1085167.3810789261,961,0.14486277103424072,0.005407761316746473,33291.7630482018
2025-06-03,8,2617650.32739529,14131395.53748101,2305784.054438439,11649638.06371205,454149.08742893464,2451575.3311170135,1149924.3483156003,2104,0.14996826648712158,0.005194332916289568,38496.11822074652
2025-06-04,8,2308157.168661535,14531109.80332385,2278899.704909614,12689645.086925142,397056.4788047746,2504098.3600538983,1181829.6946334776,2544,0.1607513427734375,0.0064091552048921585,38622.62891459465
2025-06-05,8,2833754.807019815,13580685.586315475,2493603.5999563,11582894.01593493,480892.52271026815,2300083.718114821,1116704.4913061745,2618,0.20234766602516174,0.007221907377243042,40663.921049803495
2025-06-06,8,2662658.124218598,14128823.987121977,2255589.5039132982,12400336.194382783,403906.4440722453,2347868.5385939796,1119027.5349413438,2532,0.25834301114082336,0.011810802854597569,38500.27205133438
2025-06-07,8,3847133.391135335,11202706.43901711,2957254.436313218,9622831.8481858,637828.0937856251,1914220.997608447,915250.4328645415,1957,0.21974055469036102,0.012247636914253235,47350.9640378654
2025-06-08,8,843525.6080992073,7432031.405111805,718694.3434388073,6461404.461985058,190027.44422149588,1468263.5282828426,757306.1849676967,2419,0.15625548362731934,0.010026146657764912,26214.322746157646
2025-06-09,8,5471556.35887903,14426387.28302046,4825949.354132262,12052051.6911013,1002406.1717262643,2641652.745620247,1262894.2032037654,3566,0.14286267757415771,0.006392893381416798,32797.59087881446
2025-06-10,8,1696483.3462608308,9007327.275248803,1401919.2491821037,8044697.675079363,356290.05689597374,1649882.7247489307,817798.2503975932,2862,0.15608809888362885,0.006725476589053869,31442.84745311737
2025-06-11,8,2330480.336374052,9526248.125899225,2003514.360315873,8036593.550926813,491460.578064278,1839055.786509183,906841.7001087117,3288,0.25973042845726013,0.0058473702520132065,25226.77253139019
2025-06-12,8,2741701.2308176756,12343914.305359177,2386734.8184468383,10834531.242664026,539700.9625435793,2181154.2514112005,1075759.534116956,2956,0.20956456661224365,0.006874792277812958,31532.924515247345
2025-06-13,8,5032646.698829293,13869055.406453907,4739000.951066612,12319314.002177335,908384.7272230154,2397940.3686179877,1190697.2593056858,1912,0.13854002952575684,0.006411645095795393,36926.28008195758
2025-06-14,8,9497601.380539715,18320339.555367008,8641416.305870678,15307217.898087703,1722399.3862698933,3261873.3254860663,1586144.7542873374,3643,0.10842598229646683,0.0027255259919911623,29532.07758307457
2025-06-15,8,8665342.560975552,18217278.550243303,7346497.713694054,14753993.930284003,1509681.8007439505,3054820.360761242,1319930.6246796937,5085,0.0649675726890564,0.0018228775588795543,37669.849397182465
2025-06-16,8,3189198.531914577,12347049.204637423,2810663.8287171423,10809677.44822312,561709.2853169158,2100701.2265689736,885771.2534259628,4370,0.009626316837966442,0.0007739255670458078,43051.94047173858
2025-06-17,8,3053540.0159793645,13651806.472945303,2757453.9820725843,11645272.382786907,520520.74652983446,2199945.8977106065,957969.9437365693,3484,0.012561879120767117,0.00048628111835569143,36243.44365555048
2025-06-18,8,461676.7567191124,11418833.44821307,416773.57680002577,10365701.769697942,104519.5033143305,1870232.855466499,790193.7472215088,3790,0.04744911193847656,0.000833087251521647,30193.578549414873
2025-06-19,8,1177264.6050263196,10059465.043074578,919295.9121970532,9045878.14981043,230135.97432626373,1719191.2697089964,834196.7449668633,2188,0.20883142948150635,0.002725468948483467,27716.278055727482
2025-06-20,8,2656407.9644530565,6761956.434721015,2046408.6230450026,5270726.71398559,519832.6785793338,1249940.8440590422,670232.5468300045,2218,0.1468755155801773,0.00230326596647501,29710.85406756401
2025-06-21,8,2635792.550904244,6820611.826345071,2049518.8650518493,5416508.74803296,505911.2843209183,1309535.9633312807,659947.1362502112,4212,0.028901640325784683,0.001414728001691401,29919.187573432922
2025-06-22,8,356758.13565917313,5470802.915897034,296655.91660706373,4520582.971624032,87641.08836410259,1015305.2795690608,537315.0585205519,2776,0.13306093215942383,0.0005116932443343103,17364.54920554161
2025-06-23,8,492516.6900688112,4856655.72401461,398659.8617906233,3655620.1411585594,109000.06921141414,860385.1037135548,468820.7285217574,2757,0.02561231330037117,0.0006309429882094264,23213.383681595325
2025-06-24,8,1573323.2519860044,6447777.72089912,1254158.2316911977,5092339.837957506,246105.6738376114,1060715.4881480318,499504.5788628123,3285,0.032452505081892014,0.0008799096685834229,35952.168962180614
2025-06-25,8,5928197.695611447,13559642.02289243,6138076.145532899,11988768.51889439,1060003.8668309674,2342195.4787143506,1053165.6285372355,4934,0.047641973942518234,0.0005342172808013856,39609.47339487076
2025-02-01,10,4415737.916147515,12982064.300275937,3811890.3933940595,10598783.612586971,875548.401548396,2488028.270441966,1222352.028647449,3763,0.18632277846336365,0.007564800791442394,30576.190399706364
2025-02-02,10,8493366.112789452,20799766.15353603,6749452.430209959,16341181.64337309,1398936.0938751092,3497823.4837444616,1680389.2239213402,3428,0.10610710829496384,0.005218112375587225,57382.968547940254
2025-02-03,10,1007433.2156093642,8555182.421521656,868529.5828647868,6946970.357919791,232015.95369145036,1607118.2624027906,803166.2629043807,3052,0.16378560662269592,0.006194408982992172,21340.838909834623
2025-02-04,10,1892049.8379894868,13726487.350487418,1462921.6620824363,11234664.531170782,362205.54345457035,2531940.6044379827,1269128.8653953904,2980,0.12150659412145615,0.004934907425194979,37208.28193619847
2025-02-05,10,2806839.983121261,15652195.070207082,2038809.4334612438,12101611.040449917,500244.76022470556,2704602.491101699,1205867.4188681613,3116,0.2132415771484375,0.008924330584704876,41761.18476113677
2025-02-06,10,5358297.26133614,20351912.826652184,3942657.818396168,15697976.119519208,1021379.1876400434,3573547.4388973685,1729509.0394722146,3152,0.27596181631088257,0.013374951668083668,42175.26186451316
2025-02-07,10,3081399.6731188595,7997001.124330476,2474361.697687164,6327637.281303627,611692.6208359567,1594804.3193257796,806413.7302649682,3749,0.2757219970226288,0.017489463090896606,25162.83580303192
2025-02-08,10,3338980.324313216,9942374.985640354,2757334.170792672,7464817.397515658,712887.455105031,1981191.2476196764,999054.5257526416,4146,0.27225103974342346,0.010606586933135986,30816.796672731638
2025-02-09,10,2755081.8766408563,15326800.149212591,2215501.904286103,11608720.31155793,574515.9849933651,2816162.992759996,1414928.3496509271,3817,0.25674334168434143,0.012999644502997398,30097.680880218744
2025-02-10,10,2199783.3591129035,6270473.126212195,1685055.3466610159,4982303.787076288,456194.2787544579,1274831.985531118,640463.2640171648,4562,0.30578961968421936,0.017368188127875328,21211.047591775656
2025-02-11,10,2201498.4456430227,7130854.979007706,1714489.0267430805,5564167.943344413,468583.4092824396,1432872.0016842596,735304.7308228295,4551,0.3326163589954376,0.016900375485420227,26916.799047261477
2025-02-12,10,1181322.2107634544,4058955.607329145,883650.8987928968,3137080.9680348835,231822.3464893694,811687.4624385424,404031.238610476,4348,0.3188529908657074,0.01222932431846857,23489.150032877922
2025-02-13,10,374363.07820381224,5586496.309020489,311953.93092780997,4479636.92777165,91359.22015683752,1117942.0423814454,587358.4924195742,3440,0.3409433960914612,0.008729594759643078,26347.32267343998
2025-02-14,10,390954.0395320207,7437431.72760953,325498.4049680817,5910487.00569375,94543.6526346697,1441332.7784622018,734754.8365001993,3598,0.38145166635513306,0.0168609619140625,21661.412648320198
2025-02-15,10,371880.7290431261,3697788.5886866525,307331.1278847365,2984880.516506672,90065.935910034,753635.2665283765,379806.2584995177,3651,0.3807488977909088,0.01946166902780533,19433.02070826292
2025-02-16,10,397212.0812070817,3322467.6130392626,327110.56947820366,2658605.8536422383,96521.44497940702,690451.3301681723,371963.45975255163,3550,0.36986109614372253,0.017774108797311783,19791.97693604231
2025-02-17,10,1901516.4197237268,6152473.177577205,1537804.8196834808,4882161.6839593,394289.67463723005,1254068.7683965997,669485.5683532495,4505,0.36435285210609436,0.022240782156586647,19223.42861559987
2025-02-18,10,2687040.4548868686,6403043.553193808,2065815.4768369726,5040322.365237057,551211.660795091,1313290.7415287995,673566.5135044402,4566,0.3480144739151001,0.029260193929076195,26145.40623998642
2025-02-19,10,3201263.9228008315,9150123.83312364,2497479.070882311,7024692.936766243,664070.2941253805,1753330.0005000029,877800.2676363672,4482,0.35982489585876465,0.0332980751991272,28607.68073692918
2025-02-20,10,3934869.1854784936,11426438.691002563,3101436.5572614134,8761088.658908512,791751.8506049081,2153550.5492018866,1062008.3629835884,4781,0.36705535650253296,0.04312087222933769,32082.50932559371
2025-02-21,10,4199092.264110208,14673281.523515493,3318376.0647927783,11026595.06967426,830275.9885107041,2628131.7186478693,1270986.2823919952,4838,0.3739558458328247,0.04403282701969147,35312.83605057001
2025-02-22,10,2772648.077515945,8301041.096617326,2169899.4915394797,6477680.015361652,552115.3093527982,1615018.95268139,804220.3037875168,4769,0.37219521403312683,0.04029179364442825,29688.60169300437
2025-02-23,10,3272719.6612790376,8925682.770103678,2645480.071940806,6974784.698590098,651019.1218138448,1689455.7315863778,781783.2492023269,5098,0.37095221877098083,0.04135441035032272,32684.349663078785
2025-02-24,10,4154438.7867655903,14058639.646898359,3305651.025701776,10843512.10128796,823393.9716225893,2514644.137120746,1205381.9286401386,4727,0.37361034750938416,0.03713506832718849,34557.16389012337
2025-02-25,10,2687151.0577258617,7649162.324620143,2127597.8843952664,5972241.811004957,580050.0499605908,1525753.388660739,776297.9969165273,4885,0.37984105944633484,0.0437508188188076,22971.137933045626
2025-02-26,10,1377007.8294036984,6556815.157750323,1126796.6484212722,5191404.867086872,292772.4579824583,1309559.6024409453,666214.6062668992,4264,0.38186177611351013,0.03428545221686363,19670.82137528062
2025-02-27,10,797278.687351793,4643493.891702019,670607.7808298448,3666357.560390861,175850.81705350205,913916.0706320765,471454.36704696715,4255,0.405934602022171,0.056917954236269,18198.560115337372
2025-03-02,10,455256.27081274986,4130924.443694085,444544.4137878879,3574829.097408656,99911.56359834856,769924.2948507172,348127.7989857724,3195,0.35329470038414,0.022368857637047768,23875.940203279257
2025-03-03,10,1889335.9397538975,8200218.951850496,1630314.1646487354,7592055.684216851,367641.9676109133,1524230.7594876508,714576.1088513595,4103,0.15827973186969757,0.006935197860002518,25230.88924124837
2025-03-04,10,2886278.8613468856,11129341.249711655,2539236.250518961,9052132.218976945,519442.48217207595,2026731.8770303125,931979.6235278745,4854,0.0924932211637497,0.0035190482158213854,30040.37290224433
2025-03-05,10,2769567.2380908877,11596018.086235866,1894741.6835351998,8985660.420310587,490110.1714092025,1917362.202444677,809703.8897130212,4715,0.05110734701156616,0.004202879033982754,42167.14312270284
2025-03-06,10,5000787.998492628,13752896.232407764,3737006.7916269517,10647702.16163798,834931.2987160243,2264333.7099928693,986705.9991801546,5046,0.04801113158464432,0.006383500061929226,43462.25659188628
2025-03-07,10,8662785.693200067,19342831.215311304,6724407.269378071,15463200.345251968,1501362.7857958407,3214578.54232423,1468837.0368906544,5224,0.0643097385764122,0.00916949100792408,37934.4196062088
2025-03-08,10,7297345.741062313,17600125.256820753,5070381.765031064,13125783.101812055,1135710.1365717626,2851912.9588635345,1269801.9213361638,4959,0.2595142126083374,0.01586390659213066,40742.94561740756
2025-03-09,10,5558929.349699758,16276658.078821734,4348460.341608051,13390261.096904432,1016696.076814736,2850959.070370311,1355739.679775192,4691,0.22198820114135742,0.0215454138815403,44362.88928490877
2025-03-10,10,5948337.631073892,14351460.865068942,4755534.0612398125,11378141.463585382,1096726.0970943714,2524306.405434123,1238142.6354950208,4434,0.27177339792251587,0.026206066831946373,26840.324161589146
2025-03-11,10,2880172.627832718,13032630.753806055,2630713.5747990077,10747708.202739403,546391.6105416183,2279842.8376498483,1114973.265370912,4075,0.3435632586479187,0.03243107721209526,27465.28248515725
2025-03-12,10,1844816.274985388,4940568.071335278,1448493.6325953142,3790469.184093309,376122.81276534277,964506.7853492923,521868.80582525895,3314,0.32269200682640076,0.04238717257976532,29715.705351889133
2025-03-13,10,668234.3892179132,3059489.9341330826,577133.0052737896,2496844.21747571,149690.55970850072,621795.9159649364,340680.2886947257,4000,0.3756293058395386,0.04416962340474129,16371.78910857439
2025-03-14,10,622744.4308861196,2872122.4230878353,570323.9668939069,2407897.4639893863,134286.691915024,602715.3934873431,315866.9633804519,5131,0.41261839866638184,0.08368255943059921,24883.35601258278
2025-03-15,10,1342918.5820061862,5586983.6230555475,1116999.8327320684,4217020.015171595,243270.0182651249,1012536.856032324,477319.5337879005,6535,0.34928762912750244,0.0403609462082386,41446.04981803894
2025-03-16,10,310855.69026479125,3953332.8875045776,267771.893855357,3016724.459738943,77997.73821282927,688019.9074559541,326785.37344143837,3661,0.2689862847328186,0.029238717630505562,26777.0080511868
2025-03-17,10,1366767.7743543088,14109781.391801909,1132776.2853258278,11378866.33932219,228428.35965422203,2317948.2924471535,975332.532953561,5371,0.2912669777870178,0.0276062972843647,30292.70164269209
2025-03-18,10,1122932.4291798398,4698060.00793726,891234.8287948938,3915537.6343919514,211156.82553811997,895464.4297017764,455770.69217506296,3901,0.2875202000141144,0.023515846580266953,26662.870555222034
2025-03-19,10,4306140.335179254,17099203.65429827,3159985.6043561483,12691905.265589474,623316.1479104673,2805715.7629161896,1308144.2245693426,4101,0.23853564262390137,0.02320501022040844,36562.81577578187
2025-03-20,10,1512228.090195246,5460852.77631925,1185955.4022016039,4326839.548004752,275543.0533725426,1011590.0522718184,504961.3649239579,3886,0.2859756052494049,0.03048248402774334,31531.232727110386
2025-03-21,10,1359057.5430314243,5007639.062352538,1074188.3465833599,3858008.5413385406,245837.40363425165,938340.3175642006,479497.77864205895,4725,0.34565433859825134,0.03916896507143974,22584.58308529854
2025-03-22,10,953884.1570545435,3854100.2024196982,767879.695599155,2932927.566825479,172458.43336258666,731550.8893875165,361818.2471853484,5478,0.4156687557697296,0.07399759441614151,18458.556699484587
2025-03-23,10,1094482.781158045,4296430.64931716,852940.7154369111,3261842.0786894863,197774.7446597938,815830.0668978277,396066.80484886543,5079,0.4176828861236572,0.10579519718885422,20304.700243145227
2025-03-24,10,745762.3425783217,3005601.9893106148,579540.1146254699,2397817.116014676,154259.17032523814,618126.6553705167,348114.26648209087,4211,0.43802958726882935,0.09879125654697418,24751.943924456835
2025-03-25,10,194356.0287346542,937393.6086797714,155388.16820097723,756579.9486740418,44653.51821197537,191274.53097987693,98711.88919945381,3083,0.42458125948905945,0.09295206516981125,10253.713734865189
2025-03-26,10,1126014.723965466,3451635.0612041056,890382.7214057781,2652175.138458025,206978.1350440889,657905.1727901882,323763.0273756363,4225,0.4019929766654968,0.10152347385883331,25071.395174980164
2025-03-27,10,571118.134116441,1937250.0284714997,464630.0362887196,1489848.4471643248,133341.08650787704,444395.4626305192,222503.60918658794,3541,0.35458803176879883,0.02890048921108246,19169.354203134775
2025-03-28,10,1107156.140197575,5350373.984020755,942036.5295177043,4371448.987831617,216373.7277700517,915817.839588168,388190.5269280974,3723,0.25603726506233215,0.02667219378054142,29965.017970085144
2025-03-29,10,441891.3273512125,3225102.2185440212,375375.589614053,2538971.303434463,100609.71517446588,641921.7664001639,328121.29420691275,4410,0.364420086145401,0.05092881992459297,25745.360745310783
2025-03-30,10,2421167.753492698,13320994.57472001,1717927.2939319985,9970478.629661337,372921.0848558048,2198968.3955861977,991173.057589721,5125,0.36206793785095215,0.05041014030575752,45053.90890970826
2025-03-31,10,832833.1662654579,4401386.063208841,663015.4394866122,3388905.447582046,161680.89021644887,831599.6651142195,404767.13400494674,5331,0.37640485167503357,0.06545538455247879,28061.88424822688
2025-04-01,10,1142222.290001586,4240281.577768683,914612.3254535057,3228153.0481919684,204095.21823547606,751635.5891690844,334954.48905807536,4644,0.36408838629722595,0.0782410204410553,28421.70647186041
2025-04-02,10,511429.07920873165,2061703.4295725897,440044.2960729153,1770562.621911773,111795.67687312882,433890.7722675805,227447.2824681697,5066,0.4019825756549835,0.10782117396593094,24218.81549066305
2025-04-03,10,377751.3956307769,3721074.248122275,298597.69670557685,3048525.7501977556,87880.14083567474,752545.1872215797,419813.13460532716,3979,0.35470011830329895,0.05228891968727112,32058.906424224377
2025-04-04,10,1622199.8519271761,6005268.424283259,1172038.1031983523,4246595.6745652035,323793.89685170504,1129792.878294866,557571.8595962413,4407,0.3180229663848877,0.050945401191711426,41803.26611790061
2025-04-05,10,484243.90362268686,2670660.6334904283,400647.71684371715,2039970.2025278378,109400.18432741525,531796.8870953377,278372.1998608515,3381,0.3195573389530182,0.03844625875353813,16662.8860091269
2025-04-06,10,828634.215728119,4278641.269233979,673939.319865522,3293138.482624523,171166.1205305048,828373.2250072896,405347.61899366113,4728,0.29138079285621643,0.022084105759859085,23144.48178088665
2025-04-07,10,1968356.7402985021,5549001.316800863,1559738.795598166,4292672.383221113,370356.3650225174,1062744.6361876752,531025.2038435701,4647,0.3697909116744995,0.061629001051187515,21982.63700607419
2025-04-08,10,1258364.0623561814,3445579.152450405,1035492.5215865672,2797498.184274086,232942.2067150601,673202.1494495106,351767.92042868707,5207,0.4031473696231842,0.04268965870141983,21069.561288118362
2025-04-09,10,695381.8835984021,2212650.5571341217,612018.330535975,1838698.1487675682,147207.15915579934,454104.40556349105,247712.83922747662,4597,0.4125414788722992,0.10018063336610794,17760.01008850336
2025-04-10,10,476262.92938134074,2236943.0186169744,371955.83679509384,1714820.8993659406,104628.00093014294,462515.22949600394,235690.7374412689,3889,0.3968164920806885,0.07720140367746353,23106.34484282136
2025-04-11,10,901772.7107475102,2699254.3640494347,725677.7473083362,2212633.593320757,154670.0012171424,508014.6973892051,262139.60262855422,4287,0.40435412526130676,0.10743965208530426,25827.35670620203
2025-04-13,10,3683711.0914789736,11958169.253142297,2827982.7884505885,10024714.629554838,649320.6193072093,2060615.5246507875,912257.1611626281,3515,0.33026257157325745,0.025851279497146606,40598.27271747589
2025-04-14,10,318241.6274252236,1298277.737104319,260993.11779514898,1054019.9227729146,78212.41698792715,289335.30196215736,160644.94716907985,3159,0.232878178358078,0.010654818266630173,21615.90821814537
2025-04-15,10,357847.4576550573,2065633.3102376014,296378.4132431702,1754635.5520340032,87696.94131808722,453695.8954365167,233423.98711411946,3684,0.31455618143081665,0.010846301913261414,17254.04407274723
2025-04-16,10,579845.5546074063,2889578.6971570775,464439.9882386356,2286203.046489663,114939.16439411468,575977.669300776,284578.34418249544,2798,0.35452550649642944,0.02010153792798519,18872.920543909073
2025-04-17,10,493520.33721378446,3115962.384305924,418542.45617452124,2407788.9655338973,120654.7452062387,626214.7992688111,343262.8948575641,4416,0.32311248779296875,0.03151124343276024,18767.71484270692
2025-04-18,10,1095601.3113364577,4541530.981802687,846665.0123845888,3570612.1641170336,241593.09813148133,888874.579404222,485816.323356671,3786,0.4107145369052887,0.04007725045084953,23311.157670766115
2025-04-19,10,935409.945545733,3555811.757106304,789661.5111484147,2791745.851912977,211083.90650682925,730614.2836034275,412172.34909454774,4205,0.3780030906200409,0.05057299882173538,20688.293245255947
2025-04-20,10,448304.4179484397,3531688.008573875,381441.79194835905,2931203.6436644588,96703.60221254887,615946.371229874,245542.0122576959,3869,0.15260693430900574,0.011942229233682156,20818.4303188622
2025-04-21,10,583505.0468779504,4071776.5061756372,550861.1734039867,3068296.2710028505,104971.00257278324,662604.2776099297,297954.35956453934,3704,0.31821978092193604,0.033783480525016785,19282.62520700693
2025-04-22,10,2685503.404543802,12885625.466336004,2503419.8952645627,10685435.13420144,468980.55959634436,2185685.78758589,1019017.3267872708,4266,0.09329989552497864,0.004629147704690695,41784.06936690211
2025-04-23,10,577559.8563760221,8022652.828157365,466292.24084360054,6335391.275877045,105753.48643128143,1228087.2192557738,502851.43212273833,3708,0.06614869087934494,0.007867986336350441,37018.57060235739
2025-04-24,10,1611908.0615788102,4322785.432530224,1248240.7092726557,3322178.3188528796,317035.62000812084,823835.9067291266,382553.8667189734,3728,0.08010294288396835,0.012819611467421055,20351.74478009343
2025-04-25,10,3355762.6338877976,10839821.645413175,2442354.1387138595,8267445.655638523,493598.85236873105,1704036.2055638449,719095.8449191087,3919,0.23129895329475403,0.02301841415464878,40361.652625352144
2025-04-26,10,882644.4165032804,2734181.358488798,636379.3499644725,2126158.3481332026,186584.8485653653,583773.4449175852,281740.98008531966,3963,0.3651682138442993,0.0588538758456707,24626.359902888536
2025-04-27,10,1193726.1493580937,3206655.6430798024,1067416.2917583496,2644438.153499689,234562.4816284803,629426.0135137284,315504.91026775085,4842,0.4135134816169739,0.13115553557872772,22862.20362213254
2025-04-28,10,901002.2922107279,2585226.0441932976,733771.1050962317,2022963.8563482834,184716.8511567378,531549.328083847,274167.4427156943,4427,0.4262866973876953,0.11430476605892181,27745.234477251768
2025-04-29,10,644764.8267584145,1637330.5884907693,600156.2884495293,1398423.328405147,150621.88984898367,384377.10492437007,210387.81104590328,4070,0.43162012100219727,0.14118053019046783,25562.467899650335
2025-04-30,10,987744.0740660429,2808683.3983828127,865744.8537688856,2320072.6272922,201769.4065498393,571671.748181698,283184.33479206695,4297,0.42569470405578613,0.1505829095840454,37505.97554984689
2025-05-01,10,1367815.0319550037,3954854.661005914,1190964.7974761573,3231751.164771665,280294.78235359065,748154.4167650682,402699.49148982926,4536,0.42730310559272766,0.07902859896421432,23731.755495727062
2025-05-02,10,1051403.9739675522,8969371.58554463,785700.8220340158,6892727.334843443,204200.0631787319,1632056.6248629645,737470.3022269167,3044,0.33226293325424194,0.021665966138243675,28470.926466554403
2025-05-03,10,458797.01401828974,1716279.032414399,364503.0184102857,1297899.9429880022,79751.74485369927,342539.1056971721,180775.32262040713,2166,0.3094802498817444,0.006596836261451244,15393.203620791435
2025-05-04,10,569577.1955437064,5954335.350457951,463610.919859466,4453365.998428021,114144.72774961745,1064999.1101106722,506993.56161626335,2276,0.32519903779029846,0.012853749096393585,17640.522929638624
2025-05-05,10,383958.26470528543,3591355.6900168955,319071.7182237976,2905033.666574791,91909.9867376211,688831.7063439188,353151.9456951221,2888,0.35666516423225403,0.019398508593440056,17007.945806235075
2025-05-06,10,3042062.418652594,16525238.167373404,2587157.520503967,13126727.364303242,555506.450175059,2742387.693664293,1275968.8340677381,3439,0.3392265737056732,0.01814490370452404,59860.051416128874
2025-05-07,10,2866530.8659090996,15478334.88747254,2127911.619983102,12426620.074037982,513492.06061407574,2542088.7140517007,1167978.7327021612,3179,0.23888355493545532,0.019919512793421745,51010.84899312258
2025-05-08,10,3823072.8416128457,14483320.093071595,2852273.2805709955,11395499.833319936,576134.584918507,2342723.273363775,1122314.821346983,3352,0.35255739092826843,0.04843347892165184,50273.21767896414
2025-05-09,10,1937830.256376475,6941513.034010276,1535409.6175710843,5511406.8484248705,214284.77713167862,981364.314676096,427850.1185191577,2233,0.1394958198070526,0.005106582306325436,32342.455458909273
2025-05-10,10,2138140.2985299155,5432638.6405135915,1707496.8584147024,4359212.828071294,426565.8025434412,1019382.6683779334,529840.8473411193,3674,0.051375862210989,0.0029961545951664448,28325.464190363884
2025-05-11,10,1520201.5884436816,9906537.22010392,1166176.0923938307,7868658.628229241,223114.2134891187,1515339.8874136438,647961.6513180443,3018,0.0318254791200161,0.003400244051590562,31359.627844274044
2025-05-12,10,1957129.129849553,7965203.937607005,1533148.7856369065,6275936.4027806,350931.3399146494,1316230.9254704744,633102.2581900886,3232,0.09765574336051941,0.011324108578264713,25981.710746198893
2025-05-13,10,2866627.960722059,8827979.545703173,2147626.0300981794,6656461.288044956,448753.50816100894,1364750.5019398583,648948.0093222385,2214,0.08994486182928085,0.020537741482257843,36493.13870194554
2025-05-14,10,1016455.8999217153,8541094.79674755,770571.9502206533,6678595.619192101,177898.5671735598,1414319.4018547165,707534.3609329828,2738,0.36517569422721863,0.052387744188308716,22307.47851628065
2025-05-15,10,677657.1890062839,4273823.077392928,571978.1068389077,3361980.9034476103,142735.35978890464,790840.1165803336,394367.54698967503,3131,0.27372750639915466,0.006549369543790817,19051.744227349758
2025-05-16,10,401700.2275379151,2556717.785656467,337382.23394961085,2083386.8091552046,99994.36371371127,563001.3045647449,289565.4169835559,3120,0.34731242060661316,0.011443117633461952,18915.211610019207
2025-05-17,10,329436.8729634285,7902910.6077102125,271084.8779191994,6193858.984006639,78268.1951947223,1188709.985506876,478433.6285874318,3395,0.2173091173171997,0.005497634410858154,30724.349360525608
2025-05-18,10,1300187.699467048,7449648.938023791,1034726.9457353387,5801354.898363866,237945.55341472442,1234748.5573506895,528480.7311710082,3038,0.0347016416490078,0.003589760046452284,27811.97716331482
2025-05-19,10,1345641.7104605138,6450770.322700232,1057462.2227035381,4970835.983199995,240339.60477400324,1081875.0592918626,543870.35347033,2501,0.08989964425563812,0.011658012866973877,32964.757953614
2025-05-20,10,1832767.1848789155,4001911.1525723636,1489655.03305249,3110392.9763408466,389273.0025592906,824862.020692208,424411.3507273575,3123,0.12873101234436035,0.006983675993978977,27161.529442727566
2025-05-21,10,3512384.453928232,9690931.931029707,2765265.319821854,7731422.425260678,624938.9014176105,1621852.573973679,770879.8378399297,2378,0.2344144731760025,0.02745058946311474,28417.721300810575
2025-05-22,10,1458591.6755501628,4904803.0649163425,1248895.056565695,3960414.159429757,276452.04836173553,976193.1480419192,516764.85949411767,3363,0.22453013062477112,0.01036575622856617,19935.327610999346
2025-05-23,10,566527.9736222923,3991664.53419818,460253.98133770615,3238318.3768170183,121612.18336799949,809273.9682533983,408383.43271646113,3429,0.2614237666130066,0.01692228950560093,20193.444324076176
2025-05-24,10,5190580.8822980225,13928654.292388998,4515966.708863766,11470557.95949966,937768.4193048421,2540170.1397338393,1306439.8641094756,2190,0.17784248292446136,0.006221272516995668,32035.057491123676
2025-05-25,10,6095822.590726808,17676262.41437827,4431869.684783837,13327865.741862316,1028146.4462558364,2876999.4802502543,1407555.240205457,2636,0.25488394498825073,0.018515998497605324,45509.08296704292
2025-05-26,10,7906166.37522383,19412748.978176415,5667766.351570063,14918167.530487476,1365635.4395714374,3260072.4463199005,1629806.9378574109,2138,0.303299218416214,0.02532275952398777,48867.74819737673
2025-05-27,10,3841327.445340961,14772238.432694003,2708208.894525741,11292248.549072891,675477.5612779561,2488122.7454883773,1253624.4555910784,2053,0.33730390667915344,0.03726249188184738,46436.97875368595
2025-05-28,10,1796850.255527839,4829981.0764249265,1482336.7686409315,3903904.512469854,322883.8204094132,956136.8358342566,523270.8018150088,2225,0.31717967987060547,0.033832915127277374,18829.649658083916
2025-05-29,10,3655373.0453612804,12879512.110389873,2744766.4566106386,9659757.852794664,602921.3817372994,2102595.295023245,1067684.98550306,2004,0.327014297246933,0.029053591191768646,44595.59252682328
2025-05-30,10,1675746.2777181864,9149947.811829284,1364975.7393540004,7172648.206967769,289008.25245708576,1615982.5597410186,818454.8127816985,1826,0.290436714887619,0.02716743014752865,38077.697738051414
2025-05-31,10,6335555.779923722,18593184.278044015,4628122.88423759,14006955.01294035,944868.8306807029,2934927.0756366774,1382447.1690090096,2570,0.28791874647140503,0.0342613086104393,47445.68095943332
2025-06-01,10,6310606.601821139,17912435.617049396,4753724.031114764,14369827.317097317,998809.7715754851,2908779.1763293752,1373936.2915230042,2715,0.3071341812610626,0.042978402227163315,55231.198790729046
2025-06-02,10,3469166.6884962544,15148091.846601658,2898982.039133572,12154939.17980651,567494.2414944479,2623572.8882448873,1290292.3444950557,2269,0.22045807540416718,0.012338179163634777,31203.6344871521
2025-06-03,10,11877139.510989353,22777349.93911922,10072959.300825322,18397048.93025872,2111398.1778776143,3878769.569249235,1801172.363213779,3568,0.3178343176841736,0.026650672778487206,39122.51894503832
2025-06-04,10,2174247.4064192325,13172275.710618764,1646262.3725769054,10478315.186996095,349069.0762688664,2167918.1274896925,997253.5976944937,2817,0.3019217252731323,0.03705286234617233,35606.164035886526
2025-06-05,10,1131258.168995604,7740003.374127731,886240.107133517,6004750.08406056,194778.1511080003,1317836.28084418,624100.1122301971,2769,0.3790222406387329,0.051412422209978104,30285.373241126537
2025-06-06,10,751683.2573680431,5657086.520887062,598291.4506859577,4513236.9348827265,140386.53966223507,1097194.0646622716,540108.5243637521,3361,0.35913023352622986,0.0464647077023983,34831.20996582508
2025-06-07,10,1417614.763834998,5170683.428234138,1139539.443147,4115927.7071053344,295755.1707947176,1019471.9646210673,536962.7792375901,3104,0.367296040058136,0.06319385021924973,22369.33773100376
2025-06-08,10,1357676.2614972442,5654344.71509067,1157904.655461211,4467892.966120895,299760.3802597301,1090611.877374542,585880.0164090181,3003,0.31474828720092773,0.021037587895989418,26005.797444820404
2025-06-09,10,619170.196562618,2885333.944433108,485453.1380265133,2286435.285645135,136456.38235702264,625211.3559872834,330297.56238906184,3635,0.3327859342098236,0.029237285256385803,21425.980754494667
2025-06-10,10,946546.9305242449,5443034.2621293515,733708.7381194988,4290985.746494362,195060.31471363222,1076603.9207796378,591826.4255334756,3438,0.28716856241226196,0.035890206694602966,23642.82353490591
2025-06-11,10,5240440.769183591,15354909.261822835,4233248.557626236,12550940.104785427,934993.3120445377,2613209.0420013624,1239976.879416012,2599,0.3305627703666687,0.033838678151369095,49153.7681927979
2025-06-12,10,441168.02583274245,4026510.3644711673,371588.95082880603,3051139.653543407,106994.43107399478,820397.057204597,428477.8891451838,3903,0.3763507306575775,0.042613569647073746,27719.376742511988
2025-06-13,10,3802655.4914994985,16211013.632697538,2881791.6737308055,13017613.454539228,643012.628046575,2659678.6712544183,1183682.1347404774,3846,0.34383082389831543,0.02566797100007534,43146.575518757105
2025-06-14,10,9889740.824877635,21527681.26601176,8369080.228870983,17237619.269753575,1737005.653558218,3580173.513301995,1600696.3624124322,4932,0.13082735240459442,0.0037638151552528143,41621.83722603321
2025-06-15,10,5335970.095951527,17911606.261095285,4324947.690202836,14703474.207560444,923448.9376583553,2985822.813848089,1314551.1083505086,4605,0.27421000599861145,0.0086979940533638,45723.772700876
2025-06-16,10,3882797.847214952,10983454.715385094,3057205.337181861,9031622.991843436,621955.6113277158,1812075.5642536352,739687.3779221256,4131,0.015050764195621014,0.0010779028525575995,35971.4597761333
2025-06-18,10,1212871.6912257075,8372238.191906452,848026.5486004429,7302295.072957411,242449.490891904,1467307.6356693031,657710.7788744464,4098,0.23755896091461182,0.004151785746216774,40698.68041867018
2025-06-19,10,1561306.1656852663,5663870.086633965,1277663.341811704,4441531.897503959,314798.3166655817,1064979.0673122855,518047.6434310862,2103,0.2431909143924713,0.01374335028231144,24298.706174641848
2025-06-20,10,1708897.516718179,3814107.647206068,1374360.9165701028,3037569.153677078,360414.4559762245,788546.0912724343,399664.82513478067,3193,0.17762401700019836,0.004681240767240524,28326.248495310545
2025-06-21,10,1461134.7294925898,4249431.149692811,1115762.663969828,3503148.9332134183,276843.54939350573,798590.0439288721,436259.10911721154,3988,0.05915313959121704,0.001225689542479813,28082.96257057786
2025-06-22,10,827465.9266697317,9917863.95842509,575592.2614002536,9045082.423116067,174274.01007452965,1721684.607095744,794231.2881181268,3132,0.26689016819000244,0.0016356618143618107,38221.81197339296
2025-06-23,10,492021.1592359692,4945886.954647839,397586.0489815769,3877348.052750772,101625.76114080675,914055.6745878651,480454.5462996287,3096,0.07558862864971161,0.0037732848431915045,28199.30479606986
2025-06-24,10,341541.3542058468,2831465.057764232,282480.58646950335,2365095.1629502196,82162.70747388584,458851.0679560618,214221.8164083311,2377,0.07826204597949982,0.002632137155160308,19119.96777495742
2025-06-25,10,832501.0726504177,6577231.213862792,667724.1416263117,5478453.412920836,157374.08301388577,1188263.31856744,567734.6788792459,3240,0.029295681044459343,0.0007547300774604082,27238.058074861765
