date,hour,top1_pop,top5_pop,top1_pop_day,top5_pop_day,top1_pop_old,top5_pop_old,top5_old_house,wui_top5_cells,max_prob,mean_prob,top10_pop
2021-02-01,8,3256576.0432382524,9755129.044256017,2409045.3162073926,7862560.684884988,657610.2590588256,1891858.2295113327,952958.7246034526,3599,0.17342932522296906,0.009057595394551754,36898.995312422514
2021-02-02,8,932363.3659863323,10555790.08919692,779474.4210903414,8752151.067241712,191916.2935717058,1837059.9004169023,875028.2914860535,3161,0.20554131269454956,0.006405097898095846,17549.69534164667
2021-02-03,8,740543.5034573972,15043398.248263612,616702.4398222318,12616020.501548568,167698.42217531154,2661402.171409612,1227279.9625441928,3049,0.23674382269382477,0.007537153083831072,27229.226441442966
2021-02-04,8,485621.02917683125,3542008.766421184,401194.74769582076,2789220.5000440567,116758.75197203452,729506.0566597895,418955.23606803716,3704,0.32169392704963684,0.013861670158803463,19768.401397645473
2021-02-05,8,1617965.811722517,13185884.036653355,1251351.9655293846,10702313.635215528,310474.2209938079,2358684.7403456327,1144699.2528973557,3616,0.2543919086456299,0.011647703126072884,21826.148444265127
2021-02-06,8,1977411.9420532137,6443918.081226736,1585283.9019573615,4934313.998656411,401649.9947880613,1243238.2570382792,656515.1553099675,3155,0.2461591362953186,0.015821656212210655,30025.0626873374
2021-02-07,8,3372864.0576987416,7339326.704812959,2584839.305044711,5630565.629633739,682917.9060873971,1455489.0595483067,751272.8463767911,3418,0.11495007574558258,0.009707673452794552,30352.722999215126
2021-02-08,8,3252645.8098796457,11222955.231866479,2568090.595359171,9140992.711443396,683603.532788984,2174036.580437901,1047114.150430452,4398,0.2031169831752777,0.00798086915165186,25902.398819118738
2021-02-09,8,3551468.13566944,7783284.303072572,2830018.2026132676,5962331.178244578,744699.605212074,1566504.51433072,786298.1935170174,4378,0.21168172359466553,0.012217939831316471,26401.85660415888
2021-02-10,8,1609538.4665295482,6535643.391700089,1178395.0682635247,5073816.873144493,351500.4940722005,1275775.031615539,610220.9310117717,3921,0.2687346637248993,0.027679339051246643,25709.643521130085
2021-02-11,8,867244.4761389941,4313380.177564397,635573.0276476457,3222508.934861986,169040.59392929112,869364.5661152712,435489.18368957785,3298,0.255984365940094,0.024196408689022064,31385.98089647293
2021-02-12,8,258783.3068602234,2097187.1660072505,198388.13750131184,1551164.8755780556,57503.22429277151,435085.4038458014,224525.693668216,2389,0.27909332513809204,0.02555765025317669,18519.999752819538
2021-02-13,8,345038.9660793394,1017970.974523887,258616.9796232135,769698.0386643136,66457.23339803627,219156.4646987778,124868.7236580979,2141,0.2659153640270233,0.025701133534312248,22491.871289551258
2021-02-14,8,262120.44375893474,540520.5796154588,212907.9437032988,456490.6571824728,59775.92912839571,129135.66470137374,73439.96344996404,2095,0.31217122077941895,0.034395113587379456,16491.632083147764
2021-02-15,8,333065.4464094341,1033707.017962724,273544.765081975,846181.3751208297,82797.22733684484,244356.37598080622,139252.20978192272,2996,0.22540326416492462,0.020691068843007088,13542.6084484756
2021-02-16,8,1747430.8835905641,8843791.334608972,1309476.5226816402,7779057.031255471,321362.01547780895,1625799.8035498513,728555.9100037718,4121,0.18819649517536163,0.00981532596051693,35457.245288819075
2021-02-17,8,1918649.1424940377,8433493.371779397,1631453.862416132,7009502.512547542,357582.61840720475,1561155.505694252,721087.3380191184,3714,0.18805481493473053,0.01260644942522049,38494.65382933617
2021-02-18,8,2046141.6569546908,8451767.757454097,1708798.4566573817,7234844.699814459,387187.27114192705,1516191.6889506392,665780.5188426123,4443,0.1936604380607605,0.014175216667354107,35269.75156337023
2021-02-19,8,528164.5339952111,10393621.989437476,420129.2833021924,7662389.056927411,126970.29924613656,1958499.2703723512,854476.1426857873,4185,0.28476646542549133,0.023364253342151642,28983.41948455572
2021-02-20,8,1065169.6955896616,5129023.376302928,840311.5735014685,4078105.4607016793,210219.8449609399,998925.7829779119,497922.56396542775,4183,0.25928565859794617,0.020307978615164757,16231.841368943453
2021-02-21,8,958181.7941129506,3816558.8230597824,729421.8446522758,2883599.0324928476,210188.5641803324,792279.00118304,426181.2989278612,4011,0.27977341413497925,0.025082502514123917,24517.418807327747
2021-02-22,8,647976.7796501815,1193013.694675669,506107.8911525464,951867.9051267745,116485.64657831738,234108.97101769055,123142.5615890166,1723,0.2690437138080597,0.01804909110069275,12715.429411053658
2021-02-23,8,2626651.6619114876,5972118.870563,2095424.3893180722,4861043.683061739,502835.78870709497,1154367.7050319777,600477.7886741281,3839,0.23777088522911072,0.02073327824473381,21680.239166349173
2021-02-24,8,1722388.1394318044,5056656.50896582,1325702.9695062255,3955424.0213585086,341500.81954681117,1015262.0602944754,491831.14417745074,5013,0.2847077250480652,0.04135991632938385,18134.572079896927
2021-02-25,8,3472502.7034556866,12656809.520885527,3212709.256306552,10354193.014349129,597348.372431739,2156166.3185485266,998371.304707404,3948,0.2831999659538269,0.044070132076740265,43032.35725647211
2021-02-26,8,2273319.610711813,11818621.2157543,2522646.4379516756,10086036.151234647,389373.8682092851,2072361.7944881953,895374.5113210371,4534,0.28921520709991455,0.028806518763303757,34458.80508553982
2021-02-27,8,2551221.8030281663,9715871.564561844,1802096.4649315875,7909212.888086246,474543.6575246066,1775865.628593821,796927.7278105661,4861,0.27703046798706055,0.025752419605851173,33711.32857736945
2021-02-28,8,1203419.7886306345,11372781.329053432,853755.0238679273,8888435.625927983,182645.65463575165,1893892.8482934714,778625.898920205,4388,0.22054722905158997,0.018838105723261833,38437.572839707136
2021-03-01,8,1069913.2696897388,5089910.786757857,829640.6135411502,3902697.6719821934,200755.48305243248,794420.9411466351,332946.41397405486,2764,0.144758939743042,0.014271593652665615,24632.052733391523
2021-03-02,8,1067212.4887955934,3498020.761097014,745214.9585351738,3043228.553453543,160075.20633917607,598963.7961611273,258872.09928302502,2976,0.027425050735473633,0.0018337070941925049,22596.26543146372
2021-03-03,8,1226832.4770594165,3160597.3500912115,832441.9912830966,2493007.314221428,191050.11341632073,553489.1706729578,283036.55041568563,3194,0.03627711907029152,0.002122196601703763,20457.756341725588
2021-03-04,8,1477953.16406551,4814055.857146613,1031920.7748790818,4235860.73960038,216683.1869710039,806959.3743358809,391881.88438858447,3230,0.03157862648367882,0.0022662801202386618,25615.7242962718
2021-03-05,8,916262.0230824351,2450911.5827267617,594444.9780509523,2144963.2761057923,131747.9962616084,400079.6061273081,201587.3601454736,2870,0.016334151849150658,0.0016956973122432828,21793.923014491796
2021-03-06,8,2590785.766091734,12969224.406008571,1808068.4962945327,10767328.821378348,458036.89057035145,2288838.557593073,1006057.138884546,4633,0.09150297194719315,0.008122432045638561,37815.566236555576
2021-03-07,8,4242096.659222275,13809561.914868921,3907318.3706134986,11766924.593293235,714913.00792832,2335585.9424161008,1041955.4739889358,4039,0.11937663704156876,0.00783914141356945,43812.102065086365
2021-03-08,8,4801174.802265972,15305772.984799445,3927085.6244568964,12161831.765487146,753195.3853229651,2547862.778624399,1053186.9917651298,4610,0.08740382641553879,0.010319259017705917,44974.08776187897
2021-03-09,8,3890381.805967748,12084140.99688214,2999848.294563651,9499079.837225981,700157.7206364992,2096676.5631963243,912105.7661653296,4404,0.11236230283975601,0.011594177223742008,46468.845093637705
2021-03-10,8,1660583.107858494,12439231.900978297,1308482.4303641517,10321909.351098835,312868.5030684143,2258418.5721065737,1033652.0107138813,3910,0.17776593565940857,0.012248310260474682,31499.48506063223
2021-03-11,8,1342398.0163954496,6911906.488891661,1081977.7013690267,5240586.301522138,256181.38780452852,1240193.0088488755,588374.8996470906,2821,0.18987134099006653,0.017573582008481026,48492.38397091627
2021-03-12,8,2777773.9455390275,7356172.3661106825,2516683.537591037,6743416.597690402,496354.55866146414,1342859.705505882,564212.9550579472,4901,0.1984180063009262,0.01413052063435316,44361.376798689365
2021-03-13,8,833362.8615449071,8643826.231518507,739004.4568909378,7249680.5741502745,143199.930356076,1460929.1927308547,525807.0995953992,3889,0.12046784907579422,0.008387154899537563,48263.074687719345
2021-03-14,8,5161422.23114413,13599408.055727243,3583874.6202677223,10114603.823043479,847306.1329378239,2272439.536332148,950515.0086910086,5241,0.08417858183383942,0.008627080358564854,50311.92237299681
2021-03-15,8,5726892.321987137,16504575.697985947,4403509.388030987,13366736.575834014,904607.1667503716,2754029.211462228,1185040.03254219,5251,0.05418116971850395,0.008418506942689419,42833.635988771915
2021-03-16,8,9908346.141367108,21173871.750445485,8592404.964954736,16937850.91621478,1736584.0445421478,3516500.887692404,1565353.0426252892,4759,0.24150556325912476,0.008995173498988152,39823.720438450575
2021-03-17,8,1602455.8570288569,8872154.952911839,1384649.6156754894,7700326.994587288,247216.34904918724,1457826.011092302,631320.4444744496,2967,0.16892191767692566,0.012737325392663479,26868.44135862589
2021-03-18,8,2794863.2744818777,10556132.38259621,2346097.1431806516,8470280.01563685,467549.45740720595,1812934.3056223611,793317.3221273395,3419,0.13182573020458221,0.016173798590898514,43544.672766923904
2021-03-19,8,4504434.515204102,16920550.555268273,3512966.3209521566,13792936.772832723,632355.628857488,2699964.4172273763,1178401.7709159146,4679,0.21634510159492493,0.018696529790759087,32392.58907431364
2021-03-20,8,7846113.647880077,18685414.99391754,6794359.618902009,15273715.961938292,1371494.693071968,3195211.6160218855,1338852.1064573154,6118,0.2575758993625641,0.014016331173479557,32751.33460816741
2021-03-21,8,4078350.7431421876,12074385.003431752,3225187.316615992,9919103.490737084,719463.1226742438,2167105.4691961627,996609.8536601022,4322,0.11489144712686539,0.009020952507853508,36497.102743804455
2021-03-22,8,3914049.3862712383,13741046.22030764,3272218.7014480825,11293993.817476727,712385.6116262958,2453315.3544554105,1063973.3224328936,5006,0.12402902543544769,0.007366573438048363,29676.816917538643
2021-03-23,8,416591.1619412005,7267403.709171489,330318.31138093304,5237366.138182183,95137.36704718394,1206055.107493197,505773.34288726526,3705,0.25798097252845764,0.01208873838186264,35050.31465163827
2021-03-24,8,393240.99639377,3256762.739967957,321737.81868718006,2516161.8758408725,92211.17192553413,615952.8276212168,299613.56858362496,3024,0.2929181754589081,0.0159807987511158,23569.66063761711
2021-03-25,8,859379.3561440557,3346766.6305918396,690325.4282497315,2578880.4622311573,186087.5864767609,678056.9247720616,349824.16555972624,3310,0.30512717366218567,0.02142947167158127,19246.3870973289
2021-03-26,8,237826.29812124372,550259.0249486119,191638.77032345152,427702.91554222355,55616.34715696469,132601.762595845,75142.0723007829,1924,0.30754876136779785,0.025679372251033783,17296.025843411684
2021-03-27,8,48470.995501965284,129046.71738182008,47663.28106336565,119908.82727101563,13901.015049539645,40797.80286762162,23492.693575183337,1030,0.2686052620410919,0.02905653417110443,9169.135520279408
2021-03-28,8,338965.32926264405,2093516.65865466,284556.44261210476,1628898.7207575846,82500.26671823887,467489.3651393714,238861.5594770983,3495,0.07758251577615738,0.009931749664247036,24018.3074696064
2021-03-29,8,810293.8818322867,1820309.1212315112,671802.8343021439,1493843.1845762478,170234.5523464629,377442.8729193357,208000.4608134535,3665,0.07812604308128357,0.00588654913008213,21505.777119666338
2021-03-30,8,741504.2564526647,3012118.6204244494,634322.7790752671,2342334.3299922487,172294.8991098677,612440.0413076703,312477.94277819584,3700,0.1111089438199997,0.005980293266475201,26964.26590448618
2021-03-31,8,346281.0195250362,582670.7603022009,288404.19567264785,539904.8459782331,83261.55895599861,131819.14147703422,75153.78776581217,1553,0.09225871413946152,0.008654262870550156,15296.216254681349
2021-04-01,8,894224.7062739432,3976441.7266887575,665807.3855248629,3126972.607535506,108954.49133533497,567156.1910372089,214264.43282304422,2339,0.280788391828537,0.02612488344311714,27432.17709749937
2021-04-02,8,693181.0268094838,3840871.4692083,572679.0661922019,3273372.349289198,121141.41945817735,698995.5635756135,291301.6259274826,8866,0.30300280451774597,0.04622141271829605,36056.44774830341
2021-04-03,8,934727.1127215326,7359756.263519615,722750.6883143522,6161753.676876247,166150.86175267585,1274734.0446648956,519837.12018175656,8735,0.3053826689720154,0.04076598212122917,39826.76900821924
2021-04-04,8,1404362.7029644847,3625286.748236567,979623.7199634432,2864734.8215112435,234759.0222806346,621948.117394634,304226.42492101534,3492,0.04131109267473221,0.0047404044307768345,20919.269929379225
2021-04-05,8,437218.9219172895,1913406.9105843902,317242.2814764788,1472056.9813806694,94586.11436969845,416478.16362826317,218009.47652961625,2584,0.04394613951444626,0.003177414182573557,11875.255974918604
2021-04-06,8,699796.9539936483,3250817.4416951016,492156.26781544706,2480388.815334227,129672.35434376929,580000.8633898849,306098.8301455702,2478,0.06270983070135117,0.004161225166171789,17755.939173579216
2021-04-07,8,577561.3267161176,1938735.9083918557,424953.48539390886,1455902.4901803753,96232.6154710683,335213.5186219993,193599.86339777638,1773,0.05412270128726959,0.0038354217540472746,17004.739002406597
2021-04-08,8,2784674.6288660616,11609900.009527847,2381965.8702792646,9266771.288287992,480584.09946557763,1992155.7997427667,809231.1774676151,3813,0.2110779881477356,0.012616809457540512,34181.39547660947
2021-04-09,8,2816637.462158829,8138948.353365347,2885789.2111971513,7119370.358710638,492527.12612061296,1459620.9175552528,606892.64765509,2889,0.2445562779903412,0.02362845465540886,35655.80195942521
2021-04-10,8,2379610.577494681,9607339.550937831,2472098.7332631648,8167024.71469754,401120.75725579035,1595481.1792566387,639664.1451787371,3646,0.17139078676700592,0.019085289910435677,31397.081173032522
2021-04-11,8,1436901.5385633707,9541041.646173328,1454859.1474340777,7963835.343265585,249720.21571961447,1637047.107044078,677392.1908180523,3243,0.22761888802051544,0.022089095786213875,29373.849718272686
2021-04-12,8,5493527.508475751,13634209.627463102,5285119.472351032,11329404.34147045,944885.0085584864,2391527.906620481,1072352.246723572,4916,0.26557713747024536,0.030419498682022095,34200.36940443516
2021-04-13,8,630140.0945472717,7037997.142282411,527672.8772801273,5969256.765948257,137456.14003302067,1319522.9598448193,598562.85421984,3344,0.03177628293633461,0.006116171833127737,33878.46110868454
2021-04-14,8,484579.41080112755,5337338.750769258,431389.3982128614,4410752.897095267,111238.82539664567,997787.9359009231,522171.6599833293,2868,0.037082407623529434,0.004291134886443615,16258.60190615058
2021-04-15,8,435699.15249064565,2557071.064919591,388823.9637657583,2026858.107668012,92391.22398063341,478917.7897958653,255214.009205317,1574,0.05963492393493652,0.0065390849485993385,12844.338258475065
2021-04-16,8,965223.2464169562,7286257.303926334,748738.8066310564,5542933.116224103,164615.87156101875,1127511.377509086,492128.22513356723,2597,0.09486725181341171,0.009773539379239082,17892.062104940414
2021-04-17,8,11762.178588360548,394554.98947770894,9922.870877978923,355492.075455178,4972.926016247517,105517.99979631598,60193.19485201349,1531,0.1526528149843216,0.012487024068832397,13061.101782679558
2021-04-18,8,1762950.4795529395,5877850.913636066,1404042.023237235,4725454.707461143,361785.923594739,1121705.3908124212,592111.9506887244,3655,0.21486864984035492,0.01390712521970272,22367.841913074255
2021-04-19,8,570471.0510168523,1931676.976647146,489037.4405879205,1576172.1217252505,130639.27438366407,414208.0569801891,223035.95422001625,3176,0.29913172125816345,0.018520737066864967,17700.566988825798
2021-04-20,8,443600.9470182955,2789511.5541185737,365911.41574389674,2280110.5007737945,104716.49880052706,593938.7411948069,335729.81130481244,3320,0.33503639698028564,0.02384934201836586,13399.483516097069
2021-04-21,8,42036.80360506475,649009.6899728775,34852.4125138058,545324.3922908113,10405.450376346762,141185.35262230955,82116.04071752408,832,0.2855393588542938,0.025594422593712807,10170.31653097272
2021-04-22,8,491760.63799360394,1473736.7416397482,397721.3663119373,1164418.4095809665,102364.37967104951,314402.3255296714,167359.64295418537,1979,0.30230215191841125,0.03868649899959564,20501.08002051711
2021-04-23,8,1180786.2137089223,5907765.956673801,948183.1391902927,4531380.7114369385,176361.15646532166,929520.4713135597,413551.9444152651,4930,0.30815452337265015,0.04373504966497421,32125.297715306282
2021-04-24,8,1393507.0435568392,8519778.390441053,1358037.3815585016,7450158.849662496,201647.56150240233,1336409.9442530784,597730.3763475291,3070,0.2679937779903412,0.03248348459601402,28890.79026249051
2021-04-25,8,6551022.87685734,12499842.12300548,5831698.816910395,10654591.34852156,1140632.1257663416,2193383.876684752,936712.7352213415,5589,0.3123015761375427,0.03152340650558472,37136.42469492555
2021-04-26,8,1355474.2974529266,13297026.167343348,1012842.463797329,11056274.945286952,221987.46476203453,2168656.4421714097,972809.4671156954,3163,0.24861156940460205,0.024093857035040855,48574.72955521941
2021-04-27,8,5948813.200652242,13007605.048950091,5604457.670823061,11213007.018675482,1069893.1666111264,2246592.905553331,1088517.2367395086,2423,0.24095351994037628,0.020319752395153046,26062.276718258858
2021-04-28,8,804681.7818936706,5262698.239125945,671687.1192349993,4641421.25051452,181628.87178619928,996448.4504623032,461681.1452884807,2958,0.1821197122335434,0.009712234139442444,34187.59991776943
2021-04-29,8,1435035.276830718,5419002.415967651,1183161.333517063,4722647.891477586,287947.1538187949,986200.8934050817,481694.9323488733,2905,0.2806389331817627,0.01618308387696743,24957.1221177876
2021-04-30,8,783232.4309816435,1962774.700897783,656258.6574009145,1610477.7909405823,176162.7158993471,414845.18444024347,234195.74896081717,3428,0.24230526387691498,0.011325555853545666,18363.58424204588
2021-05-01,8,1309335.392689705,4746428.417229161,1005910.7533082962,3775152.7451337986,271785.2955857922,904259.1509677966,487454.2875739137,2909,0.05702032893896103,0.00583615293726325,26239.321330308914
2021-05-02,8,571266.1790283322,4461372.668292224,449321.45907710196,3592069.866120889,122706.06953956076,846387.030330159,452109.00551734865,3562,0.042928583920001984,0.003097967943176627,18265.196693003178
2021-05-03,8,2942117.2513331175,8194890.453006417,2393045.70182905,6318206.257171186,561194.5728556348,1575468.3587130914,815389.7061906932,3280,0.061721205711364746,0.004551878198981285,19395.004417300224
2021-05-04,8,450612.06795707345,3385407.903690316,413790.8341958133,2721850.307550584,105462.4597515813,663053.2401017661,352666.53035614593,2437,0.07678966224193573,0.007665770128369331,14103.29062101245
2021-05-05,8,1902272.551282622,4382237.682568915,1598773.4174339504,3473980.6644194764,363578.7666378884,853199.069059401,460219.43007105065,3540,0.056123919785022736,0.004327538888901472,19332.07354155183
2021-05-06,8,576880.3179987743,2394957.4065633193,514879.50853845343,1900725.257156527,132945.58205066598,440789.89765676553,241943.08504710346,2088,0.1006208211183548,0.006759868003427982,23407.36284479499
2021-05-07,8,520869.3854753524,7089842.284272425,436139.2033285805,5951656.879049342,110464.21810931173,1153382.9049523587,557296.4688414957,2689,0.3061302602291107,0.014050508849322796,24894.755329877138
2021-05-08,8,365171.5264583826,2874402.400719516,307629.4796630671,2311764.8556738356,88196.94914678617,580242.2303956151,322710.53906177415,2553,0.2744850814342499,0.007719926070421934,18073.25340679288
2021-05-09,8,752584.5651200339,4778327.9909315705,646021.6623680799,3923239.571820803,172648.52320728658,1024270.0844413973,527864.1077125713,3460,0.27871230244636536,0.010903777554631233,24595.24039721489
2021-05-10,8,944976.4710393101,4437239.720065594,835749.1288062485,3532881.8806545376,193682.47734331602,889715.108078188,482698.0992601152,4117,0.30328789353370667,0.01852070912718773,19015.994369238615
2021-05-11,8,1753075.7467905656,6274037.064642847,1439312.0086202356,5388128.201878657,328220.2093011337,1213584.231535045,615853.0933530433,2887,0.22037896513938904,0.009320887736976147,31252.78756889701
2021-05-12,8,6287486.792681888,13980907.441148885,5674205.372092141,12039862.833376937,1098063.8707646814,2507922.336046038,1150690.7731157737,2784,0.19469983875751495,0.011299443431198597,28027.971748441458
2021-05-13,8,4827755.317359865,15476900.160326459,4645784.845879344,13549972.389496364,888243.8194024226,2790101.220476293,1324045.202101707,2193,0.19710765779018402,0.010338678024709225,39711.51097807288
2021-05-14,8,7065252.422688425,19034146.88467659,6493742.591179714,15884946.61844198,1247841.3446072778,3326345.3387459675,1538683.1978297546,2284,0.11265487223863602,0.007640693336725235,44292.66738936305
2021-05-15,8,6867406.625044137,16778855.084564656,5637442.723248404,13658506.302953696,1163224.9100953029,2829915.1368834954,1230572.3506534537,3076,0.15520699322223663,0.004095704294741154,42359.852862626314
2021-05-16,8,5730495.074155778,15642260.674497366,4191558.980884498,12024054.628928334,858005.5938786254,2583632.377542454,1147503.6305757223,3220,0.03400499373674393,0.0031461690086871386,42793.59756812453
2021-05-17,8,971858.5094222575,4458922.579848766,768576.7664462363,3531343.721365121,159972.53633428947,678571.9378279566,303093.02102326555,2784,0.017884792760014534,0.0005503602442331612,16613.208850473166
2021-05-18,8,624114.0318051428,4693647.949987605,527898.2368697678,3665873.4327177927,105847.7130633911,716249.5840324913,322765.5763746371,2648,0.02763102576136589,0.0005835910560563207,23681.16078311205
2021-05-19,8,802707.463497974,5046134.315528706,668535.1229921777,3978082.7144782795,140758.95888792982,751074.7103784129,341984.2314465819,2240,0.03279225900769234,0.0006618928164243698,17432.74547982216
2021-05-20,8,1280103.856784314,6637902.6186082885,1020924.3924734828,5137640.356982603,170402.20598162018,976197.1254030524,383500.0835978944,3105,0.0327567532658577,0.0014636602718383074,30874.28048247099
2021-05-21,8,7451995.841388419,17888034.0682147,6122386.617768858,14602422.632948391,1326984.5777483927,3139219.5732854595,1405275.402413298,3762,0.03222930058836937,0.0020859872456640005,53413.91848933697
2021-05-22,8,1799303.4698307589,15297324.944847085,1413029.930670248,12632348.585950315,342962.18854374124,2824531.6018811045,1297151.777504527,3457,0.035245176404714584,0.0024378697853535414,28390.682970494032
2021-05-23,8,1413781.8344026953,12413513.513752855,1121163.6259150193,10105870.227406519,278657.4541680069,2342062.9272546815,1108237.3166161124,2454,0.06278091669082642,0.003326720790937543,38122.80181309581
2021-05-24,8,1124502.1791341603,3797529.790891014,845951.3354736462,2889645.17603503,234667.39068275294,748356.9879500673,361572.0075369602,2519,0.038735102862119675,0.002686057472601533,20278.036793768406
2021-05-25,8,981253.8858534843,4304527.848688051,780361.1496452217,3506666.398954492,183542.54192021367,834068.5976993886,457432.6088098772,2437,0.10689907521009445,0.005447471048682928,21677.822689652443
2021-05-26,8,1235289.328388624,6450430.037748009,1027877.55874617,5167660.703564219,270291.6887549451,1315462.5946578458,665819.3654360374,2691,0.1908532679080963,0.006607654970139265,17125.5749040246
2021-05-27,8,1999613.2144358903,8840800.01906664,1595856.0642500562,6795856.08526266,373030.5110039696,1512930.401552057,746442.9398314763,3134,0.10925734043121338,0.00416653323918581,34137.56438371539
2021-05-28,8,1023954.2273750976,4009974.6574202105,889010.0894495342,3170381.7956884047,229325.0017476762,814165.6035118905,426385.980530313,2573,0.11694532632827759,0.0060771796852350235,17145.326373785734
2021-05-29,8,1699262.5690818727,5916970.85026408,1449637.7907073465,4732474.273904541,328714.949228124,1154392.0018311043,623573.3500875228,3401,0.050468508154153824,0.001885946374386549,22993.755173146725
2021-05-30,8,2195118.9594360813,6802313.72219155,1804163.4573699855,5353514.927948361,459245.15250607434,1361136.0326115135,730336.2264452381,2518,0.08475086092948914,0.0031887427903711796,29168.89459398389
2021-05-31,8,887268.1593061984,4368095.350374289,735703.2181005344,3478881.326869207,153718.89655497018,822497.3888312986,457157.2659121256,1838,0.07842276245355606,0.0024910455103963614,16717.01777046919
2021-06-01,8,529128.9397875443,3692249.174469322,422179.7349397205,2890353.904509478,96983.5059178611,714362.7220108737,386335.5217230024,1426,0.09149327874183655,0.0037257180083543062,18816.841395288706
2021-06-02,8,721810.8325578421,5282617.282328963,569566.144219707,4313230.575688592,142647.5156422711,1056764.4557098078,568564.1712180194,2255,0.1596096158027649,0.0053144777193665504,20457.127897262573
2021-06-03,8,1896415.7090141922,6962061.482805818,1551398.9654970157,5658576.562695222,388193.28929171676,1420846.5404200167,714307.0051651164,2897,0.20237529277801514,0.004314310848712921,24740.700329512358
2021-06-04,8,2395812.9600590765,5531791.897905633,1837391.6485014602,4422303.698912556,468418.80013071495,1079149.39527008,548588.1951780658,3161,0.036501720547676086,0.0017039142549037933,30340.20049625635
2021-06-05,8,2829718.310877003,10851286.033101529,2173408.45106743,8502771.234439451,516303.0629534652,1910464.9566849736,901822.3932616797,2193,0.040253330022096634,0.003174274228513241,29732.654471039772
2021-06-06,8,732665.8300384283,6535818.379507475,632511.3173413465,5389863.050887857,161368.43259419914,1177246.0902616351,553075.5792563597,2407,0.04173336923122406,0.002813776023685932,17510.089843958616
2021-06-07,8,3375735.745277688,12927423.063014165,2713285.4565878995,10716157.82244911,619768.5955168495,2240754.2170471083,1039933.9178216285,3394,0.060327962040901184,0.0031260803807526827,43371.19889548421
2021-06-08,8,1241934.639319688,9575425.183665946,1072192.6892019836,8294092.581514761,247812.0913665331,1717477.8558782823,822919.8344480868,1738,0.13370381295681,0.005247451364994049,29981.726324796677
2021-06-09,8,6019159.45656389,16577860.315429255,5211516.988163435,14324085.162545009,981373.2755480921,2866775.257200014,1384846.4733489526,1975,0.17407724261283875,0.006211401894688606,39349.148471683264
2021-06-10,8,1108317.716352135,8972571.024130128,874873.1502499697,7123367.316739554,210216.08842126786,1624159.5682439636,816839.4439380965,1433,0.19887511432170868,0.00844265054911375,28291.607966423035
2021-06-11,8,5033305.605809033,14509844.546454906,4700888.864105999,12677138.921356803,919896.2512453039,2609406.5573574784,1262687.2444481174,3362,0.09634262323379517,0.002175564644858241,32773.46293216944
2021-06-12,8,3923155.943122089,13465865.143148184,3003420.4614530457,11202853.163167749,716455.9367350878,2268937.514112004,1050685.368466977,3152,0.025247270241379738,0.0018492385279387236,44726.25427287817
2021-06-13,8,4987701.84170644,14337745.241644442,3971285.677849501,12077713.62771368,896807.9032733701,2435606.450977681,1126536.9786947086,2979,0.021182646974921227,0.0016443835338577628,41943.9457872808
2021-06-14,8,5058967.413145497,13716324.895604104,4067393.9845827143,11851850.607016914,936967.2836633557,2444141.2185000614,1190916.7519411505,3624,0.023304933682084084,0.0015691035659983754,47190.300672739744
2021-06-15,8,2766062.06735453,13332290.308896482,2108761.8855016734,10579845.052556634,388902.6002890626,2092825.8761516223,947204.7670548265,3319,0.03549894317984581,0.001680297777056694,34125.0787165463
2021-06-16,8,7357533.492453337,18401097.518454783,6923943.752788922,15798363.297479099,1159517.670807688,2972509.849609485,1326090.9696099628,3165,0.05188862234354019,0.003205855842679739,41736.46242028475
2021-06-17,8,7635465.62773937,19147083.164806634,6877114.175451906,16025667.56248345,1185889.2089901355,3058950.010969885,1354225.1982937285,2936,0.04743029922246933,0.002317504258826375,40686.62491723895
2021-06-18,8,2852534.696693346,10502007.443696104,2166159.374589329,7882140.611634282,483548.3167408538,1737619.622327264,824480.4643905277,3022,0.03007369674742222,0.0018041996518149972,30635.69398984313
2021-06-19,8,1657555.4860984683,13118488.476500854,1389291.4581706605,10481178.544044113,358451.48952285794,2262437.058250771,1098218.8804884767,2805,0.07790906727313995,0.001687267911620438,35151.930016964674
2021-06-20,8,2883738.959731519,13928671.525967307,2526917.9172707116,11962045.47934148,520425.15232292423,2335795.0959068984,1136608.570255352,2020,0.055949024856090546,0.0027041404973715544,38561.80507260561
2021-06-21,8,2240108.359107934,8323750.699803606,1835920.1452095592,6817570.502640028,438226.8980616975,1553159.7138064932,789844.2084878003,2967,0.07148251682519913,0.0028793925885111094,23736.80713430047
2021-06-22,8,5781774.215968192,19178691.02361927,4858491.270261524,16454117.075862106,995725.044722983,3330892.0878172293,1619145.8956074324,1766,0.06985288858413696,0.0038863415829837322,39473.0522172153
2021-06-23,8,3495725.5849495083,15175765.290194958,2698696.2755889236,12837674.5165843,531851.0951512929,2470022.211745277,1137045.3891487478,1866,0.0530221126973629,0.0035372155252844095,32856.002988666296
2021-06-24,8,6088274.025877744,19760934.84637627,4524987.550452678,15318801.437033229,921760.0521560163,3332705.122693396,1534576.4671256258,2074,0.05371313542127609,0.0029084752313792706,35554.16197907925
2021-06-25,8,7318151.077190682,21302774.826242723,5591243.663320564,17077200.448371567,1222591.714241711,3629555.47565841,1747399.4052184261,2432,0.04805565997958183,0.0026198853738605976,41848.42186883092
2021-06-26,8,2704146.349507481,16525853.437268384,1930193.3641003873,12556435.400232952,492156.39194034535,2879222.104443095,1406279.6575704534,1928,0.046229954808950424,0.00196762103587389,42828.31371626258
2021-06-27,8,1926503.7341247723,15052582.325525574,1600933.7108673924,12197496.32703923,352242.8893295752,2599202.48632387,1224823.3263838803,1782,0.10671359300613403,0.0028309321496635675,28193.8933390975
2021-06-28,8,1377258.9672647864,11741307.22799629,1105176.0028685567,9104913.806929857,180264.35540322942,2027652.885634706,951040.70633697,1980,0.05904555693268776,0.0027615386061370373,25605.32479324937
2021-06-29,8,2215792.8603259027,14080018.404862352,1733731.944075291,11248750.424004748,314987.6949596407,2453782.167773185,1156962.420527572,2181,0.057146694511175156,0.0028203732799738646,35112.16945245862
2021-06-30,8,3440951.3449051753,13209759.07876774,2841359.706310504,10456527.534318643,655347.3988583137,2369756.8864163714,1118439.3983192341,2993,0.05346059426665306,0.002578351879492402,24517.549587607384
2022-02-01,8,3426368.8542783856,8238235.985652998,2860782.5137916263,6567142.544522522,704519.4506459428,1665830.033885701,870129.639093106,3375,0.272833913564682,0.012309238314628601,28121.024959087372
2022-02-02,8,3496712.0023369268,8057976.555621721,2884700.9969892674,6398474.229068177,730224.5447306599,1620775.7824109904,833750.4274404636,3856,0.23452989757061005,0.00909164734184742,32520.967514634132
2022-02-03,8,2860959.2132703066,8633068.403435588,2388624.0466818637,6730190.788018333,597288.7495116687,1714962.8870930935,887590.5324181186,3819,0.16848061978816986,0.008350702002644539,32499.231937855482
2022-02-04,8,3960712.605488166,11374654.468560599,3214761.18031842,8827832.934110995,838184.6671668775,2150657.3519719723,1082129.1512843082,4096,0.2029149979352951,0.00811317004263401,36065.96145617962
2022-02-05,8,2606288.8094194457,9109646.495527461,2182155.6523033,7214966.673284913,525657.3981627228,1796051.9297712038,893779.5307519571,3658,0.21483303606510162,0.007360389921814203,25302.14328634739
2022-02-06,8,3518296.336584851,12847380.24816119,2952075.5351083945,9840361.511276301,726370.2671405528,2405270.2215526253,1114652.6804508474,3983,0.2585213780403137,0.009113007225096226,20614.08745315671
2022-02-07,8,4519581.6896597445,14767621.023313083,3718041.9604281373,11886127.683777018,961425.4983151681,2824075.452167331,1337283.918675501,3908,0.21845924854278564,0.009857900440692902,33315.23026794195
2022-02-08,8,5424551.361876786,21819039.60658788,4393891.367393006,18046155.70386207,1085439.5242730824,3891428.692861249,1889040.2906210986,4018,0.27632033824920654,0.011232628487050533,27790.529848635197
2022-02-09,8,5322251.168727562,18196751.795849472,4311504.71376084,15151249.772066712,1024008.876304197,3272655.219150232,1555651.004505102,3422,0.28263118863105774,0.013628202490508556,28483.314147382975
2022-02-10,8,1966446.547203824,6578311.188036084,1531723.2920692437,5375762.04398975,378738.99158156203,1296676.8565224237,629837.0881650094,4158,0.30157849192619324,0.023753754794597626,27108.5884552598
2022-02-11,8,1146287.7056434974,4582612.743353657,932741.0870510351,3801487.774869445,215026.04552137989,861252.1890522656,424719.6545259987,3552,0.24393214285373688,0.021358661353588104,22731.6447339952
2022-02-12,8,1680636.1205862164,5529953.693206526,1307788.6838044648,4377603.318290647,319621.4894906198,1077219.9983886858,539491.7651213704,3541,0.28114062547683716,0.023134952411055565,24594.21063360572
2022-02-13,8,2282246.7055933177,8267802.735501945,2245009.935139898,7265108.472145738,420846.25640181307,1522509.4081466808,721752.4292802693,3225,0.27817338705062866,0.022310419008135796,47946.00690203905
2022-02-14,8,601451.0404009745,4803428.678622954,491230.0913744143,3903548.509977053,105017.22816323189,821270.7243302308,402323.8046681452,3681,0.21753330528736115,0.017102180048823357,31138.110571324825
2022-02-15,8,987070.3041994944,4993563.707520001,926505.3872444289,4060276.3400398176,187189.30928015528,984234.05800007,544129.8515800451,3427,0.21599505841732025,0.009592706337571144,23011.365239173174
2022-02-16,8,997663.1998453364,6458718.26776015,804993.8938625875,5168260.570399154,197082.4064876159,1288574.1394452504,600893.086378223,3780,0.17627102136611938,0.00881033856421709,40757.54847839475
2022-02-17,8,2499845.8376198635,10382457.23832336,2047337.7977997605,8925643.616328953,482973.9294473379,1970734.1667969495,894171.0225709744,3935,0.2081843763589859,0.008635672740638256,19700.29093196988
2022-02-18,8,1121097.9601684585,7332624.583984442,856681.2494985523,5881272.739839668,215091.47921638156,1301646.1106093624,584274.738830168,3816,0.24251192808151245,0.019917737692594528,25630.669675707817
2022-02-19,8,2626112.102640845,7463531.118821092,2172587.974738418,6219301.297785297,491804.42576823325,1361460.2357011605,601083.8313630407,4162,0.29263073205947876,0.02698480151593685,30849.68708741665
2022-02-20,8,2462023.253424488,7393207.87382029,2082570.85562654,6104055.921794355,473718.3188434714,1433560.4202839364,695712.9323834925,4094,0.28477784991264343,0.01642993651330471,20126.693186700344
2022-02-21,8,1878323.6833323538,9273992.023710184,1330745.8974886355,7127928.605500124,355010.12493132893,1696829.0390580655,748821.1277455871,4639,0.23503808677196503,0.019251389428973198,41537.438527703285
2022-02-22,8,1480101.491828911,9851725.537716106,1323033.1687370993,8745831.786828,306616.3628483346,1776542.0712078707,806342.5801911589,4404,0.2716032862663269,0.018213635310530663,27033.414097338915
2022-02-23,8,2934472.782023318,9546594.340071611,2447304.464111874,7628625.180434551,563737.6419496388,1814921.3796136673,862185.0148077799,4297,0.2904564142227173,0.018871856853365898,25317.359385311604
2022-02-24,8,3260524.9911862537,10998790.44635202,2629952.382751189,8601289.009092472,682834.532872265,2097508.453445128,956846.951144266,4772,0.3411659300327301,0.02303430065512657,26277.209468513727
2022-02-25,8,2596531.734519355,8800886.770894393,2116882.7160001593,6762291.17652723,556013.4504064684,1660817.2975602178,762644.2278050131,4547,0.33443793654441833,0.025046177208423615,25380.18362879753
2022-02-26,8,546798.200400278,4964644.870399773,432575.02532246127,3853299.404998882,123373.15990550222,969161.4864701515,494110.18031550315,3915,0.3225323259830475,0.02135549671947956,23445.3430621624
2022-02-27,8,2904409.5404814854,6746043.763307601,2391005.1744312635,5277879.045988485,608108.045303228,1356457.7410332942,692610.6786757158,4110,0.33546778559684753,0.014790894463658333,28881.967184126377
2022-02-28,8,1163083.7293189317,4714371.68231523,863102.4778716564,3750005.0358598065,224660.31599568267,960021.5722527383,459768.8125724342,3300,0.3216061294078827,0.021295787766575813,27496.376399427652
2022-03-01,8,1233447.1951815113,2415647.1846312657,1022531.7105761562,1959467.7240795786,264352.3703315754,514765.6004996187,262495.9613847851,3031,0.27835503220558167,0.013262815773487091,23813.051422655582
2022-03-02,8,695177.1532592401,3390207.489408113,577442.0576674789,2759897.7671999913,151487.67849824828,691471.6498343388,356638.6167848204,3869,0.2511087954044342,0.012021515518426895,23392.246403187513
2022-03-03,8,426057.786721915,2525646.1822545007,339541.498845123,2064339.884335917,94433.50177871822,526949.1732816815,270018.9816037389,3521,0.2719760835170746,0.01281299814581871,20343.832824259996
2022-03-04,8,468025.9126515165,3286211.2044215575,399969.73227275163,2624975.675455354,102176.68931978519,638517.1120101478,305773.546507554,3032,0.2704852521419525,0.02065848372876644,21189.173693418503
2022-03-05,8,2394891.7149640545,6436966.631031141,2009310.2550075923,5184529.996229282,475968.17169643677,1295515.1359064388,646232.6527334317,4398,0.3362692594528198,0.029774511232972145,27545.495536476374
2022-03-06,8,1015610.586921595,6979113.300484732,842356.0175314611,6522689.354124421,208617.78585530363,1313587.5463343263,629244.3757022392,3996,0.28355515003204346,0.023994259536266327,20766.891527742147
2022-03-07,8,1041294.3324384764,4158824.1791485846,849461.0431251363,3260113.114572691,216191.8477989516,828281.9295677153,402260.51679421426,3721,0.28402528166770935,0.03512706235051155,21487.731939852238
2022-03-08,8,4231808.153381817,12465768.610099517,3177056.787258576,10099829.02473403,757987.4429232184,2232732.8109069616,997016.4049114417,3404,0.31178024411201477,0.03611871227622032,45104.317863702774
2022-03-09,8,84604.40516608953,3275984.751561798,73926.60996023382,2653970.1909397393,19144.82131811489,584840.7484228874,279404.40610558377,2202,0.2928166091442108,0.031798139214515686,23159.695914387703
2022-03-10,8,264939.51952418685,632315.5396394432,208016.31274093507,509223.65094800363,59460.612020936125,149672.0078474384,82349.09590923265,1856,0.3172948658466339,0.0296871867030859,14316.717710137367
2022-03-11,8,395001.8293502629,2712056.512773305,323812.3690680557,2168103.1506072157,87921.19655976167,446865.9593997863,192049.39717588344,2971,0.31760749220848083,0.026958385482430458,22399.941623985767
2022-03-12,8,427408.3216135055,3609045.922977805,281617.3621952665,2665273.7271118616,79085.71311245476,624313.2625518532,276754.6614163326,2781,0.23186203837394714,0.01908920705318451,30730.438683182
2022-03-13,8,1510526.6691208333,4257710.187754676,1189133.7141544826,3415016.7289527976,257901.51918211678,781547.7986278746,380633.05394650454,3592,0.25865793228149414,0.00936970580369234,20841.60244834423
2022-03-14,8,573405.0697003603,4338187.216352314,539735.5694906485,3498485.6744716656,118416.18731104293,731337.1481129065,348230.53189731867,3029,0.07150138169527054,0.00424926308915019,36327.984372228384
2022-03-15,8,152691.07447420806,2180104.634727396,132934.82647509288,1822374.5357678556,40462.507505864676,471582.6884560799,235878.79232104614,2606,0.05893130227923393,0.001954531529918313,18044.075332403183
2022-03-16,8,18634.66742274165,2335665.477372609,21590.57948075148,1834572.8101503148,4633.314448187989,453385.4268013266,229666.6610265001,1843,0.058424945920705795,0.0047532664611935616,25396.272021204233
2022-03-17,8,1321990.199981168,4505603.025724232,1162607.8152939049,3715388.355234568,236081.72339775309,836289.7976008581,445192.37702535326,3048,0.142931267619133,0.006897336803376675,29699.70677679777
2022-03-18,8,9344332.104156494,21493970.150264673,8624519.58909649,17619346.98018009,1656052.3013690673,3685354.095108178,1693372.28942746,4734,0.11890773475170135,0.004790807608515024,30119.630446225405
2022-03-19,8,523647.47769862413,3578164.326927334,418831.67666148266,2743468.387924958,107031.98344209124,649799.7756912177,247832.4425011045,3304,0.06521057337522507,0.004131829831749201,32588.218272030354
2022-03-20,8,3121111.554006055,11647913.818267033,2142982.5911145844,8613019.260391764,547211.2763373001,1927599.9163043005,753167.1849383055,5178,0.06864772737026215,0.004746252670884132,47907.49687835574
2022-03-21,8,3800014.0686727166,14909939.501022547,3298438.4002109626,11896888.667074604,602098.193101137,2513528.9506753236,1035240.6880659312,5016,0.06992078572511673,0.003977640066295862,53152.68844908476
2022-03-22,8,2198695.57068789,10976055.0925868,2521341.145958488,9465292.136392679,380863.10087892204,1887041.9956954163,791244.1214614323,4772,0.11036592721939087,0.00644156476482749,32330.487827390432
2022-03-23,8,3579005.7384298146,9635746.486961417,2711935.895491804,7850233.188563624,634270.7398373091,1697539.4596895948,778862.1678671789,3588,0.1058308407664299,0.011120131239295006,50613.12553888559
2022-03-24,8,3464556.6764187813,11318171.179953352,2922748.941056907,9652054.584143657,591113.9557022506,1876077.9441522148,801362.9572763423,4796,0.1872996836900711,0.012175671756267548,34833.18486520648
2022-03-25,8,277908.9695948586,9423975.385211974,279865.1808366709,7160908.5013793465,58232.31055168285,1577934.21311492,721947.9632701124,3057,0.29601287841796875,0.013829811476171017,36721.17824110389
2022-03-26,8,1849777.2409992665,9119453.03699781,1514973.114487447,7425450.908795275,387292.06553322746,1710886.1479350622,773116.5890466075,3547,0.1294604390859604,0.004728998523205519,34495.53160330653
2022-03-27,8,858180.6200082526,2794158.2147815153,728196.3605213871,2180690.1979620303,173579.1475831011,534046.3515278761,264254.35965423204,2287,0.07523304224014282,0.0027190314140170813,20968.364972501993
2022-03-28,8,447963.9257586226,3111154.8262085244,351184.7168025651,2268002.8823753996,92689.988480144,559869.4498742983,266685.8673182904,2437,0.10399498045444489,0.0037243354599922895,42410.95180442929
2022-03-29,8,276153.8440336436,4576201.6643892005,254515.42623883553,4021970.23653507,59195.67048526513,809512.5472666654,352128.8161416451,2936,0.13831405341625214,0.007018872071057558,35831.35575821996
2022-03-30,8,258641.2214671746,3128995.646986641,242066.09781573177,2626861.3713856502,64092.972069769836,588714.0682567501,273768.96511437395,2266,0.18607470393180847,0.009276829659938812,20905.416676193476
2022-03-31,8,2412726.6958725676,11085518.257938728,2131406.7302722875,9777474.42091991,470505.31620860996,2055007.4558560217,906128.8839143706,3652,0.35557031631469727,0.011069093830883503,29620.159968584776
2022-04-01,8,4881340.0125555545,16187669.05758804,4253674.577234539,13310097.458182773,842186.1167779006,2826646.2869187407,1254824.241409677,4992,0.14585146307945251,0.0075184679590165615,37769.402163147926
2022-04-02,8,3500946.8580920994,9856680.065478027,2563955.9793061316,7228801.202467969,649005.2588516246,1774525.8867567685,786026.68473533,3627,0.12536318600177765,0.009196870028972626,37698.17692452669
2022-04-03,8,1487438.743169658,8209793.2869884595,1190265.3672504514,6393444.293425826,276631.58986511827,1515819.5387377376,710565.3393099637,3001,0.18322929739952087,0.011876890435814857,35828.48347517848
2022-04-04,8,122974.8751001656,2972908.937915489,85698.83933531944,2086352.0159034634,27638.708619436424,552688.5558937604,246955.65902783885,2326,0.20800772309303284,0.0154456477612257,27768.191001713276
2022-04-05,8,37824.099331885576,308596.0417015776,32533.983532134476,268725.1475100484,10594.626958343608,80357.0959176341,44148.14777183156,1511,0.3063508868217468,0.0230544526129961,12396.286749988794
2022-04-06,8,1071375.7693978325,3796113.048890732,862887.0213239124,3179947.0414718427,197932.30620233694,760203.8826138763,425516.0137588741,2434,0.3007241189479828,0.023961763828992844,20115.036703437567
2022-04-07,8,701080.3654378131,3499960.908301465,599872.7317198025,2906925.2901736214,177780.91211391691,796338.4985631906,430333.6438686824,3311,0.2832256853580475,0.027016660198569298,28734.768975496292
2022-04-08,8,31954.519737377763,443578.3742889911,26222.173906053853,377768.22093703726,9029.924119234176,92556.72533938852,33531.640161174284,1452,0.2863580286502838,0.02471819706261158,11319.561949163675
2022-04-09,8,3420467.620294422,7356333.360816315,3252416.709620002,6716289.425079264,545639.5989835146,1187426.9921351802,534498.1305281286,3350,0.33087092638015747,0.0429454930126667,36754.90031737089
2022-04-10,8,186363.3517485708,448035.07465717196,160148.976917246,380458.2791801955,45272.00286925756,109606.5096005587,59703.606925918546,1848,0.32261911034584045,0.03016333281993866,12177.162842929363
2022-04-11,8,1023893.4437277317,8590150.005883858,834375.9709996823,7176536.142286382,174256.95151422333,1436599.8339111623,607586.4905187337,3394,0.2965633273124695,0.02022443152964115,37417.11976373196
2022-04-12,8,323759.94560039043,6741712.307371162,262954.54062503413,5895409.951906667,75570.46819973085,1127814.161142476,479675.98784470034,2956,0.32452332973480225,0.016817288473248482,28360.02500283718
2022-04-13,8,346216.5102906376,5023413.858153202,361555.9409627589,4349076.036223396,79842.42784007388,946815.5996345936,412682.86844821845,3119,0.09547655284404755,0.008710823021829128,39397.00819051266
2022-04-14,8,6803018.5690886155,20563506.285317875,5348914.487396551,16620038.16993841,1218411.3991469257,3577076.859115925,1632516.3988886708,4522,0.09590337425470352,0.004223520401865244,27576.43619030714
2022-04-15,8,2984136.9347329214,15317991.03574872,2564526.094753731,12566641.143231053,568495.661328406,2794134.073216826,1296572.113551306,4173,0.09272457659244537,0.0045921336859464645,23256.748458743095
2022-04-16,8,3736115.1102667227,17033160.417700022,2863088.22853204,13814707.39149009,719991.2800601326,2982775.9326850767,1338023.7260534032,4358,0.09110559523105621,0.005628011655062437,52533.92425310612
2022-04-17,8,1194409.1376059726,5327474.0530023575,1014845.2049117598,3965168.0843960615,254163.22264566598,1106177.387649622,581810.4629629408,3219,0.16303031146526337,0.008938508108258247,24824.73584806919
2022-04-18,8,1079680.2314468846,7136223.442105897,1075528.7217494478,6323437.068563936,240364.87880880228,1402155.6165372226,662790.7891132655,2714,0.2877477705478668,0.025964444503188133,23877.770064145327
2022-04-19,8,252048.71184242517,1258577.0661172941,260706.24305115273,1168224.5585387,57124.879233068496,263540.1685614888,140373.1878702788,1151,0.324026495218277,0.02709764614701271,23042.837902843952
2022-04-20,8,393747.1368840113,959332.9631380811,370402.2540195952,837780.945527307,91544.61766045458,213643.49754350825,123190.45596980484,1265,0.3326430320739746,0.035108163952827454,18913.84949490428
2022-04-21,8,285596.1481026113,559471.4354862943,228074.7712226377,480866.8726655395,49353.95320993789,114295.52807816114,67569.24935242857,1035,0.28783661127090454,0.0354452021420002,8792.296544134617
2022-04-22,8,479021.9494686872,2167442.4086253643,398879.7108262248,1764387.4494943945,103939.69002011379,388000.229672248,195853.77946125035,2823,0.3014707863330841,0.026815973222255707,18489.466840803623
2022-04-23,8,197147.94447822124,3860868.607460819,193355.09839220718,3238286.0851367023,47187.98324137417,710261.2163021903,340605.4138233823,1395,0.16554084420204163,0.008143958635628223,25275.131827056408
2022-04-24,8,1333749.4595800862,5149159.918063097,1045627.2250789403,4057482.812080704,251357.74982839392,866011.8023691664,400548.76980234275,3447,0.22118450701236725,0.0108929593116045,21245.076906085014
2022-04-25,8,615005.2897530124,2311444.7201735154,513217.1652017145,1831188.9352702978,131340.02888647543,463935.5717035715,278566.3018161296,2427,0.20314285159111023,0.009429573081433773,20887.72642955184
2022-04-26,8,4727836.567219615,13015668.508309796,4101524.4250954324,11088540.602306005,843112.6295419541,2311666.8087467994,975662.5398891042,3918,0.1162944883108139,0.0037016738206148148,48332.85448798537
2022-04-27,8,6451215.573065817,15615302.38297104,6201745.639413712,13234513.84729092,1143903.2383674397,2730583.9821944796,1292766.8153462897,3382,0.09673677384853363,0.0049100760370492935,35909.54933929443
2022-04-28,8,7337369.140020028,18287051.2615927,6147734.635493198,14848314.679892682,1281217.7613404877,3073466.4556608372,1385075.2565357685,4134,0.13644813001155853,0.005263461731374264,51895.46361449361
2022-04-29,8,1043790.1703988314,9867151.770344034,732005.3796193043,7516046.091798883,187894.64151135238,1710756.9333769141,703979.1070421919,3701,0.02378823421895504,0.001716420752927661,38540.545879632235
2022-04-30,8,9996150.787285805,19423922.90205869,8650871.091578681,15756438.106694851,1715392.794105527,3298244.2756605716,1513942.8428228318,4392,0.06102300435304642,0.0031663263216614723,39673.77073326707
2022-05-01,8,3689083.908251904,13451874.102098256,3133348.5369509803,10801963.840080865,726136.4408141213,2477407.273399265,1170095.502600985,3900,0.08819320797920227,0.0036138284485787153,29002.054916590452
2022-05-02,8,3039477.145484425,13013075.799494252,2493360.5662432015,10413177.519596405,609072.9313538835,2462013.205574901,1207709.6601519794,3362,0.09761419147253036,0.0035733897238969803,32737.576424330473
2022-05-03,8,895624.3744836748,4734377.585278466,676847.8501790357,3774590.138108886,181792.78877208877,881847.1617998553,413853.4299318441,2645,0.06955798715353012,0.005271445494145155,25292.692157506943
2022-05-04,8,344420.54566660523,7252666.12776158,303311.95183154265,6234188.334559136,73916.41011545488,1242330.0590250818,562496.8054636928,2015,0.23184816539287567,0.014821361750364304,22144.481695860624
2022-05-05,8,342186.1927076876,4468229.61650645,285268.78260777646,3852154.838846825,71764.67291953634,755001.532135621,341947.6934859451,2328,0.2443956732749939,0.01404175627976656,36150.509581685066
2022-05-06,8,447155.60545267165,11077398.631699838,377072.3245322298,9562166.397208465,108096.7240008719,1880419.5263142404,852161.9114131958,2719,0.3086264729499817,0.012840958312153816,41024.76956355572
2022-05-07,8,571411.3097258583,2565544.7450337037,482158.5591444881,2122431.752977336,129412.0588739565,533812.4564728022,294040.61267973477,2521,0.22220715880393982,0.009309855289757252,22292.773337632418
2022-05-08,8,5071868.974046588,16347617.041885652,4845891.030937618,14083785.657734308,841354.0659903374,2732948.092795133,1303146.186195545,2382,0.22925584018230438,0.012250739149749279,30278.15231630206
2022-05-09,8,2077269.916956231,12010316.305323802,1809937.639698406,10025263.213929188,400066.08660260565,2233129.7206708062,1105822.0358562388,3095,0.16643834114074707,0.006973679177463055,28259.95985201001
2022-05-10,8,6195208.515291974,18271413.817996956,5700962.880305898,15547430.01360339,990460.8313969555,3154148.178552909,1478377.510531546,2642,0.1952269971370697,0.010239975526928902,33757.27170920372
2022-05-11,8,4866327.037655368,14692453.92312713,3776197.0785408695,12051845.85066735,880367.794899911,2568880.6506343856,1216725.2189355625,1780,0.18733306229114532,0.012190552428364754,45703.59122878313
2022-05-12,8,6147649.60507597,18091617.715794742,5943426.529804853,15125787.690629441,1053612.3685792503,3116291.0154728936,1445492.422589279,2204,0.14944037795066833,0.010197371244430542,37132.740891993046
2022-05-13,8,8108040.9621059,18247931.330870345,7726122.24374962,15110036.980252111,1402286.9959462425,3090002.8793423753,1436604.2552593185,2817,0.19043415784835815,0.008658726699650288,37680.19421648979
2022-05-14,8,9783851.155008987,19864005.894977145,8731939.784847494,16187575.3467946,1713075.2050933903,3358833.0206773686,1512147.511438758,4883,0.20767822861671448,0.006503609474748373,34408.63597661257
2022-05-15,8,9428251.897956267,20875928.28476923,8442929.110299759,17504055.685832463,1523666.9694766954,3530440.655706159,1598885.702264456,3987,0.1787457913160324,0.006145508959889412,38087.18036347628
2022-05-16,8,4666038.904121213,18519480.952068247,3907656.987421303,15377026.425989535,770619.6758330291,3180368.4102243558,1542498.2748011188,3213,0.25007838010787964,0.013122684322297573,35235.90501815081
2022-05-17,8,3023625.377069302,12347938.062539369,3019448.1542316154,10782003.521826494,567895.6653519713,2241019.7513337797,1105667.7822281513,2614,0.2665329873561859,0.013435429893434048,36033.03796899319
2022-05-18,8,7676689.013641521,16687092.504026912,7467508.3584046215,14352323.676765788,1308616.9784941135,2834878.289915499,1387149.998093005,2505,0.3216799795627594,0.01953745447099209,37653.053132236004
2022-05-19,8,3749885.343524009,9448723.441866629,3037047.5866946764,7268046.517509384,685934.9302826524,1722096.3153420114,836068.2649452535,3093,0.2672182619571686,0.01934562809765339,28320.435543209314
2022-05-20,8,1214742.0538850874,7915380.022480957,1009876.1251242782,6468019.359939992,235554.9594695237,1529181.8953870623,800707.6586575836,2700,0.23575124144554138,0.017494406551122665,25924.29127573967
2022-05-21,8,1111520.29329969,4314496.17152258,906351.9837693321,3438014.3053916283,224584.63473466533,887436.3075245385,502587.3688959528,3736,0.3069499433040619,0.013185839168727398,21209.005513340235
2022-05-22,8,1653670.0244643986,5923350.559085004,1465076.51107012,4806002.4290352855,351795.3774257978,1166039.8967465444,612445.5690655917,3308,0.3117402493953705,0.012063871137797832,26690.00295200944
2022-05-23,8,2283258.370818399,8753699.700431056,1925983.028218844,7000632.198564155,492684.85821267765,1734637.5037360778,849771.7498182587,2806,0.16869716346263885,0.007617292460054159,28378.36501917243
2022-05-24,8,2527603.2601288334,5235411.860988498,1973660.7661801286,4084317.0197265744,501094.88248347497,1019858.0018406715,534553.3386633303,3353,0.20766858756542206,0.011113015934824944,27157.57655096054
2022-05-25,8,2337554.444701232,9019533.221907772,1910726.843298769,7190242.173319349,492233.91380009917,1732091.9315460522,850181.1854148058,2560,0.1421300619840622,0.008004033006727695,32436.555272758007
2022-05-26,8,2071157.025724098,7761783.789115004,1657434.0080058798,6204133.742471326,373082.8726367428,1490056.0472880492,751995.0222085012,4272,0.15826837718486786,0.005112899467349052,33173.03364020586
2022-05-27,8,1412937.8451434076,4485236.5469468385,1050724.3465268863,3480803.5908875694,290708.08960976044,910991.1852963028,464822.344807578,4407,0.30085092782974243,0.015890544280409813,25690.933190643787
2022-05-28,8,1980804.8761746287,4903807.999668561,1704211.3083073236,4021842.7236514827,407085.51242137246,949875.89367049,481697.1929178401,3396,0.23774249851703644,0.013138693757355213,26013.015352904797
2022-05-29,8,2517982.458966404,6727804.339512229,2123940.34788391,5391376.963036863,531161.0249017496,1324694.6250556381,669073.4608171328,3825,0.23438404500484467,0.01097571849822998,22346.512877851725
2022-05-30,8,1320085.1560043693,5966414.282623962,1004060.3807286129,4621497.718379352,265308.348683124,1186211.1800216334,569132.6406489435,3946,0.21539835631847382,0.007961994037032127,27323.650446116924
2022-05-31,8,3674350.1006950736,8480051.157614224,3079958.3465695055,6658706.277253427,757315.2810182706,1692357.4072195464,862014.3802051228,3961,0.24757030606269836,0.013712931424379349,28550.15008342266
2022-06-01,8,5371760.110464945,17515407.818331324,4604342.985862648,14677945.785839468,951856.5457169355,2995864.188938047,1385035.9709961917,1959,0.20819446444511414,0.014125993475317955,38251.138632416725
2022-06-02,8,482497.0365952477,2843312.1518663242,426323.2747902578,2366423.4691150514,121352.69447707919,587119.1429969087,291718.4239593716,2628,0.21055591106414795,0.011044553481042385,18960.08946478367
2022-06-03,8,2945061.0906772614,11425128.78325478,2375485.190394019,9364050.202528354,539870.6534894995,2004523.120912971,943382.5377141729,3005,0.18257808685302734,0.009879485704004765,25996.261109560728
2022-06-04,8,5334691.331064314,19053242.108933955,4915666.377784251,16399528.864544269,748677.0113975815,3144101.6967237503,1398634.1044960567,3359,0.20965398848056793,0.009113354608416557,23555.779648840427
2022-06-05,8,3984179.1323403716,15975182.893111333,3944245.7635560073,14246042.306906424,673413.7972612786,2666876.618933403,1213617.3751570794,3477,0.1661916971206665,0.005101162474602461,32915.643580675125
2022-06-06,8,2385518.875158459,9880980.546170324,1793877.2535693503,7926206.391739064,316502.48301071674,1541647.0410530707,618502.8690677187,3431,0.07765059173107147,0.0017523962305858731,30300.55213946104
2022-06-07,8,6801059.806343108,21177595.898196973,6171415.609549971,17384091.18660821,1023108.8538261473,3390282.1751233796,1538957.287315699,2859,0.08018899708986282,0.0022632626350969076,28844.321624457836
2022-06-08,8,7742575.154938549,20791826.91797468,6148513.226245606,16693292.738777973,1189383.474595299,3356601.246931725,1494735.958831975,3398,0.152203768491745,0.0016904569929465652,29353.310362756252
2022-06-09,8,6680654.026816249,20620420.910772145,5325675.996285042,16909283.229233254,1154789.8504902143,3382609.7212284775,1540474.543525091,3852,0.08721937984228134,0.0018008601618930697,44803.42411348224
2022-06-10,8,3875333.429223746,19640732.6890589,3344374.7781169848,16471612.808803827,613444.5939832651,3243848.892250029,1542034.353535584,2059,0.07114788889884949,0.002437738236039877,34867.25791037083
2022-06-11,8,4675288.52148661,13768508.811605625,3803660.1232832046,11609726.73319811,734375.4168843962,2317434.917788584,990148.5625971246,3305,0.08802247792482376,0.003067203564569354,29655.96041792631
2022-06-12,8,4297590.235355452,14658768.057609022,3514326.4737607804,12479139.301495166,642567.6888275999,2353506.762780182,1082939.9320543264,2191,0.16976316273212433,0.004133743699640036,27469.26358309388
2022-06-13,8,3113561.4211712778,8732723.24104257,2574316.1358833327,6760195.004201385,465825.7117226143,1332036.3447532011,615055.9041175593,3371,0.257824569940567,0.004219742026180029,25478.636427611113
2022-06-14,8,5146792.996848896,15875097.584610894,4478250.877611842,13863624.793965094,739939.3587794504,2481838.2702985373,1151196.9069182961,2319,0.18478912115097046,0.003912891261279583,36716.29541784525
2022-06-15,8,1002717.0628151298,9610077.14275252,857181.305078855,7723342.350794968,205742.63854864804,1585987.6834977323,783456.4365555863,1770,0.09043821692466736,0.0016107124974951148,21157.65562734008
2022-06-16,8,3254952.54725796,9000893.301514424,2665023.666437243,7156783.094473043,620738.2052658107,1667441.0803288622,833943.2370214347,2907,0.04487420246005058,0.0015612812712788582,35091.17190763354
2022-06-17,8,2917450.127882391,9522116.088085927,2452645.998323646,7656043.294352094,586859.3439615029,1648684.255547294,832647.3488678909,2323,0.03381050378084183,0.0021809921599924564,25608.945655077696
2022-06-18,8,1176757.8293610066,12135978.944905318,1092600.9541883587,10179760.461373705,253731.46860429953,2077443.1738829743,930081.8817830526,2530,0.07292472571134567,0.002005134243518114,33916.31921094656
2022-06-19,8,1316166.3525489643,6674468.554713801,1206971.767911817,5426912.466276487,281579.78832802875,1321777.1750310496,675836.4508264603,2699,0.09181913733482361,0.002245913026854396,25370.510350435972
2022-06-20,8,1283694.4507149085,10384219.231366888,1180315.436269857,8244673.813217997,266276.2927784434,1929118.0021224937,973803.3716909334,2538,0.11085910350084305,0.0029640942811965942,27185.391312152147
2022-06-21,8,1795323.6008614153,9942489.598334417,1537779.0902050636,7980776.487425204,360903.72849065665,1810326.2057022727,920273.8143225481,2302,0.08080057054758072,0.002849029377102852,25342.960369497538
2022-06-22,8,2842832.008121036,12800359.844235405,2377503.604294668,9442261.838260941,561071.6083397485,2187598.1875939476,980884.6409198751,2591,0.08925504982471466,0.0026676226407289505,31101.09154650569
2022-06-23,8,5144611.701426052,14059197.945105948,4053008.1628422644,11389977.568899138,921354.0487823769,2374529.9907679493,1131571.9122200834,2686,0.1356353908777237,0.0030812567565590143,43216.85694810748
2022-06-24,8,2187334.3680595458,6516699.955229066,1814179.773285129,5142371.78913419,464965.6623248964,1299347.7160960478,654863.1848124986,3645,0.03640790283679962,0.0007106373086571693,30702.84908926487
2022-06-25,8,1109854.3376431838,6329847.743951045,1034014.9957892613,5073692.75902906,217123.80183933326,1189953.5153334546,628314.982943191,3590,0.09550342708826065,0.0006135315634310246,26476.84447452426
2022-06-26,8,613574.4706640467,3966263.99076391,525624.478317527,3184358.6458755825,140745.10411130317,757515.5129877565,397396.86966340395,3093,0.0765102282166481,0.0006750233587808907,25483.566651523113
2022-06-27,8,1081726.9315774739,4103442.1718528196,993615.2278804146,3362529.675077142,195522.73525160286,745928.7133530653,371213.7929755875,2736,0.014964591711759567,0.0003927805519197136,22665.39531967044
2022-06-28,8,2359026.7049535736,7159771.131003194,1814017.8100476023,5485479.985234242,371385.45525261597,1115351.7600484493,536219.1413817974,2869,0.04621545970439911,0.0014516283990815282,21267.802597612143
2022-06-29,8,1116737.0366451517,4452956.105994813,957418.7956166073,3633106.568297079,237382.56454124107,893198.4418824753,457511.876877763,3763,0.03563084825873375,0.001379380002617836,23805.173029333353
2022-06-30,8,2168278.203319058,5202592.361978263,1745860.6845800178,4156365.6675910493,431495.6576284073,1010302.8387914995,517756.1756443317,2502,0.035976044833660126,0.0011049761669710279,28488.508983939886
2023-02-01,8,4445074.409782983,8798570.657255605,3472153.4255376467,6826494.20526653,889603.209111879,1733196.8480602298,889786.5438952144,4129,0.3055311143398285,0.01164059154689312,25759.02021765709
2023-02-02,8,3225967.9548898935,9307924.591357335,2641414.7269291794,7418685.35321372,689814.789808351,1823506.2322527624,954610.3084739512,3990,0.277118057012558,0.010083955712616444,22121.118986666203
2023-02-03,8,4395582.79267925,9806811.461341873,3622561.7552649863,7947732.482711227,885654.0244586351,1943152.020779559,1022601.1467071841,4451,0.36171287298202515,0.016496282070875168,17644.24378502369
2023-02-04,8,3152488.2968337834,13314073.716664135,2611507.404373182,10302054.086887443,614678.2398828032,2442943.7925128033,1222477.8714451601,4072,0.3188762962818146,0.014949600212275982,29887.820085018873
2023-02-05,8,4631426.395168357,12539320.137376785,3723065.9736146587,9988793.438654695,920749.6155843791,2400738.704987866,1242486.9537530108,3614,0.24842624366283417,0.01697145774960518,30382.507573634386
2023-02-06,8,4239226.247929767,8797516.725144237,3385665.4448979655,6948760.204560628,875948.897123684,1740150.6023510261,906231.2120749354,3447,0.3061886727809906,0.017402226105332375,26514.985815435648
2023-02-07,8,1952319.856158547,5982743.224598303,1543270.6214913512,4731213.492931279,411433.90044663055,1209976.9311633739,634461.4124140819,2439,0.3249931037425995,0.016033628955483437,23833.47492235899
2023-02-08,8,296249.6689002365,3678439.3383405805,211477.79527151637,2831897.790573911,58630.84956353624,718638.7106040613,400228.8834562929,1804,0.2556649446487427,0.015238369815051556,22536.4364964962
2023-02-09,8,608068.2182593793,3464140.8738070875,496382.0711721539,2885777.0821419526,134169.77263443067,744995.4745293118,392167.60562710604,1801,0.36128872632980347,0.01291815284639597,18175.783979445696
2023-02-10,8,41380.65057063103,720818.8831125498,31157.424684082598,556045.6619977169,12780.228506437985,160564.775639351,85424.31443955259,2459,0.25155577063560486,0.0157609973102808,15271.39616638422
2023-02-11,8,1113492.4995982796,7612526.586565062,817660.2487998011,5463708.718258551,215538.92578380278,1312505.774125706,534898.7573156138,3736,0.05774763599038124,0.009815838187932968,48874.009872585535
2023-02-12,8,3261530.7483317554,11684922.514478922,2390373.6795434365,9012695.909737516,596890.8136454382,2018186.8100432204,867080.8194197562,4141,0.07772225886583328,0.008054662495851517,45963.116072028875
2023-02-13,8,729570.9115493894,6286183.922824204,665307.1287114522,5163860.496419072,139013.33310733206,1143282.8638047879,497988.663121348,3364,0.08426600694656372,0.005872299894690514,29481.425873726606
2023-02-14,8,3877358.4582114667,10843790.945993066,3084507.832810916,8795933.95581926,686461.9591196534,1820027.0032058014,709448.9118186721,5347,0.054715532809495926,0.00655064033344388,38601.38535967469
2023-02-15,8,2877973.457337126,11569445.606470563,2496152.702891293,9371471.962992232,486507.6891390587,1959737.5282319854,853686.9070829125,4289,0.17800740897655487,0.008109747432172298,29070.326095491648
2023-02-16,8,4457294.457838729,11353053.916198298,3156999.3257627646,8669662.511758735,738608.3555014418,1835561.5454003287,675377.9740123653,6043,0.1777569055557251,0.01118967030197382,35227.758428275585
2023-02-17,8,5405624.323712125,16544736.123744324,3992735.345808685,13001224.961948901,893164.4441612462,2744533.44306097,1178311.5633154172,5698,0.10281863808631897,0.012088575400412083,36286.162812680006
2023-02-18,8,5051431.674186975,14344352.742893234,3800868.8738447707,11092994.654332379,832972.933400425,2385874.9967408506,1028029.9360407245,5480,0.2662124037742615,0.013505826704204082,33404.96944591403
2023-02-19,8,388828.7314095944,1807356.548437111,316903.6804848021,1469130.8777057421,97185.45244978086,388502.9599812872,220184.82363229705,4285,0.3200923502445221,0.012632600031793118,19791.57608357072
2023-02-20,8,4711853.9135738015,15074162.042531252,4177030.04727119,12115821.812263448,830104.5750698685,2583463.033040797,1119428.4152462597,5887,0.2617162764072418,0.011161953210830688,36295.66557762027
2023-02-21,8,1884535.8308421,5527071.308690749,1784260.5498858497,4788806.055792337,346790.1742769195,1048748.4460408664,440479.40553599,4582,0.31906959414482117,0.01648605801165104,31995.979059815407
2023-02-22,8,2993413.340848461,9628895.701450318,2416740.4160608877,7482504.144682905,567085.7700880896,1721492.9609034092,768040.2055180441,5072,0.32764753699302673,0.02808108739554882,32266.94595900178
2023-02-23,8,1073552.7551576346,7890849.159444004,776361.2101320119,5484966.564591738,215375.39119087043,1471376.0056411005,638952.7121814602,4709,0.37487226724624634,0.022572971880435944,34179.03659337759
2023-02-24,8,2148703.9182026535,6148912.508921348,1781320.4241767484,4964246.293908584,434928.3543402982,1192534.7255815482,588772.2974656177,4781,0.36175650358200073,0.025425108149647713,26269.5471072793
2023-02-25,8,2935780.1963930354,7444431.807516828,2402348.4184406754,5944353.106278567,586103.938613421,1449426.6062450404,665907.0224173462,4276,0.3314613401889801,0.021668246015906334,24914.068621903658
2023-02-26,8,1541740.149359107,6236170.048236221,1137601.4915875886,4702890.172713216,293218.4090587135,1195125.2681145892,558757.4363857743,4262,0.31574174761772156,0.0246913842856884,26733.34489789605
2023-02-27,8,2330076.3691179454,7790633.433009662,1835533.7709190082,5929394.76692929,425360.3675454815,1445037.4892860637,709167.9292893617,3997,0.33303362131118774,0.0332660898566246,26999.89722469449
2023-02-28,8,140052.1420470029,2205679.8119487613,108079.77906538056,1806082.3250517098,30858.775529600294,426111.26682954404,187757.5076375779,1988,0.3540631830692291,0.0359710231423378,15464.68540135026
2023-03-01,8,781135.4711606354,3765352.641370006,637885.3454239572,3329519.7087247022,153197.64405107487,694843.7977443803,313122.92880063306,2978,0.3411000370979309,0.02949187532067299,24597.44244325161
2023-03-02,8,3387673.6833041683,10546592.582687631,2863131.224554957,9172553.97704723,646295.2044287178,1931213.4205492095,953571.8447916056,5255,0.3090384900569916,0.02323964796960354,31882.409946143627
2023-03-03,8,519166.7447973639,6340853.2391828075,424289.47073459486,4981550.678821713,110576.2487752868,1205494.8295401554,574364.8361144677,3516,0.3823702335357666,0.032585982233285904,19588.13808169961
2023-03-04,8,234248.90100562572,2825169.8623116463,186974.87769843696,2225940.647773258,43912.86345454026,515351.9997529796,251001.41765027668,3513,0.4352523982524872,0.03815785422921181,13522.338725626469
2023-03-05,8,260114.20734483004,2252106.310861036,210027.85312441946,1726050.6470070076,53007.95373654136,410959.10884323035,222261.12036079622,2946,0.3448183536529541,0.030699534341692924,23803.7855951488
2023-03-06,8,240250.73978698254,724290.487225078,187623.33912228813,594751.7133979476,54574.37317482292,159900.38896805848,79620.9993020422,2033,0.42167675495147705,0.030740952119231224,19578.674808084965
2023-03-07,8,210314.95730888844,757238.4984681606,185418.03150414326,630079.1484603994,48186.54728642856,166556.45781640688,81474.63031076957,2117,0.4112417995929718,0.03026130609214306,12061.688588678837
2023-03-08,8,387801.32409721613,701498.7983348072,317416.0076052462,575934.8580336602,91774.44397032456,164122.52350288106,83141.73095448333,2566,0.4836445748806,0.034333836287260056,16662.823157429695
2023-03-09,8,2283984.836962536,5861018.679894045,1938012.0831424224,4983581.825095843,416142.08010389865,1077689.4074838834,509691.504099235,2847,0.3421211540699005,0.025370290502905846,37509.05973157287
2023-03-10,8,17462.115371584892,80734.1350017488,14839.73884657086,70569.32426282307,5655.183718666913,28084.48871616328,13295.831186443931,1156,0.3854978084564209,0.02724679745733738,7102.246748507023
2023-03-11,8,61552.10565626621,219572.3400131166,52099.557207224505,186283.51197697344,14827.507652618595,53572.471084316625,23608.626441073557,1924,0.4093022644519806,0.027878373861312866,8795.35188499093
2023-03-12,8,1451305.876418382,3382222.050339669,1079059.1244188177,2638745.964834894,253219.6349023246,618614.2467338985,352508.56681988854,2421,0.269152969121933,0.019698647782206535,21360.26000648737
2023-03-13,8,156397.90801623464,2184025.3094871715,135989.29790098232,1878505.9382091425,46872.96566539372,426989.0766053672,196197.95074976375,2721,0.2637966573238373,0.012364623136818409,12800.228255301714
2023-03-14,8,202652.6299185604,3173863.5183428526,186729.32647876604,3061398.6431582235,39887.021928086695,575329.7314978433,258311.86993084807,2367,0.2788788378238678,0.02829251065850258,28806.443121135235
2023-03-15,8,5693471.371656597,14748789.766127586,5729820.696883038,12781765.487951733,957842.8267893225,2454010.244983531,1097585.9887241041,3777,0.35213324427604675,0.026759615167975426,29434.656613588333
2023-03-16,8,1286057.435968861,4143787.6575701907,1021793.9824968863,3292753.1510418225,251945.5271561481,814501.5070306999,426399.4645510177,4317,0.328470915555954,0.024627966806292534,18284.278210550547
2023-03-17,8,1089120.5518735796,4705537.604660846,866818.6928595757,3721104.5363378706,221368.59219036697,874357.9693938887,451064.19878884126,4420,0.3858679234981537,0.041624315083026886,19015.16348966956
2023-03-18,8,257616.12243291736,3035244.12577641,199856.43910650004,3010776.9898605207,58177.55403802023,562011.3925732574,271603.4347388713,2458,0.32557815313339233,0.04066438972949982,16276.95620700717
2023-03-19,8,694224.1413534284,6387941.030086055,585258.7712727601,4812783.205662821,124837.22721286857,1162690.117079623,528414.480578139,3697,0.34611839056015015,0.03309062868356705,23716.23917889595
2023-03-20,8,149287.12721326947,3200688.960312128,112725.29547909621,2531529.095041181,29886.735740964654,593705.1576705435,307729.96456285106,1905,0.374603271484375,0.040521711111068726,17105.14182114601
2023-03-21,8,551329.0257731229,1939231.2157389075,414093.80630771664,1601653.3017294023,108968.11476785115,393944.1511475024,197173.25836108043,2331,0.3885359764099121,0.040698010474443436,25384.839838802814
2023-03-22,8,1039618.2877167314,5744577.926775351,1042518.9072360771,5470726.559708467,180457.5760991834,1022537.2983499807,447523.3461174161,3522,0.41929545998573303,0.036945752799510956,21476.815688163042
2023-03-23,8,373459.9304997474,1445040.338528201,304156.2892585761,1196906.3018808907,79005.678426775,293151.1496930167,137257.99281354295,2211,0.335584819316864,0.019460175186395645,30678.44448080659
2023-03-24,8,5329854.461177036,17954465.46304965,5099577.721956892,14748113.271680783,866568.3852892438,2981175.365091881,1282587.8888297542,5948,0.3244294822216034,0.013587229885160923,28361.575421392918
2023-03-25,8,3363043.0188978314,18273034.39377837,2497331.676635077,14673892.82770205,552272.0454921385,2984095.9634583006,1282280.9965937317,5977,0.2669517993927002,0.00941390823572874,36001.53794130683
2023-03-26,8,5820471.723553419,20495711.596083105,5152721.252874845,16805928.353242468,921446.6341156618,3418447.9137053913,1553110.4654357405,6096,0.3927820324897766,0.009869852103292942,35318.25052395463
2023-03-27,8,5475757.747918516,19497859.90713857,4659768.8692781245,15801638.087004662,959748.5834675966,3287288.5709404005,1434546.079922141,6079,0.2885335385799408,0.009401281364262104,45519.55409938097
2023-03-28,8,7423014.8491678685,18614770.53457822,6063022.758508602,15279849.139529787,1301422.915221672,3108616.295013954,1347893.4312630058,5591,0.2550624907016754,0.022274428978562355,52556.80658456683
2023-03-29,8,1806290.2395172268,10856208.60311921,1491074.0600588564,8618189.96959392,322283.44987077784,1835984.74562209,795425.3352989445,4239,0.27681583166122437,0.026566999033093452,29236.966622292995
2023-03-30,8,353506.13476993144,844833.9140324295,267887.483043497,681438.3686116483,76224.35174998845,175678.665277847,78721.9339586076,2155,0.3696993887424469,0.03370600566267967,16169.362464010715
2023-03-31,8,187947.01872465014,570370.982081756,142550.61990462037,437007.15737639274,38943.526003336505,129913.46946428024,59923.580639220396,1696,0.4009152948856354,0.038036104291677475,19775.230265289545
2023-04-01,8,92753.63489176333,301667.0778952986,62894.28492259719,229118.29562969328,19001.36197895328,63714.24862649125,23050.36238438596,1222,0.34056535363197327,0.04262858256697655,17477.333033144474
2023-04-02,8,274530.36821076274,1039324.9297645092,219150.81779828644,904277.4185438494,53222.573603518,209255.97734370752,95472.99007416965,1973,0.40965667366981506,0.04354273900389671,26147.163534522057
2023-04-03,8,188006.50760371983,687844.4014429003,211883.4931369483,610846.7579716891,42475.69281766988,151869.52656124852,69145.1970598629,2531,0.39447516202926636,0.04055330902338028,24460.97379541397
2023-04-04,8,2565616.3313574493,12103485.84070623,2099502.467022687,10017306.385228984,460169.462798192,2144416.963449914,950878.703963726,5120,0.46598246693611145,0.046995457261800766,41667.92985793948
2023-04-05,8,2082659.4448349476,5111107.27469562,1609191.7402177819,4200098.994069549,416380.4484591357,965398.6092555497,436772.06137017894,2873,0.2306414097547531,0.023629508912563324,26515.18507388234
2023-04-06,8,380485.17725525796,3652932.394501701,303398.89763201075,2800165.7929157177,80120.03094723514,697564.2497774657,348061.81213594915,3439,0.08054760843515396,0.004184181801974773,26057.680942744017
2023-04-07,8,1069337.5459878892,3383760.1968324855,910611.0145471299,2613786.8199659023,225793.4406587517,666912.738200887,323861.96227289876,3506,0.05317528918385506,0.003147430019453168,21627.6658770442
2023-04-08,8,359106.44381451607,2700322.8155655786,295098.27394992707,2208247.0465501063,86653.86846493694,548159.1995898532,292892.58808600355,2687,0.08508580923080444,0.002691532950848341,21213.75928902626
2023-04-09,8,368237.5647813156,2043337.9781708494,323090.07277413516,1683661.688230311,90613.13313506695,432604.68369422446,235811.9244966711,2526,0.11713548004627228,0.006242810748517513,17247.628916561604
2023-04-10,8,367924.468778193,2357081.5918912515,300590.4339996955,1923794.5594566364,86524.82469100374,537246.0351943949,273060.0745464753,2360,0.4925979971885681,0.025014357641339302,22029.521590322256
2023-04-11,8,366487.09014490247,2640160.40715982,304837.67809732084,2020900.3263886413,85924.53612849885,474152.12737837806,220456.2795056821,3262,0.5123865008354187,0.0364445224404335,17718.810026824474
2023-04-12,8,990918.1732005924,4542250.620593339,862085.3745371692,3666292.7900200756,211826.63070331872,968004.8517903797,508287.0344389144,2983,0.4182682931423187,0.024548733606934547,17698.71458441019
2023-04-13,8,390860.6211927831,805671.4456727132,316068.25683996844,676930.7213180684,92324.51988941565,187756.68987449075,108568.07105623334,1954,0.45901232957839966,0.03749077022075653,18944.263266801834
2023-04-14,8,399792.31405474246,1074093.680274047,324686.7827220998,884931.0367698119,92957.43679144475,239549.62508807585,136871.4930987353,2128,0.4781773090362549,0.040396399796009064,20968.563346743584
2023-04-15,8,66213.39541754127,896179.8808506727,61654.095136979646,787366.7173076108,18628.51200118345,207152.65697780077,110536.58683571883,1503,0.3050873279571533,0.028752900660037994,9734.415914148092
2023-04-16,8,20090.40555331111,627760.9593088031,18058.752334139233,513342.25472822925,6739.48759627012,148537.8545950529,74462.04289825927,1506,0.2042188197374344,0.015055465511977673,11662.234438300133
2023-04-17,8,815281.9579262137,3531919.7000229955,693724.5468406982,2643137.9886751026,161951.9047068869,666764.0338754235,297303.49324550276,1566,0.06012455001473427,0.010371025651693344,26849.85170286894
2023-04-18,8,1397583.542166531,4966471.698859803,1149305.1089179802,3847682.772623205,250286.98438781593,864372.8647594168,423998.14311069914,2613,0.19643062353134155,0.007895061746239662,20956.606469124556
2023-04-19,8,19650.955497264862,5856771.779182643,14672.84355726892,4860476.2988733975,4807.399649312439,1079547.7397375403,538112.3126518504,1484,0.13009783625602722,0.00782636646181345,33012.622226536274
2023-04-20,8,333360.2874637842,2031218.958005488,280618.2485905186,1647833.6783995868,87300.65679129855,456731.1213074182,239289.9486037622,2915,0.08827580511569977,0.0071530588902533054,17750.6349734962
2023-04-21,8,2666537.342737004,7334349.423718758,2250845.783210802,5845502.6107687615,552087.0919701918,1476921.6851845076,726351.4032363537,4127,0.22220705449581146,0.013275270350277424,27132.606827020645
2023-04-22,8,2373121.5502564013,8877967.726757266,2107674.5461814716,8176880.528551104,446949.1047862937,1684182.832397454,791421.0937494546,3015,0.28490394353866577,0.013194332830607891,25188.961093187332
2023-04-23,8,2747297.0104479715,11846685.522093631,2485640.696406819,10536722.586878264,547000.0895447473,2236039.0915391073,1037861.4338985862,2711,0.2963775098323822,0.017554067075252533,30861.143481105566
2023-04-24,8,9228631.159304947,21538152.550912775,8422323.26176383,17518767.20670907,1575135.9929831931,3696303.7845461024,1821021.710327157,4354,0.4030151069164276,0.022589482367038727,39352.17025154829
2023-04-25,8,9144793.170687377,23237400.00494004,7748199.014712612,18670774.446492143,1504238.4415695546,3790648.734847352,1745463.6253576698,3782,0.3856062591075897,0.023439088836312294,42768.72672948241
2023-04-26,8,2837639.4712037146,14635369.24093555,2566103.852683807,12397630.1983075,478006.69103970984,2456522.660798787,1118001.1657908084,3486,0.23728047311306,0.011041968129575253,37550.525479108095
2023-04-27,8,7212198.920263618,18900017.462363943,6205392.634528437,15539391.44057,1214885.3632283325,3106878.3575146096,1459027.9225622958,3199,0.06338953971862793,0.008704407140612602,49291.859009981155
2023-04-28,8,1530746.854925938,14477647.82216946,1628815.8490997518,12455418.077582777,273546.433752269,2509790.8676834847,1222898.8315534522,2070,0.17556755244731903,0.009365754202008247,31607.99603152275
2023-04-29,8,3654490.352043271,13221337.469191015,3159219.075060732,11492419.029724408,615287.2435071955,2201581.4652199997,933760.9395031097,3854,0.17427875101566315,0.005643865559250116,36579.642924934626
2023-04-30,8,366146.326589942,2814007.803273283,303072.798897351,2344620.009610665,87993.79858674287,574967.4707749293,306466.37791992695,2612,0.2759903371334076,0.005626858677715063,21440.62339529395
2023-05-01,8,646422.1587061137,4769838.3796774,567774.5106390289,3920125.7287196005,134363.89132398955,957478.4189118416,477689.792945657,2597,0.1815347820520401,0.00552980275824666,22577.02860507369
2023-05-02,8,1138448.7336050943,4426473.981436782,905380.08873907,3488564.346358626,227300.12741415546,835943.5581970718,430951.7355325573,2324,0.24298249185085297,0.011395012028515339,20906.06603220105
2023-05-03,8,829355.8229250312,3564516.1490384936,681035.3045875956,2795749.5412265686,163982.53356290964,668637.7060176467,350583.5028644636,2596,0.2328253537416458,0.0142314238473773,20786.60179746151
2023-05-04,8,2834028.900222689,10233690.937605247,2225121.107316848,8140101.638398112,553319.4765938013,1801762.8438474303,874534.1099090413,3236,0.34028327465057373,0.017169494181871414,33089.61411958933
2023-05-05,8,1898094.4997617304,4598796.480466053,1469674.2888626577,3573635.857777993,380927.3689891133,931060.0906210754,485768.94242836477,2509,0.18839655816555023,0.006577271036803722,30594.102994024754
2023-05-06,8,663305.7558156624,6873513.918630265,606762.3716940808,5964421.202828062,132720.8351412932,1129544.0082121168,481186.6733977682,3423,0.037509627640247345,0.0015709965955466032,26048.557748913765
2023-05-07,8,295827.99803748727,4166672.996440068,280105.0688855345,3407547.7556661987,79043.0748539384,764787.8540588757,333796.3548898477,3483,0.014050918631255627,0.0005471311742439866,27482.405608028173
2023-05-08,8,175595.9730654359,8995815.390853927,175661.3007052784,7611942.505642331,41778.427757912876,1418462.0421255887,587245.4132733056,2786,0.03273429349064827,0.0006028510397300124,24305.950112849474
2023-05-09,8,453272.82661145926,7730392.71791783,486904.761540699,6424145.007784712,99093.0763574821,1242914.4824116055,500970.6423780415,2810,0.022736435756087303,0.0008083662833087146,26947.3189265728
2023-05-10,8,276980.96046231687,3049517.810373515,220286.65417952274,2589613.9350169776,58646.5908780673,546397.7164670045,294263.63456573966,587,0.10629867017269135,0.0036228946410119534,7907.253570765257
2023-05-11,8,3545479.6115786135,12401527.271133497,3487326.2005514367,10975778.886590084,613240.1649071794,2148068.6768773673,955649.6932201814,2241,0.2939021587371826,0.011219315230846405,37763.837555110455
2023-05-12,8,1424831.0101287514,10204557.93658036,1281303.9014591533,8788049.992381725,263606.15783595975,1732083.3377246624,785198.7819823188,1524,0.2937631607055664,0.013454536907374859,35723.386972516775
2023-05-13,8,2558043.6896374375,11394365.00345914,2015420.577775019,9702269.105781939,481504.925350407,1963474.9708287467,862187.5333856253,2026,0.257903128862381,0.009939431212842464,51201.80071029067
2023-05-14,8,2799814.7441113144,13985454.076161593,2249396.0708161956,11809180.073234083,464084.1306528874,2350038.881920916,1070265.2730337488,2171,0.24217607080936432,0.010005366988480091,42883.98016101122
2023-05-15,8,4637397.697159097,15255592.614540346,4076229.8195735672,13091136.545766464,762443.6686861949,2507615.279153343,1141519.755032031,2726,0.26543915271759033,0.011204647831618786,41041.99475106597
2023-05-16,8,2499117.2839054912,8846058.845459506,2122651.9151889337,7513221.989749986,439959.0342751664,1466135.4855769244,652478.507772323,1914,0.27170079946517944,0.010603540576994419,44459.9551795423
2023-05-17,8,903560.3797473013,1965122.822431624,666675.6954280448,1583546.4610154792,174437.73332204414,414894.19832984346,228084.53388104058,2477,0.37247931957244873,0.011577518656849861,20007.838446736336
2023-05-18,8,2562191.1437442154,11264125.7562249,2274835.3531860146,9633625.482501352,434315.4572859597,1874308.265323076,903905.8799446604,2526,0.3376924395561218,0.009539618156850338,35823.87266403437
2023-05-19,8,5485354.303534731,12135615.090800487,4379121.30128286,9646364.386612602,863203.7330515706,2011064.4125338097,918784.3422656015,3921,0.24488362669944763,0.007031859830021858,40900.82786434889
2023-05-20,8,5527550.65942128,16617289.75982058,4400403.840081843,13903775.137355441,878505.3760505232,2736616.0227549714,1278085.554863431,2389,0.11614992469549179,0.005585949402302504,37869.43488958478
2023-05-21,8,2787971.2486221567,8225134.124216519,2314280.0098466584,6634574.89382887,489853.8067334193,1467787.4632978684,745743.3933663892,2969,0.23332014679908752,0.0035912133753299713,35133.6116835475
2023-05-22,8,2712950.610729143,14726306.254402153,2565440.1345407437,12682821.268419437,497113.1639786097,2555310.8461858076,1203511.9409313742,2614,0.26307499408721924,0.004525349009782076,31857.393674701452
2023-05-23,8,4688848.568683282,11453794.506085634,4270274.656732934,10023256.174857486,855558.7501739652,2038952.1362996565,986628.5723114975,3520,0.1387864053249359,0.005768219940364361,44894.40683281422
2023-05-24,8,1922947.189282626,17475225.91420658,1673383.2498421147,14991501.056332294,353236.3155706113,2943217.1334709437,1381460.2327798062,2808,0.2611672580242157,0.008258160203695297,36617.501923412085
2023-05-25,8,817142.9420116544,8516812.229743615,638933.7030554593,6891143.434800558,175200.02359403914,1565670.241268021,722812.462687098,3134,0.302639365196228,0.00831990409642458,38827.739022284746
2023-05-26,8,2851174.582147062,15632281.354364492,2257142.366690594,13454778.581545174,408417.1153209122,2565692.6384166395,1180704.2967339407,2320,0.3181517720222473,0.008791210129857063,32898.09251824021
2023-05-27,8,8140209.140983164,21350070.93806567,7899469.891541569,17665724.847425558,1338430.7932154445,3624728.061139445,1698164.9138308421,3586,0.2989331781864166,0.00993284396827221,38115.843849390745
2023-05-28,8,724570.4944693744,2783316.5149633065,574808.911788147,2178106.7078218507,162903.53878191795,564928.8622788542,320426.21508087334,3263,0.10384279489517212,0.0031046250369399786,19420.060571700335
2023-05-29,8,2248338.3519626707,5320373.102985397,1780444.1181075885,4133679.2379640564,456984.14443844336,1071010.824486093,558351.9651601268,2875,0.021686313673853874,0.0020530521869659424,28849.749727219343
2023-05-30,8,537481.5682882369,2572904.3609653935,438143.4419915705,2077575.405424063,99321.69533419506,469512.0603651149,250893.90951911238,2270,0.015509267337620258,0.0006716868956573308,13994.067743122578
2023-05-31,8,1142205.1323013306,12348427.925561957,879420.3534435784,10309118.801575469,145820.11261108535,1889308.538515872,850483.6219249448,2959,0.0191629808396101,0.0007153718615882099,37471.3352496922
2023-06-01,8,531190.0651535243,3991303.553868428,452663.3939837138,3311048.1364068426,94644.14350386443,698300.4845349472,326999.7753524437,2684,0.025631997734308243,0.0010929087875410914,26251.63453143835
2023-06-02,8,4375038.350652292,16131677.369738922,3829451.432778142,13548030.01008115,785791.7353451358,2728476.2399338335,1269121.7586892839,3989,0.029171114787459373,0.0016978626372292638,40549.456365436316
2023-06-03,8,4374613.685354859,17624832.860794455,4404255.795365731,14880662.72024511,774399.8236716755,3018958.593129272,1486563.8319988232,2428,0.12754330039024353,0.004572891630232334,32467.198021948338
2023-06-04,8,405498.90867222846,5328765.421045102,348420.64984679816,4407393.246649155,97682.10662609551,1077435.639795503,573186.0436857254,2759,0.26675543189048767,0.005687723867595196,25749.193674325943
2023-06-05,8,1012618.5379779786,5672210.906382561,836912.429873615,4657086.168033006,226602.00002154257,1107323.1537615436,565778.5388731617,3073,0.36216801404953003,0.008033674210309982,24759.64280834794
2023-06-06,8,854874.1191983297,11388290.473789044,768209.0764612847,9337240.35972467,189122.4020572828,2059860.8474572094,995342.0558878072,3107,0.34223902225494385,0.008121563121676445,23515.552344441414
2023-06-07,8,634753.108854346,4415797.508782752,554186.9720302946,3556923.841451711,149623.9973889321,861457.1673170405,498143.5655316798,3388,0.3585338890552521,0.007675589993596077,24413.649197518826
2023-06-08,8,496646.66489189863,5212764.619189471,458696.6495462978,4277047.49532361,114809.48653444664,976721.841108666,481960.6608374255,1971,0.31041985750198364,0.0068061514757573605,16786.162124425173
2023-06-09,8,2196080.4099953547,9407988.028416492,1994978.907537294,7810410.368786441,449227.40684265154,1836919.4121938231,886342.6214800349,3346,0.2688923180103302,0.003866061568260193,20992.392876535654
2023-06-10,8,2050083.3084941655,8906804.218843058,1649509.2474736404,7269385.076976854,405062.98451573047,1608533.98316132,813311.244273758,1363,0.254130095243454,0.00501586776226759,31527.294777214527
2023-06-11,8,758147.590495713,8338881.498290934,638727.0941812461,6467755.992332377,146344.0362729648,1346369.8161564635,654679.902713384,1512,0.17953841388225555,0.0045893555507063866,26872.48414710164
2023-06-12,8,3450225.550685659,12375235.658513106,2631811.483274254,10111803.493382787,561458.1581306178,1999211.7308641663,958253.0627019181,1713,0.04159601777791977,0.0036324020475149155,33983.37812927365
2023-06-13,8,2436832.499572113,10238440.810860045,1829110.2799556612,8446248.225843346,349793.5680169591,1609642.3315795916,742012.7952422034,2089,0.07830772548913956,0.003658617613837123,32151.671045839787
2023-06-14,8,4682382.212815948,13857595.118933134,4000307.3833576655,11470219.53937469,731900.7380081819,2215636.755651669,1024613.8463581395,1801,0.033752791583538055,0.003440270433202386,33326.11495369673
2023-06-15,8,4227253.924218804,13406121.948312208,3596823.443127635,11134879.03395512,643326.391316962,2134090.456861956,980771.8167289156,1853,0.0346241220831871,0.00321034318767488,34376.59933194518
2023-06-16,8,2101426.0668509305,12428951.796405658,1739677.7146763497,10093967.563002007,362563.4068655763,2057212.1917186477,1013315.0838000702,1613,0.050813380628824234,0.0036986961495131254,30034.138510107994
2023-06-17,8,1016983.4704027176,10834049.488870323,922955.24212429,9299925.127828903,209003.7135270279,1823791.6229622443,878956.2959449757,2262,0.19443252682685852,0.00548173300921917,32380.916141182184
2023-06-18,8,751083.6494730338,8743615.56917043,714341.0311812958,7487879.921175867,165070.70995603895,1574359.5744290806,752978.8949723017,2149,0.264452189207077,0.0054889558814466,20813.616771370173
2023-06-19,8,6708531.5267497,19351457.191867307,6382577.264347884,16637809.722933944,1139187.9913591642,3296531.96759519,1493674.253508603,3287,0.29337602853775024,0.00862810853868723,35433.71924775839
2023-06-20,8,6765860.959229842,14473202.895925008,6360824.06180198,13067828.617974523,1023237.6965194806,2380160.538654349,1104761.4813578194,2522,0.3850470185279846,0.00952963437885046,33666.333425462246
2023-06-21,8,3938999.0520211905,11698605.551765695,3073714.1588832396,9753002.65823273,715978.7172460032,2109964.0281262156,1038097.9134079884,2413,0.08991949260234833,0.0028539823833853006,38927.333770513535
2023-06-22,8,1532274.0035386682,7650042.373122789,1238175.1660761086,6236723.147814056,265794.741406412,1396223.6086645164,729774.4064442192,1818,0.025490039959549904,0.00200810469686985,29541.797251194715
2023-06-23,8,2379881.418067917,7194217.478572719,1940982.2360296533,5742936.224058835,444721.5750837515,1339547.8128951131,707987.438353401,1844,0.021184688434004784,0.0020563462749123573,26300.995135247707
2023-06-24,8,1948083.2159680277,9060778.641876988,1549050.309653216,7520385.1480826475,372855.8010209329,1646041.4135784993,839129.0454852043,1366,0.03092239610850811,0.002106992993503809,27988.987198740244
2023-06-25,8,649551.5855937228,3923688.459710911,511751.8825237202,3089782.477516694,133376.23209070944,762901.9764957351,436978.96975965565,1592,0.06637707352638245,0.002732569118961692,18223.808504074812
2023-06-26,8,471414.89222373813,4766692.5515005365,388403.60961674736,3962436.4205282656,107063.22190563408,984515.4601054876,521900.8300358419,2460,0.03566177934408188,0.0013631239999085665,17135.525175392628
2023-06-27,8,2678972.10924381,11777265.03159649,2225249.169665664,10113780.295025017,500552.2531675593,2026479.2673472147,946287.848531684,2262,0.02005687728524208,0.0007209893083199859,46503.6276127398
2023-06-28,8,4220290.100476116,14663742.287078455,3242449.8805533918,12280795.758974748,576281.9143251294,2298164.4502428193,970947.2143850874,3615,0.030321860685944557,0.0007821431499905884,42643.60468053818
2023-06-29,8,2244851.593467623,12586667.789096415,1702882.1814017794,10781474.420813516,318635.1628686309,1996704.0382989217,853095.7749397148,3102,0.02745918184518814,0.0005127628683112562,39806.51704457402
2023-06-30,8,745350.0392785817,3660870.2297670767,578802.6746507795,2935186.275916866,142752.5732292495,649108.2240434147,310597.6529585118,2625,0.004535771906375885,0.00011538859689608216,17210.186229407787
2024-02-01,8,2388692.57288453,7575097.903109886,1877196.4657340841,6211682.862851199,458463.94923487626,1357002.9422046011,648249.1407215535,4129,0.17930041253566742,0.009013529866933823,22602.58817729354
2024-02-02,8,6694242.175553329,18803366.812034138,5578352.421253486,15136359.44554966,1129432.4449993104,3158294.956777453,1499671.0587525526,2781,0.14867985248565674,0.00600771140307188,46957.82744151354
2024-02-03,8,9276854.117231175,21805192.9580326,7890291.637559099,17738770.30963286,1561143.649910544,3726214.5967601268,1763341.6626976435,4222,0.15569020807743073,0.007190869189798832,40644.2363306582
2024-02-04,8,9025440.463786855,20481704.373285048,8010263.755317848,16872146.475536045,1563231.2054486235,3527208.8689754936,1611555.3828680492,4450,0.1708754152059555,0.005248364992439747,28645.029487013817
2024-02-05,8,6582977.646266326,15484825.230787866,5723996.030925842,13230871.787874341,1219396.4220956224,2881212.9456613082,1320792.9308484904,4792,0.0872059240937233,0.0030879834666848183,31510.575886815786
2024-02-06,8,6394751.776722863,14493339.817737535,5249383.789311817,12245409.63489434,1169359.392160452,2571122.868694936,1151123.595383119,4817,0.03743196278810501,0.0022325110621750355,48579.47911500931
2024-02-07,8,5867350.3728880435,15052428.894634157,4848284.568379171,12507284.581537101,1054268.2526790802,2653961.5879707476,1174258.2653322825,4810,0.03158310428261757,0.0019707465544342995,48322.011552125216
2024-02-08,8,8381363.617695838,21301992.597802892,6675891.391479531,16976829.334570188,1408700.7494299638,3562038.123416122,1619782.8762787376,3953,0.038942962884902954,0.00295920274220407,45685.2343737483
2024-02-09,8,5868858.506672889,22248403.616229855,4571003.677703931,17914804.810215823,1018687.5573995134,3788458.6675563757,1795264.9949213157,3026,0.06119769439101219,0.0034400250297039747,40494.46170267463
2024-02-10,8,3677406.816865295,12025661.91139812,2670554.100804977,9028664.269716103,646247.3314959339,2077135.2711807457,912799.911444857,4104,0.121434785425663,0.006793160457164049,44618.341198563576
2024-02-11,8,2024286.1091060117,7555612.501649685,1706293.3876871262,5816865.3666487085,415560.6844606225,1443567.1813495562,702103.9655412664,3487,0.18816129863262177,0.00912417657673359,24725.703937143087
2024-02-12,8,1965247.0978868082,9383261.300089158,1575074.8631333874,7106019.977095461,395492.72096867516,1735996.055189088,799680.1711347398,3870,0.1338275820016861,0.008174892514944077,28278.449385762215
2024-02-13,8,531457.7908157259,5289049.991433568,428092.5228437382,4248541.584788058,121275.38623632977,1077153.3271226827,543760.8287293032,3335,0.25248414278030396,0.010474447160959244,26992.956779271364
2024-02-14,8,212066.67302963138,6721686.203475378,177864.4886503918,5366024.170011554,51168.39974439975,1250208.4986344832,562134.8286893117,3738,0.23649916052818298,0.010915075428783894,35947.16849961877
2024-02-15,8,999229.1016958207,3330793.971882753,828557.4574583498,2741440.8962631105,202634.1856462668,684395.4369555437,338552.76489873836,2446,0.08400464802980423,0.007045262027531862,23908.257055372
2024-02-16,8,357706.55642739683,4214720.637434371,302066.13035932067,3322916.4760744087,73458.24699427042,796914.2816216549,401320.01112521865,2742,0.03705625236034393,0.004986674524843693,24849.229005604982
2024-02-17,8,514807.93347264826,3558278.4933160096,388867.1831961824,2781854.5752327647,101094.06270044611,632900.8652018902,293093.39258140075,2941,0.06439010053873062,0.00668163551017642,24108.221520096064
2024-02-18,8,137534.28716374934,657005.4422859699,103231.28509072162,533999.7338939556,28818.557985506333,136710.41990945325,72186.26829340587,1295,0.10157942026853561,0.00884215161204338,10758.60332480073
2024-02-19,8,238017.09250237048,1398108.9737036377,189233.7110909493,1092920.430417966,57579.42670911271,307273.9625772891,160080.07973004357,2408,0.032228440046310425,0.0035078676883131266,16266.138565123081
2024-02-20,8,762735.1270859987,3417446.6028390303,590970.6090220959,2475243.921071121,158708.90520430089,659041.84324335,285519.5648092762,2465,0.023062055930495262,0.0013659237883985043,22794.26075208187
2024-02-21,8,92504.923776716,2077014.3126726449,73486.78240812928,1520172.8566973126,24991.3594920591,396427.2495518147,175699.19926135187,2257,0.031370729207992554,0.000808851036708802,14281.532075971365
2024-02-22,8,682961.9443777651,5755480.018637009,513849.37732703483,4209013.41912627,128217.56397022516,1085145.1382449986,453911.25674349425,3191,0.013730795122683048,0.0005828783614560962,31815.517470806837
2024-02-23,8,1449248.4683511406,7247561.154583067,992618.1352213444,5438984.89237428,260620.89781464348,1326301.899092249,550065.4770118208,4033,0.017387114465236664,0.0008321001660078764,41887.866779237986
2024-02-24,8,2103382.681015551,6828281.600426145,1658491.8937032975,5241565.887312336,425548.4179229337,1362207.0644134912,623303.095869782,4356,0.04221545532345772,0.002313192468136549,32240.017234236002
2024-02-25,8,1021945.8232180625,4238793.217900068,742426.346871444,3102913.206895158,200401.18895201737,850940.2016573141,385481.115955628,4342,0.05035307630896568,0.00377263012342155,31666.688208788633
2024-02-26,8,2935606.017830834,10130228.964134797,2104737.5250234627,7269640.234436995,486142.5072716933,1720064.8661569017,718187.9526329716,4192,0.030988838523626328,0.004290348384529352,37222.570420235395
2024-02-27,8,4117033.8532449156,16010083.836763121,3100827.9588824306,12077686.433035765,788241.0244693593,2764539.0644878666,1224198.1888538958,4517,0.1177109032869339,0.006630300544202328,23394.929802834988
2024-02-28,8,5932886.278678939,14829468.016446427,4239565.657956524,11119260.97693802,981064.286778599,2431308.0616993094,1009361.153226604,5155,0.1756466031074524,0.00743086077272892,43196.48235273361
2024-02-29,8,2791889.663592115,12027658.522895604,1972043.6537912546,8669368.141497713,432017.9183341279,2026749.6389640486,862860.7347305471,4252,0.1864062398672104,0.010066377930343151,43330.12921896577
2024-03-01,8,2943934.8171053976,9912494.851196185,2397476.8984076357,7637449.502408885,451758.69112732704,1596349.4045781852,719076.7830230934,4268,0.2675476372241974,0.012097205966711044,28750.66051054001
2024-03-02,8,3909111.221818477,13032507.319637626,2704369.697925818,9384224.9829899,684189.089062708,2204954.9848760045,889290.0189225042,5772,0.1868983507156372,0.010222017765045166,45241.252868533134
2024-03-03,8,298508.8949994892,2757873.270470217,247193.02377011545,2129654.2344802697,71657.00547013791,545242.9449400192,268801.0935578785,3585,0.24094261229038239,0.01059627253562212,13825.428051948547
2024-03-04,8,2310287.9269773215,10356222.476360321,1578427.6256441926,7534996.2606375255,435221.89646884135,1788201.0055293986,712622.6727309185,5324,0.21560734510421753,0.012118658982217312,47996.485841959715
2024-03-05,8,8344843.314489156,17907476.22519558,7120497.662509802,14088998.983575456,1424600.9982652627,3015581.0283501726,1333541.6856826167,5775,0.2671620845794678,0.011864257976412773,30445.654667258263
2024-03-06,8,3907084.3163983673,13610654.365029894,3249007.9531135224,10804369.831204113,705722.1815844546,2426983.257843541,1099610.072253911,5139,0.21285364031791687,0.007407911121845245,40583.87549182773
2024-03-07,8,8612091.42041549,17375544.312267974,7275821.576596909,13707041.09250095,1513783.2926907912,2869475.679597263,1219115.6653590524,5485,0.19736041128635406,0.007338006515055895,34591.07310548425
2024-03-08,8,2341125.636296928,14889287.58060804,1586554.4911357956,11696949.117895227,407092.3471348546,2449953.0544081926,1103342.5720788054,4396,0.24766570329666138,0.007875483483076096,49885.06578019261
2024-03-09,8,6343812.491236955,18007734.860722125,5182378.75062512,14043466.352735173,1016834.8078820929,3004706.8817745605,1340293.4797975193,5313,0.15305566787719727,0.008426694199442863,38898.40992435813
2024-03-10,8,4749973.372874685,16766004.811214648,3416962.9846648364,12211854.38167296,804867.814565971,2879930.7139923205,1338458.8299007658,4281,0.23373226821422577,0.017292123287916183,41447.202917814255
2024-03-11,8,630304.541635409,8855155.637101546,447808.8783736248,7132604.1352295205,124247.81416940584,1536758.654707449,763626.9209411897,2779,0.2435605227947235,0.02093658037483692,55784.95636588335
2024-03-12,8,2850611.3749506325,10043875.181503527,2374550.088288798,7888186.707260301,485178.8646484297,1698520.3785811055,810276.2569351359,3232,0.194290429353714,0.021085523068904877,48780.30184537172
2024-03-13,8,662592.0563444942,3267286.5363417566,546189.1714130462,2452524.0357725723,136912.5324930456,626813.696312634,286451.17674331146,3332,0.16196511685848236,0.011696206405758858,27379.887961506844
2024-03-14,8,971732.4054180533,4483391.525756836,831970.7173007097,3459335.4184029726,182183.89087910208,868530.4084682026,471316.3708931669,3321,0.1970434933900833,0.010757917538285255,17485.159486830235
2024-03-15,8,344357.52089858055,1217432.2373288348,284038.70228560455,1024771.9238765005,83089.98329969816,285135.4019712608,161599.20811263903,2230,0.3284774720668793,0.016062816604971886,17235.28057360649
2024-03-16,8,148506.78934425116,1023455.1010141969,120575.87005357844,798007.0968227764,26771.352741488132,197730.49227725473,108835.83461741434,1984,0.26019757986068726,0.017305593937635422,16364.867246359587
2024-03-17,8,490282.5295237154,1523338.0076998249,405459.0205262445,1282503.462762915,111496.06532913238,347093.1207351195,190470.98305693973,2799,0.2873959243297577,0.015014712698757648,25193.98621469736
2024-03-18,8,268490.90543687344,2854087.674183838,209206.60827673483,2310842.8679064666,56703.44739893111,605986.7674374946,288781.9762480109,1983,0.2361733764410019,0.017540743574500084,28616.068997979164
2024-03-19,8,418685.1223450601,1404741.4747468233,343878.4150896758,1174634.7373854409,98329.07200942465,337501.9841689294,182750.56019059115,4598,0.33765754103660583,0.042798008769750595,18400.38680484891
2024-03-20,8,2402938.0327251554,7701764.240060307,1925153.8831489068,6638414.335757749,443476.400437043,1420583.0191737819,766670.3881734491,4571,0.2853530943393707,0.01959504373371601,23673.678748875856
2024-03-21,8,3296500.659791261,12691269.652419254,2424162.811810584,10168302.026441284,629402.6350513974,2359717.731484758,1120633.1640577088,4463,0.2251003384590149,0.018176492303609848,39895.5010599494
2024-03-22,8,6229534.19982104,18610677.36484059,5797645.241831249,15202289.535155617,1097340.626629808,3294774.884536285,1642257.8580047144,3750,0.25348398089408875,0.023666951805353165,40278.95094001293
2024-03-23,8,574478.9411402345,3903079.0509414673,479279.636135978,3120579.851518701,109378.96947233511,752715.8280734713,373996.48635484546,3397,0.1705044060945511,0.009804126806557178,26744.477910906076
2024-03-24,8,1790894.5883933753,8034493.893048152,1376712.441287536,6706998.005287042,241744.51458573894,1218000.6190193552,555678.5392726865,3636,0.2747892737388611,0.014651142992079258,28041.745276600122
2024-03-25,8,7161600.43326211,20287688.8237734,5808456.010159317,16189386.391447205,1122389.284573044,3313958.4614593503,1516146.8794975942,4748,0.24217218160629272,0.013866627588868141,46923.30669268966
2024-03-26,8,1597628.2923852503,9100057.969197735,1226315.164404657,7490455.30461082,259322.02560715686,1491856.7882056339,609169.6209211341,3975,0.050730977207422256,0.003851678455248475,41236.70856684446
2024-03-27,8,4175339.546220571,13986595.625203788,3378577.087517247,11036263.563909654,683745.8384932941,2300731.893842199,1003043.0901004842,4912,0.025626061484217644,0.0034933320712298155,40936.08636459708
2024-03-28,8,231106.17995375395,2118682.753662288,189290.4372040887,1640740.1402806253,52569.99787273971,362680.8551985868,133505.8416940171,3083,0.030400874093174934,0.002750509651377797,18969.417231321335
2024-03-29,8,272464.235804677,17819366.118217006,239314.81389008762,14599763.6307519,65195.149345852406,2997113.2344526574,1364862.0268786752,4207,0.04347025975584984,0.0015994679415598512,34378.813492268324
2024-03-30,8,222551.42490005493,5152693.751138508,184217.93617064788,4419259.743782489,51808.196968759825,931336.9283233667,448819.89252792083,2374,0.040062639862298965,0.0018974056001752615,21902.511465370655
2024-03-31,8,191445.51360586286,1008953.7568874657,160663.4413707101,817222.0292759839,44848.984695672814,217248.92919719155,104812.97250991128,1581,0.18641577661037445,0.004448461811989546,13960.445166140795
2024-04-01,8,306665.20835858583,4457204.060251959,259943.95088995819,3759104.3914890625,70220.89851195208,821975.6582679454,402256.1997155333,2514,0.28268665075302124,0.008229054510593414,20800.717708408833
2024-04-02,8,646454.2664175034,3741153.032375194,490062.3559198775,3537952.188991584,118694.6592271712,661685.0997223572,301736.1502021314,2456,0.2978459298610687,0.0267142616212368,33548.620036542416
2024-04-03,8,6300199.977654308,17988650.718639106,5830505.233872329,14703981.328265615,1110870.644744932,3081619.096966559,1416800.5571461986,5557,0.30199384689331055,0.013723409734666348,38640.81057792902
2024-04-04,8,5342882.285649121,15489556.438134044,5001947.1995034255,12782299.86847977,945120.0144523694,2709789.3634720026,1243717.2285112392,5577,0.29331493377685547,0.013615827076137066,33805.36373978853
2024-04-05,8,7135929.5519682765,16684003.790424407,5918732.799463622,13508401.94621438,1300837.077590469,2899504.3275157483,1284116.7686646462,5080,0.22472378611564636,0.0071769580245018005,29746.936332017183
2024-04-06,8,3081725.2736757398,14110217.75904888,2170121.3745328076,11648053.337015172,583857.9716425841,2498809.322519362,1153299.249502881,3873,0.18364250659942627,0.005859920755028725,50807.53835526109
2024-04-07,8,1327725.279954195,13853775.454251423,1154501.849373459,11731015.541737622,250057.4419158156,2456246.0479637682,1155612.659348623,3901,0.22709834575653076,0.0071798949502408504,45900.88392853737
2024-04-08,8,2119204.584978655,10958781.131860882,2188868.58964465,9733533.542249298,388976.88524792163,1906453.7718255627,871987.4658002491,3328,0.30715277791023254,0.017865344882011414,36369.865153610706
2024-04-09,8,4626668.405410558,20989702.048400633,3844003.4988627406,17262211.47601261,680831.0603771742,3468709.02783579,1568929.4107211796,5521,0.34027087688446045,0.03072236478328705,35605.02826413512
2024-04-10,8,529712.7280150056,2456601.6487063915,426369.75335013086,1876067.844521014,112162.57922246156,470507.5119456959,172766.70029768642,5077,0.2656835615634918,0.018146328628063202,23647.738816052675
2024-04-11,8,1547834.1299031973,12736425.48737286,1492147.1358647146,10664668.918244902,284382.29240620614,2200071.4675907446,975318.6459052414,4130,0.25220412015914917,0.019039908424019814,48923.14021652937
2024-04-12,8,1049813.9743788838,16051591.062345281,920496.795651403,13314551.981494896,202245.1497898199,2750134.6365255904,1291109.4812321065,3432,0.24908041954040527,0.01345550175756216,50294.71985903382
2024-04-13,8,86956.653442204,365661.491162017,78602.04351544377,313738.59651857516,22189.030090473723,93321.05858744419,52947.195329491034,1366,0.24465057253837585,0.013655046001076698,13192.619226902723
2024-04-14,8,246236.06100451946,396547.9274392277,206199.5831851661,329171.2841184669,59796.15292162753,101372.54495745501,54234.495286326994,1305,0.27069830894470215,0.014064276590943336,15919.472301542759
2024-04-15,8,2417398.059751898,11659709.35153836,1837338.779624087,10004411.71918064,413508.31231090706,2073666.8688069633,906041.3585149718,4322,0.3006155490875244,0.0195497777312994,33295.45058116317
2024-04-16,8,633091.8549660146,2794201.7863384485,486104.9326892654,2192203.273317609,137248.93336051353,556007.5501788204,277281.2668716579,2249,0.09346060454845428,0.004366337787359953,23505.906794816256
2024-04-17,8,319585.50904405117,2641041.5955931395,257306.19185544207,2075701.1838384336,74210.70206721249,490919.80542673066,244374.41244280816,2143,0.19151636958122253,0.004370075184851885,22444.458514511585
2024-04-18,8,301704.4227950871,650346.3607252836,224364.6248557776,535929.0625198821,65689.02266147302,154097.81000493822,92035.96881688487,1257,0.1209019124507904,0.004659341648221016,17687.491431117058
2024-04-19,8,186276.62577658892,399338.2426301092,152008.66075769896,352674.90907616564,43613.53045562193,103487.83996808282,60168.372515037656,1342,0.24183906614780426,0.007719339802861214,14313.049437135458
2024-04-20,8,274822.3462675661,4630505.046493322,275473.6433209145,4380909.456037813,62806.7092221042,806621.1576117795,399692.8719032461,2605,0.274206280708313,0.016563158482313156,21909.020204097033
2024-04-21,8,5646663.789524466,17131846.792935282,5548069.55082944,14413873.298996493,951419.9013271315,2933421.453826073,1244217.5480656188,5493,0.14544889330863953,0.005639162380248308,29874.93959930539
2024-04-22,8,8694169.623700231,16201129.334274426,7836304.813469787,13418429.45604995,1520061.082717888,2801268.6982740387,1263250.3957625288,5028,0.05097302049398422,0.004728023894131184,26385.442697644234
2024-04-23,8,7590108.280371144,20254150.20849605,6775139.107208457,16424448.523323013,1238639.4170925503,3341191.213302118,1468234.8338954193,4424,0.06729251891374588,0.004530689679086208,38417.89410293102
2024-04-24,8,495589.4518882185,3644262.8308367953,389586.8095624438,2960897.2733731256,114103.33306917294,684986.0192562499,314785.48660437565,2712,0.024912972003221512,0.002420332282781601,23541.937114715576
2024-04-25,8,2659807.444129184,10585222.382445648,2175901.32849223,7892772.407219939,474746.5404304849,1887037.6233797465,933734.6192405545,2681,0.03884059190750122,0.0031217141076922417,30419.46130296588
2024-04-26,8,168106.85643202066,1490875.220132351,150402.17030233104,1265457.0136071998,44607.407466898694,306954.5120863571,184961.4401881916,991,0.054407745599746704,0.0049110413528978825,15082.368509113789
2024-04-27,8,189281.30545951426,446305.37978078425,161014.91309672507,365157.61611250613,46172.74151741366,104573.26389304844,57626.218479539006,1046,0.13171307742595673,0.005730928387492895,16196.608937978745
2024-04-28,8,21412.14868053794,170418.69034647942,22738.560503617,130323.02924712337,8171.250222638133,40555.95559754745,21149.75289743617,504,0.24138958752155304,0.008389395661652088,13313.984799683094
2024-04-29,8,2498049.6082476377,12390535.18041654,2031771.535147786,10643287.327612475,355093.27087552316,1909697.4407982505,847578.0264721462,2999,0.3171834647655487,0.012101703323423862,21169.40034648776
2024-04-30,8,6603188.560261309,14462362.006492138,5831243.882224601,12222865.73658644,1084108.2242827269,2425693.9502920564,1047909.6611371019,4444,0.1717698574066162,0.0059884521178901196,35991.4378901124
2024-05-01,8,8152369.156254947,19838910.824556664,7452148.190388292,15997067.557674848,1341032.4454198969,3206046.7571562254,1393837.255380213,4251,0.22324344515800476,0.007967767305672169,27357.864345520735
2024-05-02,8,7698909.676700234,18649309.043638572,6827446.921523094,15170193.355575964,1251456.1896435935,3141655.528583742,1398938.3350155964,4306,0.1865885853767395,0.0052678934298455715,37591.357898145914
2024-05-03,8,471493.5560146272,7893991.760709956,356432.06733374036,6617873.393872873,105461.25925661885,1364623.8178393387,637547.4100403065,1607,0.16511857509613037,0.00685174111276865,36935.24381822348
2024-05-04,8,51317.60373669863,5507754.649644926,50422.21799140322,5021573.918453008,14423.098775846303,929433.2089425642,405232.6927673562,1103,0.22272208333015442,0.010860111564397812,21394.09862497449
2024-05-05,8,913445.9297311157,4380525.583533362,750469.6241459906,3497481.001991178,165652.11553299252,809002.3429896256,406639.4258944191,2580,0.24096032977104187,0.005551616195589304,21074.665730804205
2024-05-06,8,259141.17345446348,2749257.573942736,217032.6744169814,2178260.1069421014,64655.02678630321,564037.710380222,292880.96862264286,2212,0.24005113542079926,0.0014270867686718702,23216.74291932583
2024-05-07,8,1221946.4075475931,3087487.415118739,982063.418313399,2413646.4342214544,250371.63543096327,582265.6128390775,303503.59628666635,2443,0.012061317451298237,0.0007361216703429818,28640.370465636253
2024-05-08,8,1678275.8112036064,4616415.850019388,1382136.260004912,3680502.0587959173,349658.49049302586,921710.3477065056,462356.1469958421,3808,0.008422214537858963,0.00045441792462952435,29749.686213225126
2024-05-09,8,358297.8257153034,5682270.835295975,299201.3564771236,4529196.290954248,88145.01133195405,1082245.1249271254,501903.8997834538,2824,0.03746563941240311,0.0006066519999876618,24618.74943602085
2024-05-10,8,516029.3615754992,4781838.243677042,458094.77787154703,3858897.269030045,122536.07766428636,905612.7068465771,430819.45178427093,1963,0.05078563094139099,0.0027904834132641554,21046.941300570965
2024-05-11,8,3860678.5506549776,18048330.08970204,3556313.969486043,14503002.390365878,690449.3583898098,2993299.6756999097,1367026.8000983598,2980,0.15362249314785004,0.006515373941510916,49590.92985218763
2024-05-12,8,325132.9037062228,1452982.3948593736,268689.6661179789,1210686.367585608,77608.74021758341,328268.3405777918,173767.41737906227,2555,0.25432610511779785,0.0038555713836103678,17271.724557429552
2024-05-13,8,589449.0469372347,2880020.531539373,519950.09059939085,2368724.707033641,135846.65337446774,578224.0580371466,316906.8718584132,2346,0.23494520783424377,0.0038167652674019337,21466.7112108171
2024-05-14,8,387041.329742834,2827344.8733364716,322035.09838770283,2329787.088480203,95900.26329919226,571294.1357941055,306065.67657136184,2404,0.3130737543106079,0.005744575522840023,17415.741171479225
2024-05-15,8,605840.228117168,2588478.6320061013,534172.0195369574,2161701.814404743,141854.56384416064,495633.97631471953,259762.1223492308,2088,0.2926074266433716,0.006601410917937756,17843.825219124556
2024-05-18,8,735864.6693123877,5083574.886818171,624315.27769448,4129563.8137160596,148684.7374316734,1041947.9596594594,540897.1874616961,2101,0.08923042565584183,0.004410326015204191,18685.431679069996
2024-05-20,8,684492.5243365318,3980681.4057916403,539362.9664727404,3215631.4593944596,135032.70768097255,824210.3512785452,395270.5758517207,1658,0.2119218409061432,0.010010181926190853,21735.61338299513
2024-05-23,8,881810.7148371637,4725842.514342368,736782.2163265835,3825307.1118929,190075.77295937663,936095.1923381797,469268.30531898874,2054,0.2126043289899826,0.005099826958030462,26382.807292073965
2024-05-24,8,1116866.3041134924,6760187.53019733,979002.9039675839,5420619.408610921,215936.27087816704,1343817.7729695833,677696.8435010621,2325,0.20294468104839325,0.005103785544633865,25554.927454948425
2024-05-25,8,4822355.031047687,16927601.243624285,4070674.152691895,14528045.875587612,748058.5950560591,2858163.5033811284,1320466.9164285026,3149,0.2612159848213196,0.0070761460810899734,33151.86771154404
2024-05-26,8,581722.1222180426,5688441.000705346,523398.7438081773,4539956.737465272,120935.36936026542,1066797.2908285717,570880.5127703659,1799,0.16257117688655853,0.007568845991045237,22907.17660728097
2024-05-27,8,2621350.7466042712,5774551.869167931,2058156.6913878294,4647480.241853407,510790.0358751044,1092806.9614587263,542644.717943473,4122,0.08347879350185394,0.006373709067702293,28655.99266925454
2024-05-28,8,2049745.9347737134,11215437.618053034,1624163.3685218038,9656243.180250978,408052.1414658452,2110723.293118616,1035178.8187576791,3006,0.09822160750627518,0.003266644198447466,28622.63522133231
2024-05-29,8,2091570.7727045119,12874021.461848594,1709444.6908821766,10158290.267284311,418324.09387127915,2331361.1530397683,1116385.3962884173,2424,0.06744055449962616,0.004123969003558159,31530.41632914543
2024-05-30,8,3484863.480475694,15498092.855831653,3617756.2300660172,13749637.335713845,635305.4571619346,2731059.8777514924,1303132.8755197837,1917,0.2119738906621933,0.004442043602466583,37984.49558085203
2024-05-31,8,3553428.6533598155,12558183.293558545,3268552.265445508,10945233.636696422,665665.6508308187,2113724.414674842,966966.0647247699,3360,0.12000637501478195,0.0062842289917171,33966.560002207756
2024-06-01,8,3201226.8167087734,11350634.24566359,2519475.4428042197,9314755.476221228,585786.3083212943,2197173.084687075,1107439.9438318107,4002,0.18206319212913513,0.00634452048689127,27175.406304627657
2024-06-02,8,3962187.5434796214,15313804.815947324,3476607.5679164473,13229887.909082271,702896.8987601774,2560906.7449964555,1187532.309784294,2949,0.08959174156188965,0.005331283900886774,35416.474375367165
2024-06-03,8,6890620.263436109,18655635.082786366,6197318.192402219,15348153.690649668,1140874.4634559555,3072291.9492477663,1469032.3424415342,1798,0.12973223626613617,0.00583037780597806,28773.04003253579
2024-06-04,8,6113463.481765956,19493544.22529328,5408073.92981206,15983132.339153863,969593.1884178583,3142912.3807960036,1474169.944967141,2930,0.11808349192142487,0.006186638027429581,39170.07771226764
2024-06-05,8,8648999.463102162,19919890.64699863,7405996.201100312,16406340.022471484,1365635.626643917,3255390.550063584,1466500.8246431309,3038,0.11312095075845718,0.006248250138014555,32100.11134251952
2024-06-06,8,8432888.912003309,20764324.564735383,7093942.400616167,16823247.69428538,1424291.787962843,3447146.8974138773,1612704.4635592578,2844,0.11720744520425797,0.005306264851242304,32651.44286966324
2024-06-07,8,6786462.291185945,16775565.174732223,5772272.9348140955,13865733.993154464,1169235.9826943232,2807689.3979618447,1262514.4522243268,3028,0.14174339175224304,0.0062106819823384285,43635.45178240538
2024-06-08,8,1036874.3293140233,5518101.833447769,853878.3654829033,4393160.4900910165,235444.05963863726,1167533.2130938268,620127.4756596703,2649,0.09985942393541336,0.003173551755025983,29709.377256304026
2024-06-09,8,1273091.6614934504,7095243.536758028,933195.5480071157,5873623.624027815,221900.93600514118,1160299.3265925446,573298.6181455777,1891,0.031991925090551376,0.002209761645644903,23046.36717772484
2024-06-10,8,566849.0674274266,7942957.536278196,451569.48604607506,6691185.637935486,128672.33529027409,1319234.3178419028,606449.3110787596,2092,0.039426907896995544,0.002245489042252302,19214.9230042696
2024-06-11,8,695903.1399562806,3761497.511504762,602191.3053426231,3012905.981756972,161014.71124065225,769938.4333862584,420262.4096659337,2102,0.06114252656698227,0.0027618110179901123,17198.55417150259
2024-06-12,8,390721.09119680524,4192707.4431499764,325742.01573960664,3218125.772435357,96100.55461675441,740589.4774153987,376651.2126710694,2313,0.13354597985744476,0.004011391196399927,17415.741171479225
2024-06-13,8,406394.0693987608,5570647.70199956,365736.160452218,4510180.178180944,100349.0178030261,1051412.878992108,502395.156350489,1858,0.24009186029434204,0.006230165716260672,23268.65956455469
2024-06-14,8,4484818.922777295,14387743.261187501,4037357.2598347235,12025159.016981035,787993.2769947317,2502932.9847881515,1192684.7250489844,2078,0.16608987748622894,0.007688029669225216,38599.71439626813
2024-06-15,8,1838918.3644670844,10086698.746963277,1549174.6205703784,7931307.943371131,371404.18022517086,1788855.4469997163,917609.6031897007,1605,0.15553240478038788,0.005999928340315819,24884.910579442978
2024-06-16,8,2751342.458141938,10986916.043478265,2396898.3592949198,9793305.300242245,507769.13570620294,2058923.4888522006,1072350.7246757844,2527,0.15593913197517395,0.004752591717988253,38402.4567925632
2024-06-17,8,3199059.882196486,14151066.098675117,2529223.1526664686,11329414.303387653,518234.2420728518,2373681.5843444644,1047128.4486690724,2650,0.1412571370601654,0.00445964839309454,37519.081541091204
2024-06-18,8,2198099.5808277726,6652549.206164278,1752487.296552193,5151580.3514192235,428922.8867028704,1189354.6166008043,597900.444746499,3121,0.16794158518314362,0.007548990193754435,24685.720239549875
2024-06-19,8,2743246.47648751,12162888.467766233,2184991.832419684,9753955.43774768,515533.1175529037,2100061.6310849646,1014257.8122842477,2361,0.16143828630447388,0.00793194305151701,26076.777634829283
2024-06-20,8,1324142.068804711,9077889.095755443,1115442.311688897,7616764.1714292895,247230.78387969988,1519908.7333887117,694446.868968502,2490,0.24593676626682281,0.009201989509165287,34035.16726130247
2024-06-21,8,5453015.517904654,17224752.83000187,4535095.953191504,14587957.292235835,941790.6294266339,2973717.966422523,1391371.7223117151,2518,0.07971388101577759,0.008348211646080017,40480.463557600975
2024-06-22,8,10360991.195038319,22659836.69676961,8949426.61058819,18271820.246465318,1789052.4433588183,3819749.356517917,1722085.2948528542,3986,0.042372871190309525,0.0029047655407339334,26441.309590935707
2024-06-23,8,3420115.940526277,13701734.784101136,2279326.3152973633,11088479.49293182,676481.0174523235,2529186.2775906716,1175721.452175746,3211,0.024743106216192245,0.000744310615118593,48879.6930398345
2024-06-24,8,4551024.431354344,12112817.166788861,3584217.547598649,10308285.41241438,872117.7007150461,2218745.881009181,1114917.4854470002,2963,0.011947991326451302,0.0006160580087453127,43590.32769149542
2024-06-25,8,10693729.994567037,22334956.070967548,9444822.551362809,18353649.19566754,1872426.816378003,4085019.039533746,2030429.689688675,3513,0.023329101502895355,0.0008101342828013003,28715.063812702894
2024-06-26,8,3640905.922242321,13068821.308828302,2667644.7177443733,10111775.52293542,681696.6787604726,2390680.0739881424,1181325.872509817,2718,0.017843255773186684,0.0007775071426294744,40950.372531056404
2024-06-27,8,5576350.476008624,17125929.361269258,4777071.996318594,14486810.637264194,1021317.6155313358,2954229.560743578,1380226.0578311393,2407,0.03931064531207085,0.002716200426220894,30379.703537613153
2024-06-28,8,8112109.830408312,20796519.555457406,7123780.564462789,17121074.675999515,1416275.8754305649,3597321.285394411,1679258.40612554,2274,0.05881580710411072,0.003228370565921068,30243.062025666237
2024-06-29,8,8885390.4389752,21718228.569544286,7864577.9165055,17487284.775103927,1469486.7736839529,3671023.280628576,1736142.859649298,2552,0.07075085490942001,0.004622295033186674,30665.771396130323
2024-06-30,8,3289130.2699484974,12233290.686396897,2620468.250284698,10728892.517286975,611716.7497229822,2226800.723222199,1050632.7972316202,3190,0.015820499509572983,0.0004990991437807679,41138.87851563096
2025-02-01,8,4471663.23696062,14571541.235338658,3887911.4475925444,12103029.867170757,874097.675460034,2728936.732854143,1346683.0102979457,3538,0.2033325880765915,0.007299752905964851,32595.366529107094
2025-02-02,8,7678609.607087493,19263638.248363957,5995397.4142427705,15294443.748399995,1240708.7213010923,3218843.7888866365,1534157.1395320531,3146,0.08486644923686981,0.0049658529460430145,57658.58076027036
2025-02-03,8,1178103.5504906476,10350088.36484886,950666.2111626768,8607903.589588108,236418.9068320627,1897961.9038796744,943201.5009473974,2492,0.16434551775455475,0.004555135499686003,30406.01812455058
2025-02-04,8,1802436.8572639003,13339265.50454817,1359829.8200658597,11301932.05390055,337559.9355658848,2474984.7720584963,1228181.646856375,3047,0.11730635911226273,0.004193201661109924,33511.89261484146
2025-02-05,8,3039825.1445229053,16421912.049916029,2075932.841413883,12656804.310382921,542393.3553279634,2861246.7017077953,1338919.0617000728,3263,0.17967532575130463,0.0067785074934363365,54785.7149579227
2025-02-06,8,6692590.602156997,21840091.923448652,5235132.440076675,17623800.121944338,1247824.8493321077,3845157.63138665,1802175.8101408388,3845,0.22131209075450897,0.009393294341862202,49367.3608058095
2025-02-07,8,2801209.4160181284,10237754.19068215,2210713.8915238436,7987460.116752071,536055.2150556764,1951072.3709360315,951407.325175458,3197,0.23398512601852417,0.014836880378425121,26387.42643997073
2025-02-08,8,3401688.880888529,9182470.057061441,2745728.0235112444,6951443.608921865,732900.0161470651,1840752.821295955,923039.2120499362,4020,0.28434693813323975,0.008322032168507576,28637.472365915775
2025-02-09,8,3874745.9004296437,16785429.412265196,3097774.0344201447,12638899.554685667,806510.2351795066,3047825.320312625,1497118.3718414255,3671,0.23259258270263672,0.010707948356866837,32459.73956874013
2025-02-10,8,1355780.306517996,6990605.126322076,1045924.7862915467,5568515.872053154,280415.2077573823,1392981.399673658,698953.8097407531,4238,0.2940826714038849,0.013078741729259491,26315.01479548216
2025-02-11,8,2354303.888819106,8918243.065635636,1935735.7705278785,6969595.694859088,513353.3839740539,1795930.273294339,919797.9682451703,4462,0.25759005546569824,0.013439259491860867,29056.642270237207
2025-02-12,8,469637.9624443203,3289111.931563221,378548.89588317653,2543418.080547641,108281.17247858773,668000.8037243965,342351.6792111664,4233,0.31239330768585205,0.010137041099369526,21886.182319253683
2025-02-13,8,734340.6542075723,5315000.376225345,600605.878571209,4225908.770353572,168884.58907102857,1047976.0440063889,564458.4810873886,3484,0.285896360874176,0.006295786704868078,28467.657472014427
2025-02-14,8,479333.62345386297,7620243.609419875,397564.5018693129,5895613.053235328,108689.47172960866,1445868.2080669857,696746.3121280906,3639,0.35758674144744873,0.011998247355222702,20633.20225393772
2025-02-15,8,402900.31727134436,5645229.620412357,331959.25602638687,4474048.232161427,98654.79092838106,1030339.4998388195,499939.53230840364,3742,0.3153558373451233,0.015386969782412052,23180.362959235907
2025-02-16,8,377805.8434012756,3014510.6110160574,307464.61015410273,2495415.10022516,92594.28356836834,643561.4942052984,335315.5127395878,3314,0.3401006758213043,0.013948001898825169,18648.977666705847
2025-02-17,8,2340694.251970768,6698954.310145542,1859578.56889088,5328616.457111888,478268.91946631897,1344820.1781130664,697542.0048924724,4688,0.3296108841896057,0.0188484787940979,21975.88786739111
2025-02-18,8,2567045.1493073627,6433699.040825799,2103512.8362347526,5130884.267073386,540844.699388051,1304216.7853276124,677940.5800684615,4193,0.3354232907295227,0.019045300781726837,27557.544861018658
2025-02-19,8,2083427.7861579135,7678321.543509223,1634985.726470689,5953295.559778108,436389.8296383787,1533326.6285956977,768120.1281549992,4020,0.3045923709869385,0.020260917022824287,28050.584027528763
2025-02-20,8,3787995.6090419367,9771844.01439555,3005611.1907861126,7500934.915358456,795870.4524403833,1887029.6704420028,947960.8361806704,4324,0.3516242802143097,0.027122383937239647,27815.453010171652
2025-02-21,8,3505667.353592135,9495325.477089748,2853184.78113751,7274813.175258343,706881.783661125,1851750.773339076,929695.1887116346,4463,0.355552613735199,0.030732477083802223,32052.019866406918
2025-02-22,8,2063575.979330726,6920214.421084665,1644966.226862378,5406832.451510968,437666.6518194806,1405230.1856367025,716932.0364430094,4277,0.3379090428352356,0.025368379428982735,30379.246801406145
2025-02-23,8,3502149.399843864,9153953.586124748,2717232.196121745,7008620.372688238,716296.8393006512,1758105.0284460052,890687.0521707254,4624,0.3464208245277405,0.027049953117966652,25445.715782672167
2025-02-24,8,3148888.5495517626,9932202.880393907,2535169.5535503016,7579061.906756471,693384.3508516599,1893430.7931526862,894124.128066679,4453,0.3565789461135864,0.022391151636838913,30777.72207146883
2025-02-25,8,2026233.1312934384,9260955.543594941,1647443.4455270183,6940197.637059694,457586.7048646904,1794717.290075898,882904.9077801228,4078,0.36401501297950745,0.028727708384394646,31967.421151816845
2025-02-26,8,747797.1278966218,3593754.968068607,610631.63595204,2929338.0087866993,170701.8826286778,753372.7610989688,412934.74129575083,3278,0.33702826499938965,0.019868148490786552,16290.329190075397
2025-02-27,8,864262.6139261127,4567328.345396005,715213.1750507643,3645153.3678122647,197620.97613350523,956051.1315282098,493564.40183543344,3336,0.37511834502220154,0.03021423891186714,30632.905809909105
2025-02-28,8,830228.5594892427,6947463.052851073,776666.4625146899,5713912.237022639,161828.07570043826,1188255.5345849008,567538.7357075594,3400,0.3414219915866852,0.029616858810186386,25336.889781832695
2025-03-01,8,506341.9958958924,4004003.401480019,378178.4890972617,2913158.4952491755,106274.27756713898,716760.5872273514,338883.00582914404,3238,0.36588841676712036,0.034870851784944534,36756.68980166316
2025-03-02,8,313197.65839508176,5521180.460024208,328432.8035528717,4852932.050531332,71547.0462307765,1038140.629850213,521844.55488710606,2978,0.3698369264602661,0.02019822970032692,39009.67258682847
2025-03-03,8,212207.88371944427,1581530.8532953486,179904.6170904255,1274978.1597951222,49089.41029879294,351399.91210373177,179343.30351756426,3460,0.062047556042671204,0.0062649548053741455,15211.999874770641
2025-03-04,8,3864120.7226608843,15973383.131844632,3493251.4061040073,13291096.155259961,668250.9512794892,2814685.056350593,1338599.154497136,4997,0.1327095925807953,0.0038351677358150482,25392.016278386116
2025-03-05,8,1320074.436041668,8387614.669233397,959024.1012150043,6303874.438687362,236522.55898284033,1460810.1032714485,594957.1775703605,4666,0.045889712870121,0.003393340390175581,27765.824087262154
2025-03-06,8,2719877.192537993,9525526.274608359,1853986.5063530032,7037555.405594688,472668.66766706714,1617155.786872911,687455.5617247935,5210,0.03951109200716019,0.0044976333156228065,43493.44402047992
2025-03-07,8,4928419.980249122,13570960.21829632,3502559.29517176,10161131.531413047,849176.9071167177,2269528.1181384474,997517.283742406,5294,0.039413996040821075,0.006410821806639433,49171.678358882666
2025-03-08,8,6693474.859071866,16773537.643846527,5336193.82277372,13503019.481866073,1096289.3398943716,2721813.7972555077,1219527.858796047,4312,0.13275671005249023,0.009346636943519115,42906.151228398085
2025-03-09,8,4828548.888269156,18270748.765327275,3669983.2023447067,14369866.90061942,854135.000055039,3046691.717241102,1374038.771338864,5361,0.17628902196884155,0.014185098931193352,45754.02370801568
2025-03-10,8,4210931.68489489,14164902.22456339,3436395.301833194,11295629.43331118,761166.8147768418,2367523.03439576,1080274.2506590947,4661,0.16265593469142914,0.015492034144699574,44977.332653582096
2025-03-11,8,820685.2629651427,8815870.917795755,726001.7100552176,7402460.619988057,152854.3641124443,1581318.391176648,750542.157257173,3613,0.22383223474025726,0.018114779144525528,38364.71792691946
2025-03-12,8,325256.33795696497,2283282.1976654455,266622.3402270331,1769987.518464169,80775.10620693267,498364.65891895414,260202.87608630274,2470,0.342837929725647,0.019598260521888733,27248.45972838998
2025-03-13,8,527080.2157381251,1798788.5850116462,408727.1012437852,1449024.8368659993,117181.8839870768,410918.27418802603,241389.19179877333,2646,0.3158568739891052,0.02251739613711834,21889.760058373213
2025-03-14,8,442533.35398072004,1605949.6601537764,304433.98851811275,1217383.0305257207,97506.04602275805,359599.22934427566,190038.13217117244,1906,0.3505086898803711,0.026830701157450676,29682.320683926344
2025-03-16,8,193544.59554570913,1433419.8684376776,150416.10410496665,1099357.9477913575,40145.19415314008,268149.08518172934,117976.3093398829,2505,0.1897319108247757,0.02108953334391117,20076.27152904868
2025-03-17,8,5308576.151884824,15913425.726172775,5583868.247046659,13671452.718486004,916229.1913931167,2730519.1597395083,1312529.5552576643,3528,0.22270984947681427,0.01390436664223671,38390.42826640606
2025-03-18,8,1725678.0481246114,6543399.2879649475,1338863.2916762724,5911851.572357124,331886.69145836297,1213440.9598111208,635686.2193328012,3650,0.24501924216747284,0.018321111798286438,43113.29437318444
2025-03-19,8,3539519.686839998,12690517.295409605,2383539.6943224426,9132076.530321898,523901.7111279491,2055816.2013386153,903684.5513718666,4168,0.09203407913446426,0.010604544542729855,45593.17377844453
2025-03-20,8,729615.438076742,5040699.636281155,580272.911112089,3883564.3900500825,139337.4611938867,846437.1305861577,439891.92520317243,3339,0.17509298026561737,0.013983380049467087,30132.943904459476
2025-03-21,8,1295229.8537638336,6703263.654843338,1164393.2252791752,5219835.9754880695,248809.72086130158,1275743.504922829,664557.0710113142,3657,0.23824168741703033,0.011741070076823235,16521.883395940065
2025-03-22,8,585570.5320919752,2162039.7752599046,469719.7053026996,1693842.653681187,126868.5199647673,477007.4481484693,260546.66028335848,2831,0.3671364188194275,0.018267972394824028,18106.66277602315
2025-03-23,8,717765.8814512715,1785338.8199129626,578628.2683199774,1373407.7958828518,143292.87609674176,372356.29115569376,206836.9289575464,2045,0.3713775873184204,0.023009246215224266,21083.45151028037
2025-03-24,8,361241.5264759511,1802113.9730276167,295901.94362250983,1533602.4704609704,83534.57102116477,382132.8155134885,204465.46220600573,3841,0.4131164252758026,0.05457727983593941,19411.461368650198
2025-03-25,8,89958.40764275193,522156.84839734435,73823.93897133546,453551.7881979367,14337.120058811473,108971.88564017002,58787.153615410236,1353,0.2832874357700348,0.027162037789821625,7010.0813474059105
2025-03-26,8,44408.985751360655,356269.0616762638,33474.93739165121,320110.60335089377,9941.990074512236,92597.25726632391,52906.19874508132,1002,0.31610575318336487,0.02176290936768055,15839.895591199398
2025-03-27,8,519827.31573310494,1413852.1114500165,406662.86263438035,1141223.1828512172,122396.46584755697,340803.54423166934,172921.5493475297,3689,0.29700613021850586,0.021029552444815636,14767.840552866459
2025-03-28,8,2207584.6626487672,8762822.490863085,1718217.658713834,7598954.295915909,437154.96294003946,1596177.0197726535,770243.7230214899,3373,0.210722878575325,0.0173513013869524,35744.75136065483
2025-03-29,8,3446518.789950326,12411270.58854574,2906775.980421389,10043603.792680133,615481.9904840142,2197961.9111554576,993693.9093178255,3931,0.18378417193889618,0.014081417582929134,50319.63364675641
2025-03-30,8,1998668.520669207,9526315.203125164,1496707.3337372607,7401559.078205438,382907.8148936676,1734013.7147979415,822318.6193744708,4547,0.18395701050758362,0.014024216681718826,41419.62267327309
2025-03-31,8,990524.4038157314,5205018.284871876,761142.2487896206,4073253.2674427284,170629.12588236254,870191.5252654662,398468.19077776145,4631,0.2542058825492859,0.0270592849701643,29193.44321885705
2025-04-01,8,1824858.2013527378,8488633.265933566,1438795.7034727852,6528904.520216054,319781.9475326976,1469049.9334426401,677317.3514548701,4227,0.29186439514160156,0.029426146298646927,35357.60399964452
2025-04-02,8,245349.07876259089,3870166.530991748,189104.7203742508,2969789.7064737277,55855.29952909915,740787.938565857,363695.98218016454,2748,0.25471389293670654,0.02860528603196144,33064.04371330142
2025-04-03,8,349314.9578576088,1096061.8388469368,274609.22938782215,918487.7388872296,68352.68157119103,246204.9751918237,118301.82106374684,2524,0.21715883910655975,0.024498125538229942,20134.210601598024
2025-04-04,8,2354902.4238407165,7760789.157769695,1578097.6448673108,5459337.410862376,428130.425442294,1344464.3147294773,627785.6839008561,3644,0.17529447376728058,0.018061529844999313,49501.8228096962
2025-04-05,8,1296485.0039449334,4425196.697545931,1009208.2906562882,3228126.8392267306,242842.3186277009,836116.2906744607,431468.5866315016,3633,0.20174384117126465,0.01689913310110569,28764.747453570366
2025-04-06,8,2222395.1186154187,5618378.897335082,1924736.8105255202,4580914.832068813,461829.81825273647,1093864.1452402386,580710.3027644814,3181,0.17361657321453094,0.007083224132657051,29484.7682775259
2025-04-07,8,2530619.655370325,4980039.586886652,1964868.3251461717,3900488.469729677,548699.6175321145,1017043.1069569725,501945.0687829885,2228,0.22881728410720825,0.01062390860170126,32129.976241230965
2025-04-08,8,697657.1736948192,3093042.807183072,557023.2065408311,2559397.523516302,138748.44498754793,635694.0467036795,323566.68411836197,3305,0.3547327518463135,0.024234699085354805,22719.506122261286
2025-04-09,8,57725.78209924698,612951.6915266812,51483.312896784446,489896.9266714642,14028.475340166318,136979.3348809214,73854.68404974267,1593,0.22209133207798004,0.020601684227585793,10629.933511942625
2025-04-10,8,111885.37485735118,1194650.2120177746,92679.38531216458,937703.7099479714,25784.319528230983,254061.7379167558,136144.46875371563,1868,0.21039119362831116,0.0197049118578434,13959.979677200317
2025-04-11,8,299121.690964669,2188538.79664132,239413.91283446777,1650091.1218008224,54251.726276340676,369523.6884392799,202068.55383581127,1719,0.2661541998386383,0.023224418982863426,21771.264460772276
2025-04-12,8,1212135.7437883615,3266345.3658022285,950201.094927833,2493610.136500573,148927.24183517857,471157.7825085899,194549.84920090437,2925,0.30853211879730225,0.02758323773741722,39235.331993073225
2025-04-13,8,318195.5537632108,1578729.5950732976,261451.07362195375,1341712.469741905,61681.22590488805,309246.16809255874,161807.536837929,2391,0.24668626487255096,0.011812793090939522,18099.105058431625
2025-04-14,8,321294.32543085515,1093186.2243077904,256109.99530433532,883824.3215085631,72355.65280100195,261429.5163392278,138252.83077196393,3259,0.06116399168968201,0.005209994036704302,18511.594046533108
2025-04-15,8,305940.2614104301,2423922.5860907584,248678.18089904997,1842235.2042744108,66205.83762420414,487142.6790342214,230598.34594542734,2821,0.0942450687289238,0.004388741217553616,20239.992849349976
2025-04-16,8,577327.793237254,1069883.396385178,459485.18933313445,905372.8388994351,103902.88849469184,223198.08533852745,123912.57622473314,2007,0.20090514421463013,0.005106199532747269,15550.941611558199
2025-04-17,8,444677.16466511786,1615876.427822955,363167.6603276969,1245113.4294799077,89504.30624780722,297728.2256276071,151141.51835340552,2115,0.26641857624053955,0.007289762608706951,14400.88154181838
2025-04-18,8,243943.24354799092,1459815.4868825227,202873.68498041388,1213283.4134947117,56362.46149955317,318878.5396617214,178484.8455083973,2274,0.29014280438423157,0.009858566336333752,15037.970020502806
2025-04-19,8,762056.6340597421,2718999.0931578726,534761.407675012,2090814.794889127,138625.6774940326,519070.6353145742,276612.26915604464,2677,0.2147829830646515,0.010023415088653564,27051.219933390617
2025-04-20,8,1251661.1755438298,3634424.2568748146,974905.1143047547,2730867.8199848756,166416.32373923936,541678.4556370003,222802.80161970784,2525,0.06172148138284683,0.007406240329146385,35587.149101018906
2025-04-21,8,2694684.9840493947,7149549.400867999,2117331.2335578324,5921073.466790888,357506.51309817214,1096290.417618108,506000.9893912809,2528,0.055041272193193436,0.007286689709872007,34811.29201897979
2025-04-22,8,406402.61261335015,3719468.459613681,384831.0213393585,2924291.2817243366,77028.05052362957,602267.2779870093,300933.4220539745,2530,0.03827774152159691,0.0050659277476370335,17894.58241006732
2025-04-23,8,1660658.4576015472,6023476.633308552,1325121.478414476,4856753.181706283,331274.09737450327,1098250.0905131435,536830.6046834049,3069,0.023733116686344147,0.0024006275925785303,23935.964214622974
2025-04-24,8,1616728.7891773134,8240180.34794198,1129834.246411588,6301274.161487057,226235.13763851923,1251878.7010547048,492238.8552596407,3172,0.03533990681171417,0.0027230598498135805,43990.50133264065
2025-04-25,8,1233404.8919291496,3461668.006827973,990879.5305443762,2982843.5768731884,263529.339485777,685147.0952384737,344060.00518827094,2107,0.037407562136650085,0.003684734459966421,23426.313115000725
2025-04-26,8,805406.8860204667,2670433.7838365063,701657.3957202724,2229527.0305265267,173309.65610326527,554133.8374811453,301927.16898852127,2237,0.28810781240463257,0.010454916395246983,21583.46205663681
2025-04-27,8,680782.0957087427,5367884.509146392,727165.027369181,5481394.575126654,146806.73041280228,1009133.4796045233,548892.0744250286,2274,0.38881269097328186,0.034319400787353516,35778.90125274658
2025-04-28,8,611542.2509074807,1132909.3798415884,534769.2776884014,971088.308314722,142251.87822720764,263193.71896387695,154722.06543846292,2322,0.3592345118522644,0.023590097203850746,21518.533484876156
2025-04-29,8,365297.345848456,617210.425163731,298350.5101572879,526011.4329767209,84769.7859288591,150613.72721508826,84704.17180511112,1617,0.3469502031803131,0.027852850034832954,17533.168379187584
2025-04-30,8,274543.40103530884,3524973.869925633,307892.4407077173,3150459.903105062,58804.0175315357,610145.7443348658,277092.9854756641,1419,0.37350597977638245,0.0369863286614418,25214.622078746557
2025-05-01,8,4854151.329188049,17553763.931365013,3549720.091212024,14131248.695117358,855026.7161980763,2942656.999389132,1371825.7873013297,4253,0.3776518404483795,0.03678574785590172,40505.57386791706
2025-05-02,8,332882.68721695244,2447731.5164457634,273618.20904404647,1950543.3078179213,80062.16784939234,479145.25844807894,258740.19907604315,2623,0.26824232935905457,0.007465409580618143,21279.45837625861
2025-05-03,8,461265.1526268646,3655791.4798900485,362524.2166037668,2824989.216168039,77134.87007268226,616330.5540202586,303430.00066735456,1930,0.27125126123428345,0.004813365172594786,28978.28532040119
2025-05-04,8,379914.63504712284,5967266.30099652,310480.61636687233,4907001.092073392,89271.95193993795,1120373.9677553829,546922.0185535655,2373,0.2651316523551941,0.0030909243505448103,16813.235562473536
2025-05-05,8,605468.5079863966,4348181.525017135,489337.0193223279,3408321.288548287,113788.43397620435,862326.7143066765,426068.3088038329,1977,0.12682528793811798,0.004189314786344767,22551.859814673662
2025-05-06,8,1953249.8977220356,7484864.724833898,1872017.1276641635,6320466.238752877,416914.4653345485,1471620.4480378432,752653.1239977891,2211,0.09655999392271042,0.006626628804951906,33871.329048365355
2025-05-07,8,2077715.3050990105,12441054.974281028,1693729.8131088,9842800.957733402,383952.01082760934,2092958.7832438145,950104.4613290802,2396,0.04676549881696701,0.005266624502837658,45935.06728646159
2025-05-08,8,132200.08875656128,9430843.27600395,130262.4893094239,7779315.109897304,26091.328765147227,1546130.2932043956,701632.2917136233,1806,0.1911337822675705,0.008861169219017029,34971.80467200279
2025-05-09,8,4277992.944672018,13127192.605410084,4082514.5168750975,10808833.230754793,687997.547216793,2185262.1762277717,985034.5553667215,2469,0.14410081505775452,0.004216528031975031,39368.54073625803
2025-05-10,8,1694087.0575008392,6714167.726697326,1474157.0605279845,5736885.81677117,352592.6419936755,1271917.4756402492,591361.3492970136,2687,0.03205617889761925,0.0023881408851593733,28761.532096922398
2025-05-11,8,2031871.6708786413,8126018.209121831,1611337.2975896269,6465524.075158728,354071.06864848436,1329498.0631148121,617222.8341856119,2898,0.020087366923689842,0.0015707130078226328,26487.50319379568
2025-05-12,8,838475.4444933161,7284256.08622054,718941.9423868051,5533216.443469593,175781.9358406987,1211976.2100571587,585842.8393254904,2592,0.0497792549431324,0.0023527329321950674,22676.58866518736
2025-05-13,8,2231674.6229683757,10495689.33151158,1866262.4700026687,8445725.515781853,345339.5929521544,1674237.3825595542,769689.0396204931,2862,0.05786176025867462,0.0038878396153450012,41321.19244724512
2025-05-14,8,420282.9534832835,2901468.1082391962,383842.0738548633,2427216.4452101886,104787.71730558705,486174.6657727646,232988.13541050703,2048,0.2829388380050659,0.008327582851052284,16418.350145071745
2025-05-15,8,341170.24911892414,2851156.743025042,302421.153195536,2357002.828111233,85084.55870736227,585138.2342814658,299154.8499478395,2473,0.25535884499549866,0.004659848287701607,13693.53979498148
2025-05-16,8,317344.7245141268,9132410.466179721,264489.18865583156,7595701.657793223,77764.36281735059,1562042.828887783,740161.4773341656,2338,0.22631919384002686,0.00595975574105978,38831.252476513386
2025-05-17,8,494469.2319601774,6207354.629550844,374048.6369447608,4733086.825883081,112164.57144121782,1034158.3197807746,465266.58441274764,2554,0.03080577962100506,0.0016571790911257267,30970.17969584465
2025-05-18,8,1132071.4534660727,7430180.976933233,908828.4566892344,5729080.248808592,205191.87988934893,1168087.6888444033,564740.4306726479,2985,0.023265602067112923,0.0010442201746627688,31043.119152337313
2025-05-19,8,2208438.9104341567,8720064.108687304,1678068.0985846359,6538411.463157463,286018.62358989206,1304361.7724913673,587224.8347104744,2637,0.054051194339990616,0.0024618294555693865,37351.35046315193
2025-05-20,8,337672.92434868217,4291127.01344347,278429.81616199453,3468351.1189274825,81377.65082011581,841876.7846304444,438916.62153178686,2404,0.07107821851968765,0.001792271388694644,22964.84440174699
2025-05-21,8,4038557.9658239335,13025437.200922087,3681968.744267852,11114170.596429437,761233.4856540541,2320816.097976659,1135638.9010039982,2122,0.14485692977905273,0.0038195126689970493,31512.8641128242
2025-05-22,8,695722.1578255594,4139769.971138403,610084.575815876,3461289.748036804,147886.4840706651,825184.2377604472,441374.920571364,3240,0.09749601781368256,0.003804822452366352,20020.688360512257
2025-05-23,8,5857346.59932965,19136518.931025207,5720114.337479426,15497342.932017807,1027824.0881047951,3232547.414839768,1520690.2290545427,2637,0.15117794275283813,0.00492494972422719,34925.42688369751
2025-05-24,8,2258894.4940184504,10628190.522570841,1894973.2814761596,8695291.834231898,427199.90969112626,1914268.2158848657,1014783.0160700509,2011,0.12397245317697525,0.004357472062110901,24419.303581684828
2025-05-25,8,4574140.683127746,14305142.191129155,3504471.143443097,10894135.278417185,833748.3220326512,2476104.8336130893,1250107.0760908911,2347,0.08564107120037079,0.003935701679438353,42702.09314453602
2025-05-26,8,7810464.370976821,19624449.255348116,5816925.424481135,15103322.243343677,1319416.4128130146,3262417.241581767,1620153.2373493179,2015,0.10800117999315262,0.004649634938687086,44655.31204396486
2025-05-27,8,4842231.121972509,14827124.313484408,3767969.727074522,11704881.47659076,763164.8568977613,2471048.667881586,1238736.9731381263,1311,0.13238483667373657,0.005616163369268179,47408.47974714637
2025-05-28,8,1923654.6369530559,9849152.958780855,1415925.7973016244,7637566.817414074,327501.3969134928,1769290.8617460157,843149.2057213823,1271,0.15811263024806976,0.005623215343803167,44373.71898341179
2025-05-29,8,5365170.57329496,15711271.89652384,4740311.239854514,12889519.005072342,853984.875183319,2652784.5437487885,1306653.0300463212,1542,0.17819392681121826,0.006018548738211393,44409.33845034242
2025-05-30,8,2785724.8635445684,11040184.629756182,2278967.892330747,8907240.599018566,475446.59363001946,1859387.2282259546,919284.8159847418,1231,0.17158930003643036,0.005647493526339531,35710.16116499901
2025-05-31,8,7258884.374334231,18762103.312303185,6509382.085832111,15245677.328838546,1154242.5873777156,3094338.774237628,1424160.5351346328,3326,0.1845172643661499,0.006363444030284882,32870.76918259263
2025-06-01,8,5292348.386329278,18272278.957824707,4230282.44709817,14535861.7256273,880010.0674275113,3084352.7258266024,1446314.0372538096,1789,0.17783479392528534,0.00676985178142786,41121.34346678853
2025-06-02,8,2533055.5417350754,12687238.573981218,2297112.759457036,11243230.017159915,485948.02868708124,2279410.03111214,1085167.3810789261,961,0.14486277103424072,0.005407761316746473,33291.7630482018
2025-06-03,8,2617650.32739529,14131395.53748101,2305784.054438439,11649638.06371205,454149.08742893464,2451575.3311170135,1149924.3483156003,2104,0.14996826648712158,0.005194332916289568,38496.11822074652
2025-06-04,8,2308157.168661535,14531109.80332385,2278899.704909614,12689645.086925142,397056.4788047746,2504098.3600538983,1181829.6946334776,2544,0.1607513427734375,0.0064091552048921585,38622.62891459465
2025-06-05,8,2833754.807019815,13580685.586315475,2493603.5999563,11582894.01593493,480892.52271026815,2300083.718114821,1116704.4913061745,2618,0.20234766602516174,0.007221907377243042,40663.921049803495
2025-06-06,8,2662658.124218598,14128823.987121977,2255589.5039132982,12400336.194382783,403906.4440722453,2347868.5385939796,1119027.5349413438,2532,0.25834301114082336,0.011810802854597569,38500.27205133438
2025-06-07,8,3847133.391135335,11202706.43901711,2957254.436313218,9622831.8481858,637828.0937856251,1914220.997608447,915250.4328645415,1957,0.21974055469036102,0.012247636914253235,47350.9640378654
2025-06-08,8,843525.6080992073,7432031.405111805,718694.3434388073,6461404.461985058,190027.44422149588,1468263.5282828426,757306.1849676967,2419,0.15625548362731934,0.010026146657764912,26214.322746157646
2025-06-09,8,5471556.35887903,14426387.28302046,4825949.354132262,12052051.6911013,1002406.1717262643,2641652.745620247,1262894.2032037654,3566,0.14286267757415771,0.006392893381416798,32797.59087881446
2025-06-10,8,1696483.3462608308,9007327.275248803,1401919.2491821037,8044697.675079363,356290.05689597374,1649882.7247489307,817798.2503975932,2862,0.15608809888362885,0.006725476589053869,31442.84745311737
2025-06-11,8,2330480.336374052,9526248.125899225,2003514.360315873,8036593.550926813,491460.578064278,1839055.786509183,906841.7001087117,3288,0.25973042845726013,0.0058473702520132065,25226.77253139019
2025-06-12,8,2741701.2308176756,12343914.305359177,2386734.8184468383,10834531.242664026,539700.9625435793,2181154.2514112005,1075759.534116956,2956,0.20956456661224365,0.006874792277812958,31532.924515247345
2025-06-13,8,5032646.698829293,13869055.406453907,4739000.951066612,12319314.002177335,908384.7272230154,2397940.3686179877,1190697.2593056858,1912,0.13854002952575684,0.006411645095795393,36926.28008195758
2025-06-14,8,9497601.380539715,18320339.555367008,8641416.305870678,15307217.898087703,1722399.3862698933,3261873.3254860663,1586144.7542873374,3643,0.10842598229646683,0.0027255259919911623,29532.07758307457
2025-06-15,8,8665342.560975552,18217278.550243303,7346497.713694054,14753993.930284003,1509681.8007439505,3054820.360761242,1319930.6246796937,5085,0.0649675726890564,0.0018228775588795543,37669.849397182465
2025-06-16,8,3189198.531914577,12347049.204637423,2810663.8287171423,10809677.44822312,561709.2853169158,2100701.2265689736,885771.2534259628,4370,0.009626316837966442,0.0007739255670458078,43051.94047173858
2025-06-17,8,3053540.0159793645,13651806.472945303,2757453.9820725843,11645272.382786907,520520.74652983446,2199945.8977106065,957969.9437365693,3484,0.012561879120767117,0.00048628111835569143,36243.44365555048
2025-06-18,8,461676.7567191124,11418833.44821307,416773.57680002577,10365701.769697942,104519.5033143305,1870232.855466499,790193.7472215088,3790,0.04744911193847656,0.000833087251521647,30193.578549414873
2025-06-19,8,1177264.6050263196,10059465.043074578,919295.9121970532,9045878.14981043,230135.97432626373,1719191.2697089964,834196.7449668633,2188,0.20883142948150635,0.002725468948483467,27716.278055727482
2025-06-20,8,2656407.9644530565,6761956.434721015,2046408.6230450026,5270726.71398559,519832.6785793338,1249940.8440590422,670232.5468300045,2218,0.1468755155801773,0.00230326596647501,29710.85406756401
2025-06-21,8,2635792.550904244,6820611.826345071,2049518.8650518493,5416508.74803296,505911.2843209183,1309535.9633312807,659947.1362502112,4212,0.028901640325784683,0.001414728001691401,29919.187573432922
2025-06-22,8,356758.13565917313,5470802.915897034,296655.91660706373,4520582.971624032,87641.08836410259,1015305.2795690608,537315.0585205519,2776,0.13306093215942383,0.0005116932443343103,17364.54920554161
2025-06-23,8,492516.6900688112,4856655.72401461,398659.8617906233,3655620.1411585594,109000.06921141414,860385.1037135548,468820.7285217574,2757,0.02561231330037117,0.0006309429882094264,23213.383681595325
2025-06-24,8,1573323.2519860044,6447777.72089912,1254158.2316911977,5092339.837957506,246105.6738376114,1060715.4881480318,499504.5788628123,3285,0.032452505081892014,0.0008799096685834229,35952.168962180614
2025-06-25,8,5928197.695611447,13559642.02289243,6138076.145532899,11988768.51889439,1060003.8668309674,2342195.4787143506,1053165.6285372355,4934,0.047641973942518234,0.0005342172808013856,39609.47339487076
