date,hour,top1_pop,top5_pop,top1_pop_day,top5_pop_day,top1_pop_old,top5_pop_old,top5_old_house,wui_top5_cells,max_prob,mean_prob,top10_pop
2021-02-01,10,3419764.0776516646,11865247.053802922,2687082.2124530952,9697040.83760681,683272.3166248286,2178659.627386085,1050338.2388710065,3621,0.1887243092060089,0.011354073882102966,33408.73090389371
2021-02-02,10,638359.9804951698,11592267.858516946,554344.729506319,9527859.366703268,146475.88421943795,2066051.135783901,958064.7643583817,2994,0.20980603992938995,0.0069135683588683605,18806.50430738926
2021-02-03,10,1029736.1610815227,15706786.974880889,835180.2650058381,12188887.834691463,210335.58702977607,2723116.61865988,1234972.6915337965,3150,0.18629010021686554,0.009562796913087368,24548.145530223846
2021-02-04,10,1365495.2164653242,4744878.3036712855,1143174.176859822,3670648.8559427233,298319.47130745446,927236.0415383005,484881.73256221745,4050,0.31580060720443726,0.016895093023777008,27125.562429994345
2021-02-05,10,1107334.3616238832,13053138.135486528,922785.1159684809,10122106.227066128,236408.7488500693,2327000.2016695645,1133006.9057964673,3283,0.27870604395866394,0.013698305934667587,23024.939115673304
2021-02-06,10,3192447.626128748,8024659.148948953,2511474.476390378,6153376.057627339,656569.5917430839,1595034.216495544,818483.4194725893,4290,0.2923426926136017,0.020333442836999893,19709.218233257532
2021-02-07,10,3376585.205953136,7631026.494158879,2555216.229794105,5856842.266839577,702348.7243291072,1522373.949920872,787795.4392481273,3571,0.1531057208776474,0.011628512293100357,25691.766322374344
2021-02-08,10,3363448.3923757225,11252148.89555876,2647985.734964913,8641685.046164462,690313.1800761956,2186068.463386628,1083901.5756098959,4772,0.23726040124893188,0.012150458060204983,20298.21376863122
2021-02-09,10,3768537.525025949,8542735.805481099,2894467.135659569,6591527.12138836,758899.7995830396,1701559.6748908486,861507.4026309091,4859,0.2762393057346344,0.017957476899027824,21506.35253161192
2021-02-10,10,2276484.6488320082,6812100.043593004,1686416.6295369477,5226640.395718014,482993.3896732202,1358547.4427253501,681685.0413423632,4546,0.30698639154434204,0.03508566692471504,17919.04984599352
2021-02-11,10,1656987.4484125823,4816194.835171923,1215912.6855769015,3676478.827740064,359150.8027651855,975835.6774681176,488654.7004410863,3289,0.28953781723976135,0.030124258249998093,27798.28153499961
2021-02-12,10,258166.46571157873,2477680.1338511705,198605.68907722627,1919139.8410841748,57541.79208012598,518109.39454884076,256035.0553862355,2624,0.2937069833278656,0.031762558966875076,15801.544362217188
2021-02-13,10,676817.700646922,2126185.1624694318,491443.03469051665,1606052.8608854373,141400.40014081568,450591.6211698402,234947.92005236098,3055,0.2992427945137024,0.03640192374587059,23300.17907810211
2021-02-14,10,459140.01518660784,2076312.6288359612,373515.4182276627,1631957.4403258758,97446.30835056186,409667.05181129894,191794.56561589782,3566,0.3045792281627655,0.03606296330690384,15831.073113381863
2021-02-15,10,1349232.5435925573,3250575.6615876406,1063422.2276913275,2551964.3816753244,271004.3491803837,669036.5840201318,335751.02238297014,3780,0.2683617174625397,0.021670056506991386,26114.867611169815
2021-02-16,10,3281415.619610563,13393641.81643103,2733632.219661449,11161895.683876585,588699.5237375959,2384056.446630748,1021266.9770625378,5339,0.21507206559181213,0.01595904491841793,44619.53623217344
2021-02-17,10,1691249.7923143655,8782603.463869154,1302041.3989127926,7062824.295236956,317769.9821617837,1629070.5534367375,748485.5235174806,3894,0.18836194276809692,0.013451607897877693,34035.34517338872
2021-02-18,10,1285450.539558068,6165397.871867254,988032.0050748831,4839391.696412379,257075.1049825832,1181158.8387096713,510980.41420928657,4882,0.20865730941295624,0.018464310094714165,33468.193985939026
2021-02-19,10,1287220.8930499554,8695835.238784865,991669.1873108568,6442901.411327774,247910.40944302332,1636103.9646614455,761242.5989585745,4363,0.3269585371017456,0.03173479065299034,18362.041561067104
2021-02-20,10,1243615.6743392348,4529514.272133991,947536.8853710976,3528055.154118849,249543.62351446753,921733.9786531227,483859.0113564718,4919,0.34673526883125305,0.0320604033768177,18304.041506677866
2021-02-21,10,2452967.4816446602,7487145.3617914915,1856600.5849866332,5849167.014946638,531620.4817080403,1501959.1588995093,755427.5812863407,5680,0.3236607611179352,0.04197319969534874,24055.300140082836
2021-02-22,10,2115450.7753758132,5380474.25135918,1586928.637802534,4112119.2611138923,401306.2199262227,1028666.0618115374,547336.6909047366,4687,0.29158106446266174,0.036753296852111816,17595.221785366535
2021-02-23,10,2796060.87999326,7267470.6946747005,2122121.4118851703,5602717.963286754,547580.7277610044,1429418.989266432,721282.3644723704,6449,0.29177746176719666,0.04154127463698387,18646.728511959314
2021-02-24,10,1955902.7312785387,6008424.545817345,1532570.495461701,4663461.149428717,415980.7737331784,1215178.370136551,629657.3684974585,6711,0.32721835374832153,0.05941690504550934,20219.70287054777
2021-02-25,10,2873997.689026177,11473271.502953798,2519205.939773198,9543578.972928625,514581.1554645347,1975326.4299601638,899018.129089734,4627,0.30570921301841736,0.058521419763565063,32462.8625318408
2021-02-26,10,2721316.230460733,15522399.38839513,2501613.4823189937,12895213.00519939,457342.1170674768,2591776.092061111,1097135.9000220576,6860,0.332624226808548,0.045823849737644196,43138.341812968254
2021-02-27,10,2020519.7664479911,10827873.196168005,1785568.0416778193,8330982.363542485,346573.5249997544,1846975.4631946515,796093.0781347685,6957,0.3046365976333618,0.04385143145918846,28356.54686269164
2021-02-28,10,3190075.0149053633,16433525.149903566,2397987.4419783857,12674754.599414106,511594.17148405674,2657617.983042079,1189140.0551364894,5773,0.279885858297348,0.03177166357636452,33356.18344900012
2021-03-01,10,1843088.2083175778,9221959.071923256,1388373.5661598663,7020988.644000201,271053.777888181,1456407.097453611,562983.2801368159,4369,0.1748901605606079,0.015259952284395695,27787.200684428215
2021-03-02,10,1142053.7845813483,3834408.826611176,796516.8121736133,3592786.4737833533,173660.2600752443,668526.3002720177,313418.77347417444,3108,0.02855793945491314,0.0021627105306833982,21843.97881242633
2021-03-03,10,1258182.040309213,3214170.534016542,874160.4126409927,2445566.9539075745,197435.27226070262,565188.0865287741,290922.4821633834,2838,0.059894122183322906,0.0026533082127571106,21372.878292948008
2021-03-04,10,1473217.4666894823,5475672.274504364,1061496.231545064,4914743.675666509,223237.49988524176,904273.8681167141,453110.08065975644,3254,0.03671052306890488,0.002849857322871685,24618.561422407627
2021-03-05,10,744423.6985216141,3909513.622706741,488979.69708467316,3796779.560189004,88946.67669249269,640728.5243183051,301031.11214238557,2876,0.023055830970406532,0.002076215809211135,20785.476004749537
2021-03-06,10,2533684.340892285,6586691.104711771,2027768.2275206116,5490390.583837545,451021.4876197355,1212114.857246009,495149.64247938053,5085,0.12420345842838287,0.011244498193264008,48610.641552358866
2021-03-07,10,4756753.321323216,16238426.969928771,3805629.637487087,13399052.72978588,824442.4418642173,2746687.7295540893,1183298.4632308765,5236,0.12369565665721893,0.010604131035506725,42860.09987080097
2021-03-08,10,7363527.215398252,17171180.288823336,6655102.858348834,14121031.745394327,1291410.3641921892,3039496.534382418,1311866.5137638845,4955,0.09575205296278,0.013332940638065338,38989.750721007586
2021-03-09,10,6643700.074241042,15156423.380620062,6063225.711888833,12833594.402777199,1187584.8482949983,2628057.754882165,1174631.1809503245,4619,0.17692673206329346,0.017434056848287582,32746.32860288024
2021-03-10,10,3779908.9118694514,11371175.67391251,3115387.374351833,9170470.008587804,745645.217590308,2133759.413711411,1046662.9713864955,3849,0.2494860142469406,0.023968324065208435,26668.416134536266
2021-03-11,10,1630350.978807807,10460508.136554658,1356946.069231391,8612949.620011194,320215.3011281031,1885654.0656187988,937764.2221347569,4010,0.3018242418766022,0.029983380809426308,27461.84297373891
2021-03-12,10,4878277.915035427,10474841.31507191,3729187.7295770645,8683167.736128785,862983.6808568384,1875622.9053320326,793748.6171743937,5510,0.23241746425628662,0.018152613192796707,48092.39273262024
2021-03-13,10,4231776.753869444,15162697.849911869,3917289.717666364,12680260.05458434,677153.6896394296,2508439.269825003,1052135.4738114257,5589,0.21192283928394318,0.013406399637460709,45152.728027790785
2021-03-14,10,3300633.8976391107,8843500.660918638,2328249.5913850954,6691524.965702545,588631.8756215279,1524825.904284959,636521.5794462329,4907,0.08589273691177368,0.012284557335078716,51397.52184987068
2021-03-15,10,5526840.529628068,16705286.200079635,4673106.37134045,13885179.14585936,856185.0947696532,2790478.4415268544,1233489.5346127243,5491,0.15821006894111633,0.013290803879499435,37354.11724895239
2021-03-16,10,1514100.105809927,9545956.80678454,1186845.4756505098,7468421.25069616,251132.28991292996,1524113.9156423067,592712.9553940848,4844,0.28750523924827576,0.025342389941215515,31254.015683293343
2021-03-17,10,1782011.7542734593,7280887.169493556,1407412.8913706737,5906615.44240981,348995.89158034115,1307319.4119486457,602497.4790740276,4833,0.2625407874584198,0.03365001454949379,30603.122437000275
2021-03-18,10,6396319.562486231,19723493.882325977,5336663.106401516,15974053.50124653,997456.4492181933,3271540.81378049,1476736.1246770748,5200,0.27483442425727844,0.034970588982105255,42760.73670810461
2021-03-19,10,3630596.4183056056,15488895.772182181,2826715.753835651,12841261.722141873,613729.4719511496,2597938.9104250064,1192288.4732441115,5763,0.2883165180683136,0.03947830945253372,39566.520815074444
2021-03-20,10,2198373.3696112484,9262507.352808192,1680004.8470316473,7939468.252066869,404860.8992381171,1690363.8618788722,715104.4357868583,5589,0.2297345995903015,0.011166257783770561,40656.120413571596
2021-03-21,10,2877860.3660183996,14551670.047134712,2310046.9637717595,12087500.173188742,530498.1883358308,2637859.38706013,1188290.589469925,4121,0.12379788607358932,0.011560994200408459,37934.93193003535
2021-03-22,10,3760048.427325368,13056886.446495146,2819302.9246805366,10333651.99555254,614781.4907841284,2187378.199958859,905306.2025250575,5430,0.22385691106319427,0.021585455164313316,39800.327639728785
2021-03-23,10,968555.1467862725,6143811.018577173,753653.8971032837,4817183.668771883,187609.56002898118,1209132.838338325,574455.4346808458,4488,0.3132420778274536,0.03413383662700653,18966.370096832514
2021-03-24,10,498831.16233053803,3905503.803761855,427661.3547970331,3176709.486003294,116150.76659309889,783322.7485933175,401857.33212491317,3985,0.33942264318466187,0.04379032924771309,18171.536475896835
2021-03-25,10,1060966.957542032,6582797.536713257,854563.3015504666,5140796.370120435,223819.19549899644,1312532.7618441025,651879.8301923543,4989,0.3768610656261444,0.06553033739328384,16595.64109018445
2021-03-26,10,573924.6104934216,3603823.564791277,475145.69055982074,2791280.5884624287,125136.68527075222,746973.4724886373,387512.2224677659,5018,0.36834871768951416,0.07744156569242477,14290.81743094325
2021-03-27,10,806496.2727943957,2739878.5664338022,646726.7955893839,2280586.2036367776,147250.0403288161,490530.11682617024,229278.91080953804,3289,0.32994264364242554,0.06131358817219734,20981.578877091408
2021-03-28,10,1114087.546614185,2824674.905295387,923409.2651650195,2213177.5451220036,240420.78956938503,572099.8381644882,284105.552431365,3561,0.16248536109924316,0.011867299675941467,22941.11818778515
2021-03-29,10,1319653.1683866382,3224972.534450829,1073829.13742931,2513617.4616764,266793.985282017,646817.8966599111,323566.8600172156,4324,0.20606735348701477,0.010189835913479328,23743.003793925047
2021-03-30,10,609053.6351183355,2444719.5462128967,479172.8319298744,1949709.9042683449,130763.80729408868,465064.8472112551,235012.35071767867,4701,0.27751272916793823,0.02172732912003994,21453.818242937326
2021-03-31,10,829308.4602201581,3762390.7685243636,629361.0101738811,2946915.938417454,135012.10612310015,603884.0374026396,291514.05593733705,4245,0.3051484525203705,0.03622502088546753,24449.41678932309
2021-04-01,10,1171327.5456584394,4280233.156088024,1005247.5126280532,3502550.834641612,206467.19197240646,723644.4781262556,333734.85013232264,5398,0.3729502856731415,0.09229330718517303,22625.698124706745
2021-04-02,10,878597.5053082705,3354130.497772515,712558.4878324245,2629352.104529097,163068.78409141523,620866.9054877895,255538.37058155163,8703,0.35774895548820496,0.08850686997175217,50824.52970826626
2021-04-03,10,779930.8190276027,4617299.540069878,610335.3674387097,3751789.8621345153,142243.97778892607,849790.9866087697,362320.5075373661,7845,0.3308205008506775,0.05037491023540497,32549.901384741068
2021-04-04,10,2752016.45885548,11502105.578317389,2123827.8329683053,9768502.131421022,413713.1239195586,1877458.9791632209,799896.2604993291,3922,0.04244370758533478,0.005386807024478912,25775.65894538164
2021-04-05,10,1513169.149818331,6279103.789977655,1096078.3582601277,4801288.358968809,216308.45097070807,931355.2385579646,404012.9521201928,3798,0.08540413528680801,0.010591387748718262,30960.61407890916
2021-04-06,10,1019138.6761493385,4903474.479789704,753817.7409339867,3683824.476627864,181544.42315016888,796902.4497312021,389464.6395103497,3128,0.127948597073555,0.01199233066290617,20820.099596083164
2021-04-07,10,1026109.886186853,4054258.139247626,756123.6474873452,3102279.018482864,171522.831547885,677021.2649855375,350779.50234025344,3259,0.1904391050338745,0.01922333799302578,22425.084851562977
2021-04-08,10,3783921.565720126,14589989.539683804,3049225.3432050776,11603487.603395376,594774.0014838197,2304067.508203692,931682.1071778409,6232,0.33466070890426636,0.059551820158958435,38048.03863322735
2021-04-09,10,1630793.9492560476,6502003.930643469,1337737.2491885775,5176963.758791601,294450.6497973169,1104303.2557898466,488829.666128992,6424,0.36074337363243103,0.09021920710802078,27290.8140989244
2021-04-10,10,1364549.6190930456,6664264.748174682,1084151.5526269604,5159125.363219604,248770.07702259556,1215907.7064401754,476642.34604938276,6462,0.32639631628990173,0.07257740944623947,31368.284218370914
2021-04-11,10,5349097.538902611,18681599.514304608,4465188.293658172,14849448.552817794,846933.2868464143,3155159.2151231314,1363781.5174536845,6839,0.36115607619285583,0.08328734338283539,41387.732479304075
2021-04-12,10,2659612.7020824254,13907544.028692454,1961274.7642329817,10650219.273154523,444046.92176609824,2321916.9724782016,953039.1413479358,6054,0.34189581871032715,0.057339731603860855,43892.32447063923
2021-04-13,10,3610260.4391068667,10373537.83004944,2902362.433826348,8995028.815670919,662005.6332118623,1896696.0147613934,881363.973595566,4172,0.08825147151947021,0.009594433940947056,31964.59822821617
2021-04-14,10,1581687.109933585,6935527.250104904,1202600.4701808598,5333074.3247998655,247723.78995615462,1116344.3287670224,485033.2280505156,3938,0.20517279207706451,0.01770688034594059,26011.5048686862
2021-04-15,10,1736121.0931606293,4592256.812478483,1329250.564945556,3491832.13425959,333829.5121798527,886516.2333472129,448067.442885946,4314,0.2156863510608673,0.027200546115636826,24384.285629361868
2021-04-16,10,712530.8390833735,4100523.974349022,580452.6756515973,3207171.807675112,143923.55719070113,775478.7427753978,416532.47289477615,3538,0.23968437314033508,0.02253313921391964,20121.547160863876
2021-04-17,10,539436.2558044493,3587357.828805402,439406.0777777933,2772414.434156251,121973.40838808219,705005.5475029915,346738.92869072023,4472,0.32030346989631653,0.04368981346487999,19690.753616541624
2021-04-18,10,980699.01074934,7584687.119312637,811283.7613759979,5935642.248449252,204611.39962173294,1446104.794410565,658817.7915632583,4535,0.31047308444976807,0.03478007763624191,17269.765265733004
2021-04-19,10,954875.5082579553,3448537.5939914733,797257.8195533187,2739286.739108625,185672.2020460359,703199.6657042864,359407.2012715428,5392,0.363792359828949,0.07665025442838669,19231.59574237466
2021-04-20,10,496648.24697098136,2607993.498419881,410386.4968350764,2075166.068658886,106745.48749876709,531782.54272395,267136.3297588119,5923,0.3717508912086487,0.09096222370862961,16366.466747909784
2021-04-21,10,806779.3247256279,3229074.9829562753,656671.0114938002,2565563.6201112457,171005.80130140448,676155.7860937535,341956.0901152881,5578,0.3899376690387726,0.11886768043041229,24151.239924013615
2021-04-22,10,1234970.586553514,4654366.068751305,1029713.8972029124,3743608.6756717814,250736.99867666635,935934.4325158786,490777.70679639385,5782,0.34784573316574097,0.08620215207338333,24906.118746995926
2021-04-23,10,549338.9802784324,3350654.006566152,459799.8970562889,2719853.793205241,100213.13882132966,562675.4603374627,255541.84796558856,7120,0.34100469946861267,0.07079076021909714,23882.217947870493
2021-04-24,10,683425.3618984073,2986458.1950919777,627762.5198113244,2490177.436232457,133776.53934343695,590901.6862207665,317372.3728840693,4604,0.35027024149894714,0.08547510951757431,15876.162394434214
2021-04-25,10,2138816.6753708273,7212796.438719951,1635746.331880649,5591485.42612525,272511.8811023876,1058416.5074021518,455538.87402114563,4624,0.3899801969528198,0.10916607826948166,29593.31599727273
2021-04-26,10,1217625.0678260624,4311951.028509766,987737.7966478325,3482990.74522092,242136.80655219336,829577.1692872016,386819.23748405045,4827,0.3706514239311218,0.09431570768356323,23116.546828895807
2021-04-27,10,670661.1382463127,2923668.4117078334,551131.3142872637,2304896.784308873,154752.49205722165,591907.688006181,285736.8529021002,4521,0.32668906450271606,0.07288850843906403,20717.932562679052
2021-04-28,10,1680067.563637361,4821319.443892166,1349605.8775251526,3797233.101673184,319748.95178774395,948652.8100666972,483121.1292827226,4721,0.3334362804889679,0.052537161856889725,28234.885769069195
2021-04-29,10,2470713.10249722,5956870.996914148,1888213.2484699937,4622211.455264157,400118.30469279154,953404.05483292,480500.3187742687,4520,0.3314307630062103,0.04225210100412369,24731.645048350096
2021-04-30,10,2599578.868858628,5805508.707364947,2094074.5602205154,4602256.845612101,513127.81347470765,1116207.2494167974,571714.1698583667,4886,0.3003024756908417,0.02490968070924282,27129.270312309265
2021-05-01,10,898647.0012816489,4235802.374955714,750648.970418379,3327409.6923844167,185480.28593976778,870880.3778576314,434014.00037511846,4182,0.21305082738399506,0.010656463913619518,30237.431298822165
2021-05-02,10,664265.7576006055,4402762.263175294,573007.4841596299,3518225.7088741707,127617.52686943354,844294.2626907324,434198.3895941338,3895,0.09850092232227325,0.008138004690408707,27111.18901669979
2021-05-03,10,1590731.0537123978,6998330.659752674,1311726.4612794588,5418473.113324242,305624.77436484734,1346774.818430222,668706.0648286205,4030,0.22563773393630981,0.022961027920246124,27129.304007917643
2021-05-04,10,2480822.1366939843,6283092.193456776,1875206.5394460128,4796267.568608439,467252.4820327475,1171831.4735105566,630609.765836732,3794,0.1122870147228241,0.01506355032324791,27974.569801568985
2021-05-05,10,748692.2876750752,5423918.5762832165,663917.3782056882,4210931.934407884,166567.1684692283,1045518.4430330768,564905.8721600631,3344,0.25746726989746094,0.013368131592869759,23886.9229080081
2021-05-06,10,1441243.493330352,6551339.130256258,1178887.0472375785,5045443.898532536,275769.7131975536,1233776.8760580055,664677.5413103744,3388,0.18479402363300323,0.03665618970990181,16967.8547578156
2021-05-07,10,1291009.4409456998,5505934.262663446,1009143.9350181295,4363769.192862275,253567.47187060112,1059655.8909757447,588681.6352582604,3596,0.32205885648727417,0.03308130428195,22993.99206712842
2021-05-08,10,2056840.2601314932,5986734.330345072,1607929.5123903097,4628133.065831551,389415.8978267753,1138058.9660777035,594558.7370210901,3740,0.3224852383136749,0.03645245358347893,23868.95929762721
2021-05-09,10,2897756.370675698,8006181.227633342,2323612.8930319366,6190268.112695038,569921.7606007557,1500629.3753487258,743164.7112219782,3825,0.33525827527046204,0.061312176287174225,27129.485763818026
2021-05-10,10,1516446.221895747,5438943.492891282,1255895.3094695215,4469543.768177074,304292.272411682,1100102.6559114105,576797.2955506293,3999,0.3096790015697479,0.02372051775455475,20193.6585598886
2021-05-11,10,269997.59256482124,9509560.856256723,231308.5233841305,7999178.370808477,65038.841180895484,1720187.1780289598,762478.9130582721,3083,0.33691638708114624,0.02501682937145233,29927.636738061905
2021-05-12,10,1185945.6975485235,4490203.1057101935,1102617.7221441956,3677457.858350143,238039.90549252115,890319.7824940982,448920.65309832804,3807,0.3063250780105591,0.03958975523710251,9889.018836438656
2021-05-13,10,7313139.881491482,18485703.587272935,5940471.060118037,15172490.867615929,1261407.9172961037,3165531.8053050227,1456266.2176471327,3181,0.3370967507362366,0.06201603263616562,47347.50219535828
2021-05-14,10,7671045.8831112385,18375911.831128776,6204364.698737528,15029831.228699457,1342697.7073910977,3152834.1522201905,1454076.1848526695,3294,0.32174739241600037,0.04778795689344406,47807.681411892176
2021-05-15,10,9714668.634513915,22748500.061958343,8411579.896185528,17854081.67863817,1716938.03313925,3758411.0312276017,1595502.4233018458,5933,0.22898247838020325,0.008079960942268372,35526.33364653587
2021-05-16,10,4118593.836163074,11985215.983779788,3119921.9365610993,9317199.940341784,728458.0598296515,2053712.256576034,872681.452742414,2796,0.030398420989513397,0.003336360678076744,37872.03344473243
2021-05-17,10,735234.0224854946,4680388.5956832245,581981.5113556803,3700439.489084917,145969.83101689923,745901.7907518176,366800.0263236802,2438,0.027299171313643456,0.0006655839388258755,17151.01969498396
2021-05-18,10,790279.0528552309,4901681.682826027,631956.5741993322,3794262.729206809,127128.50061025962,724691.87431293,315977.997293712,2080,0.02570291794836521,0.0008372116717509925,27359.615912407637
2021-05-19,10,1132538.4962493777,5578666.896412894,883176.2069257987,4412235.355106471,178230.9482806287,861311.1983607548,364613.19500043546,2793,0.06504210084676743,0.003564390353858471,19849.386465996504
2021-05-20,10,518131.3329031244,6852306.757623576,491373.0464953291,5883600.348644155,79666.08111950204,979179.182318607,380703.27141553536,3262,0.05275321751832962,0.0017511341720819473,26678.613998681307
2021-05-21,10,3970134.5416475907,14467258.001693442,3152767.3370958795,12277959.505324788,696247.7257278822,2602250.4930446176,1199641.6269046152,2826,0.04923935607075691,0.003118593944236636,29087.436814904213
2021-05-22,10,4567071.745598391,12530552.220768176,3513406.1411858276,10424081.779910058,850427.1664224684,2313165.8249631114,1053776.4882507634,2272,0.10535993427038193,0.009258560836315155,37475.406456798315
2021-05-23,10,5961326.66986987,16648213.86474108,4937215.673601448,13801764.939152578,1081691.5026918647,3006279.401766889,1427857.0021079122,2762,0.12191817164421082,0.01747649721801281,31556.51936236024
2021-05-24,10,701733.8211027384,5132985.005972743,565325.3581140821,3923467.637233704,141018.6126705755,947123.41251681,455597.987269075,2322,0.0674775168299675,0.007537237834185362,19928.498573571444
2021-05-25,10,885053.9410448596,6597409.746660113,712522.4451687556,5393992.200301328,181869.40779946392,1283981.0441462484,686359.6341002106,3183,0.20841386914253235,0.009055716916918755,29224.14112085104
2021-05-26,10,2589963.596206054,14571675.975103118,2123392.171991837,12602817.659264825,529431.6284742652,2718242.037263287,1376533.8733366504,3310,0.2877783477306366,0.01845281943678856,23097.688649445772
2021-05-27,10,1497174.3831151277,5588443.373063318,1253792.5844328469,4380973.507630084,327146.9109052153,1143585.2497862175,591829.9931276299,3845,0.26832762360572815,0.006712664850056171,28308.37854731083
2021-05-28,10,2631898.113410771,5480447.908881977,2072863.2827736014,4275651.169748416,524103.80939960317,1068156.9018463986,549818.306229527,4831,0.2945026159286499,0.022407472133636475,26336.11534884572
2021-05-29,10,2568053.3147208393,7842096.33077468,2082779.2258283375,6241862.587653402,493857.27748536965,1495465.943250083,755931.8201821682,3486,0.10519745200872421,0.011524355970323086,26420.896251231432
2021-05-30,10,1695776.3904441372,5400420.427193411,1366618.3114157382,4330844.597964015,346377.2531971941,1090190.491979035,572854.8525931676,2764,0.1606651097536087,0.017924241721630096,25937.1334631145
2021-05-31,10,820929.8722160384,2813816.1681132615,681225.5499745435,2276374.96886528,158567.69195401896,539965.2077774303,313139.6625888667,2200,0.13550308346748352,0.008287356235086918,18360.631818950176
2021-06-01,10,1699471.7616709396,4928702.126699217,1382979.8392540088,4061625.4546931107,293117.58093893115,947324.6044069538,507666.0131882055,2719,0.15633203089237213,0.017068572342395782,20869.56083983183
2021-06-02,10,1463083.9610166475,6357739.448912695,1216223.4488788978,5062015.604438755,259828.10572822636,1184425.0714736641,595324.2374273636,1680,0.2877843677997589,0.029302213340997696,19786.31395086646
2021-06-03,10,1388255.5612410158,9183899.401741676,1139208.1573330907,7735746.344546871,202980.7990521331,1471004.3443761633,670522.839776976,2708,0.0987161323428154,0.0090678371489048,20511.584718227386
2021-06-04,10,2475900.3974196613,6991380.430233657,2055378.8745040554,5546259.868229274,490688.28516827023,1319891.8282987168,668644.931280328,3759,0.06570126116275787,0.005816242191940546,31126.105394124985
2021-06-05,10,1783104.0124694556,5867611.792507306,1463943.1300661638,4609879.363827925,380034.9183834035,1145150.9269120647,584934.5475979893,3883,0.07761210948228836,0.010004907846450806,24017.716705828905
2021-06-06,10,1834114.2194425017,5969384.290474959,1523836.7632675855,4715317.865842486,368255.17972547875,1112610.6707856392,567993.1992081106,2803,0.09648872911930084,0.014004696160554886,19510.544284790754
2021-06-07,10,1677561.3161437362,6309416.569320187,1408328.1088871597,5008746.570407918,365574.26278815983,1255606.3654043428,672518.9728557996,3194,0.15229561924934387,0.016203733161091805,22709.304212868214
2021-06-08,10,1517011.4088778496,9314886.84667524,1151978.389110482,7295835.555966371,267597.9431140242,1625477.7202801774,776500.4970909627,1366,0.31057730317115784,0.03205082193017006,26798.57287362218
2021-06-09,10,2784999.3508995622,9307451.209385417,2217734.0223298566,7133485.674176909,479710.4658778367,1526831.8891462777,797858.8533516105,1585,0.2901315689086914,0.03864564746618271,33560.41423928738
2021-06-10,10,1869753.2155793011,7229206.42712415,1446179.0486610583,5646770.40412306,326174.85102783213,1195819.7498062763,637142.3042391012,1806,0.2645167410373688,0.03578038886189461,33050.95674774051
2021-06-11,10,5136647.312309861,16034909.901067808,4653366.6957203075,13817135.592033733,909313.192766779,2655297.7411337355,1283011.7833590703,3255,0.12286494672298431,0.0029122515115886927,36732.55954411626
2021-06-12,10,3072756.5887352824,7993381.7793136835,2451532.654246524,6380277.113378726,520370.283299727,1383949.455344114,633616.1101822609,4223,0.06294827163219452,0.0065462831407785416,35552.20700639486
2021-06-13,10,4781698.157760203,9867757.41499111,3616498.185035579,8233778.217100462,884788.1252049436,1842454.5967834285,842983.8467135922,4204,0.06449063867330551,0.008233796805143356,43427.85107257962
2021-06-14,10,4467527.574338853,11585830.68165481,3702659.6742471675,10355518.915070154,779845.2877235804,2009687.3881435299,877280.1081413721,4446,0.05978977680206299,0.006343829911202192,48907.637711018324
2021-06-15,10,2815668.921013832,8192225.374432191,2146590.0231261794,6392580.35832804,449582.41910911177,1380290.1306738236,601384.1633913328,3242,0.03318392485380173,0.003103732829913497,34396.32507097721
2021-06-16,10,7280247.345804453,19876872.011556864,6710975.085698495,16545161.33310176,1189445.8343259674,3204097.894898241,1396765.1206019993,3053,0.14958561956882477,0.00866078119724989,36478.422353088856
2021-06-17,10,3833952.960084453,15553581.90805497,3088311.530528513,12963879.993252179,678575.620817905,2558984.0174473263,1186259.0947235224,1693,0.08202808350324631,0.006269250530749559,31676.412515580654
2021-06-18,10,1349518.805393979,10357931.547729306,1086039.9670330768,7965025.443003895,273542.0949753538,1748216.8587215354,813939.9885572891,3231,0.03491813316941261,0.0022890549153089523,28360.853581756353
2021-06-19,10,3561799.514033586,11709791.889306873,2740563.156329058,9206371.950997103,587280.8397221098,1892462.6737095604,835181.2869516939,2701,0.07150550931692123,0.009789982810616493,32563.67188230157
2021-06-20,10,6240841.891760007,17729738.2090967,5072906.528902388,14972460.099323168,1017997.430460735,2944054.7305675074,1371962.8813784737,2367,0.11884108185768127,0.01616366021335125,35700.81701397896
2021-06-21,10,2958341.3437351435,9878980.616223007,2298611.222758543,7612017.200094088,565948.445059893,1839475.5815189972,919206.2803414427,3339,0.19397304952144623,0.019306404516100883,29449.978667855263
2021-06-22,10,2314999.610848576,10072799.628384538,1846177.2440126853,8057237.7521554595,420534.03164444596,1768902.8463021312,881092.3396539881,1285,0.10695526748895645,0.017039036378264427,19855.598596155643
2021-06-23,10,2444703.7109177858,14468193.66883026,1858771.5462433936,11779161.898868201,425545.31086385,2420198.681037177,1109245.230577799,1539,0.0862857773900032,0.009761558845639229,29828.618281841278
2021-06-24,10,3835558.9655068964,17195421.382405773,2761395.3110701446,13390775.977871409,608736.0535708441,2823932.401822051,1289926.8601979932,1426,0.11677513271570206,0.01194357592612505,41345.15546181798
2021-06-25,10,7058542.649269417,20628731.283161208,5678809.586147306,16541969.087618247,1126672.744554722,3446026.2599756354,1565069.8826667988,1760,0.12245400995016098,0.015016295947134495,33967.888960927725
2021-06-26,10,1336954.4132430255,5972880.914544411,1029961.6790248653,4548401.687631452,223469.80226799104,975741.0086153294,475645.7157797995,1885,0.08966828137636185,0.003569492371752858,29502.339387267828
2021-06-27,10,1882600.2500602677,9885823.903190233,1540509.5302046207,7800098.988959983,321378.7776225083,1672963.8277951283,797993.1905125646,1626,0.13358736038208008,0.016284817829728127,27376.770805746317
2021-06-28,10,1200575.697594501,5750379.752336077,966117.2260761547,4652638.799985001,219229.61889316922,1103417.1920708478,588255.942920694,1653,0.1257808953523636,0.01383900735527277,29126.55366459489
2021-06-29,10,2071571.6280695647,12685747.181586727,1696982.0164769948,10203784.40990359,365520.2465258393,2143578.738541915,969057.9674302447,2616,0.12244155257940292,0.01474851556122303,26643.487507730722
2021-06-30,10,1980708.3957548067,9275565.713712066,1576589.0818966604,7371936.450448904,343996.9334314257,1636720.4307996333,767871.450435882,2186,0.1181897446513176,0.008284585550427437,28807.791216611862
2022-02-01,10,3885199.070269972,8809971.216681458,3265963.0142426696,6993723.49608561,794613.5877166856,1745305.950439947,884760.9748343606,4185,0.32042691111564636,0.01600809395313263,26352.29988461733
2022-02-02,10,3871717.526361309,8514338.709995456,3209892.5873493943,6741440.137444105,813305.6035610861,1705146.2813984435,879660.29614061,4141,0.25669893622398376,0.010500130243599415,31924.747379630804
2022-02-03,10,3929938.0442381203,9244286.79269749,3227565.1714902716,7288706.737843908,795886.9841013756,1827977.9348964067,941587.6680180535,4066,0.2631184160709381,0.011284866370260715,32369.304860264063
2022-02-04,10,3694626.86365138,12663873.79852634,3066793.983792644,10175855.93659504,772963.8645184181,2359865.962642051,1162541.5240555701,3861,0.2042946070432663,0.01041097566485405,28384.88640281558
2022-02-05,10,3493935.850558728,9111005.846096493,2888602.91513378,7210485.113511663,722693.4200567898,1810921.9630856467,918133.4071348303,3938,0.23578722774982452,0.009286978282034397,28006.64876332879
2022-02-06,10,3517075.71305725,15058734.382459328,2932593.562408379,11845047.9083507,730777.2466244185,2762970.5358088827,1295382.4529294055,3943,0.28635621070861816,0.01196261029690504,24384.41462895274
2022-02-07,10,4345285.816885769,14386010.283910118,3571724.8618072495,11884401.671183469,895705.6539218507,2692896.885824361,1291948.2317453725,4127,0.30442434549331665,0.01387954130768776,24316.743925005198
2022-02-08,10,4497181.484641165,17619708.45597314,3645967.726774893,14716793.179815095,916636.2947711218,3212572.7309139566,1576231.3208572562,3786,0.31425273418426514,0.01619051769375801,20812.40727198124
2022-02-09,10,4261114.548360392,13617767.55319389,3477678.0948666804,10919703.708480451,856707.752155001,2519189.855916971,1213759.9039933248,4083,0.3488547205924988,0.01880057342350483,24087.855144172907
2022-02-10,10,2895489.2252772823,8606318.3092594,2401446.584203027,7020624.087072209,536474.5522214724,1644738.7486822489,810597.1469063145,4390,0.33681219816207886,0.031877245754003525,17157.12844234705
2022-02-11,10,2768811.2959183827,6282488.484281436,2247015.326987978,5113822.816439852,544990.8612881551,1236033.669742308,597909.1934547075,3849,0.3266807794570923,0.02993842586874962,25249.373517483473
2022-02-12,10,1600222.7042619362,5702601.320407078,1253657.985200413,4560038.001911146,301097.55823749804,1123589.896553987,571407.4452533799,4410,0.3192577362060547,0.03240452706813812,20688.120440900326
2022-02-13,10,1406123.3628109768,7584587.081231132,1452611.0436152024,6693145.28214553,267320.42430289515,1388307.8675869007,676825.5153478582,3149,0.3281889855861664,0.02906622551381588,34412.2846031785
2022-02-14,10,1619026.1777382866,7363653.46237085,1372111.6870170734,6154651.911639335,272159.39864219376,1257229.9545377786,617563.6940617951,3462,0.2877991795539856,0.022099463269114494,46503.57277011871
2022-02-15,10,1047484.0370106027,5901593.135925226,945227.7405854224,4743802.698148279,189701.9807228843,1168910.3769341276,607506.0047364762,3742,0.25662487745285034,0.011565563268959522,22495.074287444353
2022-02-16,10,1095928.666584313,5851723.524838239,943789.8740524644,4704809.90227519,222391.73144137952,1195843.532055525,605783.7390076314,4259,0.22129298746585846,0.011601402424275875,29711.40041872859
2022-02-17,10,2319518.0963235274,7257639.425993249,1960115.925238146,5737260.359210201,465454.131764318,1450143.895817342,700434.4523499733,4070,0.22741958498954773,0.0116582615301013,19613.004612237215
2022-02-18,10,2119802.703277886,8984475.635909595,1680433.6831116336,7212399.177530114,363922.91588144074,1554050.3155301763,714169.959941804,4008,0.3125685453414917,0.02765539102256298,29220.26208138466
2022-02-19,10,2078763.6760029271,6787591.290074922,1707857.6661367975,5540145.911014444,408861.6200925858,1280038.836937277,566749.1736201497,4577,0.31638556718826294,0.03517874330282211,27682.415933966637
2022-02-20,10,2344739.5223057047,6617241.053380594,2035136.0567267216,5390921.491630507,453791.3073812245,1293816.4172510924,660262.8068530257,3989,0.31695300340652466,0.022623389959335327,20126.693186700344
2022-02-21,10,2093522.987972781,10173759.24955988,1597874.5289153275,8249246.953135639,428833.40800975374,1933366.8354657593,891469.1740886911,4946,0.3334957957267761,0.028911078348755836,29931.892744749784
2022-02-22,10,2437510.24537497,7846250.992896423,2140209.652924387,6452968.315816932,477504.5864611244,1519408.3715468869,761294.1051664408,4639,0.34615373611450195,0.031217563897371292,18166.301254361868
2022-02-23,10,3038856.5914085656,9539043.948599175,2509287.2483081417,7250028.467248605,600423.3459157698,1811626.2745653335,819679.3108144122,4684,0.3312210142612457,0.026871243491768837,22053.29658576846
2022-02-24,10,2894187.638934903,10207369.688129589,2410883.5634402763,8069009.499032056,576324.2675458663,1919570.6641917052,901275.8410741172,4748,0.3552200496196747,0.03810640424489975,21979.6062079072
2022-02-25,10,2955489.315893717,7022250.745313279,2423766.857286444,5577110.195750343,573463.7269539712,1392991.8850539404,703862.0171427827,4835,0.3887098431587219,0.03904730826616287,19342.515746474266
2022-02-26,10,2470087.3184021935,6975298.616570756,1923102.6577775523,5525394.938753183,483227.2441832763,1372599.8526677156,689598.5287882152,4496,0.35856857895851135,0.03162316232919693,23275.646313756704
2022-02-27,10,2517714.7534601465,7687008.858840376,2120683.879713152,6112840.531126486,513212.8600635751,1537812.2366959653,781882.2162049786,4729,0.3516053557395935,0.03036908060312271,20420.64000812173
2022-02-28,10,3022459.752936445,7181693.9187496975,2461542.185997956,5712673.036131989,592718.9795692584,1441387.5656755243,715944.0584661693,4470,0.3889341652393341,0.0420541875064373,20267.34392312169
2022-03-01,10,642617.3205756769,2424166.2083228156,553505.0738452068,2033539.8675898542,149878.2262941146,536185.242771514,282018.6442926688,3842,0.29660677909851074,0.01748919114470482,22775.816950708628
2022-03-02,10,2705934.628352396,6648118.935602784,2272001.9405998792,5358821.164182497,536276.8540343211,1325545.9708148106,637810.9128494819,4539,0.33252382278442383,0.024448489770293236,23417.092676192522
2022-03-03,10,1882765.189143844,6151465.889326721,1582454.7530948333,4930219.757040478,367002.1449065837,1217407.934368624,605469.7254827638,4715,0.36008408665657043,0.026385821402072906,17844.59822332859
2022-03-04,10,715461.0498382375,4732850.848892666,589308.4928353115,3797272.3366673593,153448.5738271799,915074.6158144777,446195.44586929795,4066,0.3923339247703552,0.036391593515872955,21003.692384004593
2022-03-05,10,2662153.0871052817,8118304.058248788,2309368.0233292393,6464728.139789356,515107.61179427593,1584176.7097222633,793441.428663894,4783,0.3597162067890167,0.04725753888487816,18389.897897809744
2022-03-06,10,1718744.1137535647,6577093.739011928,1410405.2699210874,5365913.47472906,331672.1794527159,1282048.1674207533,648881.7996357656,5338,0.3652764856815338,0.05327611789107323,21597.151288956404
2022-03-07,10,1188414.579912208,4522795.835585952,947320.6210281231,3676311.9761426225,229977.97461615282,892268.499619372,451147.5676066745,4716,0.37496259808540344,0.06030420958995819,17755.972119301558
2022-03-08,10,2288766.260941349,6284027.07090722,1852699.7877175594,5006408.035162822,423274.3279611651,1147139.5131783374,529732.6682948838,4547,0.3721347451210022,0.0702258050441742,23081.65920844674
2022-03-09,10,2483459.174873568,6451489.111492895,2090472.6840386423,5127097.0900842445,480920.0568927543,1231181.129813002,602834.9341668575,3747,0.3523131310939789,0.05865640938282013,16998.204484462738
2022-03-10,10,711254.7187901735,2746662.8636572286,575010.2300618491,2272211.885501252,132071.52906770568,541745.3386837402,308597.3279209903,2477,0.35971078276634216,0.053346600383520126,19203.40236839652
2022-03-11,10,898741.6195020527,3024826.198957689,791633.9659597569,2537757.6132267416,185650.0106153533,628561.889159433,326431.11397038255,4397,0.3900511860847473,0.05882168933749199,16531.052421092987
2022-03-12,10,664472.1642345712,4888499.660979576,579260.4073976199,3961770.2458687997,130109.26701398367,863217.4000194025,429791.63065781654,3061,0.3261686861515045,0.03827565535902977,19789.100279331207
2022-03-13,10,2081979.7249129042,4253423.973835342,1598067.0888621619,3346176.8682156163,395570.6392757177,808400.3219695801,393252.6040629408,4306,0.30362048745155334,0.00848681665956974,24422.113350868225
2022-03-14,10,535268.2677827477,5281053.637886509,542298.4644410044,4310422.6411421895,121802.8294580307,918693.5215150595,450350.9407555441,3104,0.08896026760339737,0.0044507528655231,32248.691268861294
2022-03-15,10,1691942.9553724527,5344976.401557669,1447676.1050619306,4374368.38312451,335553.0820933381,1108173.6948153102,541882.3296652565,3045,0.12680089473724365,0.004704548977315426,18147.641311198473
2022-03-16,10,1860912.8530578837,5700882.42614124,1593866.972862049,4561994.335254213,373627.83965690725,1161224.4493003148,576771.7869763784,2808,0.19449132680892944,0.01093992404639721,22364.08333146572
2022-03-17,10,780345.8242198527,3008349.202817045,695725.4561484512,2555637.555214589,142797.43535093387,618763.5926193648,332852.7006793325,3749,0.169477641582489,0.007802399806678295,19010.5226957798
2022-03-18,10,4382465.058014914,14882528.488691933,4038159.486241243,12521764.651416171,780299.7571305416,2592634.6883009495,1131255.5668511263,4895,0.1325402408838272,0.005963863804936409,29948.577978938818
2022-03-19,10,400695.28764411807,5455766.9284980595,320567.999954341,4072498.4579800605,76840.31087335535,941537.5076354423,347602.85206621175,4433,0.08381957560777664,0.004965266212821007,35830.1762239635
2022-03-20,10,2779572.436696112,11223716.284671746,1941109.850353061,8651996.601288725,521427.3345752679,1970019.7470273362,862036.5773830841,4396,0.08297514915466309,0.0058144256472587585,52062.694427639246
2022-03-21,10,5443512.513614655,21275057.96895261,4593274.393039728,17258230.939515978,930057.0710844544,3600740.6660462976,1635879.633754265,4206,0.13915833830833435,0.009152515791356564,41782.98636487126
2022-03-22,10,1306872.5088988096,10141451.243852966,1178733.9839452938,8714005.107605703,238929.65148691714,1679607.976162795,750069.4167300824,4441,0.24375933408737183,0.018954839557409286,38526.81067433953
2022-03-23,10,3231994.2045713365,10935913.902251616,2499212.257874607,8351791.638385928,628795.4645375275,2007480.1742048764,917714.3378799383,4382,0.165174201130867,0.014826128259301186,44720.770906060934
2022-03-24,10,3389325.7969129905,9838836.500117496,2757504.7675372157,7866006.864101783,715660.3852471822,1851585.4063164343,885920.4184692757,4327,0.3237682580947876,0.025221705436706543,32191.678176432848
2022-03-25,10,4265912.551016673,16416972.581384271,3597977.2045719195,13180164.276695717,697239.3911013533,2825073.7392366687,1364029.3968936782,3804,0.37147554755210876,0.03179807960987091,32679.95708140731
2022-03-26,10,1900728.3205201328,4455370.647695512,1625445.5934734459,3621169.420890538,421410.87037473853,958573.7104445966,464830.9404715209,4223,0.12759199738502502,0.006051219068467617,26895.635772019625
2022-03-27,10,1532857.4895054623,4008529.858203672,1168467.5888564647,3147868.597566337,295606.05324633693,802618.7265079066,423591.8293760052,4186,0.14598000049591064,0.009248682297766209,21878.37710928917
2022-03-28,10,1545408.5837553963,12020784.252422221,1263466.7235371487,10392052.108746402,312377.83709480125,2084253.8832263618,974805.4723143541,4023,0.17548683285713196,0.016159959137439728,25344.92957919836
2022-03-29,10,2516041.7471208647,16936172.29128871,2161394.5575120975,14132999.819588237,443934.76625290065,2774444.677625455,1286466.1284889407,4370,0.2619001567363739,0.02380114234983921,43090.65480926633
2022-03-30,10,2113319.110634558,5022573.833865322,1644835.8402514055,4106481.6890814696,411531.9295865933,885202.8367852094,428635.2507313952,2950,0.31298157572746277,0.029140770435333252,25162.167564064264
2022-03-31,10,657232.6777360737,5312324.2594264895,545476.8596798461,4283929.068771783,122092.91393611251,850209.5018182952,372951.51246203517,4478,0.35504579544067383,0.020438682287931442,33763.4055519104
2022-04-01,10,6561507.22560399,23749085.245779127,5447737.380416021,19473671.98395153,1086075.9425887368,4074410.214859645,1890018.4477434184,4885,0.2724688947200775,0.021708140149712563,24490.74425882101
2022-04-02,10,3998727.9264950827,11646594.856356181,3196566.304869806,9033412.783874877,760556.9394484959,2118487.654965998,1002059.9512282915,4557,0.2963021397590637,0.02998322993516922,30693.84780332446
2022-04-03,10,3459185.781666927,11890546.424156137,2860228.9492837624,9268709.520196866,649701.1706331094,2178946.9977670023,1043491.5731732381,4371,0.35187405347824097,0.04378392919898033,18284.052724540234
2022-04-04,10,2537691.0823907256,10004633.393507496,1995723.5908264106,7990076.004611602,421555.77241381595,1744021.7917196136,826955.5778204349,4063,0.36250928044319153,0.057090383023023605,19210.76973706484
2022-04-05,10,3028480.263724521,14644203.335345618,2760292.266783578,12642171.795830518,532351.9473097408,2519237.1271242,1165908.4509790693,3987,0.355410635471344,0.07950100302696228,28034.287752330303
2022-04-06,10,873254.6523251534,3933458.7827528417,740016.6977015635,3163670.9791981173,176385.45135769795,789006.1211175455,389970.66507411504,3711,0.3858932554721832,0.08880110830068588,21495.534426301718
2022-04-07,10,1022911.8560341,4267424.643480346,893966.5271105357,3587073.3885171455,201491.65186350176,827268.7600972594,374819.57260332105,4293,0.37806886434555054,0.054861992597579956,18576.276268929243
2022-04-08,10,897310.6745087504,5583408.387628764,752070.2880651806,4417115.173621383,166105.95521490806,932233.4051400458,424342.09027968044,4040,0.39504581689834595,0.11905232816934586,21103.955763697624
2022-04-09,10,1412165.0586537123,3899928.085457623,1135255.710577389,3182525.188116023,263068.9309022682,736625.6428918559,406611.1908118513,3816,0.41334912180900574,0.11939727514982224,19332.045829564333
2022-04-10,10,1892319.575162679,7123653.02263236,1462618.4623113535,5829760.255839205,299715.8990169823,1166710.402847586,531119.4489952167,3736,0.4098852276802063,0.1328897327184677,25996.343484580517
2022-04-11,10,2128173.3538246453,7814853.877669066,1642921.5510939541,6269449.54635952,330771.10495637293,1217850.6601043101,524103.9131626628,4600,0.40432241559028625,0.11009903252124786,32069.14937698841
2022-04-12,10,1032082.3675280511,3005079.5844947696,763257.3047556755,2353358.573674784,199664.7397811501,576949.1946865356,305860.3615462864,4217,0.41867297887802124,0.07713418453931808,23462.122216820717
2022-04-13,10,327866.3739897311,2167827.9310216904,288730.8692749063,1927368.1383618636,74222.12697967832,447555.7533975386,198914.01854809484,2935,0.31015685200691223,0.013833457604050636,9651.02720990777
2022-04-14,10,3224012.6645002067,15382580.737977356,2936264.993565001,13040943.59136999,628570.11255901,2709443.470765236,1276818.1951044612,3660,0.08295219391584396,0.005557151511311531,27796.823777347803
2022-04-15,10,5516978.8503495455,20530995.641001925,3782472.2146253963,16527464.592561636,985251.319373062,3444360.1894437578,1501624.821001255,5275,0.3075036406517029,0.017359990626573563,46994.09250372648
2022-04-16,10,7359188.029841259,20710909.911883034,6053075.158110021,16708540.03693806,1270791.8787782872,3510594.108173359,1585955.6137737688,4379,0.27546507120132446,0.030537081882357597,39955.94034656882
2022-04-17,10,2666962.4931199476,7709226.004106067,2080876.5311344475,6065240.507003897,510382.77699638525,1478611.524494933,762630.9394074376,4557,0.3392399251461029,0.05620225518941879,22017.54658779502
2022-04-18,10,2217456.387927085,6896243.587959379,1818942.7622529939,5438823.430477464,423694.80235749437,1273043.64492848,645675.1066367851,4213,0.3672252893447876,0.07588952034711838,20698.625605642796
2022-04-19,10,2605961.355629593,7461680.731024787,2135639.7761056656,5964589.6616002275,519052.4837800027,1407151.3046265522,721040.6476419755,3721,0.4013312757015228,0.12458869814872742,22786.98612472415
2022-04-20,10,2253195.783850223,6913872.674390905,1878326.1887184414,5457830.901308794,440956.5872200488,1295228.672342654,652568.2789078847,3526,0.4118388593196869,0.14361786842346191,24126.194937348366
2022-04-21,10,2258853.3105047494,8053979.482955486,1788406.476395973,6478943.81465856,355467.6409477766,1305630.277887029,557548.1485598894,4595,0.3890906572341919,0.10222826153039932,24341.07384878397
2022-04-22,10,1340989.6264417022,4395011.286617652,1146242.1008140391,3573108.7938181236,277234.95203430497,854875.2853060133,491330.3760670723,3837,0.3790733218193054,0.08217616379261017,16811.064989089966
2022-04-23,10,785638.9938707352,3245148.4814403653,688248.002890558,2593178.644456148,161918.45510612766,641392.9893659002,312947.20431719767,2519,0.35653024911880493,0.04512302950024605,16034.270601511002
2022-04-24,10,1829307.6097839922,3824215.422989592,1536117.9590168893,3016585.11032794,388405.6531372006,805855.5332942582,406914.46180079784,4120,0.359691858291626,0.05284010246396065,26306.994172036648
2022-04-25,10,1599818.7527517825,5750430.667661391,1346592.0038439832,4595736.57495236,337060.5224804193,1151882.5511159142,577419.4774832615,3886,0.33245590329170227,0.04567360877990723,28382.692149609327
2022-04-26,10,5224366.717315525,19024929.60593638,4329301.646409121,15394116.0418164,941363.2632151269,3192945.0736679332,1387572.8394490473,5086,0.28158795833587646,0.007949517108500004,44529.75065916777
2022-04-27,10,573429.451688379,2662055.105178386,441924.1280974305,2036627.067883956,120582.20252856333,527391.1480840968,223658.57944123592,4080,0.3370789587497711,0.025623932480812073,23408.983630776405
2022-04-28,10,4199946.894327536,17783985.59914948,3327132.5196445296,14595007.260831505,745449.3090748483,2978759.9633978643,1308136.2901832045,5113,0.35279813408851624,0.030225059017539024,50731.43612575531
2022-04-29,10,7001270.941136599,17637107.993695185,5408461.164356435,14542005.969185736,1182409.22579208,2898596.757588204,1193108.6532526086,5133,0.046533964574337006,0.0027521939482539892,50919.06191346049
2022-04-30,10,5017829.878382504,14292222.245580569,4282815.359311719,12000771.471247222,869402.4454985337,2459427.654430112,1140065.092929318,3623,0.10817679017782211,0.009044887498021126,38804.716858267784
2022-05-01,10,5947552.910696775,16235434.178239517,4959529.306647562,13801725.13471616,1010532.4333858411,2856428.49706722,1365530.8002511137,2872,0.2282015085220337,0.021876344457268715,32883.554996430874
2022-05-02,10,2272420.6994269937,5794028.0094852075,1795857.2866274621,4536954.925135339,441398.71990342974,1115872.828061615,598179.5007453121,3655,0.25728967785835266,0.02210354432463646,25731.592521727085
2022-05-03,10,1327296.2232156843,8524642.6330541,1054667.496628834,6925253.986427432,243857.65122529076,1441339.9690651647,696185.9438696732,2994,0.31638842821121216,0.02574947290122509,26943.936209112406
2022-05-04,10,5038132.199155338,15950816.22439859,4316612.083821997,13598556.172490623,892834.6869047881,2743353.7298661005,1304257.9344387075,2625,0.362276166677475,0.07414501160383224,30386.330130934715
2022-05-05,10,5219583.694027066,16840378.849929735,4611163.7866811585,14438505.60918712,868184.7482805892,2788058.4927103156,1268306.5376480012,2580,0.3782518804073334,0.08303966373205185,26526.889253765345
2022-05-06,10,4332101.296640813,16525749.822182223,3351173.374735467,13261851.436625898,656427.4587596434,2769605.61252195,1285972.5456975312,2654,0.37378063797950745,0.07852943241596222,32493.054799109697
2022-05-07,10,2179614.3327221125,6691965.112499781,1769673.2288507102,5330456.0047802925,444408.15080913855,1311136.4237552069,671612.0115806665,3577,0.33622217178344727,0.03527804836630821,27247.218283712864
2022-05-08,10,1411152.3963749036,6520168.168175831,1235940.7080230704,5274288.303424895,301689.8273754363,1222643.3225963898,657386.6813013747,2394,0.28887757658958435,0.03997308015823364,23482.5911116302
2022-05-09,10,6738557.815996312,18507365.84769006,5593164.364930137,15334256.698678292,1223123.10992617,3250805.922763242,1545755.2120754437,2990,0.2652679979801178,0.02799166925251484,39780.51420426369
2022-05-10,10,6017392.990758613,19661697.125099026,4961808.191792162,16213654.046973426,1023764.490052568,3245591.0731896367,1547978.4188088402,2008,0.3293144404888153,0.043831612914800644,33605.77390789986
2022-05-11,10,2757754.3514533713,11925453.136388473,2107994.3039599303,9030482.741831282,431103.65754501993,1957937.4877053618,914632.1998069437,2018,0.3303367495536804,0.06155187636613846,29348.099893301725
2022-05-12,10,6875475.098417312,20946462.565224037,5668749.568453323,17351483.342190113,1107804.9023663742,3472287.4341036305,1559140.0789943677,2899,0.3036477565765381,0.04576312378048897,44705.096691042185
2022-05-13,10,5510330.034934491,19487640.32788025,4748586.584103086,16313934.372057993,818331.4498321855,3122372.9315968785,1342359.3489124433,2883,0.32084792852401733,0.027652299031615257,43883.235591739416
2022-05-14,10,8769347.224782825,23876050.57721372,7432024.871646226,19396912.39087181,1536168.758449572,3995436.997107094,1862554.3983283972,3224,0.33098310232162476,0.04311060905456543,41782.32698300481
2022-05-15,10,7276098.5633818805,21202414.613828734,6323198.933945725,17468321.298678108,1202251.1735664308,3427104.5592873953,1550301.8578029051,2694,0.31849268078804016,0.04327913373708725,41459.617682248354
2022-05-16,10,3215169.084420033,11689126.890233926,2742883.1380047556,9688961.574652959,577874.9683565907,2082652.7765546252,991608.7117085985,1563,0.346671462059021,0.07161326706409454,20882.36605423689
2022-05-17,10,2330751.0411885083,8328325.957312956,1948346.9888516252,6594489.341749631,455102.89214360015,1532252.4805475292,816194.2511587813,1626,0.3798036277294159,0.0836193859577179,25491.199726492167
2022-05-18,10,3194739.2104792297,8593562.880814858,2605944.664951677,6859941.927450252,582356.0162894644,1561524.0811496703,828651.0191310712,1718,0.3907727599143982,0.0828091949224472,24533.41545200348
2022-05-19,10,2897732.4251303077,9549634.65044786,2366468.643228829,7595685.258444366,569261.1666536073,1742295.4499397725,876065.171314199,2135,0.35185566544532776,0.0714971050620079,27450.286473751068
2022-05-20,10,2496526.7570479065,8715031.621852547,1985626.5451274458,6756023.246031545,398511.054904794,1443451.063399822,714388.0334557251,1512,0.35777026414871216,0.06203608959913254,22063.582771599293
2022-05-21,10,2478717.097704172,7717349.947006747,2086387.2848324133,6272084.1320909895,495773.98334093194,1512368.865403457,789282.5655208833,2753,0.37552952766418457,0.06625930219888687,28077.10794597864
2022-05-22,10,2400577.1299497634,6182327.128601059,1905469.0547096336,4960817.151184119,466189.39665776753,1222957.26119702,623346.7309311634,3645,0.3736252188682556,0.05317594110965729,27927.359792381525
2022-05-23,10,2117918.104865074,6432975.136511713,1738200.2911931486,5171418.6551902965,419420.93058817036,1258458.143777525,641375.2754813696,3320,0.3478878140449524,0.04970410838723183,29478.26801648736
2022-05-24,10,2165631.836038783,6270922.18619287,1731246.077416515,4931452.748761879,428039.5338677735,1205059.01936056,616952.0082095588,4229,0.36992040276527405,0.06108083575963974,28354.028273135424
2022-05-25,10,2339490.724573359,7464484.744538672,1880152.0496195406,5895518.388223721,465439.66067960375,1429662.4348550113,732963.0301470837,2630,0.3573710024356842,0.058447495102882385,30353.70309883356
2022-05-26,10,2489882.070948489,7785189.669700034,2000705.1733050027,6204245.391620737,492881.31733789295,1509297.274294686,762388.4726334119,3460,0.2840825617313385,0.028171513229608536,28447.422399252653
2022-05-27,10,2303443.4872175604,6305819.089192323,1846907.9135175082,5018924.755235516,448454.23776670825,1207757.3088904934,622094.0710617967,4036,0.3685738146305084,0.03765704110264778,27600.429825156927
2022-05-28,10,2707046.918898642,6231995.827164955,2113330.582384332,4965790.701953933,534850.8469005921,1242428.7033090345,637372.4309016718,3339,0.37749454379081726,0.05932630971074104,23081.668281257153
2022-05-29,10,2562245.0966873765,6035485.703137204,2021958.9790707573,4748211.776465052,512353.62113888474,1193973.0068683147,611865.6822741113,3763,0.3758190870285034,0.06091005727648735,26169.14889934659
2022-05-30,10,1554772.1819685698,6105193.734632969,1207573.8245762885,4801595.579166036,292436.60928698286,1176603.8395531224,590076.2592221902,4191,0.3016818165779114,0.025438224896788597,30305.52132883668
2022-05-31,10,3054296.639937967,8573064.89562168,2463129.3054694957,6733934.018729018,609268.5972140718,1689002.9703855687,857710.506272899,3420,0.35914188623428345,0.055304210633039474,20245.144588679075
2022-06-01,10,2286082.5658671707,9226557.87904805,1974871.7318222963,7246756.694347367,467685.8136791731,1754395.811830341,883647.6097649586,2663,0.3591260313987732,0.06003005802631378,19809.51710051298
2022-06-02,10,1605957.0410864353,4772079.973529786,1316583.4030378473,3735660.249658403,336014.93247970706,975768.9151396687,501720.8862414522,3522,0.37300604581832886,0.06180459260940552,26124.3536850214
2022-06-03,10,2018325.9179278314,4579215.13645485,1611045.174877807,3602716.1803321764,418460.0261654376,930605.185681941,461084.1134510373,4013,0.3564651608467102,0.05141206085681915,28185.321388840675
2022-06-04,10,2739826.025396645,10751639.533399165,2277708.612615784,9257381.07468504,504483.9625484776,1898104.6915134836,898272.9697458043,2262,0.3380720317363739,0.04641071334481239,18342.258803784847
2022-06-05,10,2218567.9044778645,8219034.7238642275,1606418.9617392232,6624529.113480835,415010.0875578357,1494420.8943619193,628438.783116754,5165,0.2713131904602051,0.008489084430038929,33117.019039690495
2022-06-06,10,1701528.6044086516,5957086.637380503,1331831.5313320695,4730530.812549235,334169.97813579335,1081255.2928873517,556380.7216839538,2722,0.06250359117984772,0.003403451293706894,25522.781192809343
2022-06-07,10,8606765.665498018,22487847.15736112,7265150.158497225,18327111.823902614,1377325.6330201472,3637882.529023707,1666563.2390970076,3506,0.1457282453775406,0.008097232319414616,36914.01708486676
2022-06-08,10,10957551.131887883,22762035.151667893,9490321.051279595,18403969.98410496,1820440.0450725588,3690465.773545943,1649400.5449864133,3756,0.2181597203016281,0.005618652328848839,50040.61156257987
2022-06-09,10,3479960.4666377306,13212656.373464026,2773322.6880457336,11500158.444987632,444422.99718992726,1961700.9470516718,825026.1135730968,3035,0.21898384392261505,0.006630869582295418,27259.993145167828
2022-06-10,10,4855103.666565016,22281865.667970598,3874835.8821382755,18102331.268095292,737745.7827781602,3590757.153699651,1684818.3649435434,1949,0.16025221347808838,0.013796787708997726,28482.10076570511
2022-06-11,10,5678909.874986768,17981264.002266333,4900582.783378533,15282747.247604245,817592.6905808642,2848613.1529285233,1287604.58492074,2634,0.19193173944950104,0.016254838556051254,31448.071084856987
2022-06-12,10,4649811.3112086505,19324302.028540537,3727999.691120237,15925456.86892623,732948.9277779225,3174303.1351319235,1503084.3984103464,1726,0.2729507088661194,0.020425349473953247,28831.754139065742
2022-06-13,10,3655926.621879339,11773778.00226894,2692335.490794261,9856875.16183813,444426.4449035574,1762216.9578822372,762912.2070912388,3304,0.28722330927848816,0.015089194290339947,31166.88301578164
2022-06-14,10,2197931.8671147376,14747768.419320986,1849264.825883286,12711551.836911138,311462.7653492468,2301526.729751742,1017830.9886709074,3646,0.24232611060142517,0.008384051732718945,32910.66823551059
2022-06-15,10,2458977.670028612,8211806.101222947,2090225.803643513,6563856.552423115,477698.33357490925,1464971.500519342,701742.7465317876,1658,0.10369348526000977,0.0026452625170350075,25475.396546453238
2022-06-16,10,1675491.5759374946,5755827.3265098035,1433184.8177584563,4734405.15421625,314109.3688426268,1144904.9748969742,592039.7452181615,1903,0.1184292882680893,0.007196201477199793,24005.293818593025
2022-06-17,10,2545732.680878803,6531946.996459335,2070273.4210492866,5152352.796003291,518785.46534791065,1254194.5242337037,627746.8316162939,3654,0.12008041143417358,0.010461775586009026,25785.020297288895
2022-06-18,10,2929728.7877286524,8439655.062480643,2441666.5479574697,6743887.357389234,570867.6895388636,1612524.3768415083,844556.6737391485,2370,0.1289234757423401,0.011734523810446262,29991.806726574898
2022-06-19,10,2202375.9506240934,6707555.05641637,1863987.0360051594,5342795.074477229,454571.075263179,1322972.7410735365,693915.8017422233,3283,0.20035624504089355,0.011310120113193989,26430.246007055044
2022-06-20,10,2677731.1544571966,7372096.556177326,2242296.674891529,5876676.611321499,537596.8905397528,1422953.3079382712,726480.5161588397,3579,0.20608878135681152,0.018932826817035675,26724.512595921755
2022-06-21,10,3186862.4772316813,9330230.22130613,2566640.8970213975,7435247.264730304,603054.734997524,1617421.9470074151,777902.2279122623,3154,0.21287201344966888,0.017704278230667114,32902.4536318779
2022-06-22,10,2191946.102735251,5014297.461818501,1844803.0701788298,4053578.62165316,446427.8849473363,1010492.3469180032,515228.647887475,3230,0.23197852075099945,0.019301924854516983,26622.870102763176
2022-06-23,10,2943346.3054751754,5915036.665154144,2219614.46800021,4631211.122521874,510704.98953001504,1060745.9924551258,569885.4662771528,3084,0.23054085671901703,0.013641435652971268,29691.63158479333
2022-06-24,10,2391345.0411943346,4828497.2520734,1862316.4966849298,3945754.7830274203,482680.661459434,966896.775994812,505151.6419930209,3779,0.061604421585798264,0.0018892264924943447,27761.77762886882
2022-06-25,10,1552969.5726115853,5285260.119558118,1211529.7419632585,4200308.3750334075,312828.25887147035,1003086.4899793073,547199.4081120997,3281,0.1410326063632965,0.0036083972081542015,29354.132037252188
2022-06-26,10,556032.7222856656,3898943.5548578724,448443.763950714,3159962.5607997347,112343.83548781663,750418.571575684,440812.83640305675,3005,0.0806146115064621,0.0015398345421999693,23084.473028808832
2022-06-27,10,1096807.5303634554,4466172.708219901,860744.0851056222,3478552.609568587,185776.3538613901,758896.8405594418,404153.9245810108,3304,0.057446591556072235,0.0014608550118282437,20020.909566283226
2022-06-28,10,2209479.8138357773,7481951.12098223,1755643.6109109083,5946991.0386467315,352204.7609966437,1207954.029013399,587235.5415484641,2295,0.05496751144528389,0.002408344065770507,18658.943720459938
2022-06-29,10,2444431.6471797302,5305604.316539817,1952712.8857332305,4236250.6229588,479744.9549837834,1040235.5427115986,525365.7084998598,3537,0.04887835308909416,0.0021935049444437027,26672.93934211135
2022-06-30,10,2817663.1020372137,5334015.484970495,2220867.9096301454,4170489.0471982537,541125.8326465167,1040699.8629882575,532426.5336291022,2599,0.08190913498401642,0.0036542618181556463,25621.347814261913
2023-02-01,10,4390943.24509687,9060414.650633395,3472162.9827784207,7028338.901563868,915871.0001467855,1796877.5903026888,916596.2399859313,4191,0.3157415986061096,0.013741351664066315,25663.808538287878
2023-02-02,10,3886634.9602473527,9506728.705664814,3118440.3664687863,7475445.553070042,803990.7733885623,1868682.8653127726,966113.8552459852,4361,0.3089207112789154,0.013171575032174587,24253.84799656272
2023-02-03,10,3905639.351654917,9534308.236822203,3106489.960212503,7535246.916986432,756947.4676800631,1857918.8469746816,973503.1509302336,4253,0.35468870401382446,0.019220665097236633,17591.703284829855
2023-02-04,10,3498870.156119965,13566468.647076264,2960755.362997528,10870208.360299427,707445.7971566038,2561266.511095334,1318814.3406700972,4342,0.36816051602363586,0.01866701804101467,22056.045778661966
2023-02-05,10,4399752.363588765,11329080.573286116,3574022.839209227,8935076.115378428,917152.0724800032,2226489.659554478,1169542.9929393819,4283,0.34423553943634033,0.020587017759680748,24964.358953505754
2023-02-06,10,3147817.839452505,8277798.93962498,2569483.980530015,6550388.355907591,640169.0284509795,1638846.9491632674,841032.8912583755,3528,0.3907793462276459,0.020837079733610153,17976.763415008783
2023-02-07,10,3725644.429365918,8046362.451661065,3022000.8618562687,6304135.963898638,781329.303214766,1585436.7609673408,824068.848459175,3403,0.37761572003364563,0.020173050463199615,19381.46386831999
2023-02-08,10,838173.1301380098,3529024.5725999773,611969.2387970723,2698932.8273700653,177821.6017227276,706996.8442789742,383264.842990201,2223,0.34164243936538696,0.01829213835299015,28751.134944200516
2023-02-09,10,869619.3958964497,3944327.336280443,704538.4635885728,3259777.554794779,186160.88097191008,798524.6741664311,453555.33688149665,2443,0.3714219629764557,0.016804788261651993,21323.791623294353
2023-02-10,10,41474.53480455279,765479.3241381496,31083.435870613503,580753.2783791372,12373.096999756524,162827.6922393943,85625.83767658197,2224,0.262192964553833,0.01819521002471447,17676.954978466034
2023-02-11,10,2209159.119719237,8748779.77333884,1654738.0867272213,6534176.748394563,411969.2208466992,1518224.8723274462,628585.3240555994,4133,0.06507967412471771,0.010339159518480301,48910.01090115309
2023-02-12,10,260726.43419027328,8750310.904412903,245229.398896805,6907659.101761421,48459.64015972686,1556448.9125265796,674679.0007417283,2904,0.09623714536428452,0.008825532160699368,37070.33127743006
2023-02-13,10,3762119.5448455215,12499841.534041129,3309836.3134580003,10360058.465514848,636422.7892361437,2097238.413725325,881711.4777801454,4311,0.19619853794574738,0.006990563590079546,36092.46826851368
2023-02-14,10,3956967.7028272897,9749301.819564626,2876203.238932877,7642896.120047696,701419.376886714,1636412.998925729,626146.6030504048,5610,0.0703452005982399,0.008018960244953632,45987.242597043514
2023-02-15,10,5551292.663022339,16773138.136987232,4453888.813613253,13144505.463431505,969365.8749407306,2815184.4767294284,1209758.4488733842,5263,0.2602553367614746,0.01019993331283331,38589.53751000762
2023-02-16,10,3698834.55119209,10576812.559968278,2757819.265000203,8188181.515093513,640144.9907576216,1746127.971575203,711991.0500053819,5151,0.19111225008964539,0.013115791603922844,39431.73261222243
2023-02-17,10,5265225.361143172,15777342.658565521,3641794.018062487,12152352.507753352,874527.4671105188,2589893.5376693197,1113404.599416008,5657,0.11139023303985596,0.013902186416089535,38717.13154414296
2023-02-18,10,4746600.27615422,13786065.748794988,3637685.130325062,10656583.844729599,800850.22221173,2290233.6131323297,988294.1211510248,5339,0.27333447337150574,0.015272491611540318,37657.716070741415
2023-02-19,10,710751.3503070325,3060108.175955087,540458.5801634464,2437689.961698274,148606.4866117787,624646.2094363673,327945.7821587278,3792,0.3017168939113617,0.011599159799516201,18346.152047395706
2023-02-20,10,3033294.5843114257,13957610.33115244,2082309.9237863084,11029850.12841221,488402.6646100139,2306206.2425691076,902812.5734522943,6362,0.3650493025779724,0.01991448365151882,29149.907046973705
2023-02-21,10,1634278.718812704,7150976.843127355,1197739.71318275,5506626.002653652,308870.51178306114,1299625.421117058,545554.8479558593,6031,0.34648287296295166,0.025722438469529152,27370.634027957916
2023-02-22,10,2177877.0488639325,11110476.695314854,1793305.3495866172,8446910.837202057,407007.7184124184,1975516.4622805575,885539.7217019559,5363,0.399885356426239,0.03865031525492668,33020.974067837
2023-02-23,10,2530578.112459898,9051947.90432287,2031410.1389820399,6886000.005177874,501126.2264976092,1741589.9024959519,822550.4465238057,5722,0.41898563504219055,0.036517251282930374,27264.70034262538
2023-02-24,10,2538586.5660612583,6498053.202469617,1968570.5474135159,5093092.415107233,507668.27930639667,1305942.4859666494,648025.9986307132,5719,0.4269866943359375,0.03594556450843811,25718.70271164179
2023-02-25,10,2450980.766673073,7640529.556089401,1907669.682002122,5881042.112131369,467406.1566902632,1463600.3946007225,707438.2118297592,5329,0.363626629114151,0.034573525190353394,27914.918613940477
2023-02-26,10,2823087.7183763385,9375444.500448659,2244825.975648678,7507579.323835924,528839.1128571298,1716903.9416697146,806465.9530157591,5125,0.38872814178466797,0.03994378075003624,25987.1086743176
2023-02-27,10,2810665.2776130736,9339278.586515166,2210941.19198041,7096103.252547835,514976.2539836952,1696164.8303379563,810757.25532736,4682,0.38539713621139526,0.05294153466820717,25975.89144232869
2023-02-28,10,1051797.171148926,3689335.602514088,783293.103798572,2955188.193560414,212404.30608297134,727776.3145217014,339538.69782793295,3451,0.4133797287940979,0.05937102437019348,19898.177564144135
2023-03-01,10,1242178.2417979166,4224523.151603378,972488.7939434072,3423951.872675426,245792.1369326717,798039.4153690492,364592.0140870225,3708,0.342787504196167,0.03888547420501709,19505.7729229331
2023-03-02,10,1757083.750434652,5622648.208919823,1391113.417772307,4511872.630927242,334976.11801190674,1088166.239635431,541753.2983776701,5830,0.40120458602905273,0.0446382611989975,28288.178953409195
2023-03-03,10,1352948.2883865237,6314452.9293961,1077919.9353444471,5025312.931163518,260586.55423409026,1231125.5115260046,633239.9050755893,4836,0.44126424193382263,0.0603720098733902,20441.873471677303
2023-03-04,10,228023.0887082368,2868868.7639728338,200223.8498379264,2254367.72111023,45130.92387220118,555073.4399331908,279793.5513619868,4255,0.476872980594635,0.06199265271425247,13791.877990961075
2023-03-05,10,455750.4442329854,4651680.42396909,343676.515017285,3637757.3932349076,95623.6627390882,910309.7870297653,461256.9533427971,4047,0.4287411868572235,0.050696440041065216,26281.868917763233
2023-03-06,10,576790.5082231164,2981469.1371829957,491716.198460998,2380506.806281573,114427.02548324855,561231.2071234356,268536.7369189693,3161,0.4328570067882538,0.05509713664650917,33985.55051377416
2023-03-07,10,618533.9905627221,2394271.823256135,554165.7586075675,2062268.1537935026,122185.54042123689,457131.39363977173,224405.94186318654,3439,0.43270036578178406,0.058981604874134064,22707.12639835477
2023-03-08,10,834843.421633333,4338464.492768422,657828.7145173034,3323184.2948566615,162520.6061602687,795556.5956326268,430274.86476285453,5153,0.4973801076412201,0.08397660404443741,17665.16777986288
2023-03-09,10,1728520.8140262663,4984237.956138328,1331492.708835055,3928394.136042021,297039.96299947076,888414.2547449125,471958.9108791752,3135,0.37819942831993103,0.04210679233074188,20206.765087217093
2023-03-10,10,363939.8120895028,1593135.0786210597,300437.88773610693,1298713.2124158673,73588.1557782208,330576.59716523136,162171.41842652863,2095,0.42795106768608093,0.057154685258865356,7652.140482366085
2023-03-11,10,636421.5419583917,1601847.7128744721,486667.76126727136,1233364.3747013744,110695.40456706376,294604.3533869841,138771.39186862728,3681,0.45744529366493225,0.07603304833173752,16835.046358138323
2023-03-12,10,370329.57261893153,1118516.3899945319,302718.5279327464,890139.901667218,95431.87354326581,277657.3784493177,159890.2140371987,3652,0.40613484382629395,0.03605959191918373,13104.82247915864
2023-03-13,10,1443036.708417803,5430829.6900848,1188023.7013377897,4168374.292812346,309252.8168599267,973424.0108914251,475372.46291054593,3885,0.28787556290626526,0.022021718323230743,31389.52492135763
2023-03-14,10,1485455.4491171688,4164568.6644419134,1110461.1518552788,3142088.594026463,258714.17367613927,697891.2827945522,310311.64575662185,3872,0.3458077311515808,0.05587037652730942,17401.311056137085
2023-03-15,10,990100.3831033558,5968418.237677008,742882.1100566671,4576176.746301656,136594.96955775947,931037.8582523649,412232.3529619939,4218,0.391764760017395,0.06983301043510437,28623.7566601336
2023-03-16,10,930726.8166748285,7644759.452347189,778519.5131588054,6763001.976477958,168534.58915367955,1249934.1757826158,547012.1627192015,4844,0.4115055799484253,0.051900770515203476,24620.802708536386
2023-03-17,10,980472.6527922899,5021340.145934895,782291.2644332505,4004881.323357709,204399.1241410384,932788.0634658515,440978.0403856311,4995,0.41914471983909607,0.08097516000270844,22079.71434685588
2023-03-18,10,1033271.8073455989,7031340.062583312,833309.636005159,5526261.745551331,196761.04682800046,1203075.351464368,583362.179969784,5027,0.44384828209877014,0.08661831170320511,17812.195442855358
2023-03-19,10,1224297.911630854,5448324.715596661,944923.3025973367,4344601.164619203,245222.1368062118,1022059.0422814984,503410.53056220437,3894,0.4266000986099243,0.07533642649650574,27319.219318896532
2023-03-20,10,1923179.9433738887,5782940.524330363,1527963.2344645432,4491596.251880158,370440.59925887245,1095637.647733212,546568.4740075598,4432,0.4438210427761078,0.0906037986278534,25499.768688112497
2023-03-21,10,1554312.562107414,5593898.8365751505,1343473.027789733,4743947.857695416,286381.73082588275,1003956.5110670257,472357.2936384103,6013,0.4618189036846161,0.11656146496534348,22401.8463717103
2023-03-22,10,1793544.57406798,6071130.078188568,1574941.9973492166,5202062.052155074,317637.16372300155,1057825.4709151888,483598.34016501316,6972,0.4906427264213562,0.11322575807571411,19324.572125434875
2023-03-23,10,763581.3622609824,7112264.679170385,682225.5086269384,6294587.090704655,144710.6405213263,1289154.0158222858,593133.6071190041,3685,0.37544867396354675,0.024630757048726082,28346.706546992064
2023-03-24,10,3023029.993313521,13317246.22781071,2254679.4909473388,11434934.656956907,454839.2342816215,2193518.4764657454,927832.637820207,6789,0.4131675958633423,0.027834555134177208,28269.42420104146
2023-03-25,10,7330659.770402968,20989522.663445204,6654684.131370978,16840125.948840596,1285376.0431182783,3437193.3952867533,1516755.6933353322,5802,0.36056655645370483,0.018610801547765732,27851.421540230513
2023-03-26,10,3083357.218252301,10677622.127259046,2396563.2193147847,8321977.425179404,418629.2089472783,1634485.6072352822,638622.5368023056,5969,0.42385435104370117,0.023992426693439484,36793.36451625824
2023-03-27,10,6803070.462220103,22409273.47141987,5509466.099517345,18027430.92568949,1141671.4142253092,3702548.8778448575,1635219.067014547,6251,0.406838983297348,0.029734589159488678,36019.167090803385
2023-03-28,10,6503322.715398148,19484837.0478494,5149841.498909442,15998313.927402107,1058001.2295657592,3302289.6563771116,1469650.0135948595,6049,0.3959171175956726,0.06005505844950676,40565.02849960327
2023-03-29,10,4076171.220901951,13642857.089779988,3236532.447118569,10884310.431647781,759580.245922476,2353078.7266769297,1026741.6340688327,5719,0.4263063669204712,0.0713086724281311,30113.93214470148
2023-03-30,10,3047830.164834097,12056308.526389077,2573144.334464635,10000186.473211914,520557.42640830093,2029586.993261338,906207.4272664371,6830,0.47387558221817017,0.10652019828557968,38111.46208438277
2023-03-31,10,2445296.8913442343,8780340.322011113,2000077.1388286133,7300649.0910946205,478006.6402651476,1649317.7319351607,784112.261658333,6610,0.4819605350494385,0.14690811932086945,22102.047110527754
2023-04-01,10,2159365.1789075285,6308597.786795482,1733095.8848267156,5198935.396690288,406497.7279075345,1141294.5821404452,526521.6230245801,6095,0.5046099424362183,0.15771189332008362,23380.48476627469
2023-04-02,10,2510284.112578094,8567930.21002385,1920961.9906107648,6720987.286605886,440373.20939648594,1532013.311838991,663641.646950624,7918,0.5349262952804565,0.1683790236711502,46588.97212135792
2023-04-03,10,2166771.140034035,7432078.636853501,1674029.947971025,5862606.572078336,391065.65603506664,1276960.9124539285,524190.9734725308,7162,0.545060396194458,0.16227875649929047,35846.44032180309
2023-04-04,10,1993053.1332606077,5811849.702031508,1461067.1417097203,4152364.3037715424,374317.41882322275,1113485.0747392024,492406.0078442248,7081,0.528846263885498,0.1164979636669159,44618.16292056441
2023-04-05,10,473430.28393924236,2139896.3089970797,363927.2063411189,1923816.5869820938,97610.87423909867,403808.95084522327,182815.9003456326,2962,0.1428872048854828,0.023318903520703316,23794.4180149436
2023-04-06,10,1801984.4432337284,4281207.1131919995,1435205.7864734004,3305408.4498530924,371518.2699384027,816330.9988280248,404804.4057626108,3397,0.06798780709505081,0.005468666087836027,27234.706391751766
2023-04-07,10,1880355.0982181728,4569880.500977643,1455359.0851147447,3528200.6827949174,385407.0516852256,881174.9093961187,439451.6307973177,4332,0.0943589136004448,0.007000500801950693,27707.55625629425
2023-04-08,10,1731474.4174787402,3846666.2479797453,1322064.8112891125,2985203.2746865125,349744.8843897624,765099.9453138262,384952.1449280731,4227,0.2905465066432953,0.010863097384572029,30189.458589732647
2023-04-09,10,681379.5745834708,3846268.4628026634,525099.465088856,2899409.641473558,146368.28493693145,760822.065343004,392876.38321383874,4420,0.41437047719955444,0.028001658618450165,25033.611081510782
2023-04-10,10,1543421.6088252068,5749935.847076118,1171409.8770841875,4536535.406211061,278751.2130571421,1111614.5823750491,543175.5015492481,4231,0.47870001196861267,0.08981303870677948,33522.893406540155
2023-04-11,10,684571.9315814376,3135301.9042434692,570204.4434570904,2597167.331398976,153042.00879900882,674491.3938358496,349013.98975301,3409,0.5299209356307983,0.07839684933423996,23996.39204594493
2023-04-12,10,1407602.982760042,5801401.230021864,1199411.268224172,5280719.504363276,272112.0136468039,1096656.7323705917,536575.6405895962,5100,0.45715412497520447,0.08890224993228912,24330.589743435383
2023-04-13,10,1016477.6636852622,4611846.6801763475,776921.4415444784,3593461.553921234,202784.4344139723,896914.3936058697,455480.3136706718,4513,0.5037532448768616,0.12141423672437668,22512.287614941597
2023-04-14,10,1085230.7971555293,2950172.1871479675,873623.1364568935,2280397.847877024,228231.75567638778,609123.032360509,311947.6165097946,3788,0.5225961208343506,0.10790836811065674,22321.807286292315
2023-04-15,10,369245.62455669045,1735310.9962443113,311280.70598815,1562740.1232634103,91736.50738314417,351405.2283441663,151963.45968670154,4103,0.417906790971756,0.05314973369240761,13991.27879461646
2023-04-16,10,825407.5067978203,1933406.046000883,679732.1271945097,1501882.4495482808,173244.5814988186,385790.3845399554,190853.60715187123,1552,0.2737230956554413,0.02189388871192932,16325.690369397402
2023-04-17,10,2209556.530308306,7058563.8400805,1674932.771653661,5902626.38923746,390097.43291215133,1179420.664208929,520926.08373121324,3712,0.3074747323989868,0.02971014194190502,29967.556610941887
2023-04-18,10,1346599.7804561853,6796597.905461647,1063867.9499180592,5486011.842088899,233411.82102205086,1250722.7317560674,645073.8547675837,3130,0.1427832394838333,0.006493326276540756,21788.42528089881
2023-04-19,10,5477279.228635222,18852924.119622543,4384234.969373657,15284606.87381754,969844.5121293296,3161877.9217115915,1462632.1890011765,3546,0.1482282131910324,0.01623944379389286,48122.15741163492
2023-04-20,10,1241227.3738569021,5292931.835416131,1022828.3684714842,4124935.066460362,259583.28387726107,1040420.4071829618,538987.0622274681,3260,0.2198990285396576,0.020376477390527725,22448.636287152767
2023-04-21,10,2003182.7658844888,4110309.703258693,1550202.5926036946,3198382.294266155,394982.6782362395,819991.5964197044,389639.248977659,4623,0.3257804811000824,0.03128397464752197,29064.547548353672
2023-04-22,10,1539006.2714978755,5882396.027141124,1270057.3893234264,4623816.292447611,294007.8500797314,1104191.3857372268,502402.3728463502,4526,0.4031286835670471,0.05250973254442215,28967.320469409227
2023-04-23,10,3913125.621675715,15415212.097424582,2969811.5107709244,12614085.933813524,665200.949116156,2620525.5714959647,1205987.4314971922,3824,0.43390652537345886,0.06328251957893372,34036.47928825021
2023-04-24,10,3149683.1016263664,12860802.134127513,2597632.731672599,10469747.031618275,486674.7953366384,2016728.9663954095,857208.9347759618,3912,0.4787452220916748,0.06420326232910156,40634.82948833704
2023-04-25,10,3763398.2550136745,13547807.656013936,2770676.3140427344,10964683.452589333,640419.9462043743,2186442.667180241,945837.5335663976,2918,0.418891966342926,0.028511593118309975,45142.440819233656
2023-04-26,10,5835548.373745814,17904039.426550016,5346018.902253866,14767893.54874673,983731.6177837002,3057543.9159129197,1384567.8509202292,3444,0.31983238458633423,0.020240217447280884,38448.562156796455
2023-04-27,10,3541000.538188502,19022984.331320703,2804135.143823758,15333412.533819007,578469.9712779411,3171470.846454164,1533967.1292112572,3583,0.2808907628059387,0.028248731046915054,43912.92028281093
2023-04-28,10,3685852.5890231133,13991570.383755088,2974383.186261085,11525733.611488782,584151.5903609552,2320213.672582224,1082553.1117252824,3264,0.40275079011917114,0.05042562261223793,35742.93733638525
2023-04-29,10,1324767.677101031,7950616.656746902,1073674.9044283677,6555897.465957355,255133.7523890066,1434921.8360169434,623088.286277714,2460,0.09987751394510269,0.008009843528270721,31327.233925640583
2023-04-30,10,1666496.1101453751,3959810.41812633,1298393.03429284,3061507.1598472293,337148.61079483334,784394.7277876909,386167.7205843585,4499,0.3943592607975006,0.022042620927095413,29029.906650543213
2023-05-01,10,661080.8742859066,4537094.843607277,553766.6373371959,3517069.4954345217,145140.47840698005,888829.9091913344,451521.77502095734,4125,0.45493197441101074,0.03892800584435463,24823.05013883114
2023-05-02,10,837297.5288647264,5512541.108180165,707823.4514652716,4305746.070857552,185772.31750626417,1003023.1167176082,517752.04435219814,3826,0.4617328941822052,0.05627919360995293,24713.235194414854
2023-05-03,10,1492068.2967058718,5924682.604068637,1244933.7383148405,4735249.292415546,266617.4937775753,1034100.5528958202,533336.3496004762,3100,0.44869178533554077,0.07095430046319962,23960.936610668898
2023-05-04,10,2092498.226050347,8207700.397315949,1735539.4133220809,6671155.571037555,402553.28810381994,1504949.7127232905,733973.3981422407,3190,0.45318830013275146,0.06354920566082001,24023.300279200077
2023-05-05,10,1045247.1978607178,5131309.235477105,888605.8064962788,4190742.5447432855,224902.1080544895,976165.2701642415,501160.23644661804,2377,0.205049529671669,0.008464474231004715,17198.517639636993
2023-05-06,10,1141497.1945630237,7428536.695839398,1043022.2461549871,6814700.383130053,194600.34189380216,1203162.565257098,520912.3085339406,3188,0.040983039885759354,0.0015371250919997692,35607.88732588291
2023-05-07,10,785897.3854448274,4719140.016397014,598078.0502892486,3542746.854872766,171913.21197138814,904103.5190812864,413122.5448344445,3761,0.02488800324499607,0.0006949460366740823,28632.089900135994
2023-05-08,10,1077221.8011038005,10252467.682642117,948348.6513246763,8137978.457078767,145786.52898136835,1602754.603933842,667219.5626487733,3249,0.04556357115507126,0.002567296614870429,23162.48173826933
2023-05-09,10,575111.9240842015,9136463.44004266,488568.7622129875,8014592.814300873,88605.73216412828,1461895.9852750392,594892.1075237462,3228,0.06250040233135223,0.004240882582962513,27229.54041686654
2023-05-10,10,646890.6880663112,3507159.864667952,534969.5808942053,2828359.816722542,100703.62817897847,644839.4189509208,338162.3861746548,2326,0.26755326986312866,0.02155647613108158,16221.754376113415
2023-05-11,10,8388096.866331935,20018100.74141331,7296516.634660921,16538520.28244401,1406918.0547771184,3309298.755941904,1564990.864732292,2869,0.40481245517730713,0.06043345108628273,25953.64744770527
2023-05-12,10,4878932.373768732,15411120.900835633,4127222.160003682,12797270.677345011,818144.5968798043,2588900.897253626,1196958.960651448,2921,0.40746796131134033,0.061365265399217606,34282.18995437026
2023-05-13,10,3388934.1726694107,10008614.842304349,2848636.1000610716,8446105.477478277,607936.0836342116,1708672.041155308,759469.3226757012,3992,0.41792795062065125,0.04965627193450928,31136.561120450497
2023-05-14,10,2664348.894531518,12405421.958736956,2166346.0820578295,10452884.661519248,407943.3487375554,2005506.5633535949,878628.5340212843,3547,0.3946080207824707,0.045645613223314285,27072.084506720304
2023-05-15,10,4500435.034644365,17859255.938146397,3709755.435389952,14665159.36291977,717876.0710135396,2924441.0156763014,1342005.7714225156,3565,0.4271560311317444,0.058107711374759674,33107.958319664
2023-05-16,10,4637672.136635587,14623672.43561025,4120666.44960134,12429530.04506943,781787.7762312761,2417831.63211865,1056068.1782944594,3682,0.42968064546585083,0.06574773043394089,32473.299291074276
2023-05-17,10,2814217.3215605617,10241667.066467643,2219558.586021214,7972665.342155665,485591.89181515627,1701618.5049781534,798445.1956859718,3730,0.4445676803588867,0.07214687764644623,36957.78463995457
2023-05-18,10,514857.1418673098,10567858.419409499,456868.384536557,9245043.198603986,113346.64078551286,1814003.474983951,890066.6511830613,3478,0.44868966937065125,0.0212600976228714,25250.495631217957
2023-05-19,10,2282380.1732991636,12401723.161644742,1834599.5299229717,10237494.653398192,346918.6069058759,1937711.3422437594,853996.7472331268,3615,0.36675575375556946,0.0243604127317667,23480.135654211044
2023-05-20,10,3039033.0450200737,13157694.142841667,2357353.42043237,10592578.894992441,444962.926124608,2078330.5282375317,928124.1444447173,3175,0.33283939957618713,0.024981938302516937,27636.424369633198
2023-05-21,10,2005932.2116318643,3771221.1932284757,1586230.4600903215,2937733.2150731278,392335.9287162992,770876.0542841682,387056.1161350042,4334,0.35621747374534607,0.010510341264307499,30010.640999495983
2023-05-22,10,1968883.840943396,7741438.030467838,1530504.6958150077,6528046.844538633,385862.51894266426,1420339.4129907629,672688.7735964137,3972,0.3374875485897064,0.010496827773749828,38803.06797456741
2023-05-23,10,4368027.895490468,14633472.807998061,3501925.6660178383,12303599.907596726,794513.8466905664,2590766.53065796,1167221.9016212572,4589,0.39759889245033264,0.03151608631014824,28903.7769048512
2023-05-24,10,2982408.3956655264,16125044.319041342,2189124.3954193783,13552390.282942612,556074.2896315282,2791887.611497827,1256787.6439047202,4704,0.4082666039466858,0.039083559066057205,35568.97110256553
2023-05-25,10,4313875.745405674,18932592.430996627,3413964.9257169873,15654333.028667977,722863.1355558174,3146973.204526319,1429797.9041833687,4534,0.42991912364959717,0.05520348623394966,36995.64246851206
2023-05-26,10,3956067.1098797023,17160835.2255466,3699123.7910413453,14688633.715729907,655116.0834616937,2865385.7554586064,1298641.0784281166,4495,0.4517756402492523,0.05156862363219261,33251.24081027508
2023-05-27,10,1267233.166204095,7564981.512791097,993976.5267223684,6250118.64553754,271339.60239565745,1459861.1043609665,712842.0334906622,3695,0.3989531993865967,0.021243281662464142,28004.64664644003
2023-05-28,10,946720.5097390413,3389463.315919414,765180.2167560225,2730208.9395787204,187157.9741436821,715328.2889558948,410515.5282943208,2598,0.17783239483833313,0.003963657654821873,17960.7240126431
2023-05-29,10,2322428.685075417,5120129.953261897,1849128.762360957,4006261.3672066377,456116.1639460356,1029316.0029296576,552371.0986120633,3244,0.02873559109866619,0.002100633457303047,26428.466116577387
2023-05-30,10,1000357.0000519753,4941284.101542741,771796.899637713,3906332.889664055,143623.1694983293,691083.989618361,283388.4355013509,3882,0.034393250942230225,0.0015555837890133262,26828.700968444347
2023-05-31,10,555775.599598512,2862834.314442314,463244.69971783366,2375031.811313981,87732.74604446285,512277.5641529333,267180.31779353524,2795,0.04995258152484894,0.0033239424228668213,17672.213851213455
2023-06-01,10,1000722.8199013174,5814142.162293091,821753.8038813362,4806135.262666496,142857.2893732654,879937.5226036117,367999.3729942042,3165,0.08604848384857178,0.003471403382718563,31778.075052917004
2023-06-02,10,2954104.3267202526,7416728.518736586,2214609.454290684,5712672.298575628,505293.327370452,1270699.7160502267,556374.2080613265,4383,0.08419276028871536,0.006721862126141787,37268.29474037886
2023-06-03,10,8584250.624584049,20603649.544585407,8131772.494614175,17204582.63929058,1516436.0118313795,3529363.514409826,1653545.4358878438,3489,0.38238057494163513,0.02612883225083351,39785.76318868995
2023-06-04,10,2329264.226691678,9353235.29050985,1893635.1529548906,7678311.498863451,456606.8150961464,1689374.574628884,808230.3500438469,2978,0.4316863715648651,0.035554468631744385,35876.99909466505
2023-06-05,10,2167622.416910082,5763982.03961499,1714664.5754940773,4412265.578855582,420892.13470651873,1124085.4531947374,523877.80975718226,4197,0.46593934297561646,0.03686950355768204,30881.74667453766
2023-06-06,10,2254583.394729197,8252221.321163893,1833309.0606554213,6472456.273348504,451259.3086564709,1497480.40829764,754814.032980073,3384,0.4738304913043976,0.03983721137046814,27655.902769565582
2023-06-07,10,2207442.2626874447,6872109.068010099,1774355.9579764733,5437873.156759426,447730.54934680474,1349268.2932749772,687240.6607532513,4000,0.47458451986312866,0.030293555930256844,32010.46872636676
2023-06-08,10,2037285.7784154117,6037689.248342119,1600942.2890833465,4676390.485275406,420259.57935964933,1171137.966235829,592778.45196846,3988,0.4370293915271759,0.022409360855817795,25861.73730674386
2023-06-09,10,2099554.0934580863,8013361.561502069,1630714.2351776399,6699434.194215145,415336.56857462495,1488357.5602001338,720010.2030721279,3695,0.37779173254966736,0.01958579570055008,32372.388551861048
2023-06-10,10,2928487.1637432724,12948801.074584901,2398697.758592428,10895084.653881617,556776.0619126011,2181706.3814897547,1010072.8325231328,2207,0.3658905327320099,0.026234477758407593,30033.554071366787
2023-06-11,10,3702159.82335037,8583359.498873964,2920876.0099923057,6619878.3686387185,626559.7495736671,1378676.9576198584,655898.5045427706,1463,0.1651594340801239,0.015742002055048943,32546.543088763952
2023-06-12,10,4345096.389372721,12444820.519009873,3397515.606460238,10183710.089228636,656122.8746165496,1954457.683137664,887338.8851748027,2709,0.1599077731370926,0.014810213819146156,35303.91880577803
2023-06-13,10,2722657.6452400237,11124689.714266822,2072910.9961120666,8831410.476524323,338491.0500990135,1744430.1358511886,767097.2200998729,2080,0.14743798971176147,0.017004888504743576,29876.60618159175
2023-06-14,10,3376729.625531204,8474588.469428763,2752990.545281493,6733966.954694512,605825.4160686098,1494746.1268629855,768868.3393805888,2165,0.2265990972518921,0.015194623731076717,25165.280238240957
2023-06-15,10,3569400.7606716454,10288629.882466681,2828286.672887175,7940614.866657352,511283.0066029287,1571669.1026972015,693181.0390460909,2094,0.26606351137161255,0.013990317471325397,24628.409569382668
2023-06-16,10,3918289.5243418217,12324331.528780617,3087166.933209569,10217639.981551658,614507.1783493778,1975294.1899825772,924764.6469838572,2376,0.2930469214916229,0.02038009651005268,28434.372467160225
2023-06-17,10,6082002.139931589,18983568.70778501,5112177.736735498,15948895.85350494,967954.4371342567,3055969.0320437276,1451439.9673321932,1922,0.3980565667152405,0.03391776233911514,39403.89016079903
2023-06-18,10,6144190.924682528,18276713.68035665,5938304.357699998,15798712.325726815,1024471.6963474853,3073445.6061681537,1452324.1139936317,2720,0.3883718252182007,0.028005266562104225,35895.20465764403
2023-06-19,10,5296326.307751618,17902582.100304805,4701478.09370378,15184493.790456586,884116.1498357365,2987182.8597225556,1377573.147255241,3323,0.43128278851509094,0.04447939991950989,35718.793082118034
2023-06-20,10,2139712.999797344,6974130.518040955,1708746.259456207,5612023.810857562,382434.5886532762,1324600.2927560308,697650.3270597917,2494,0.44580885767936707,0.0362713597714901,27279.638449192047
2023-06-21,10,1978851.8039145172,11022074.833932914,1543460.9588234397,9186597.66508635,379110.35918838804,1964144.572228557,1011204.1850730868,2300,0.09834996610879898,0.0036317752674221992,39228.86291849613
2023-06-22,10,2602937.9885759056,4992086.057944931,2012112.3449211782,3924807.9584747273,496073.5336296293,952177.889682231,472847.97918782453,4282,0.07304057478904724,0.006872303318232298,28536.11097896099
2023-06-23,10,3223935.7029915005,7573541.791550964,2551426.895657817,5911664.750835897,621776.2774644581,1394071.0258506415,712232.5389435422,2994,0.07837995886802673,0.011098033748567104,29300.818104475737
2023-06-24,10,1876830.7660238296,5454933.36897146,1418741.503881006,4272050.11821048,348640.4561289606,1029338.549824392,559970.3409622582,1899,0.10139637440443039,0.011853476986289024,29339.5080524683
2023-06-25,10,2726431.657173082,6731515.4167903215,2032896.6056767267,5248284.572779661,453251.23826548015,1154290.5053131003,601760.3061455555,1901,0.09862232208251953,0.011920061893761158,29121.255959898233
2023-06-26,10,490683.6931072101,3977365.143025391,391982.65632668533,3299474.1319881184,110171.44306919495,820288.0960361545,443813.8261488551,2144,0.044216711074113846,0.0019253940554335713,16885.419893592596
2023-06-27,10,1784345.8447498083,9590429.77155058,1489606.7921078522,7733881.266519264,369715.1239735782,1714084.716418283,809943.2003103435,2113,0.041108254343271255,0.0024635992012917995,23207.99824076891
2023-06-28,10,9228830.053922772,20485593.046848387,8391366.214607958,16827940.528734148,1587145.1418915126,3419243.122077302,1573840.4059033361,4474,0.04131457582116127,0.0016631396720185876,39642.39449977875
2023-06-29,10,865529.8706071824,6649359.723033346,685798.8993137387,5072241.02769489,186300.33687645433,1128464.8185371968,587935.6698265558,3701,0.037550557404756546,0.000790274643804878,36274.89077344537
2023-06-30,10,818743.7048164308,5919871.513359964,642445.0597195241,4699778.810371595,133107.54803632156,978673.1928271352,434228.0937400311,2805,0.007065802346915007,0.0001476776960771531,32113.867253661156
2024-02-01,10,3308585.131955862,10687990.910088569,2849464.2448538486,8840001.173375815,633419.9284023833,1924550.6238072107,904476.6161601692,4376,0.15090340375900269,0.009630018845200539,29595.789747864008
2024-02-02,10,5481120.570401005,16323024.862580784,4765862.306938236,13220129.94289365,1006487.1479891127,2815915.6302462583,1341149.5939580996,2950,0.15673498809337616,0.007282129023224115,39101.494094222784
2024-02-03,10,8623237.76171498,22278810.475598037,7429720.271375792,18194283.465828314,1396154.2722650752,3733802.233818728,1758869.6499224678,3890,0.15247495472431183,0.00819054339081049,38913.01502650976
2024-02-04,10,8269782.746138051,19329969.19526039,7259460.160297608,15899987.145855486,1477373.4567106343,3373647.0833893307,1551766.743335471,4778,0.16781796514987946,0.005882448051124811,35021.458320468664
2024-02-05,10,7816135.344129905,18140124.75292424,6710238.448317673,15334092.526460782,1447158.7583646397,3336221.1231146874,1578028.6973090447,4506,0.08618102222681046,0.002608434995636344,26973.08358183503
2024-02-06,10,6075029.003284186,14266735.32226941,5028386.594791987,12209899.180899577,1115997.4977421188,2544030.694533151,1130692.139882435,5008,0.04451436921954155,0.0025399147998541594,48712.56491279602
2024-02-07,10,5765015.320507169,17211956.59943275,4685730.368948369,14064534.46885495,1058698.2975123497,3059872.796095196,1363304.7888539056,4579,0.0545576848089695,0.0024969507940113544,37318.59368824959
2024-02-08,10,8684927.8519883,23852255.01585491,7091015.08016026,19072027.739021786,1521410.31493196,4073242.4474316654,1876681.1626588232,3599,0.05280392989516258,0.003461756743490696,41510.86604562402
2024-02-09,10,5792627.669683605,22457493.167179175,4581932.554372278,17940319.70044107,1053089.0052397791,3877842.7370850705,1832681.7792896575,2644,0.06645425409078598,0.004203213844448328,36741.61753350496
2024-02-10,10,3321382.4821137935,11293945.458021283,2681262.5638676253,8530449.759354012,653485.9886851431,2062977.69899092,969267.6524757625,4084,0.16942466795444489,0.008868124336004257,21916.348778545856
2024-02-11,10,2597915.410201259,7269473.8544043675,2115303.6671065222,5661474.292855252,536119.4678040139,1421669.7478844305,719503.7030259139,4174,0.2854151427745819,0.012804483994841576,22252.9176440835
2024-02-12,10,2598904.529701233,6764220.776396379,2087690.9986123862,5304876.127286399,545652.3769272557,1337346.4995691243,677312.4815556683,3323,0.18747222423553467,0.012303849682211876,23234.192646056414
2024-02-13,10,1312223.7917264327,5973376.740110099,1057468.4139519935,4779478.788812427,282764.8142362917,1199934.0172143888,608611.1789722386,3545,0.2764342129230499,0.01689949817955494,27165.77758422494
2024-02-14,10,441859.5659504831,7534821.094413258,365037.3027173241,5864993.06733667,102270.94838704629,1390707.3072444103,659796.3897382825,3833,0.2867867946624756,0.013016244396567345,33099.31995430589
2024-02-15,10,794122.6046866849,3613242.1224767193,660927.8138634594,2736328.705739914,161359.4159576581,722367.6211862408,355801.7131360364,2928,0.072929747402668,0.007772245444357395,27021.561929523945
2024-02-16,10,838219.7485385165,5252259.611528009,749303.6780562223,4106082.6119449777,185040.7505304336,984843.815038253,493177.3904203875,1997,0.06632763147354126,0.007540644612163305,24011.08988890052
2024-02-17,10,1066092.3301919252,5736471.678405501,851796.9758909578,4567719.027447131,220700.0453707133,1115502.6546157165,537035.2360530666,2844,0.07207881659269333,0.008935008198022842,30265.49626299739
2024-02-18,10,197791.952247262,1329428.8721346483,149219.09241768354,1026490.3245461938,43135.47206459603,287928.05391835613,148962.94644489832,1662,0.12363218516111374,0.013107107020914555,14537.455512553453
2024-02-19,10,214772.11585234106,1302821.3011871427,168986.45104099961,1022875.0130832909,51431.17928279523,284324.22741118085,147569.68213666615,2253,0.061052724719047546,0.003790374146774411,19537.61549025774
2024-02-20,10,193689.31979828328,5282851.345627569,155030.4175718784,3882425.9269530685,44755.03082176122,977889.9300666287,423866.2144924166,2910,0.026950811967253685,0.0014749534893780947,47823.67751696706
2024-02-21,10,109143.47551712394,5455681.475853242,86558.9348150958,4132010.4398322674,27387.34907023328,1010814.9756782388,462958.65669884294,2467,0.020920831710100174,0.0008449970628134906,21130.530024677515
2024-02-22,10,1170593.5907777399,7336912.681284897,852891.240520063,5309864.219414173,218787.97985154332,1371629.8741700547,570928.9321987043,3423,0.016858858987689018,0.0006697908393107355,35801.141852766275
2024-02-23,10,1443717.4751065075,6755801.334895551,960598.3784570616,5125791.133343391,269798.419721373,1253570.6231414168,527207.9657843355,4616,0.01823253743350506,0.0010164121631532907,38780.54298859835
2024-02-24,10,1207486.3582077175,5786471.106081821,881096.3813095388,4265201.545781909,226499.46916268367,1129729.5612678737,522230.2094691573,4370,0.04293570667505264,0.003169344738125801,28880.603993296623
2024-02-25,10,1016955.1981269717,4573621.6764400005,766845.1005595939,3415997.4787237705,199337.60926725756,914839.018114824,407477.6878747551,4184,0.03865644708275795,0.004155240952968597,30416.20075789094
2024-02-26,10,2115245.1244984716,11594295.281926297,1701474.1498802702,8452629.654540002,419720.389305982,2073762.8356028185,936081.1963196853,4060,0.08047964423894882,0.006035001017153263,23701.356493264437
2024-02-27,10,3253671.2969524562,16017716.565578304,2405977.4826789764,11846767.866343744,619526.4184195374,2754334.9363928693,1234964.5159788956,3707,0.12228171527385712,0.009864851832389832,37116.316900759935
2024-02-28,10,4566164.52176556,16278878.59717878,3202121.5012482516,11975215.624683833,868344.7219646916,2839197.957781355,1260438.5394017587,4289,0.2327381670475006,0.012348000891506672,47300.986229240894
2024-02-29,10,5339606.92011027,16789681.692807943,3852825.0884423708,12535087.58755089,888495.0056644377,2802316.2966914577,1255418.2520321237,4744,0.25725454092025757,0.01254507340490818,45152.74447855353
2024-03-01,10,3682232.4645510465,9542795.056455791,2983557.755602976,7561350.123379483,696372.2650221321,1742829.84738746,867375.4360359681,3511,0.26553085446357727,0.013678811490535736,25788.206237465143
2024-03-02,10,3299162.2348073423,11628593.122983232,2338129.9678824977,8401280.340262666,572958.0148731892,1959668.1156038889,823358.823690387,5648,0.22850143909454346,0.019457174465060234,40444.69820976257
2024-03-03,10,332514.81075397134,6316242.113629505,264917.1862070132,4878847.541227483,77015.86638226864,1224745.2752280317,579628.8977229521,4422,0.3395044505596161,0.017695223912596703,23837.015733003616
2024-03-04,10,5080311.387706593,17355332.290430687,4147962.8193519274,13234507.694732044,928435.1156440483,3105936.1221861243,1433942.6276638675,4865,0.29819971323013306,0.019864119589328766,40548.984691500664
2024-03-05,10,7315599.597654372,15805351.163605772,6441803.581763069,12707530.587889113,1304333.9792188492,2811636.1436936567,1294149.5254273615,5717,0.2912079095840454,0.014616659842431545,27049.986202538013
2024-03-06,10,6700453.851479188,17233210.385857716,5639882.604258895,13669259.115796188,1175538.0302268188,2909115.9068173957,1267910.5918920455,5815,0.2567631006240845,0.013768436387181282,33497.22122493386
2024-03-07,10,7496436.425142989,17285393.750537075,6243536.794728948,13672918.27619556,1329461.4399737613,2925268.8114054007,1290768.9494222223,4893,0.23725424706935883,0.01000288501381874,28255.679408729076
2024-03-08,10,4726366.475905806,18555027.02074626,3611400.1773935137,14315305.938868798,687612.0622168855,2908955.9866041928,1254696.6810895703,4626,0.3071776032447815,0.022023897618055344,39132.76785811782
2024-03-09,10,3755787.856726244,18774464.93512334,2766226.541172839,14610306.698871128,514570.84479612793,3041576.849395144,1375441.462356799,4781,0.28427353501319885,0.024019191041588783,35128.68080633879
2024-03-10,10,3417982.9010966495,14855072.070821032,2752317.140766551,11773500.411742378,703607.2177368178,2629142.953881122,1304636.0257858492,4572,0.289354145526886,0.04023825377225876,28701.200802832842
2024-03-11,10,3743714.6588541865,13581857.20386421,2937437.660811032,10461213.733089183,630928.1963815901,2332077.918465164,1146473.6854979913,4545,0.3015136420726776,0.0521855391561985,31289.873042434454
2024-03-12,10,1343006.0024944618,4504761.108001448,1062699.6972790598,3573101.5451242505,264981.7300393635,835456.0772668703,442032.2018683994,3565,0.2396886795759201,0.03151316195726395,22160.217689961195
2024-03-13,10,372416.400638476,8384187.024075232,313939.23829841474,6714200.444706244,89365.8431336135,1476671.9433084151,722191.2175419547,3309,0.2898636758327484,0.02026771381497383,23113.2887917459
2024-03-14,10,666669.5681656748,5760905.860436633,545134.7918080399,4661756.569718111,144107.15369925613,1114426.4324789678,579762.4534857362,3902,0.29502028226852417,0.027613984420895576,22959.81230071187
2024-03-15,10,550021.3191404343,4467833.02849374,444787.3434652316,3574080.0810060427,118676.57141472232,875597.0700417683,462312.39088237693,3598,0.35602548718452454,0.04723269119858742,20551.28176355362
2024-03-16,10,1356031.6308503598,6988410.67960766,1099576.7508921404,5488264.034768801,267481.6300903903,1348644.9298247672,685854.5432067018,4583,0.3341805040836334,0.059047628194093704,22578.252285420895
2024-03-17,10,422649.8776202202,3139358.5124316663,344504.04231220897,2547719.3414944448,88766.22228789233,616483.0076444658,307392.3673393315,5181,0.3440837562084198,0.037164948880672455,19864.973887354136
2024-03-18,10,1032440.1059531868,5313500.303212494,859022.3494309802,4235043.897188454,211941.8978113267,1023564.3653016221,503801.88101426756,5540,0.32737886905670166,0.06576865166425705,25087.542498230934
2024-03-19,10,652268.0558339953,4524968.844828963,538652.0304162249,3593710.1946720663,136996.0314730897,891141.3225064331,482677.2893202881,5967,0.3470257818698883,0.05552905425429344,22360.14160567522
2024-03-20,10,1356011.3725623786,9054678.245645389,1100573.545431742,6995185.273500742,269087.9347332278,1736651.2937407957,841759.4477524534,5600,0.32028818130493164,0.043498020619153976,30577.871887773275
2024-03-21,10,810685.6620204747,6076718.770401664,676601.4175505312,4567260.357820485,168245.68215868386,1173849.4950159518,582833.9301178531,5099,0.31761568784713745,0.05488777533173561,22036.873735129833
2024-03-22,10,2450099.3645625114,11314471.450665519,1835389.005377712,8352829.278558503,460550.7152797205,2103454.4325662875,1016705.2840553289,5648,0.3299684524536133,0.0691930428147316,38726.909782379866
2024-03-23,10,860384.0802991688,3282330.963462338,677357.9353563825,2553819.916950267,177441.35391159897,644379.0519275592,309119.90440991364,4098,0.321611225605011,0.0303645022213459,27753.691548854113
2024-03-24,10,2057072.64501521,8113233.205577344,1635049.6459030053,6190354.758141325,291534.57553871255,1177567.5253890993,488026.31810964143,4181,0.33015987277030945,0.04342299699783325,38429.396521002054
2024-03-25,10,1768898.4951820374,11851400.30669722,1380286.2521580923,8861275.035281334,308766.6202912695,1966625.0106586693,876491.216523464,5273,0.31266123056411743,0.02830386720597744,35055.78192907572
2024-03-26,10,2191917.636418447,8783346.821696788,1590356.7379098579,6752389.816941528,309771.2102125067,1441460.305716462,558130.3620841625,4246,0.06278299540281296,0.004267617594450712,40152.82921817899
2024-03-27,10,8697213.710346207,20057858.83504778,6889580.976442441,16093876.90662361,1428987.2726057018,3454879.418477108,1544774.5671286846,5296,0.06398288160562515,0.005372937303036451,46104.362362235785
2024-03-28,10,724359.7969833463,6636869.503276095,567966.7082657309,4779605.398430454,101739.70785861963,1079936.0233726378,452382.7878260264,3213,0.07243476808071136,0.0031061170157045126,37847.049505382776
2024-03-29,10,1148930.2517313957,13511100.983006202,951793.2398610527,11596974.03245825,201718.18229822136,2288398.321953024,979400.1788690679,4754,0.049378231167793274,0.0037069753743708134,34003.33683377504
2024-03-30,10,422884.7536047101,16140693.79197377,356753.08315256267,13536278.6625256,87635.14729293913,2680095.0969344247,1266202.569043312,3445,0.18982011079788208,0.008707549422979355,40431.87944099307
2024-03-31,10,358092.4221022427,17544771.613781825,293452.9965499771,14422182.505430054,85759.40442412891,2895657.2621200746,1362719.415916802,3200,0.35203784704208374,0.021326877176761627,38992.27551159263
2024-04-01,10,2873115.3198446333,20801900.266628534,2601576.819108316,16694158.766013782,511453.46333849593,3450715.511036456,1532217.3392801331,6058,0.36019986867904663,0.04412524029612541,53404.924017339945
2024-04-02,10,1064093.7882092,15030620.380730271,917558.1071132311,12356538.932176823,202745.33913005993,2584961.832370649,1186690.9471829478,6417,0.36411094665527344,0.08644387125968933,42007.79455828667
2024-04-03,10,4624504.947494388,13259487.047327012,3424685.9924731404,11056609.437948098,860094.9865026479,2359449.91187484,1081833.9542534319,4608,0.33842921257019043,0.01720721647143364,39115.441075742245
2024-04-04,10,4547429.195121646,16280527.280721128,3735179.412081689,13385583.330552602,843190.3072314989,2813958.908665603,1287131.3673791003,5420,0.33843252062797546,0.02326466143131256,46843.47468808293
2024-04-05,10,850076.8444743454,5971875.6556559205,678375.294937846,5040677.889967697,173089.0210555321,1127869.1186371888,492005.2968755078,4538,0.2890550494194031,0.020814087241888046,29787.120325654745
2024-04-06,10,8270689.281765193,15488325.236537442,6938600.157086988,12867202.531402037,1490474.7530221161,2763680.4339393065,1258438.424367202,5564,0.3188707232475281,0.020586766302585602,40428.06550318003
2024-04-07,10,5530134.080467552,20739901.353553057,4401119.300334383,16884971.65944331,958856.0505543973,3437978.205500242,1572494.939011858,5370,0.3410467505455017,0.03995303809642792,44076.424911767244
2024-04-08,10,1842953.7739213258,16670635.357476905,1533676.4667133247,13748318.587999905,334789.4996644693,2793184.8303465266,1320006.5641376926,4832,0.36572501063346863,0.0832199826836586,39899.14892819524
2024-04-09,10,3192086.735521972,12253629.135990083,2675408.9627679344,9624539.20855813,531263.9845647123,1956094.88080091,871543.2497433787,5628,0.35803186893463135,0.07273636758327484,44251.15866190195
2024-04-10,10,838962.3973561227,4240777.8821211755,699856.4476196818,3385942.9456905946,186686.62156286015,835345.7203492024,408047.0264338406,4638,0.3460090756416321,0.058313723653554916,24467.473437070847
2024-04-11,10,2427001.6747182757,7389292.602219686,1852853.8315387736,5838757.017533746,410918.1938617616,1283381.3926733874,648415.7799866418,3742,0.30447784066200256,0.05308375880122185,22217.660755336285
2024-04-12,10,1633251.8880058527,7284467.230184838,1323034.0221607652,5612490.321123113,282192.9328251096,1175058.8967238269,531029.5174624122,4822,0.3703579604625702,0.06590472906827927,24383.92497050762
2024-04-13,10,1270925.5850144029,8025060.61696443,1076176.75293318,6564448.842358524,255490.71940555534,1443059.4768549493,679995.344663318,5090,0.3625684976577759,0.08006501942873001,27922.34194648266
2024-04-14,10,1229065.944578737,7776375.82617043,1038615.4943203395,6243114.135808078,239566.31615424415,1288917.0918517672,587543.9055010658,4532,0.3692146837711334,0.09692821651697159,23747.731207072735
2024-04-15,10,722673.3214965761,1637681.7820540667,595119.3721279516,1330442.1212749016,166182.81130855184,368967.69620673463,173737.66631341056,4874,0.3224014639854431,0.025883326306939125,18730.154459953308
2024-04-16,10,940434.855931744,3189698.150840059,761676.3191285147,2536086.681627116,198081.74563471705,668369.1035321238,328280.44948964426,3243,0.20431962609291077,0.006984359119087458,27146.09083071351
2024-04-17,10,465254.48389312625,3443852.901367709,379979.4616714304,2712659.1607336462,107311.67260340342,694587.9292038865,348487.03076794,3479,0.3273899555206299,0.018801458179950714,20481.34226512909
2024-04-18,10,765794.1255682111,4253719.604998335,599656.9446727847,3395415.377649934,136058.9492079973,817471.8291749605,455061.1094207241,2840,0.2528245151042938,0.0348784364759922,18284.083408027887
2024-04-19,10,1170840.567551583,4812384.255080208,920212.8689101811,3762569.079869613,247608.19325499516,892075.7420702477,499623.68974762585,3000,0.32249003648757935,0.048971984535455704,24165.79710483551
2024-04-20,10,7326832.7499699,14775805.537061557,6833872.817650587,12669188.320063848,1311402.9891955093,2654800.5244197347,1261698.7327670834,4106,0.27135443687438965,0.015167105942964554,43400.025708794594
2024-04-21,10,7966117.35867542,18327244.822130203,7315389.662340488,15063762.869905299,1432009.4898421818,3125974.515972498,1391311.3795819792,5361,0.17963455617427826,0.009009767323732376,31886.16623723507
2024-04-22,10,9598433.224877372,20349363.4590988,8173085.703098751,16128453.61560264,1657847.9162544124,3366216.0156077477,1496937.9653520144,4484,0.12158595770597458,0.01355657260864973,38742.4729180634
2024-04-23,10,2559727.9872669876,14522453.950035885,2007367.0252117168,11685737.670608666,474473.45351579436,2464824.068084726,1083690.7397426465,4103,0.1749046891927719,0.022045647725462914,25752.586197286844
2024-04-24,10,1160640.8127297014,4255751.8670877665,921415.737096251,3398532.878407442,226811.55526014412,814484.9764885423,421177.6355999446,2597,0.038004741072654724,0.00412739347666502,22468.670432716608
2024-04-25,10,3049852.049826227,7059715.503360547,2531216.948088277,5606661.918055672,604257.8661454148,1411876.999763847,706083.4554521195,4073,0.0961320698261261,0.010957148857414722,31205.753488361835
2024-04-26,10,3413268.463879958,12126956.676032245,2654126.1065575937,9797825.5343181,625294.9497517266,2112660.154618266,996066.7516020772,3820,0.13107070326805115,0.017661478370428085,34525.85460460186
2024-04-27,10,712261.2802820951,6070544.717059925,579726.0081634555,4440096.246952876,156399.8461384189,1106535.9725483498,580273.8724763796,3643,0.334342896938324,0.03833754360675812,26409.452288776636
2024-04-28,10,1328562.35879457,5800802.440139726,1102557.2679335508,4366910.778304333,264494.51951386535,1077417.7270052175,562055.5395605059,3705,0.2771092653274536,0.04952036961913109,26912.424165308475
2024-04-29,10,2971641.3916614056,10762722.080584109,2591496.4035860086,9020125.306466632,532122.1368557501,1857742.2221632884,788522.6688790052,4320,0.2859460115432739,0.01920679211616516,41690.89445191622
2024-04-30,10,6430048.635511875,16622432.402621359,5996503.008967078,13598426.416830895,1100082.957393451,2822149.3949516024,1253555.3164302479,4613,0.2617676854133606,0.01615743525326252,32753.54127845168
2024-05-01,10,6068361.00719583,18753367.214694157,5808377.508912256,15375813.529658414,1058893.1587869655,3163060.0274581597,1399511.5925436309,4254,0.30446887016296387,0.02282881923019886,34465.38320162892
2024-05-02,10,3517064.225161135,13944590.402199984,2715784.17273961,11833980.75578523,631976.3294389783,2367375.5706381844,1008873.112027742,5009,0.32997316122055054,0.0317300520837307,32357.515538156033
2024-05-03,10,4051622.0102548003,16577835.182068765,3321735.4443832026,13489736.442402193,711232.6912026228,2747006.9608832495,1272618.4857933067,3514,0.34071317315101624,0.048265501856803894,40246.73023328185
2024-05-04,10,3856547.3850126565,16173916.68516332,3302010.704281361,13230636.44855982,643728.4503271187,2660271.4170335717,1239798.5834377483,3371,0.3405444324016571,0.06861598789691925,39816.29954919219
2024-05-05,10,1078344.9484510422,5004553.005237013,904427.4128430289,3993562.4696903313,202007.32020393648,1000309.779070477,488161.3868166345,3201,0.24557295441627502,0.007009579334408045,24153.359095543623
2024-05-06,10,849941.5113813579,3081282.632513419,702931.6943271363,2419456.430898539,190620.01871758275,627812.2031401086,318785.9745823994,3116,0.2617436349391937,0.0027149959933012724,25470.383694529533
2024-05-07,10,2198180.8462342024,4205684.199253306,1762590.1559735339,3279491.5188746112,410100.09552763065,773466.8404296387,396070.23402218067,3597,0.030780134722590446,0.001054509892128408,27877.559654325247
2024-05-08,10,1697214.7669672966,6775609.336459108,1367577.569358655,5398755.06679159,342129.7097800707,1282186.5837264808,589608.2389036996,3526,0.02981833927333355,0.001988316886126995,29545.502853691578
2024-05-09,10,586231.7585019171,7190369.53483817,482935.7293505103,5788562.675247861,134779.22437226196,1271826.3396579952,579169.6136861172,3466,0.06816147267818451,0.0032452282030135393,26820.374403059483
2024-05-10,10,1677175.4287051857,9115560.856776163,1390438.2858049513,7733524.6228698185,321888.803143966,1615483.0161752792,750013.0619571456,1829,0.12222768366336823,0.01986953802406788,32573.374802678823
2024-05-11,10,1594475.590175718,7295920.11246635,1366281.75474546,6004972.133937669,336476.3656379636,1344043.1823448057,636973.2405339257,2889,0.21161282062530518,0.0271088145673275,24591.304279863834
2024-05-12,10,999423.594253242,3273617.274349138,843949.8357418759,2543955.7703887527,225266.71202308274,673751.1471362633,337830.98448713275,3032,0.34421083331108093,0.019060466438531876,28743.75534442067
2024-05-13,10,645156.222756207,4742780.743622333,572031.229457739,3617726.9867395237,153555.1476534644,920357.4031233896,480727.46717378334,3989,0.3467455804347992,0.027181681245565414,25893.651800870895
2024-05-14,10,1298464.177544713,5715418.098023221,1022076.0244613257,4368725.780707584,277299.3866436086,1065263.188920101,537068.1735626209,3738,0.3676615357398987,0.033098723739385605,29030.035530269146
2024-05-15,10,2012172.6038832515,4451963.176729485,1627642.2694350346,3438302.274912621,404663.74045849603,884233.3047328306,453131.3010857783,4422,0.32592782378196716,0.03832671791315079,31200.997150033712
2024-05-16,10,387723.4554777667,3930065.7343753204,315326.2928779913,3219084.219677088,70374.75838609935,773760.5259772469,443003.2224404568,2021,0.07782259583473206,0.005725167691707611,21532.864759892225
2024-05-18,10,3384223.928957209,8599536.646669641,2694281.449658235,6718636.568009614,675609.5947328173,1683596.253966537,855618.6282675079,2908,0.19611668586730957,0.020049475133419037,27777.48088014126
2024-05-23,10,1970229.8960571736,7509939.8234570995,1591964.8235374351,6070071.134849876,390611.73055121873,1459107.3597546571,748235.3297354023,2974,0.3008764982223511,0.035422615706920624,27709.052048116922
2024-05-24,10,2334518.7316832393,5323230.999193981,1810470.4574932996,4177905.3311688444,461478.15598490764,1008064.0537123426,501643.98919757595,4086,0.2848542034626007,0.02833564020693302,29866.794298112392
2024-05-25,10,928262.2147705033,4447394.39343556,760038.099546729,3690637.1352224518,154834.69451905394,886550.7580503304,471672.2736008584,2952,0.2664247453212738,0.0221452247351408,18012.168755084276
2024-05-26,10,1385708.5977361798,5154606.836542547,1147664.1271670035,4080135.6647812324,287193.3094041156,1043955.9308285406,571596.3741697137,3284,0.2295205295085907,0.036643464118242264,26790.886608570814
2024-05-27,10,2881144.4345869124,8464651.304043032,2208223.530843192,6990390.799531754,520150.74400645477,1537756.9533100268,779632.3964439008,3283,0.15177318453788757,0.020038234069943428,30618.28229430318
2024-05-28,10,4291382.975893006,11707984.702615753,3512033.52531198,10035160.12919683,773360.1979823406,2089823.359217132,992661.3120194747,1978,0.11640864610671997,0.02251204289495945,27368.013597875834
2024-05-29,10,2427609.4307118654,9842113.79246138,1866413.105175113,8494747.387315178,470892.9792616089,1752550.4069781369,843774.1551060765,2840,0.21045303344726562,0.0277999397367239,28086.685797303915
2024-05-30,10,6307174.953464538,20620023.058495574,6007898.742633102,17138346.460015163,1033963.197979948,3446437.5580995018,1626254.5810974413,2079,0.17027147114276886,0.01595211960375309,25793.492878705263
2024-05-31,10,4064063.1678830534,15988651.036224715,3259135.9188849106,13300836.85810874,744736.6275071686,2752961.2564176437,1292434.188631477,2566,0.265630841255188,0.03521370515227318,30264.762763172388
2024-06-01,10,2402068.316608697,12881693.315840632,1959492.6723719183,10716725.13304863,464469.17874355416,2402211.900322998,1136576.7813147912,4054,0.23764267563819885,0.021801991388201714,24252.41093698144
2024-06-02,10,3925175.828533292,18415747.89054951,3048327.182661378,15323759.814260215,704136.9803774618,3102067.9539105706,1483171.5874185911,2934,0.22972986102104187,0.03594167158007622,29784.787162214518
2024-06-03,10,3113831.5060017407,17305751.985245675,2678462.399579662,14516921.648817696,592755.6336579367,2972861.296288526,1491313.7646252546,1383,0.2335803061723709,0.03477024659514427,29074.96446734667
2024-06-04,10,6975625.788092673,23734839.192989722,6450403.329698725,19215766.896128394,1215547.9916167231,3930721.9588525966,1865480.4356862172,2749,0.22070802748203278,0.03457171469926834,32129.163905233145
2024-06-05,10,8940115.17152232,22671489.56455137,8120591.6670318395,18539297.69533249,1492146.5556463546,3794282.9597485187,1726951.3831500914,3262,0.23487459123134613,0.03643171116709709,32950.15993878245
2024-06-06,10,8578315.93419543,21918912.088353068,7638848.442978773,17668127.14657461,1372279.6846345249,3543026.5229370594,1627116.9772662446,2991,0.2183956354856491,0.027920536696910858,30624.704962939024
2024-06-07,10,7598168.4911676645,20112684.268552214,7006154.528640383,16742033.116495809,1240400.8218357044,3361764.571202739,1546805.7073012008,2591,0.19318309426307678,0.03787438943982124,29704.696010529995
2024-06-08,10,3311844.54403995,7473812.345385447,2735779.5233460367,5847066.344734615,668014.7216406721,1503571.361682762,761483.3098895573,3770,0.08571390062570572,0.007349114865064621,27282.47194209695
2024-06-09,10,2213189.1159630716,10481272.621541768,1685360.795946711,8968845.642063526,330680.5132684133,1714020.583941639,857345.5180786045,1982,0.07694628834724426,0.010243525728583336,33400.11508923769
2024-06-10,10,1342638.3953478634,8447587.866804808,1006543.1268405549,7022578.355427938,193165.53773359925,1441018.4244408347,672604.5395424934,1862,0.1679731011390686,0.016161279752850533,27185.665435373783
2024-06-11,10,1328604.9509431124,4598974.878472924,1022826.8723124587,3593491.9691855893,246987.02375884756,908199.5098224829,525145.952160835,2525,0.23580873012542725,0.018495798110961914,23121.039259582758
2024-06-12,10,1227766.3569424748,5288518.4899176955,984807.9650396297,4123891.32537245,224731.26128134382,891459.4537649514,485862.7143869614,2863,0.24994944036006927,0.0253964401781559,23290.474765986204
2024-06-13,10,2106002.789207965,8381543.041633785,1662462.8681113694,6727122.168930398,408090.3329974371,1526664.7932363632,766494.5208084797,3325,0.30633923411369324,0.04179081320762634,26439.229210227728
2024-06-14,10,3200424.7080128193,12582357.274529293,2634708.1252587303,10994110.094160635,612564.2871160881,2220231.3177911495,1092784.2758158043,2922,0.2589928209781647,0.04706943780183792,24294.617176949978
2024-06-15,10,2877701.5636362135,7725921.936859012,2247112.1915375926,6024156.441675816,547007.9007489923,1432342.7555215482,756378.2998420775,2932,0.2508968412876129,0.03404827043414116,28631.7250366807
2024-06-16,10,4078237.2869156897,14628163.104219079,3093000.5430017198,11964472.860749211,747657.4941653031,2575525.885431421,1237817.7160597413,3044,0.243177130818367,0.026340560987591743,33111.73461276293
2024-06-17,10,6177801.268579334,19699163.296379685,4957069.658762735,16494792.716764003,989885.6356517246,3275556.586893136,1482854.5278913304,2700,0.24529963731765747,0.024921132251620293,35433.252768069506
2024-06-18,10,2608089.3348141015,6241308.156176262,2027973.6721797776,4873441.9956722455,474682.4144580851,1191941.2864877703,641260.7784234027,3961,0.31935256719589233,0.04133492708206177,26831.70743241906
2024-06-19,10,2484507.978223026,13305420.828803822,1994872.258418568,10697338.054775871,479624.95201720635,2271470.1673547085,1056884.0464271111,3283,0.29112187027931213,0.041003722697496414,26184.09964823723
2024-06-20,10,1493169.7039942145,12488946.0094233,1138861.400230728,10527281.463396853,238388.48793095947,2030132.1395823013,887467.5970923656,3836,0.32847338914871216,0.04414844885468483,15911.68599292636
2024-06-21,10,6376024.283789486,18462679.82881823,5721164.023383874,15711256.574727876,1016736.8258880877,3051799.994666216,1393952.3017931625,2677,0.21612802147865295,0.044365253299474716,33201.339265435934
2024-06-22,10,5495364.17129907,15035653.636228442,4217118.256937029,12279102.99991005,1008478.2522746427,2625311.9725333303,1144557.6411240692,4367,0.061851900070905685,0.006456590257585049,33872.950942099094
2024-06-23,10,7576250.595954388,18782374.609606594,5351231.158984244,15276536.158059793,1352426.1929500764,3347315.2839107034,1570234.3244101913,3531,0.0455004945397377,0.0012552603147923946,44995.313976854086
2024-06-24,10,3032312.104697287,10975490.062212676,2248692.3808573205,9217645.245422274,599719.54994206,2066928.6780407927,1028109.311243621,2676,0.05984324589371681,0.002806707052513957,45624.68873682618
2024-06-25,10,8681977.643923253,19262739.80066076,6711474.004866546,15744756.22233997,1546307.4588437001,3421194.776134176,1676694.99160008,2651,0.05528046563267708,0.0047051566652953625,38611.22942072153
2024-06-26,10,3826626.7882140875,14402190.430337936,2810821.1425443618,11066731.383217221,723956.2332177379,2613522.3049382092,1275083.222076646,2247,0.05594027042388916,0.006172048859298229,41967.66386786103
2024-06-27,10,10489856.062198862,24780362.887721375,9077802.474199925,20096994.969724875,1792995.4496384296,4122802.2600492286,1933215.4658633692,2407,0.09780841320753098,0.01380178052932024,33826.06182894111
2024-06-28,10,9873624.549641103,23966656.097582296,9106216.012615249,19365830.961118467,1704188.0258081043,3981824.769459347,1876486.531675956,2570,0.18741029500961304,0.02211766503751278,35511.0564545095
2024-06-29,10,10804189.860986412,24319697.588951543,9484997.12786407,19554844.920335066,1861049.27790756,4054100.850766051,1917976.3586490164,2654,0.23943068087100983,0.0218494925647974,31148.895804584026
2024-06-30,10,2150226.9966816455,10403279.552745745,1671902.8468916034,8817865.41027926,393503.68345703895,1730629.2036810978,774516.6972007093,2929,0.022458989173173904,0.00047848655958659947,32713.945205658674
2025-02-01,10,4415737.916147515,12982064.300275937,3811890.3933940595,10598783.612586971,875548.401548396,2488028.270441966,1222352.028647449,3763,0.18632277846336365,0.007564800791442394,30576.190399706364
2025-02-02,10,8493366.112789452,20799766.15353603,6749452.430209959,16341181.64337309,1398936.0938751092,3497823.4837444616,1680389.2239213402,3428,0.10610710829496384,0.005218112375587225,57382.968547940254
2025-02-03,10,1007433.2156093642,8555182.421521656,868529.5828647868,6946970.357919791,232015.95369145036,1607118.2624027906,803166.2629043807,3052,0.16378560662269592,0.006194408982992172,21340.838909834623
2025-02-04,10,1892049.8379894868,13726487.350487418,1462921.6620824363,11234664.531170782,362205.54345457035,2531940.6044379827,1269128.8653953904,2980,0.12150659412145615,0.004934907425194979,37208.28193619847
2025-02-05,10,2806839.983121261,15652195.070207082,2038809.4334612438,12101611.040449917,500244.76022470556,2704602.491101699,1205867.4188681613,3116,0.2132415771484375,0.008924330584704876,41761.18476113677
2025-02-06,10,5358297.26133614,20351912.826652184,3942657.818396168,15697976.119519208,1021379.1876400434,3573547.4388973685,1729509.0394722146,3152,0.27596181631088257,0.013374951668083668,42175.26186451316
2025-02-07,10,3081399.6731188595,7997001.124330476,2474361.697687164,6327637.281303627,611692.6208359567,1594804.3193257796,806413.7302649682,3749,0.2757219970226288,0.017489463090896606,25162.83580303192
2025-02-08,10,3338980.324313216,9942374.985640354,2757334.170792672,7464817.397515658,712887.455105031,1981191.2476196764,999054.5257526416,4146,0.27225103974342346,0.010606586933135986,30816.796672731638
2025-02-09,10,2755081.8766408563,15326800.149212591,2215501.904286103,11608720.31155793,574515.9849933651,2816162.992759996,1414928.3496509271,3817,0.25674334168434143,0.012999644502997398,30097.680880218744
2025-02-10,10,2199783.3591129035,6270473.126212195,1685055.3466610159,4982303.787076288,456194.2787544579,1274831.985531118,640463.2640171648,4562,0.30578961968421936,0.017368188127875328,21211.047591775656
2025-02-11,10,2201498.4456430227,7130854.979007706,1714489.0267430805,5564167.943344413,468583.4092824396,1432872.0016842596,735304.7308228295,4551,0.3326163589954376,0.016900375485420227,26916.799047261477
2025-02-12,10,1181322.2107634544,4058955.607329145,883650.8987928968,3137080.9680348835,231822.3464893694,811687.4624385424,404031.238610476,4348,0.3188529908657074,0.01222932431846857,23489.150032877922
2025-02-13,10,374363.07820381224,5586496.309020489,311953.93092780997,4479636.92777165,91359.22015683752,1117942.0423814454,587358.4924195742,3440,0.3409433960914612,0.008729594759643078,26347.32267343998
2025-02-14,10,390954.0395320207,7437431.72760953,325498.4049680817,5910487.00569375,94543.6526346697,1441332.7784622018,734754.8365001993,3598,0.38145166635513306,0.0168609619140625,21661.412648320198
2025-02-15,10,371880.7290431261,3697788.5886866525,307331.1278847365,2984880.516506672,90065.935910034,753635.2665283765,379806.2584995177,3651,0.3807488977909088,0.01946166902780533,19433.02070826292
2025-02-16,10,397212.0812070817,3322467.6130392626,327110.56947820366,2658605.8536422383,96521.44497940702,690451.3301681723,371963.45975255163,3550,0.36986109614372253,0.017774108797311783,19791.97693604231
2025-02-17,10,1901516.4197237268,6152473.177577205,1537804.8196834808,4882161.6839593,394289.67463723005,1254068.7683965997,669485.5683532495,4505,0.36435285210609436,0.022240782156586647,19223.42861559987
2025-02-18,10,2687040.4548868686,6403043.553193808,2065815.4768369726,5040322.365237057,551211.660795091,1313290.7415287995,673566.5135044402,4566,0.3480144739151001,0.029260193929076195,26145.40623998642
2025-02-19,10,3201263.9228008315,9150123.83312364,2497479.070882311,7024692.936766243,664070.2941253805,1753330.0005000029,877800.2676363672,4482,0.35982489585876465,0.0332980751991272,28607.68073692918
2025-02-20,10,3934869.1854784936,11426438.691002563,3101436.5572614134,8761088.658908512,791751.8506049081,2153550.5492018866,1062008.3629835884,4781,0.36705535650253296,0.04312087222933769,32082.50932559371
2025-02-21,10,4199092.264110208,14673281.523515493,3318376.0647927783,11026595.06967426,830275.9885107041,2628131.7186478693,1270986.2823919952,4838,0.3739558458328247,0.04403282701969147,35312.83605057001
2025-02-22,10,2772648.077515945,8301041.096617326,2169899.4915394797,6477680.015361652,552115.3093527982,1615018.95268139,804220.3037875168,4769,0.37219521403312683,0.04029179364442825,29688.60169300437
2025-02-23,10,3272719.6612790376,8925682.770103678,2645480.071940806,6974784.698590098,651019.1218138448,1689455.7315863778,781783.2492023269,5098,0.37095221877098083,0.04135441035032272,32684.349663078785
2025-02-24,10,4154438.7867655903,14058639.646898359,3305651.025701776,10843512.10128796,823393.9716225893,2514644.137120746,1205381.9286401386,4727,0.37361034750938416,0.03713506832718849,34557.16389012337
2025-02-25,10,2687151.0577258617,7649162.324620143,2127597.8843952664,5972241.811004957,580050.0499605908,1525753.388660739,776297.9969165273,4885,0.37984105944633484,0.0437508188188076,22971.137933045626
2025-02-26,10,1377007.8294036984,6556815.157750323,1126796.6484212722,5191404.867086872,292772.4579824583,1309559.6024409453,666214.6062668992,4264,0.38186177611351013,0.03428545221686363,19670.82137528062
2025-02-27,10,797278.687351793,4643493.891702019,670607.7808298448,3666357.560390861,175850.81705350205,913916.0706320765,471454.36704696715,4255,0.405934602022171,0.056917954236269,18198.560115337372
2025-03-02,10,455256.27081274986,4130924.443694085,444544.4137878879,3574829.097408656,99911.56359834856,769924.2948507172,348127.7989857724,3195,0.35329470038414,0.022368857637047768,23875.940203279257
2025-03-03,10,1889335.9397538975,8200218.951850496,1630314.1646487354,7592055.684216851,367641.9676109133,1524230.7594876508,714576.1088513595,4103,0.15827973186969757,0.006935197860002518,25230.88924124837
2025-03-04,10,2886278.8613468856,11129341.249711655,2539236.250518961,9052132.218976945,519442.48217207595,2026731.8770303125,931979.6235278745,4854,0.0924932211637497,0.0035190482158213854,30040.37290224433
2025-03-05,10,2769567.2380908877,11596018.086235866,1894741.6835351998,8985660.420310587,490110.1714092025,1917362.202444677,809703.8897130212,4715,0.05110734701156616,0.004202879033982754,42167.14312270284
2025-03-06,10,5000787.998492628,13752896.232407764,3737006.7916269517,10647702.16163798,834931.2987160243,2264333.7099928693,986705.9991801546,5046,0.04801113158464432,0.006383500061929226,43462.25659188628
2025-03-07,10,8662785.693200067,19342831.215311304,6724407.269378071,15463200.345251968,1501362.7857958407,3214578.54232423,1468837.0368906544,5224,0.0643097385764122,0.00916949100792408,37934.4196062088
2025-03-08,10,7297345.741062313,17600125.256820753,5070381.765031064,13125783.101812055,1135710.1365717626,2851912.9588635345,1269801.9213361638,4959,0.2595142126083374,0.01586390659213066,40742.94561740756
2025-03-09,10,5558929.349699758,16276658.078821734,4348460.341608051,13390261.096904432,1016696.076814736,2850959.070370311,1355739.679775192,4691,0.22198820114135742,0.0215454138815403,44362.88928490877
2025-03-10,10,5948337.631073892,14351460.865068942,4755534.0612398125,11378141.463585382,1096726.0970943714,2524306.405434123,1238142.6354950208,4434,0.27177339792251587,0.026206066831946373,26840.324161589146
2025-03-11,10,2880172.627832718,13032630.753806055,2630713.5747990077,10747708.202739403,546391.6105416183,2279842.8376498483,1114973.265370912,4075,0.3435632586479187,0.03243107721209526,27465.28248515725
2025-03-12,10,1844816.274985388,4940568.071335278,1448493.6325953142,3790469.184093309,376122.81276534277,964506.7853492923,521868.80582525895,3314,0.32269200682640076,0.04238717257976532,29715.705351889133
2025-03-13,10,668234.3892179132,3059489.9341330826,577133.0052737896,2496844.21747571,149690.55970850072,621795.9159649364,340680.2886947257,4000,0.3756293058395386,0.04416962340474129,16371.78910857439
2025-03-14,10,622744.4308861196,2872122.4230878353,570323.9668939069,2407897.4639893863,134286.691915024,602715.3934873431,315866.9633804519,5131,0.41261839866638184,0.08368255943059921,24883.35601258278
2025-03-15,10,1342918.5820061862,5586983.6230555475,1116999.8327320684,4217020.015171595,243270.0182651249,1012536.856032324,477319.5337879005,6535,0.34928762912750244,0.0403609462082386,41446.04981803894
2025-03-16,10,310855.69026479125,3953332.8875045776,267771.893855357,3016724.459738943,77997.73821282927,688019.9074559541,326785.37344143837,3661,0.2689862847328186,0.029238717630505562,26777.0080511868
2025-03-17,10,1366767.7743543088,14109781.391801909,1132776.2853258278,11378866.33932219,228428.35965422203,2317948.2924471535,975332.532953561,5371,0.2912669777870178,0.0276062972843647,30292.70164269209
2025-03-18,10,1122932.4291798398,4698060.00793726,891234.8287948938,3915537.6343919514,211156.82553811997,895464.4297017764,455770.69217506296,3901,0.2875202000141144,0.023515846580266953,26662.870555222034
2025-03-19,10,4306140.335179254,17099203.65429827,3159985.6043561483,12691905.265589474,623316.1479104673,2805715.7629161896,1308144.2245693426,4101,0.23853564262390137,0.02320501022040844,36562.81577578187
2025-03-20,10,1512228.090195246,5460852.77631925,1185955.4022016039,4326839.548004752,275543.0533725426,1011590.0522718184,504961.3649239579,3886,0.2859756052494049,0.03048248402774334,31531.232727110386
2025-03-21,10,1359057.5430314243,5007639.062352538,1074188.3465833599,3858008.5413385406,245837.40363425165,938340.3175642006,479497.77864205895,4725,0.34565433859825134,0.03916896507143974,22584.58308529854
2025-03-22,10,953884.1570545435,3854100.2024196982,767879.695599155,2932927.566825479,172458.43336258666,731550.8893875165,361818.2471853484,5478,0.4156687557697296,0.07399759441614151,18458.556699484587
2025-03-23,10,1094482.781158045,4296430.64931716,852940.7154369111,3261842.0786894863,197774.7446597938,815830.0668978277,396066.80484886543,5079,0.4176828861236572,0.10579519718885422,20304.700243145227
2025-03-24,10,745762.3425783217,3005601.9893106148,579540.1146254699,2397817.116014676,154259.17032523814,618126.6553705167,348114.26648209087,4211,0.43802958726882935,0.09879125654697418,24751.943924456835
2025-03-25,10,194356.0287346542,937393.6086797714,155388.16820097723,756579.9486740418,44653.51821197537,191274.53097987693,98711.88919945381,3083,0.42458125948905945,0.09295206516981125,10253.713734865189
2025-03-26,10,1126014.723965466,3451635.0612041056,890382.7214057781,2652175.138458025,206978.1350440889,657905.1727901882,323763.0273756363,4225,0.4019929766654968,0.10152347385883331,25071.395174980164
2025-03-27,10,571118.134116441,1937250.0284714997,464630.0362887196,1489848.4471643248,133341.08650787704,444395.4626305192,222503.60918658794,3541,0.35458803176879883,0.02890048921108246,19169.354203134775
2025-03-28,10,1107156.140197575,5350373.984020755,942036.5295177043,4371448.987831617,216373.7277700517,915817.839588168,388190.5269280974,3723,0.25603726506233215,0.02667219378054142,29965.017970085144
2025-03-29,10,441891.3273512125,3225102.2185440212,375375.589614053,2538971.303434463,100609.71517446588,641921.7664001639,328121.29420691275,4410,0.364420086145401,0.05092881992459297,25745.360745310783
2025-03-30,10,2421167.753492698,13320994.57472001,1717927.2939319985,9970478.629661337,372921.0848558048,2198968.3955861977,991173.057589721,5125,0.36206793785095215,0.05041014030575752,45053.90890970826
2025-03-31,10,832833.1662654579,4401386.063208841,663015.4394866122,3388905.447582046,161680.89021644887,831599.6651142195,404767.13400494674,5331,0.37640485167503357,0.06545538455247879,28061.88424822688
2025-04-01,10,1142222.290001586,4240281.577768683,914612.3254535057,3228153.0481919684,204095.21823547606,751635.5891690844,334954.48905807536,4644,0.36408838629722595,0.0782410204410553,28421.70647186041
2025-04-02,10,511429.07920873165,2061703.4295725897,440044.2960729153,1770562.621911773,111795.67687312882,433890.7722675805,227447.2824681697,5066,0.4019825756549835,0.10782117396593094,24218.81549066305
2025-04-03,10,377751.3956307769,3721074.248122275,298597.69670557685,3048525.7501977556,87880.14083567474,752545.1872215797,419813.13460532716,3979,0.35470011830329895,0.05228891968727112,32058.906424224377
2025-04-04,10,1622199.8519271761,6005268.424283259,1172038.1031983523,4246595.6745652035,323793.89685170504,1129792.878294866,557571.8595962413,4407,0.3180229663848877,0.050945401191711426,41803.26611790061
2025-04-05,10,484243.90362268686,2670660.6334904283,400647.71684371715,2039970.2025278378,109400.18432741525,531796.8870953377,278372.1998608515,3381,0.3195573389530182,0.03844625875353813,16662.8860091269
2025-04-06,10,828634.215728119,4278641.269233979,673939.319865522,3293138.482624523,171166.1205305048,828373.2250072896,405347.61899366113,4728,0.29138079285621643,0.022084105759859085,23144.48178088665
2025-04-07,10,1968356.7402985021,5549001.316800863,1559738.795598166,4292672.383221113,370356.3650225174,1062744.6361876752,531025.2038435701,4647,0.3697909116744995,0.061629001051187515,21982.63700607419
2025-04-08,10,1258364.0623561814,3445579.152450405,1035492.5215865672,2797498.184274086,232942.2067150601,673202.1494495106,351767.92042868707,5207,0.4031473696231842,0.04268965870141983,21069.561288118362
2025-04-09,10,695381.8835984021,2212650.5571341217,612018.330535975,1838698.1487675682,147207.15915579934,454104.40556349105,247712.83922747662,4597,0.4125414788722992,0.10018063336610794,17760.01008850336
2025-04-10,10,476262.92938134074,2236943.0186169744,371955.83679509384,1714820.8993659406,104628.00093014294,462515.22949600394,235690.7374412689,3889,0.3968164920806885,0.07720140367746353,23106.34484282136
2025-04-11,10,901772.7107475102,2699254.3640494347,725677.7473083362,2212633.593320757,154670.0012171424,508014.6973892051,262139.60262855422,4287,0.40435412526130676,0.10743965208530426,25827.35670620203
2025-04-13,10,3683711.0914789736,11958169.253142297,2827982.7884505885,10024714.629554838,649320.6193072093,2060615.5246507875,912257.1611626281,3515,0.33026257157325745,0.025851279497146606,40598.27271747589
2025-04-14,10,318241.6274252236,1298277.737104319,260993.11779514898,1054019.9227729146,78212.41698792715,289335.30196215736,160644.94716907985,3159,0.232878178358078,0.010654818266630173,21615.90821814537
2025-04-15,10,357847.4576550573,2065633.3102376014,296378.4132431702,1754635.5520340032,87696.94131808722,453695.8954365167,233423.98711411946,3684,0.31455618143081665,0.010846301913261414,17254.04407274723
2025-04-16,10,579845.5546074063,2889578.6971570775,464439.9882386356,2286203.046489663,114939.16439411468,575977.669300776,284578.34418249544,2798,0.35452550649642944,0.02010153792798519,18872.920543909073
2025-04-17,10,493520.33721378446,3115962.384305924,418542.45617452124,2407788.9655338973,120654.7452062387,626214.7992688111,343262.8948575641,4416,0.32311248779296875,0.03151124343276024,18767.71484270692
2025-04-18,10,1095601.3113364577,4541530.981802687,846665.0123845888,3570612.1641170336,241593.09813148133,888874.579404222,485816.323356671,3786,0.4107145369052887,0.04007725045084953,23311.157670766115
2025-04-19,10,935409.945545733,3555811.757106304,789661.5111484147,2791745.851912977,211083.90650682925,730614.2836034275,412172.34909454774,4205,0.3780030906200409,0.05057299882173538,20688.293245255947
2025-04-20,10,448304.4179484397,3531688.008573875,381441.79194835905,2931203.6436644588,96703.60221254887,615946.371229874,245542.0122576959,3869,0.15260693430900574,0.011942229233682156,20818.4303188622
2025-04-21,10,583505.0468779504,4071776.5061756372,550861.1734039867,3068296.2710028505,104971.00257278324,662604.2776099297,297954.35956453934,3704,0.31821978092193604,0.033783480525016785,19282.62520700693
2025-04-22,10,2685503.404543802,12885625.466336004,2503419.8952645627,10685435.13420144,468980.55959634436,2185685.78758589,1019017.3267872708,4266,0.09329989552497864,0.004629147704690695,41784.06936690211
2025-04-23,10,577559.8563760221,8022652.828157365,466292.24084360054,6335391.275877045,105753.48643128143,1228087.2192557738,502851.43212273833,3708,0.06614869087934494,0.007867986336350441,37018.57060235739
2025-04-24,10,1611908.0615788102,4322785.432530224,1248240.7092726557,3322178.3188528796,317035.62000812084,823835.9067291266,382553.8667189734,3728,0.08010294288396835,0.012819611467421055,20351.74478009343
2025-04-25,10,3355762.6338877976,10839821.645413175,2442354.1387138595,8267445.655638523,493598.85236873105,1704036.2055638449,719095.8449191087,3919,0.23129895329475403,0.02301841415464878,40361.652625352144
2025-04-26,10,882644.4165032804,2734181.358488798,636379.3499644725,2126158.3481332026,186584.8485653653,583773.4449175852,281740.98008531966,3963,0.3651682138442993,0.0588538758456707,24626.359902888536
2025-04-27,10,1193726.1493580937,3206655.6430798024,1067416.2917583496,2644438.153499689,234562.4816284803,629426.0135137284,315504.91026775085,4842,0.4135134816169739,0.13115553557872772,22862.20362213254
2025-04-28,10,901002.2922107279,2585226.0441932976,733771.1050962317,2022963.8563482834,184716.8511567378,531549.328083847,274167.4427156943,4427,0.4262866973876953,0.11430476605892181,27745.234477251768
2025-04-29,10,644764.8267584145,1637330.5884907693,600156.2884495293,1398423.328405147,150621.88984898367,384377.10492437007,210387.81104590328,4070,0.43162012100219727,0.14118053019046783,25562.467899650335
2025-04-30,10,987744.0740660429,2808683.3983828127,865744.8537688856,2320072.6272922,201769.4065498393,571671.748181698,283184.33479206695,4297,0.42569470405578613,0.1505829095840454,37505.97554984689
2025-05-01,10,1367815.0319550037,3954854.661005914,1190964.7974761573,3231751.164771665,280294.78235359065,748154.4167650682,402699.49148982926,4536,0.42730310559272766,0.07902859896421432,23731.755495727062
2025-05-02,10,1051403.9739675522,8969371.58554463,785700.8220340158,6892727.334843443,204200.0631787319,1632056.6248629645,737470.3022269167,3044,0.33226293325424194,0.021665966138243675,28470.926466554403
2025-05-03,10,458797.01401828974,1716279.032414399,364503.0184102857,1297899.9429880022,79751.74485369927,342539.1056971721,180775.32262040713,2166,0.3094802498817444,0.006596836261451244,15393.203620791435
2025-05-04,10,569577.1955437064,5954335.350457951,463610.919859466,4453365.998428021,114144.72774961745,1064999.1101106722,506993.56161626335,2276,0.32519903779029846,0.012853749096393585,17640.522929638624
2025-05-05,10,383958.26470528543,3591355.6900168955,319071.7182237976,2905033.666574791,91909.9867376211,688831.7063439188,353151.9456951221,2888,0.35666516423225403,0.019398508593440056,17007.945806235075
2025-05-06,10,3042062.418652594,16525238.167373404,2587157.520503967,13126727.364303242,555506.450175059,2742387.693664293,1275968.8340677381,3439,0.3392265737056732,0.01814490370452404,59860.051416128874
2025-05-07,10,2866530.8659090996,15478334.88747254,2127911.619983102,12426620.074037982,513492.06061407574,2542088.7140517007,1167978.7327021612,3179,0.23888355493545532,0.019919512793421745,51010.84899312258
2025-05-08,10,3823072.8416128457,14483320.093071595,2852273.2805709955,11395499.833319936,576134.584918507,2342723.273363775,1122314.821346983,3352,0.35255739092826843,0.04843347892165184,50273.21767896414
2025-05-09,10,1937830.256376475,6941513.034010276,1535409.6175710843,5511406.8484248705,214284.77713167862,981364.314676096,427850.1185191577,2233,0.1394958198070526,0.005106582306325436,32342.455458909273
2025-05-10,10,2138140.2985299155,5432638.6405135915,1707496.8584147024,4359212.828071294,426565.8025434412,1019382.6683779334,529840.8473411193,3674,0.051375862210989,0.0029961545951664448,28325.464190363884
2025-05-11,10,1520201.5884436816,9906537.22010392,1166176.0923938307,7868658.628229241,223114.2134891187,1515339.8874136438,647961.6513180443,3018,0.0318254791200161,0.003400244051590562,31359.627844274044
2025-05-12,10,1957129.129849553,7965203.937607005,1533148.7856369065,6275936.4027806,350931.3399146494,1316230.9254704744,633102.2581900886,3232,0.09765574336051941,0.011324108578264713,25981.710746198893
2025-05-13,10,2866627.960722059,8827979.545703173,2147626.0300981794,6656461.288044956,448753.50816100894,1364750.5019398583,648948.0093222385,2214,0.08994486182928085,0.020537741482257843,36493.13870194554
2025-05-14,10,1016455.8999217153,8541094.79674755,770571.9502206533,6678595.619192101,177898.5671735598,1414319.4018547165,707534.3609329828,2738,0.36517569422721863,0.052387744188308716,22307.47851628065
2025-05-15,10,677657.1890062839,4273823.077392928,571978.1068389077,3361980.9034476103,142735.35978890464,790840.1165803336,394367.54698967503,3131,0.27372750639915466,0.006549369543790817,19051.744227349758
2025-05-16,10,401700.2275379151,2556717.785656467,337382.23394961085,2083386.8091552046,99994.36371371127,563001.3045647449,289565.4169835559,3120,0.34731242060661316,0.011443117633461952,18915.211610019207
2025-05-17,10,329436.8729634285,7902910.6077102125,271084.8779191994,6193858.984006639,78268.1951947223,1188709.985506876,478433.6285874318,3395,0.2173091173171997,0.005497634410858154,30724.349360525608
2025-05-18,10,1300187.699467048,7449648.938023791,1034726.9457353387,5801354.898363866,237945.55341472442,1234748.5573506895,528480.7311710082,3038,0.0347016416490078,0.003589760046452284,27811.97716331482
2025-05-19,10,1345641.7104605138,6450770.322700232,1057462.2227035381,4970835.983199995,240339.60477400324,1081875.0592918626,543870.35347033,2501,0.08989964425563812,0.011658012866973877,32964.757953614
2025-05-20,10,1832767.1848789155,4001911.1525723636,1489655.03305249,3110392.9763408466,389273.0025592906,824862.020692208,424411.3507273575,3123,0.12873101234436035,0.006983675993978977,27161.529442727566
2025-05-21,10,3512384.453928232,9690931.931029707,2765265.319821854,7731422.425260678,624938.9014176105,1621852.573973679,770879.8378399297,2378,0.2344144731760025,0.02745058946311474,28417.721300810575
2025-05-22,10,1458591.6755501628,4904803.0649163425,1248895.056565695,3960414.159429757,276452.04836173553,976193.1480419192,516764.85949411767,3363,0.22453013062477112,0.01036575622856617,19935.327610999346
2025-05-23,10,566527.9736222923,3991664.53419818,460253.98133770615,3238318.3768170183,121612.18336799949,809273.9682533983,408383.43271646113,3429,0.2614237666130066,0.01692228950560093,20193.444324076176
2025-05-24,10,5190580.8822980225,13928654.292388998,4515966.708863766,11470557.95949966,937768.4193048421,2540170.1397338393,1306439.8641094756,2190,0.17784248292446136,0.006221272516995668,32035.057491123676
2025-05-25,10,6095822.590726808,17676262.41437827,4431869.684783837,13327865.741862316,1028146.4462558364,2876999.4802502543,1407555.240205457,2636,0.25488394498825073,0.018515998497605324,45509.08296704292
2025-05-26,10,7906166.37522383,19412748.978176415,5667766.351570063,14918167.530487476,1365635.4395714374,3260072.4463199005,1629806.9378574109,2138,0.303299218416214,0.02532275952398777,48867.74819737673
2025-05-27,10,3841327.445340961,14772238.432694003,2708208.894525741,11292248.549072891,675477.5612779561,2488122.7454883773,1253624.4555910784,2053,0.33730390667915344,0.03726249188184738,46436.97875368595
2025-05-28,10,1796850.255527839,4829981.0764249265,1482336.7686409315,3903904.512469854,322883.8204094132,956136.8358342566,523270.8018150088,2225,0.31717967987060547,0.033832915127277374,18829.649658083916
2025-05-29,10,3655373.0453612804,12879512.110389873,2744766.4566106386,9659757.852794664,602921.3817372994,2102595.295023245,1067684.98550306,2004,0.327014297246933,0.029053591191768646,44595.59252682328
2025-05-30,10,1675746.2777181864,9149947.811829284,1364975.7393540004,7172648.206967769,289008.25245708576,1615982.5597410186,818454.8127816985,1826,0.290436714887619,0.02716743014752865,38077.697738051414
2025-05-31,10,6335555.779923722,18593184.278044015,4628122.88423759,14006955.01294035,944868.8306807029,2934927.0756366774,1382447.1690090096,2570,0.28791874647140503,0.0342613086104393,47445.68095943332
2025-06-01,10,6310606.601821139,17912435.617049396,4753724.031114764,14369827.317097317,998809.7715754851,2908779.1763293752,1373936.2915230042,2715,0.3071341812610626,0.042978402227163315,55231.198790729046
2025-06-02,10,3469166.6884962544,15148091.846601658,2898982.039133572,12154939.17980651,567494.2414944479,2623572.8882448873,1290292.3444950557,2269,0.22045807540416718,0.012338179163634777,31203.6344871521
2025-06-03,10,11877139.510989353,22777349.93911922,10072959.300825322,18397048.93025872,2111398.1778776143,3878769.569249235,1801172.363213779,3568,0.3178343176841736,0.026650672778487206,39122.51894503832
2025-06-04,10,2174247.4064192325,13172275.710618764,1646262.3725769054,10478315.186996095,349069.0762688664,2167918.1274896925,997253.5976944937,2817,0.3019217252731323,0.03705286234617233,35606.164035886526
2025-06-05,10,1131258.168995604,7740003.374127731,886240.107133517,6004750.08406056,194778.1511080003,1317836.28084418,624100.1122301971,2769,0.3790222406387329,0.051412422209978104,30285.373241126537
2025-06-06,10,751683.2573680431,5657086.520887062,598291.4506859577,4513236.9348827265,140386.53966223507,1097194.0646622716,540108.5243637521,3361,0.35913023352622986,0.0464647077023983,34831.20996582508
2025-06-07,10,1417614.763834998,5170683.428234138,1139539.443147,4115927.7071053344,295755.1707947176,1019471.9646210673,536962.7792375901,3104,0.367296040058136,0.06319385021924973,22369.33773100376
2025-06-08,10,1357676.2614972442,5654344.71509067,1157904.655461211,4467892.966120895,299760.3802597301,1090611.877374542,585880.0164090181,3003,0.31474828720092773,0.021037587895989418,26005.797444820404
2025-06-09,10,619170.196562618,2885333.944433108,485453.1380265133,2286435.285645135,136456.38235702264,625211.3559872834,330297.56238906184,3635,0.3327859342098236,0.029237285256385803,21425.980754494667
2025-06-10,10,946546.9305242449,5443034.2621293515,733708.7381194988,4290985.746494362,195060.31471363222,1076603.9207796378,591826.4255334756,3438,0.28716856241226196,0.035890206694602966,23642.82353490591
2025-06-11,10,5240440.769183591,15354909.261822835,4233248.557626236,12550940.104785427,934993.3120445377,2613209.0420013624,1239976.879416012,2599,0.3305627703666687,0.033838678151369095,49153.7681927979
2025-06-12,10,441168.02583274245,4026510.3644711673,371588.95082880603,3051139.653543407,106994.43107399478,820397.057204597,428477.8891451838,3903,0.3763507306575775,0.042613569647073746,27719.376742511988
2025-06-13,10,3802655.4914994985,16211013.632697538,2881791.6737308055,13017613.454539228,643012.628046575,2659678.6712544183,1183682.1347404774,3846,0.34383082389831543,0.02566797100007534,43146.575518757105
2025-06-14,10,9889740.824877635,21527681.26601176,8369080.228870983,17237619.269753575,1737005.653558218,3580173.513301995,1600696.3624124322,4932,0.13082735240459442,0.0037638151552528143,41621.83722603321
2025-06-15,10,5335970.095951527,17911606.261095285,4324947.690202836,14703474.207560444,923448.9376583553,2985822.813848089,1314551.1083505086,4605,0.27421000599861145,0.0086979940533638,45723.772700876
2025-06-16,10,3882797.847214952,10983454.715385094,3057205.337181861,9031622.991843436,621955.6113277158,1812075.5642536352,739687.3779221256,4131,0.015050764195621014,0.0010779028525575995,35971.4597761333
2025-06-18,10,1212871.6912257075,8372238.191906452,848026.5486004429,7302295.072957411,242449.490891904,1467307.6356693031,657710.7788744464,4098,0.23755896091461182,0.004151785746216774,40698.68041867018
2025-06-19,10,1561306.1656852663,5663870.086633965,1277663.341811704,4441531.897503959,314798.3166655817,1064979.0673122855,518047.6434310862,2103,0.2431909143924713,0.01374335028231144,24298.706174641848
2025-06-20,10,1708897.516718179,3814107.647206068,1374360.9165701028,3037569.153677078,360414.4559762245,788546.0912724343,399664.82513478067,3193,0.17762401700019836,0.004681240767240524,28326.248495310545
2025-06-21,10,1461134.7294925898,4249431.149692811,1115762.663969828,3503148.9332134183,276843.54939350573,798590.0439288721,436259.10911721154,3988,0.05915313959121704,0.001225689542479813,28082.96257057786
2025-06-22,10,827465.9266697317,9917863.95842509,575592.2614002536,9045082.423116067,174274.01007452965,1721684.607095744,794231.2881181268,3132,0.26689016819000244,0.0016356618143618107,38221.81197339296
2025-06-23,10,492021.1592359692,4945886.954647839,397586.0489815769,3877348.052750772,101625.76114080675,914055.6745878651,480454.5462996287,3096,0.07558862864971161,0.0037732848431915045,28199.30479606986
2025-06-24,10,341541.3542058468,2831465.057764232,282480.58646950335,2365095.1629502196,82162.70747388584,458851.0679560618,214221.8164083311,2377,0.07826204597949982,0.002632137155160308,19119.96777495742
2025-06-25,10,832501.0726504177,6577231.213862792,667724.1416263117,5478453.412920836,157374.08301388577,1188263.31856744,567734.6788792459,3240,0.029295681044459343,0.0007547300774604082,27238.058074861765
