date,hour,top1_pop,top5_pop,wui_top5_cells,max_prob,mean_prob,top10_pop
2021-02-01,11,374233.6042648554,700192.3789379597,2749,0.6006274223327637,0.01905764639377594,19108.304945886135
2021-02-01,14,230779.15674170852,1508878.5677268505,4383,0.6343925595283508,0.032798461616039276,26354.484010994434
2021-02-02,11,187184.70431625843,1133662.5324904472,3143,0.5224326848983765,0.02114449068903923,23956.20050507784
2021-02-02,14,180621.34801790118,1274939.2525736839,3404,0.5283827185630798,0.025516655296087265,20509.222675144672
2021-02-03,11,184001.53926676512,839852.1541489959,3272,0.2944980263710022,0.015589342452585697,17552.36474391818
2021-02-03,14,273132.91131177545,1923511.9689907134,4417,0.3822822868824005,0.024685461074113846,29814.541227847338
2021-02-04,11,320182.9067866802,1809990.7817337513,4205,0.4575687646865845,0.023311004042625427,18614.87384903431
2021-02-04,14,226961.43841677904,1401283.459735036,4263,0.46094465255737305,0.02993844263255596,21012.633806228638
2021-02-05,11,255503.3677907288,1053457.155278787,3167,0.3463795781135559,0.03262631595134735,18596.247530132532
2021-02-05,14,185813.71095129848,697284.2161029875,3858,0.5117658376693726,0.05319187045097351,16078.299332171679
2021-02-06,11,320864.98391100764,1479731.098925352,4085,0.544791579246521,0.06744970381259918,31358.42102393508
2021-02-06,14,233104.08042025566,1387166.8435025513,5670,0.6743700504302979,0.10013239830732346,35406.381326168776
2021-02-07,11,615053.7571460605,2101286.7230838835,3910,0.363396555185318,0.02876274473965168,38141.159590780735
2021-02-07,14,172027.53250268102,1067967.3132152855,7481,0.6240206360816956,0.08876944333314896,26345.727981239557
2021-02-08,11,710059.879173249,3379608.723626733,5840,0.6436052322387695,0.04559561610221863,38667.60801526904
2021-02-08,14,434570.96290025115,2446611.6643815637,6543,0.6673534512519836,0.0743347704410553,30810.4311889112
2021-02-09,11,918025.8663624525,2624845.458285868,6237,0.5159637928009033,0.04544788971543312,38187.09650427103
2021-02-09,14,356141.7119792998,1970768.1882011592,7764,0.6070858240127563,0.0764804407954216,32772.80725967884
2021-02-10,11,1237167.169096917,3222236.881809622,5659,0.4949507713317871,0.04382055997848511,39120.650263518095
2021-02-10,14,1018185.6850797534,3567862.153815955,7426,0.6393633484840393,0.07752574235200882,40649.84541583061
2021-02-11,11,930586.7411425412,3039970.617594108,4678,0.44621309638023376,0.032418206334114075,38460.472998946905
2021-02-11,14,822482.4537548125,3159990.4153680503,8446,0.47482651472091675,0.07910693436861038,31508.714924186468
2021-02-12,11,173446.0052228868,1378442.875694096,3104,0.6159048676490784,0.049312103539705276,26827.357150673866
2021-02-12,14,118003.73131087422,1269629.1545685828,6795,0.6208209991455078,0.14508163928985596,24708.22383210063
2021-02-13,11,337322.7947179079,1367431.4708394706,3509,0.6308979392051697,0.0773763582110405,35052.7846570909
2021-02-13,14,212993.11473235488,1020948.3413657546,4798,0.6480140686035156,0.19308353960514069,35543.15514072776
2021-02-14,11,301770.2556089461,1498320.1296198368,3812,0.6186752915382385,0.06810630857944489,35170.58274695277
2021-02-14,14,73754.33689844608,2249868.3539409637,6777,0.6665380597114563,0.13052040338516235,33796.14097818732
2021-02-15,11,274481.3030806184,666175.2929698527,2357,0.452909380197525,0.021500470116734505,19199.487778544426
2021-02-15,14,864817.6166668832,3334496.0118232965,5396,0.4853507876396179,0.03317496180534363,34142.88241222501
2021-02-16,11,636781.6865545362,1867655.0405503958,4392,0.3106151819229126,0.01191211212426424,30882.149215757847
2021-02-16,14,1177834.7214423716,2829915.094094366,5283,0.33046218752861023,0.018964286893606186,27479.663735747337
2021-02-17,11,890515.0061139166,2761685.1934413314,4724,0.2776453495025635,0.016319843009114265,40314.24937167764
2021-02-17,14,1103053.511643231,3618252.9292034507,5426,0.2821069359779358,0.017786795273423195,43472.67537352443
2021-02-18,11,990559.9665055573,3399760.899036467,5528,0.2560708522796631,0.016384823247790337,43481.02918210626
2021-02-18,14,1161543.8956812918,3783985.1963205934,6735,0.27424168586730957,0.020783681422472,40995.28998103738
2021-02-19,11,583215.0571804643,3153442.892355643,5618,0.4916846454143524,0.03233641758561134,30745.983300954103
2021-02-19,14,551784.3891401887,3010686.454705566,6851,0.6656234860420227,0.06082438305020332,33363.74267247319
2021-02-20,11,814405.4729320705,3724169.4766225517,5953,0.6382113099098206,0.05091237649321556,30175.4406478405
2021-02-20,14,153755.05860975385,1498678.903003633,4751,0.8036994338035583,0.13134443759918213,29473.738915741444
2021-02-21,11,563864.1327713281,3062047.294204727,6080,0.7874426245689392,0.0964042991399765,35824.05276671052
2021-02-21,14,197685.19116206467,1226093.0533192307,4243,0.797909677028656,0.2575787603855133,33039.24782034755
2021-02-22,11,147334.9503698647,1114752.6633543968,4461,0.8042691946029663,0.12299482524394989,27295.855236649513
2021-02-22,14,174523.57849889994,1051772.5571601093,3894,0.825303852558136,0.1919299066066742,28343.01132044196
2021-02-23,11,1206878.0859583318,4682066.118536666,7000,0.7175123691558838,0.07503308355808258,40275.46058112383
2021-02-23,14,791913.6355675757,3427233.093305528,7819,0.7009217739105225,0.10603215545415878,39930.48025080562
2021-02-24,11,934777.5128633827,3881016.097173989,7301,0.6041603684425354,0.08655261248350143,32279.849304288626
2021-02-24,14,883793.7490440905,3683456.289619297,9577,0.5884710550308228,0.13174697756767273,35522.88836508989
2021-02-25,11,1951752.9488755763,7438073.738853991,7548,0.5122007727622986,0.0668066218495369,49583.42843878269
2021-02-25,14,1511597.690193504,7408483.983109832,9739,0.4657883644104004,0.07883293181657791,47053.792271375656
2021-02-26,11,1183852.8447289765,7917607.6172067225,8978,0.5332168340682983,0.06279365718364716,53905.671077251434
2021-02-26,14,919305.4329293668,5036509.685021952,8480,0.6353713870048523,0.11643003672361374,53812.99492961168
2021-02-27,11,1352701.6829130352,7813375.681197211,7915,0.5185460448265076,0.06404909491539001,46073.96684136987
2021-02-27,14,395060.3185260594,4607312.243798658,8162,0.610480010509491,0.08588416129350662,37378.09895551205
2021-02-28,11,2444636.6170014143,13718147.50976652,7539,0.4575289189815521,0.03814255818724632,56222.2162309289
2021-02-28,14,307515.2030450702,2152096.936794549,8434,0.5709372162818909,0.07180950045585632,29733.40442031622
2021-03-01,11,1017807.9404469728,7475544.760093585,5368,0.23080475628376007,0.013256900943815708,41573.86592555046
2021-03-01,14,909137.9216073453,7307269.17361179,5021,0.24038198590278625,0.013914969749748707,39724.30192357302
2021-03-02,11,828430.1861515343,1954229.5165867805,3076,0.0074641467072069645,0.0010489197447896004,30643.749824792147
2021-03-02,14,920208.6434096396,2633028.7805116996,4017,0.011145700700581074,0.0015395550290122628,30608.884798705578
2021-03-03,11,562488.7945239916,1972639.904934235,3364,0.07302328199148178,0.001622600480914116,21978.098027408123
2021-03-03,14,639104.9529296011,1774056.8280170262,3290,0.08951027691364288,0.0027509545907378197,24602.474374890327
2021-03-04,11,851162.6076152027,2270729.1937869117,3543,0.027530908584594727,0.002098155440762639,28180.49860867858
2021-03-04,14,501927.3483042717,2470800.185855545,3504,0.03045155107975006,0.002391216577962041,21344.057308375835
2021-03-05,11,291354.913772583,2553758.8325087875,2712,0.03691672906279564,0.0013151898747310042,25405.958076536655
2021-03-05,14,244205.80338191986,1645671.6009786725,2555,0.06616219878196716,0.0037335120141506195,24684.90131983161
2021-03-06,11,2388771.1441485435,5659919.971173599,4407,0.2527744472026825,0.009839962236583233,46147.63940855861
2021-03-06,14,4444997.019797176,12950290.543429896,5423,0.3167968988418579,0.011653142981231213,51757.103358864784
2021-03-07,11,2864116.492323369,10928979.903127894,6464,0.24699260294437408,0.008544506505131721,48086.17778658867
2021-03-07,14,3242397.658209175,9834892.328898013,6706,0.257583886384964,0.012518219649791718,50173.778462171555
2021-03-08,11,4579815.710204825,10335561.099993736,5194,0.20448337495326996,0.010530776344239712,59009.00726738572
2021-03-08,14,1674744.560402304,7281398.64345935,7401,0.33949413895606995,0.033110082149505615,45785.20513796806
2021-03-09,11,2169557.764098875,7363082.846952923,4839,0.3563319742679596,0.01759278029203415,50877.799299418926
2021-03-09,14,1990370.9245762676,7020401.523166016,7917,0.4726064205169678,0.05016174167394638,45407.95134449005
2021-03-10,11,1271079.3834647238,4190848.0344320163,5982,0.6000512838363647,0.03506993502378464,36563.69610321522
2021-03-10,14,345887.75006082654,4138199.947570935,6408,0.6459558606147766,0.09270033985376358,28384.64665403962
2021-03-11,11,865428.4745931625,3820820.1598703116,4506,0.5550225377082825,0.041313160210847855,39289.20336037874
2021-03-11,14,319110.7301813364,4361562.0886632055,7604,0.6618411540985107,0.13665439188480377,31067.523033350706
2021-03-12,11,2590026.085826099,9314716.503711492,5446,0.323319673538208,0.02391733229160309,50562.872712641954
2021-03-12,14,5143445.825609267,19309046.90844059,6466,0.4085201323032379,0.01939588226377964,59205.92908370495
2021-03-13,11,3030712.721009463,12680760.97506389,6576,0.2814238667488098,0.010905526578426361,59032.13521578908
2021-03-13,14,2247225.689166665,8745898.490608752,8104,0.3275441527366638,0.02846040390431881,46718.109044373035
2021-03-14,11,1908797.029036805,6072311.845909998,4796,0.23663181066513062,0.011122876778244972,49035.58899626136
2021-03-14,14,2076235.5348085165,7522598.502767667,7046,0.4478478729724884,0.02114100195467472,44948.22593232989
2021-03-15,11,2362584.5209960043,9178460.345996812,4896,0.26607799530029297,0.012198383919894695,46791.4148504138
2021-03-15,14,1482398.472775787,4713117.798971057,6337,0.629743218421936,0.04423747584223747,37878.15000098944
2021-03-16,11,305830.4194033444,2662912.2642188966,3888,0.6857168078422546,0.02291310951113701,39055.84809756279
2021-03-16,14,580313.6749312282,3906065.1938717365,5864,0.8096584677696228,0.04732820764183998,35612.233258366585
2021-03-17,11,689633.8380623162,2753928.975317821,5337,0.5083461999893188,0.047726716846227646,32413.44643691182
2021-03-17,14,158584.14382100105,3301130.84680517,6713,0.6466296911239624,0.11284448206424713,29359.48133406043
2021-03-18,11,1959740.1567879617,7578410.246122986,6751,0.3220720589160919,0.041654352098703384,41936.39037805796
2021-03-18,14,1228088.9454517365,5274391.6771950275,8272,0.6349908113479614,0.09605605900287628,32184.93818283081
2021-03-19,11,2066097.0996045172,6975950.431097448,7603,0.5109712481498718,0.05208467319607735,47917.49992018938
2021-03-19,14,809738.883027494,5293411.4238168,8498,0.5897939205169678,0.10434474050998688,41988.17505457997
2021-03-20,11,1166339.877134353,7627343.801179707,5478,0.256637305021286,0.013237192295491695,43903.31459584832
2021-03-20,14,2761533.9781402647,6655424.994061083,5387,0.21376827359199524,0.008762012235820293,53007.71273705363
2021-03-21,11,2490038.830099672,8800793.905551046,5607,0.19607311487197876,0.006263121031224728,49545.50669851899
2021-03-21,14,1463869.2112089992,6029139.856905788,5744,0.4036098122596741,0.015397829003632069,40027.28980255127
2021-03-22,11,1626798.6604844928,6247211.524086148,5590,0.41541463136672974,0.01595006324350834,36848.190761476755
2021-03-22,14,1420874.820761308,5189628.257863805,6469,0.5791798233985901,0.03548899665474892,28754.51537233591
2021-03-23,11,486872.4491504729,2799717.2822396457,4838,0.624077558517456,0.04220985621213913,31551.810567975044
2021-03-23,14,318400.3543483615,1297752.0055265725,4765,0.7707517743110657,0.13560742139816284,25138.022227317095
2021-03-24,11,69853.58622160554,1532646.4634331614,3713,0.7750793099403381,0.06288236379623413,26934.217877924442
2021-03-24,14,104054.82657781243,1707197.202721879,4197,0.7725259065628052,0.11187443137168884,30477.93225374818
2021-03-25,11,108437.10995978117,2456323.9880358055,4903,0.7021297216415405,0.08879708498716354,32799.628709346056
2021-03-25,14,471417.4191747606,2241268.707397014,4986,0.6804697513580322,0.17426174879074097,37692.70910602808
2021-03-26,11,157811.113733083,1266428.5569949448,3470,0.8787142634391785,0.15159952640533447,31163.509261250496
2021-03-26,14,172410.8372568488,1208136.8013424277,4387,0.7154175043106079,0.2270328551530838,35347.37031841278
2021-03-27,11,1262103.7494404018,4587986.095406622,4738,0.6201516389846802,0.0923568457365036,36604.59296563268
2021-03-27,14,578925.9461522698,1717447.9507171214,4390,0.5980997085571289,0.07476264238357544,25370.96793061495
2021-03-28,11,572516.5225679278,1515357.1177431345,3165,0.35179588198661804,0.004208006896078587,23284.1220882833
2021-03-28,14,956724.3941211551,2636115.7320569754,4380,0.4512415826320648,0.006052043288946152,28284.496796697378
2021-03-29,11,372431.24020805955,2069332.2632638365,3868,0.7074783444404602,0.00826296303421259,23966.194486647844
2021-03-29,14,375818.21245345473,2168856.46894978,4073,0.6931502223014832,0.017972465604543686,24960.195310264826
2021-03-30,11,323940.77886137366,1684361.8770751655,3842,0.6166186332702637,0.030097724869847298,20613.871230602264
2021-03-30,14,459263.03893077374,2049694.8193713874,4425,0.6841984987258911,0.05005974695086479,25180.241121798754
2021-03-31,11,200650.75301346183,1176994.9484145045,3547,0.6150766015052795,0.051332298666238785,17457.289454370737
2021-03-31,14,565137.7304813862,2193658.610305324,5817,0.5190938711166382,0.08434643596410751,23230.029883354902
2021-04-01,11,130872.84361100197,1469865.6057993174,5569,0.764879584312439,0.1917198896408081,16678.08787587285
2021-04-01,14,152062.33950930834,1346949.9498115182,6224,0.8013149499893188,0.23198747634887695,17824.13123047352
2021-04-02,11,173417.16482511163,1931270.8326248825,5996,0.7268987894058228,0.198497474193573,36999.337739914656
2021-04-02,14,326309.4598646462,2799097.861157052,5812,0.7213824987411499,0.22910870611667633,36799.85989296436
2021-04-03,11,494811.609362185,3115650.4335464835,5923,0.6760123372077942,0.06709928065538406,34709.76311707497
2021-04-03,14,591223.2836586535,2239788.7746140957,4822,0.4855923056602478,0.023773392662405968,20485.41105338931
2021-04-04,11,400988.0782491267,1673082.8755026758,3718,0.01783929578959942,0.0021466875914484262,21594.550097614527
2021-04-04,14,843791.3166330755,3641921.6165374815,4297,0.1113564521074295,0.0025491511914879084,23276.792265594006
2021-04-05,11,1984574.5890145302,7032865.907692105,5204,0.2886568307876587,0.005836303345859051,43367.338533490896
2021-04-05,14,1252702.2458236516,4852718.671312332,4464,0.3566906452178955,0.010844225995242596,34678.64708250761
2021-04-06,11,711080.4451679587,2820618.089714028,4892,0.35085728764533997,0.008022889494895935,22984.054632604122
2021-04-06,14,1138215.7725052834,3351990.629446,5390,0.4054318368434906,0.02675710804760456,33909.54253870249
2021-04-07,11,387041.31555487216,1365593.3613017127,3508,0.5164063572883606,0.019777905195951462,32729.774410516024
2021-04-07,14,620299.8539528251,2185195.094990507,4850,0.6195968389511108,0.038344644010066986,24327.431646466255
2021-04-08,11,251471.97469908,2599792.92870526,4629,0.6440944075584412,0.09012170135974884,29822.29880771041
2021-04-08,14,261465.6973977983,3927766.862663649,5804,0.6777982711791992,0.13137662410736084,33029.831714749336
2021-04-09,11,458415.06798131764,3414499.3925109208,5505,0.6534039974212646,0.09677210450172424,32519.780354082584
2021-04-09,14,377727.9706225693,2745053.9057890326,6100,0.7399832606315613,0.11368028074502945,28092.195764303207
2021-04-10,11,1418527.2538530082,6989010.924568191,7248,0.46815064549446106,0.05311829596757889,47046.39706534147
2021-04-10,14,1085032.0322285295,4633755.281285942,6600,0.5293025374412537,0.0949665755033493,33835.48345223069
2021-04-11,11,821214.3073826581,4288633.926593833,6098,0.651058554649353,0.08828704804182053,34022.20663508773
2021-04-11,14,184816.15976583958,1702644.8884509504,4583,0.6988179683685303,0.16964568197727203,27087.326851010323
2021-04-12,11,1299069.7371228635,4824017.482616812,6801,0.5322781801223755,0.07719659805297852,41634.844302117825
2021-04-12,14,941531.1767876446,6518932.596064359,6476,0.7224341034889221,0.0321383997797966,42238.90379461646
2021-04-13,11,1093608.8896451592,4388965.277435556,4111,0.055506277829408646,0.002847527852281928,37595.15018552542
2021-04-13,14,587456.7723636627,3595691.036420226,4919,0.4349338710308075,0.008138250559568405,25496.850756824017
2021-04-14,11,353924.7947868407,3573554.3624505997,4511,0.26855164766311646,0.006173715461045504,29183.827738910913
2021-04-14,14,332641.73661240935,2409363.525645703,4905,0.4533405303955078,0.01651161164045334,23970.150222420692
2021-04-15,11,212564.07966187596,1546047.3243135065,4069,0.5470195412635803,0.020997924730181694,24696.75075107813
2021-04-15,14,404130.1339273453,2114313.234992549,5477,0.4697064757347107,0.03240547329187393,23757.165314495564
2021-04-16,11,275188.12124428153,1015588.3312309682,3449,0.5847333073616028,0.01752474159002304,18502.76012712717
2021-04-16,14,209567.00685548782,1251915.6303735375,4065,0.7363879084587097,0.025859544053673744,18117.511388719082
2021-04-17,11,202306.86970227957,1096658.0517562032,4037,0.6006366014480591,0.038764093071222305,19057.083913356066
2021-04-17,14,540241.5274673402,2279851.84736605,5465,0.6998377442359924,0.07191917300224304,23285.951653182507
2021-04-18,11,426219.275808692,1961201.0905543864,5355,0.5672373175621033,0.03578972816467285,26547.478326112032
2021-04-18,14,454162.7565892935,2331070.583016351,5636,0.5957313776016235,0.05065581575036049,30834.93243905902
2021-04-19,11,149855.0817478299,1172090.2630734146,5535,0.715156614780426,0.09223748743534088,22172.242481052876
2021-04-19,14,67195.78879591823,736884.9645601809,4885,0.822291374206543,0.1613222062587738,19256.276659607887
2021-04-20,11,67771.10582444072,749058.6396649033,4777,0.8451316952705383,0.1520620435476303,21652.176717847586
2021-04-20,14,82612.76096342504,886771.5515219122,4833,0.8279436230659485,0.18896792829036713,32136.46713683009
2021-04-21,11,202940.05221951008,930290.6543570757,4949,0.5883265137672424,0.18758375942707062,31759.77355325222
2021-04-21,14,74946.35778236389,520261.1996669471,4395,0.7500124573707581,0.2426804155111313,27302.06348565221
2021-04-22,11,390540.20911988616,1264152.5915259272,5078,0.7210959196090698,0.2022615373134613,38443.494538486004
2021-04-22,14,99258.17232969403,840935.3777753711,4260,0.7722235321998596,0.2960643470287323,30949.26894840598
2021-04-23,11,110629.85662186146,800987.8785683662,5461,0.8019953370094299,0.2516259551048279,16295.998641729355
2021-04-23,14,95895.564183563,700711.3325391859,4983,0.8205177783966064,0.27901071310043335,20748.07677578926
2021-04-24,11,264717.07377386093,1668483.0244556367,5755,0.6701297163963318,0.17539839446544647,33269.80495047569
2021-04-24,14,110152.38371175528,789553.7066069543,5887,0.6361229419708252,0.20681463181972504,19763.023864924908
2021-04-25,11,299739.24837219715,1651893.236396715,6200,0.616913378238678,0.12407205253839493,27093.03006413579
2021-04-25,14,108696.72178801894,1005764.5663628876,6468,0.698020875453949,0.1460801661014557,20879.70147487521
2021-04-26,11,209546.4384635687,1277356.7423806787,6155,0.5961679816246033,0.10189370065927505,31685.69664645195
2021-04-26,14,131294.72471430898,1126841.5713899732,6755,0.614763617515564,0.12745149433612823,16771.76871496439
2021-04-27,11,859013.5955733359,2686765.706853822,5398,0.43325236439704895,0.055908918380737305,32064.26005908847
2021-04-27,14,456502.1713218391,1877394.5567044169,5637,0.5899389982223511,0.07652989774942398,27488.74941381812
2021-04-28,11,419598.4712061584,1751918.695900172,5263,0.6275268197059631,0.0457385890185833,25679.233201622963
2021-04-28,14,181115.5482531786,1279472.2672421336,5313,0.7093983292579651,0.09311394393444061,22517.907451987267
2021-04-29,11,310206.8049893379,1761463.5960414559,5279,0.6359272003173828,0.05198902636766434,24129.89151418209
2021-04-29,14,81822.5977897942,844164.6795125604,5113,0.7618510723114014,0.08949460089206696,15805.170346140862
2021-04-30,11,698087.9337990135,2489674.864947811,5315,0.5576512813568115,0.020400242879986763,31494.430250376463
2021-04-30,14,574164.9541499913,2000169.1681644768,5939,0.640770435333252,0.037835538387298584,22290.323077440262
2021-05-01,11,616889.6859778464,2522744.705203235,4878,0.2987020015716553,0.005499838851392269,28696.347842872143
2021-05-01,14,713125.6587363482,2830019.80532746,4850,0.34792378544807434,0.006326190661638975,27751.60205796361
2021-05-02,11,339438.3006000221,2872479.741285868,5120,0.26740771532058716,0.0036844154819846153,27945.35881230235
2021-05-02,14,1531435.0479044914,3638770.59588179,5351,0.4060199558734894,0.007569869980216026,37074.72777810693
2021-05-03,11,700610.5609765053,2687976.6552106515,4909,0.3661571741104126,0.012959538027644157,29458.777831166983
2021-05-03,14,315502.87339791656,1361630.475966841,5013,0.515996515750885,0.025764910504221916,22094.49244019389
2021-05-04,11,507540.39378625154,3710961.2371243536,3802,0.529315173625946,0.0076317866332829,27177.576482445
2021-05-04,14,305708.58749094605,1733433.1366596967,3678,0.554301917552948,0.006535604130476713,18704.499236106873
2021-05-05,11,164401.73208147287,1182844.3254667968,3875,0.28629568219184875,0.0028566212859004736,14780.443937391043
2021-05-05,14,160000.1756925583,1617420.147736743,4491,0.4187321960926056,0.010129591450095177,18661.191594660282
2021-05-06,11,157115.5923884809,1819968.249306649,3486,0.5113570094108582,0.02640015073120594,24071.930044919252
2021-05-06,14,215869.8822951615,1368436.9740135968,3539,0.5212740302085876,0.025608928874135017,19573.414429992437
2021-05-07,11,325036.49262699485,1263406.7202641964,3575,0.7042794823646545,0.027641018852591515,23043.31289586425
2021-05-07,14,328959.58183074,1456065.597438231,3631,0.7537550926208496,0.018784163519740105,19178.652209222317
2021-05-08,11,252873.23491546512,1735764.3773555607,3612,0.48217546939849854,0.022200489416718483,22223.614149183035
2021-05-08,14,215225.8490125686,1191912.2502942085,3620,0.6118943095207214,0.0382971428334713,16540.584935873747
2021-05-09,11,393386.62367483974,1385420.8129436076,4789,0.5812720656394958,0.0479528084397316,23181.916909188032
2021-05-09,14,440109.91966354847,1832310.2656366974,4533,0.6475121378898621,0.07954172790050507,30946.101335555315
2021-05-10,11,473816.7158467695,2076481.9251519963,4957,0.5562081336975098,0.027180476114153862,26681.05167788267
2021-05-10,14,569937.6256468743,2310800.5254716054,4722,0.5339146852493286,0.02677913010120392,27360.015860944986
2021-05-11,11,115433.20362126827,1178636.683667168,3068,0.3435524106025696,0.01597387157380581,24252.16748562455
2021-05-11,14,379220.7957022935,2020861.119906813,4016,0.4173141121864319,0.02062046155333519,33071.964158028364
2021-05-12,11,2036023.2808519602,8210551.211396009,5107,0.5192512273788452,0.036343395709991455,62713.1630051136
2021-05-12,14,970465.9433855787,5724001.087278351,5148,0.5543087124824524,0.04111957922577858,51479.76550593972
2021-05-13,11,1010314.7733880281,5125779.941065952,5294,0.40623122453689575,0.04776456207036972,54969.10197994113
2021-05-13,14,692510.69244802,2202232.8649303317,4964,0.4227656126022339,0.04461419954895973,46175.23380610347
2021-05-14,11,1009292.3456341028,5899424.659736335,3873,0.36645469069480896,0.024326227605342865,57821.297072291374
2021-05-14,14,1009372.084770143,5024485.826631516,4974,0.40753430128097534,0.0337485671043396,53108.146805495024
2021-05-15,11,3052362.4535229206,12415206.21805206,5365,0.3210727274417877,0.005138966254889965,58105.83847168088
2021-05-15,14,1117765.5823770463,7871221.795724332,4975,0.34143495559692383,0.00577546888962388,53443.55337816477
2021-05-16,11,326652.1613998711,1412761.1419520378,3467,0.009051828645169735,0.0009598840260878205,26177.597882092
2021-05-16,14,222388.68390396237,1493836.0924844742,3514,0.010508212260901928,0.0008875738712958992,26583.048155725002
2021-05-17,11,200172.9626981616,1042537.0296899751,4197,0.0026190371718257666,0.0001516198244644329,22646.61043778062
2021-05-17,14,147610.47092980146,751288.5686424375,4453,0.0017463121330365539,0.00015698392235208303,17463.821604937315
2021-05-18,11,403123.7563496232,1807156.7478920072,4550,0.0034918978344649076,0.00015206403622869402,18743.51352727413
2021-05-18,14,141357.16469424963,1482557.6188550293,4989,0.004011575132608414,0.0003529172972775996,26633.4297683537
2021-05-19,11,279067.5066499114,2407774.912430793,4658,0.012236363254487514,0.000905731285456568,24027.85116171837
2021-05-19,14,128090.73220953345,815501.0812369883,4895,0.015417071990668774,0.001778308767825365,22096.30447202921
2021-05-20,11,175800.2105664611,3831406.6792104617,4668,0.023318124935030937,0.0006673356401734054,25862.01492214203
2021-05-20,14,312261.8085579276,2778526.6873294637,4878,0.04156111925840378,0.0008426891872659326,18907.03523913026
2021-05-21,11,956160.6289597452,3806126.4673615694,5193,0.00572859775274992,0.0006693506147712469,47704.677151590586
2021-05-21,14,731567.2911750078,4220928.857247502,5090,0.012256298214197159,0.0009126891964115202,41048.531520456076
2021-05-22,11,429631.80864828825,3435944.2465340495,5168,0.03548599034547806,0.0019292011857032776,36995.28877526522
2021-05-22,14,599335.7415686846,4832150.180174783,4584,0.05179935321211815,0.0037478625308722258,44302.521717727184
2021-05-23,11,260471.8500482738,5332443.12406075,4589,0.2247852087020874,0.00463275657966733,41710.53896421194
2021-05-23,14,643770.9580859244,3001491.331289977,3377,0.2220250517129898,0.006834774743765593,43283.48554480076
2021-05-24,11,234142.22655893862,3050033.217963457,3852,0.14936089515686035,0.0035786551889032125,28962.150820344687
2021-05-24,14,1230349.3956217468,6289063.233183116,4528,0.3374771177768707,0.008016180247068405,55431.804998248816
2021-05-25,11,370135.49668221176,1687983.8912169114,4613,0.26096436381340027,0.003973642364144325,20108.59044289589
2021-05-25,14,567740.9926583916,2103461.0877194703,4857,0.513722836971283,0.015317520126700401,27461.045737445354
2021-05-26,11,653553.5962881446,3560632.3041956425,4935,0.404953271150589,0.011287171393632889,37950.57884937525
2021-05-26,14,499246.4478765726,1605280.5297698528,4580,0.4022020399570465,0.018705734983086586,25614.773360222578
2021-05-27,11,425408.5698853135,2091271.5631928518,3100,0.3428192734718323,0.0032009559217840433,24252.48014330864
2021-05-27,14,823678.9046873599,2818015.562002845,4792,0.35397082567214966,0.003463233122602105,30298.511482089758
2021-05-28,11,630977.0546602011,2439164.8030472994,4427,0.4077211916446686,0.0105819720774889,28020.46197298169
2021-05-28,14,588183.7521232367,2739305.012087606,3729,0.5579042434692383,0.009990756399929523,29578.04098689556
2021-05-29,11,102767.53621163219,1312759.4499453753,4400,0.12558910250663757,0.0021733164321631193,19027.725290685892
2021-05-29,14,1598496.0629456341,2879218.165897444,4285,0.18609026074409485,0.0040177046321332455,35334.82189673185
2021-05-30,11,386045.4451391399,1522011.5624513999,3780,0.18405543267726898,0.006274776998907328,24348.122272998095
2021-05-30,14,156531.3208015859,1248650.943239376,3696,0.3103886842727661,0.006722279824316502,21723.304434508085
2021-05-31,11,248682.83642563224,1680206.1256534532,3261,0.13854102790355682,0.0036202038172632456,25923.686926871538
2021-05-31,14,304119.8416175544,839211.697297968,3089,0.33390793204307556,0.005993466358631849,20232.310049951077
2021-06-01,11,281781.11184230447,1434013.6801389605,3536,0.29138389229774475,0.005519175436347723,26943.383372694254
2021-06-01,14,149663.02621866018,1094681.0464609787,3001,0.4049476087093353,0.008217910304665565,23595.799425840378
2021-06-02,11,815090.0382476747,2911678.9716364443,3908,0.350502073764801,0.012843351811170578,36099.22673216462
2021-06-02,14,257163.07972860336,1576965.4738452286,4301,0.3896895945072174,0.01585901714861393,27230.212794154882
2021-06-03,11,902856.6229405105,5637038.011124924,3153,0.13113915920257568,0.0016745736356824636,47851.29923400283
2021-06-03,14,400931.98253282905,1165030.3971266001,2979,0.13708607852458954,0.0008773889858275652,20078.35153272748
2021-06-04,11,294634.53786465526,2022941.5552424863,4816,0.006849630270153284,0.0006937048747204244,26821.821184188128
2021-06-04,14,315315.4796100259,1520796.3772274554,4431,0.02288077585399151,0.0019433362176641822,27649.78555253148
2021-06-05,11,728509.9858409166,2542841.454074681,4002,0.028840094804763794,0.0025894350837916136,34735.59248331189
2021-06-05,14,372572.7687548995,1628284.637029618,3575,0.062003739178180695,0.00304590817540884,24965.077187389135
2021-06-06,11,210595.40818834305,931725.0427994132,2789,0.27602648735046387,0.0026950978208333254,14792.008145689964
2021-06-06,14,185844.50616639853,1138056.5833473653,3103,0.291871577501297,0.0038172812201082706,14662.151410341263
2021-06-07,11,165951.74834904075,1098698.5544912815,3460,0.3441014885902405,0.005053344182670116,17859.504150480032
2021-06-07,14,408488.38913848996,1664273.2804015502,3376,0.3014918863773346,0.0043951901607215405,16533.400278300047
2021-06-08,11,100693.07997956872,760242.0668093264,2915,0.3651183545589447,0.011261171661317348,17211.96027240157
2021-06-08,14,287620.0701624453,1400723.2915511727,2438,0.33613845705986023,0.012188135646283627,21897.34303498268
2021-06-09,11,341692.52765640616,1471222.7769687474,4027,0.36832839250564575,0.012780530378222466,23249.341673970222
2021-06-09,14,641957.9273454845,2571769.7403428257,3623,0.36059489846229553,0.015339723788201809,35708.60738313198
2021-06-10,11,315251.8384640813,1069632.6169488728,4420,0.40785494446754456,0.015574409626424313,23638.908319175243
2021-06-10,14,604070.2600939572,3047918.51804173,4805,0.38436394929885864,0.011460727080702782,41447.677956581116
2021-06-11,11,1320364.6687746346,3166278.1275070906,3591,0.1273362785577774,0.0006035622209310532,37741.23058694601
2021-06-11,14,587236.1558809578,2931939.1251491904,4151,0.21921145915985107,0.0010328609496355057,25935.847340494394
2021-06-12,11,215167.25476774573,2327861.3306114078,4012,0.04875417798757553,0.001027346821501851,33222.92243421078
2021-06-12,14,1740414.8428487182,4655475.467527658,4203,0.07941143959760666,0.002060100669041276,46365.308164060116
2021-06-13,11,1153288.1527721882,4129057.0933329165,3264,0.014038960449397564,0.001445592031814158,42244.99238112569
2021-06-13,14,1127798.193841368,3607361.1048076153,2869,0.026456916704773903,0.0021961356978863478,47365.78352859616
2021-06-14,11,733894.1057576537,4367584.209728986,3927,0.020373579114675522,0.001174986595287919,49978.08058655262
2021-06-14,14,1430085.0527715087,4176967.717550367,3980,0.04130606725811958,0.0015144747449085116,47616.86955088377
2021-06-15,11,174916.2542038262,1475950.391558051,4502,0.005369432270526886,0.00044767672079615295,24239.128334969282
2021-06-15,14,572488.7111459374,3397949.733838111,4355,0.0034509545657783747,0.0002962072321679443,39161.40727195144
2021-06-16,11,403192.9229131937,5368540.560364246,5724,0.12606370449066162,0.0014701661420986056,30919.19393876195
2021-06-16,14,1512871.5519680977,8439135.803651601,6031,0.2859731912612915,0.0018021038267761469,42884.500441432
2021-06-17,11,3870926.424297571,10826363.224054903,5535,0.11187705397605896,0.0011276497971266508,51359.254975259304
2021-06-17,14,4599464.486166865,13357345.00415054,6226,0.16398008167743683,0.0012337776133790612,53639.871282339096
2021-06-18,11,701639.4661492407,4330966.340706944,5082,0.049839626997709274,0.00027979689184576273,39781.69975247979
2021-06-18,14,548737.8171883821,2923027.408502102,4567,0.04312235862016678,0.000389742199331522,26528.312429010868
2021-06-19,11,911239.9631352127,3766098.0127466023,4938,0.013185840100049973,0.0010184423299506307,34086.23931401968
2021-06-19,14,739259.0545885861,3375345.8283255994,4352,0.19627165794372559,0.0018073885003104806,32822.957385122776
2021-06-20,11,523447.8901575506,3411987.0843036175,4072,0.17846879363059998,0.002823461778461933,31483.819849729538
2021-06-20,14,1298070.1244651377,2582866.395275086,3968,0.3133781850337982,0.004857218824326992,30994.004101514816
2021-06-21,11,467501.02630236745,2262447.417694576,4013,0.30713096261024475,0.004056601319462061,28269.06971848011
2021-06-21,14,379772.46680969,2101452.8487836495,4064,0.30023330450057983,0.005366153549402952,26415.30895397067
2021-06-22,11,1290303.2764665484,4735663.96713075,3272,0.06020810827612877,0.0020094101782888174,35704.42200189829
2021-06-22,14,1795103.2070640624,7527002.478231549,4382,0.16573072969913483,0.002308992901816964,43165.39224269986
2021-06-23,11,1927919.674319595,9765405.293104291,4713,0.028454620391130447,0.0009553427807986736,51074.442204236984
2021-06-23,14,4628978.528190613,14396941.31475316,5241,0.034969814121723175,0.0010637766681611538,56577.104407548904
2021-06-24,11,1918325.0916947424,9383401.249014512,5236,0.07476532459259033,0.00101486686617136,51706.9508934319
2021-06-24,14,3219905.0350576937,11124782.222068489,6073,0.2396928369998932,0.0016109683783724904,51430.98917171359
2021-06-25,11,3105230.6213089824,12839425.327724993,5349,0.08190041780471802,0.001525859348475933,50237.66357085109
2021-06-25,14,2244633.535449475,7613385.934539825,5241,0.17915275692939758,0.001986959483474493,40654.55410322547
2021-06-26,11,390595.04692501575,2397547.0172504336,3000,0.010231387801468372,0.0004815420543309301,22792.40557077527
2021-06-26,14,350089.7451477647,1923209.0239754021,4818,0.040277149528265,0.00166058330796659,26649.637824863195
2021-06-27,11,490104.3449189365,2016593.7328602374,4555,0.0271102674305439,0.0017589553026482463,31840.446343272924
2021-06-27,14,734259.7420860827,4512953.174484596,4908,0.03605222702026367,0.0016623781993985176,37874.94062882662
2021-06-28,11,264385.9719413221,1794013.1215292513,4747,0.012886358425021172,0.0015150406397879124,25782.82022243738
2021-06-28,14,429202.8002792299,2992228.025088705,5163,0.06302943825721741,0.0015304435510188341,31681.607295930386
2021-06-29,11,318629.5725901723,2591710.5307014883,5172,0.011232987977564335,0.0012504677288234234,28117.990106731653
2021-06-29,14,1158010.3459123075,3149382.793151252,4816,0.017262576147913933,0.0013362511526793242,32826.958281844854
2021-06-30,11,389275.5703166127,2905501.0999116898,5653,0.006757546216249466,0.0007086779805831611,31905.896089941263
2021-06-30,14,376035.7386381924,2911540.192629367,5292,0.02345200628042221,0.0011091085616499186,31543.931010246277
2022-02-01,11,207341.7248243317,1110105.9528422207,5562,0.5355702042579651,0.06338150799274445,29236.137432724237
2022-02-01,14,241411.82983724773,1115975.3957418054,6072,0.6132442951202393,0.08582314103841782,27270.12526512146
2022-02-02,11,132478.49659465253,691364.4510766342,4168,0.5354639291763306,0.04282910004258156,20042.828354239464
2022-02-02,14,167413.25009801984,1037362.5911652371,5840,0.5407195091247559,0.07268477231264114,20772.75568589568
2022-02-03,11,272916.40169264376,1526511.551824309,4629,0.5108149647712708,0.04301167652010918,32162.738805174828
2022-02-03,14,254529.93084862828,1459681.4053100795,6312,0.562268078327179,0.06701943278312683,28116.06950867176
2022-02-04,11,162635.56614086032,912470.7611402348,4591,0.4988069534301758,0.04207851365208626,17838.63132238388
2022-02-04,14,178051.0282715708,855226.2058151439,5351,0.572887659072876,0.07976476103067398,18591.662349909544
2022-02-05,11,76203.99227538705,532170.0850045532,4077,0.5215340256690979,0.051025014370679855,17652.101360291243
2022-02-05,14,157831.30184850097,943114.6290859804,4971,0.5961254239082336,0.0799669548869133,25605.625855833292
2022-02-06,11,95076.09993770719,830642.8585538268,4002,0.4868888556957245,0.04461546987295151,19620.618334442377
2022-02-06,14,114904.49929776788,1064509.805861488,4374,0.6142082214355469,0.08484476059675217,24141.26174968481
2022-02-07,11,519002.8294181824,1615860.1534573734,5001,0.4573156237602234,0.04783276468515396,34128.18283393979
2022-02-07,14,318652.15714877844,1405179.27635929,5969,0.4839070439338684,0.0658329576253891,29114.6404812932
2022-02-08,11,408363.4419263005,1749752.358469598,5571,0.4628518223762512,0.06372985243797302,30196.603394061327
2022-02-08,14,371844.32956784964,1760119.2506275475,6560,0.5270708203315735,0.10515770316123962,32199.672626942396
2022-02-09,11,430939.588506639,1569198.964259401,5093,0.45652541518211365,0.06449408829212189,30434.882737606764
2022-02-09,14,358190.52180857956,1299062.8458227217,7535,0.543254554271698,0.13131506741046906,25522.14278975129
2022-02-10,11,889309.0160587579,2748875.614900723,4216,0.5002635717391968,0.05779574438929558,32325.166171610355
2022-02-10,14,578150.7828233689,2199167.403396286,5141,0.5838104486465454,0.10024227946996689,30628.76519191265
2022-02-11,11,530140.4014338255,1966117.1898003072,3010,0.5040673613548279,0.04452909901738167,25225.675286352634
2022-02-11,14,342449.243626222,1482978.2920938134,4499,0.5621574521064758,0.10727442800998688,28689.484338074923
2022-02-12,11,206887.9351142496,1138926.8590567484,2972,0.5145817399024963,0.0656546801328659,25837.99267077446
2022-02-12,14,176551.64955456555,848076.6845177561,3818,0.587756335735321,0.14357036352157593,21736.468411535025
2022-02-13,11,692165.666811347,2629417.441732332,3750,0.47237536311149597,0.04734443500638008,25454.55104163289
2022-02-13,14,365476.5260052234,1954638.5713566095,5101,0.5841139554977417,0.09052520990371704,23552.682406038046
2022-02-14,11,270272.4654882997,1022846.6765602231,2458,0.38113313913345337,0.026692820712924004,15638.187517166138
2022-02-14,14,448492.61180113256,1796264.5456419587,5367,0.5561509132385254,0.0676831379532814,20454.963872611523
2022-02-15,11,405055.2424101159,1464842.9335984811,3354,0.4166909158229828,0.0349392406642437,18160.981478244066
2022-02-15,14,914200.3003694043,2898283.6026608273,4788,0.5658208727836609,0.059257619082927704,33319.47484898567
2022-02-16,11,230598.7378917411,1205103.3397840783,3073,0.3679783344268799,0.023122988641262054,18700.50937369466
2022-02-16,14,621163.7516354695,2215914.919755511,3989,0.4354555010795593,0.03998451679944992,28744.676999777555
2022-02-17,11,592789.1988152489,2121989.899690911,3590,0.3210492730140686,0.02135850116610527,33494.040834367275
2022-02-17,14,850025.5906481743,2717111.60327176,4431,0.4082293212413788,0.027497606351971626,34866.0205784142
2022-02-18,11,1029447.2345260307,3314053.4742481112,4879,0.38788148760795593,0.022389741614460945,34868.17262095213
2022-02-18,14,1219340.7074831948,4042118.017931558,5985,0.4205927550792694,0.041716210544109344,38376.29357290268
2022-02-19,11,719925.8054115474,2462780.098132342,3527,0.3735060393810272,0.03692425414919853,24836.673629403114
2022-02-19,14,988107.2315434366,3479940.1071451157,5009,0.4652055501937866,0.041460491716861725,38048.647424548864
2022-02-20,11,994848.1465604901,2951882.429961115,4612,0.3963923156261444,0.03560744971036911,28778.012302726507
2022-02-20,14,758423.8075495586,3250631.6795910895,5257,0.5039346218109131,0.06829870492219925,34446.41500362754
2022-02-21,11,791836.078130126,2897724.9018713534,4571,0.35656479001045227,0.021483073011040688,31094.18738144636
2022-02-21,14,635915.9939440861,2491734.8256441727,6621,0.4775182008743286,0.05107593908905983,20287.696786284447
2022-02-22,11,966501.6925019771,3509701.320360318,5615,0.43439531326293945,0.03832455351948738,31719.46659949422
2022-02-22,14,930960.0302301347,3342568.3703030273,5771,0.5325198173522949,0.06670582294464111,34011.28097066283
2022-02-23,11,1130604.9803620577,3829192.717143379,5417,0.49889642000198364,0.02870301902294159,39921.640871346
2022-02-23,14,621558.9262743592,2744988.997695945,6001,0.5772916078567505,0.04687469080090523,30526.82272940874
2022-02-24,11,480199.62883518636,2957354.040094286,5040,0.42554470896720886,0.03569032996892929,29084.81614971161
2022-02-24,14,410245.07329149544,2061220.9816131368,5635,0.5687352418899536,0.06906551122665405,24457.777109116316
2022-02-25,11,562162.7496394962,2752476.2721160576,5000,0.5294681191444397,0.0465870164334774,31140.23303347826
2022-02-25,14,391098.1515162736,2125556.660492748,6598,0.5597549080848694,0.09735096991062164,28970.720386505127
2022-02-26,11,735285.6614793241,3455479.6788476184,5370,0.43476206064224243,0.034273386001586914,33213.69514259696
2022-02-26,14,742138.7746724784,2940753.7204271257,6884,0.5591986775398254,0.11938106268644333,31022.428363472223
2022-02-27,11,824115.7659987807,3301655.1110507846,7639,0.46987444162368774,0.04030297324061394,29224.975682258606
2022-02-27,14,534322.9990042448,2441552.320547998,7537,0.4937184453010559,0.09389061480760574,24538.086361080408
2022-02-28,11,570429.9114220738,2248685.5549468696,4927,0.5362078547477722,0.055200159549713135,35528.37802255154
2022-02-28,14,270190.9496577978,1512879.930868864,5969,0.5541626214981079,0.14094266295433044,32290.78981742263
2022-03-01,11,211435.71686333418,1568283.1437133998,3979,0.47113046050071716,0.019138647243380547,25996.79024246335
2022-03-01,14,239195.1486621499,1280851.2182323486,5033,0.4910050332546234,0.04690442234277725,23776.433149278164
2022-03-02,11,759583.8458721191,3304216.96977745,5078,0.4468385875225067,0.029798688367009163,33469.568627625704
2022-03-02,14,337180.489875108,1545204.6278557777,5891,0.48640918731689453,0.06543686985969543,24767.999067634344
2022-03-03,11,299708.6330720484,2078381.2696974725,4999,0.46325257420539856,0.029332853853702545,27160.583558261395
2022-03-03,14,382158.3254503906,1718898.6754186451,5733,0.5374255180358887,0.08996909111738205,30531.243870675564
2022-03-04,11,96965.53314051032,878229.4926490188,3021,0.5530459880828857,0.04793659597635269,14717.12994453311
2022-03-04,14,276430.9417051971,2403573.6870719492,5864,0.6588230133056641,0.14556674659252167,16700.83602285385
2022-03-05,11,460583.16405296326,2113333.103546858,5244,0.5621901750564575,0.09572312235832214,29777.672676831484
2022-03-05,14,378083.7050794959,2232158.7749174833,5538,0.593924880027771,0.139008030295372,24076.459623724222
2022-03-06,11,610012.8917967975,2529525.4864304587,6324,0.5413289070129395,0.06831665337085724,22976.286288112402
2022-03-06,14,496608.0137605369,1899105.0099278018,6796,0.5992487668991089,0.11111359298229218,28191.459152013063
2022-03-07,11,170063.6025735289,988258.8382396549,5229,0.41259464621543884,0.053508877754211426,16024.536573022604
2022-03-07,14,188795.88984194398,811802.5150317401,5609,0.4839461147785187,0.11070499569177628,15017.553179860115
2022-03-08,11,212781.87864810228,996909.2503670007,4033,0.4668732285499573,0.08331521600484848,27138.09189018607
2022-03-08,14,276694.9773761332,1118502.9378342628,5501,0.503699541091919,0.13459448516368866,29622.923787474632
2022-03-09,11,327690.8851156831,1388184.758338958,4605,0.4714681804180145,0.06227228417992592,30895.254507869482
2022-03-09,14,135880.3990379572,669833.25757581,5022,0.5598804354667664,0.15714478492736816,18109.446462661028
2022-03-10,11,178660.622864604,878641.0628237724,3001,0.48006293177604675,0.0690222829580307,12348.573560088873
2022-03-10,14,429754.6728364229,2801581.7664424777,6389,0.5449851155281067,0.1926477551460266,27529.678912729025
2022-03-11,11,107592.54137676954,984346.1209647506,3612,0.5700666904449463,0.08159997314214706,18140.26196143031
2022-03-11,14,322406.63887915015,1744237.7140971571,4611,0.5766474604606628,0.12509402632713318,25880.493191421032
2022-03-12,11,688259.159758985,2522925.3447209597,3661,0.43829235434532166,0.033393315970897675,15909.366339862347
2022-03-12,14,1299799.0125328973,3985517.274183266,5808,0.5805578231811523,0.11106140911579132,27442.389150828123
2022-03-13,11,1308606.3707592934,3638962.334380716,4248,0.4048055410385132,0.011097116395831108,30854.652340620756
2022-03-13,14,1216283.2244529873,3513046.7051339597,3634,0.32482337951660156,0.007389295380562544,37759.678126215935
2022-03-14,11,1076273.5287984163,2970513.700488314,3142,0.21953405439853668,0.002214705338701606,39427.29081761837
2022-03-14,14,138091.67230656743,1429698.8584045246,3160,0.2936241328716278,0.0026050079613924026,30271.628256738186
2022-03-15,11,299550.86815197766,2686717.8398949504,3149,0.21721534430980682,0.003491576062515378,40740.56791809201
2022-03-15,14,163559.92867851257,905580.8271634132,3566,0.3361705243587494,0.010932628996670246,25094.530693113804
2022-03-16,11,181256.174467057,938664.9727469683,1569,0.43563833832740784,0.012637298554182053,18433.288484543562
2022-03-16,14,1003947.7114205658,2095477.42266953,2872,0.5399037599563599,0.03764190152287483,30981.054617971182
2022-03-17,11,677851.4190284908,1862488.141395308,3157,0.23716717958450317,0.00643082894384861,36724.151664972305
2022-03-17,14,929775.7597345039,3269180.2776866034,3665,0.2267322987318039,0.007216252852231264,36751.14524671435
2022-03-18,11,1564594.0489798486,6736064.64126908,5141,0.29144710302352905,0.0064370580948889256,40266.06879410148
2022-03-18,14,1431470.4776568264,5499598.1975476,5252,0.31209173798561096,0.008038364350795746,37876.408034563065
2022-03-19,11,79209.0199881643,1764888.1048558503,4510,0.4598117172718048,0.002315671881660819,31517.000969946384
2022-03-19,14,227442.81152801216,997187.2883052528,3540,0.5055375099182129,0.003831244772300124,18725.50167107582
2022-03-20,11,192082.0347570926,1516565.575351514,4598,0.12379908561706543,0.0021721909288316965,35766.38008475304
2022-03-20,14,816898.7957753241,5230000.390606783,4904,0.1787513643503189,0.002734976354986429,32143.084403425455
2022-03-21,11,415472.9893929213,2421086.0052690506,4454,0.1661568284034729,0.0045167733915150166,30025.934763520956
2022-03-21,14,522519.8527818769,2408393.1716435775,4652,0.29382678866386414,0.009780916385352612,27660.36798340082
2022-03-22,11,358958.0729600936,1886223.0011750609,5042,0.28511402010917664,0.012573763728141785,26141.918818444014
2022-03-22,14,833808.8007548451,3683086.911442697,6563,0.4241287410259247,0.02311326377093792,30435.231875896454
2022-03-23,11,414107.6633633077,2361975.28193672,4250,0.25471803545951843,0.007607562467455864,32628.960944622755
2022-03-23,14,367620.1203712821,2231628.7921068817,5551,0.4253135025501251,0.014880894683301449,23335.155360907316
2022-03-24,11,1178168.9165253416,4071472.797759965,4975,0.4547346830368042,0.01826719008386135,37047.95466583967
2022-03-24,14,949265.4818440676,3755298.7043031976,5565,0.5094633102416992,0.03973701596260071,33314.4955906868
2022-03-25,11,1045511.5606482327,4263829.727549389,4769,0.4648672044277191,0.02761772833764553,29355.68277424574
2022-03-25,14,1284163.3190194815,4980691.953983091,6150,0.509670078754425,0.06350821256637573,27970.21015036106
2022-03-26,11,307242.24918723106,1716395.5656482354,3998,0.25611376762390137,0.004773817025125027,30040.704720824957
2022-03-26,14,1315256.1644520909,2591782.1600904167,3841,0.4546207785606384,0.010274612344801426,28353.784023851156
2022-03-27,11,635316.6561116576,2160978.2530869693,3977,0.35928845405578613,0.006001346744596958,30906.450397461653
2022-03-27,14,556049.7839021832,2359572.452480972,3531,0.5087290406227112,0.021403629332780838,25788.94151675701
2022-03-28,11,431161.2997087762,2577023.286980517,3622,0.27594244480133057,0.008832266554236412,28337.84184718132
2022-03-28,14,764687.2619153112,3399416.713710621,4182,0.3243115544319153,0.013922466896474361,33326.03877773881
2022-03-29,11,269131.0219974965,1884758.736461684,3286,0.3712822198867798,0.013063810765743256,23363.525563120842
2022-03-29,14,361966.6087155044,1228531.085491687,3197,0.42348891496658325,0.025021597743034363,17186.560802072287
2022-03-30,11,149540.52664408088,1012262.7418055534,2679,0.44786426424980164,0.01952427625656128,22600.63197645545
2022-03-30,14,204662.86319562793,989230.128540501,3046,0.42019781470298767,0.024133067578077316,22679.422499746084
2022-03-31,11,948493.4938563704,3532280.315579772,4754,0.4305858016014099,0.012013896368443966,30912.520103096962
2022-03-31,14,1601403.9824988544,6108352.374188542,5367,0.46581465005874634,0.018934965133666992,34103.80207374692
2022-04-01,11,2611636.2159596533,8506601.855682977,4801,0.44998714327812195,0.01081224624067545,41041.23451191187
2022-04-01,14,3434667.3271706104,11607333.543350294,6391,0.44209977984428406,0.0232931450009346,51293.995697021484
2022-04-02,11,2885731.0036935955,6489301.640268058,5360,0.39438754320144653,0.01833207719027996,38672.71459186077
2022-04-02,14,2611060.2495276034,8098455.495876819,7096,0.4650314152240753,0.04500077664852142,41821.10497760773
2022-04-03,11,1953858.1230413616,6116568.712691128,5272,0.4959244728088379,0.03184064105153084,33461.138655632734
2022-04-03,14,1903132.7817720175,5861166.367711276,6151,0.4900531768798828,0.07534647732973099,37615.724928826094
2022-04-04,11,693642.3900982141,3460913.2191489637,4612,0.49193617701530457,0.04566217213869095,29603.065493762493
2022-04-04,14,527085.216778487,2960566.3520148546,5159,0.5175437331199646,0.11306805908679962,26643.05357605219
2022-04-05,11,131792.5953218639,1282023.1383505613,2870,0.6160477995872498,0.08541169762611389,21229.85777142644
2022-04-05,14,225099.6561512202,1269808.5351528823,3254,0.5928252339363098,0.15659861266613007,27430.941909462214
2022-04-06,11,101539.02062577009,1083310.6043660194,3684,0.509978711605072,0.09097708761692047,14822.191019922495
2022-04-06,14,66745.07814767957,849574.3451025337,3364,0.5307239294052124,0.15766699612140656,14146.72652631998
2022-04-07,11,284677.9216928184,2385569.5688738823,4460,0.46489417552948,0.055167730897665024,28793.22962769866
2022-04-07,14,59173.11061254144,1019126.8466527387,3393,0.5677118301391602,0.13395042717456818,18844.900552392006
2022-04-08,11,67731.3874706924,580652.9199064448,2865,0.5303835868835449,0.10141310840845108,12825.503184646368
2022-04-08,14,28547.628080040216,397076.45142020285,2911,0.5630112886428833,0.17647816240787506,10234.689696401358
2022-04-09,11,174019.79722994566,1217144.046402827,4265,0.656400740146637,0.1576826125383377,19686.96529752016
2022-04-09,14,130761.48167011142,1041491.1680253446,4961,0.6926937103271484,0.24382950365543365,21007.219977915287
2022-04-10,11,101092.32920512557,947421.3226295114,3582,0.5644603371620178,0.14281396567821503,18483.834770470858
2022-04-10,14,118441.40577825904,882308.2129786313,4059,0.5632455348968506,0.21883082389831543,19109.239785969257
2022-04-11,11,311574.5037111342,1948548.2858216465,4094,0.4712943136692047,0.07361841201782227,19532.931658744812
2022-04-11,14,194849.03623645008,1151993.0889366716,4688,0.512786865234375,0.14410161972045898,20046.533980727196
2022-04-12,11,231042.47931200266,1643849.052760467,3426,0.4789945185184479,0.04202123358845711,15944.597690165043
2022-04-12,14,350995.0212997794,1278816.514798358,4552,0.5526504516601562,0.13272447884082794,15314.155914276838
2022-04-13,11,459330.43882457167,2264769.855667673,3388,0.3034561276435852,0.006094014272093773,27920.802051126957
2022-04-13,14,1499014.9485477358,4883398.970674641,4135,0.3765189051628113,0.007056941278278828,37498.08423388004
2022-04-14,11,1515271.0941170678,6985706.134399444,4806,0.24482664465904236,0.004012264311313629,42077.61747455597
2022-04-14,14,1449495.7918721586,7699475.708219022,5012,0.30530592799186707,0.005549074616283178,46129.52892503142
2022-04-15,11,605449.9325544089,5900137.671033949,4954,0.25176170468330383,0.008800672367215157,38788.798534452915
2022-04-15,14,1266620.2326474488,4960940.547264487,5183,0.39635396003723145,0.01939314231276512,49594.97103124857
2022-04-16,11,1137994.49770689,4380656.309991665,5146,0.36748015880584717,0.01315283589065075,42399.12208801508
2022-04-16,14,999090.4498867095,4416226.602337457,6573,0.4846179187297821,0.032788265496492386,36668.37088498473
2022-04-17,11,338904.23562657833,1426302.3202536553,4554,0.49986329674720764,0.04590849205851555,21696.440718770027
2022-04-17,14,367757.90563869476,1521947.6688435972,5421,0.5545291900634766,0.08765142410993576,23105.50748682022
2022-04-18,11,200818.24458926916,1490380.0870574936,4459,0.524697482585907,0.09438056498765945,22370.449542462826
2022-04-18,14,205219.80407443643,1134037.9442472681,4926,0.542149007320404,0.14184093475341797,24041.56987595558
2022-04-19,11,212219.98587892205,971563.9573205188,4385,0.496298611164093,0.11961036175489426,17718.024245083332
2022-04-19,14,196341.09582597017,1060466.8786465526,4473,0.5226740837097168,0.16848300397396088,16045.238816082478
2022-04-20,11,290430.7624885738,1203816.2967979982,4254,0.5020121335983276,0.12300852686166763,27016.89679941535
2022-04-20,14,152598.41551271826,1038216.8734743521,4334,0.5255523920059204,0.18109695613384247,17633.883742034435
2022-04-21,11,580884.8853546232,3049161.2525376976,4911,0.485019713640213,0.07336867600679398,33000.542563170195
2022-04-21,14,1036856.3961018622,4404171.465452194,6054,0.5206087827682495,0.0740944966673851,32872.04532977939
2022-04-22,11,160903.9377539754,1540323.70358707,3263,0.492299884557724,0.04768778383731842,12295.183106273413
2022-04-22,14,283249.56970360875,1791073.9324300885,4235,0.53970867395401,0.09619595855474472,14126.780733525753
2022-04-23,11,629775.2235087156,2171153.170625791,3642,0.357911080121994,0.018554087728261948,17750.634871184826
2022-04-23,14,1074820.084098339,3262739.233029306,4795,0.5136911869049072,0.06871151924133301,29610.80333930254
2022-04-24,11,311408.87745678425,1859022.8649612218,3533,0.4553769528865814,0.035389628261327744,25590.77019739151
2022-04-24,14,370403.14252717793,1436153.6423407644,4022,0.5362303853034973,0.1056484654545784,26999.489205807447
2022-04-25,11,257640.6079211235,1001161.3734159321,3309,0.4995800256729126,0.03467082232236862,16497.525401979685
2022-04-25,14,422632.7759976983,1459837.3512532413,3930,0.5496972799301147,0.0911790132522583,22542.892187178135
2022-04-26,11,950123.8436008692,9935159.810781583,5170,0.42508822679519653,0.0026310260873287916,52418.83849391341
2022-04-26,14,2151878.325383216,12496420.862076283,5736,0.4971177279949188,0.009201167151331902,53581.00892949104
2022-04-27,11,1294513.3439711928,8976450.14719817,5970,0.4526819586753845,0.013994066044688225,53909.07353961468
2022-04-27,14,579883.9674632847,3372209.3015772104,5391,0.4632982611656189,0.021505635231733322,33394.47159636021
2022-04-28,11,1066332.1945269108,7161452.943918526,5402,0.38405585289001465,0.013161984272301197,46608.99216622114
2022-04-28,14,1182428.1166523397,6108510.09611401,5664,0.43673384189605713,0.024708205834031105,45349.28091958165
2022-04-29,11,1835150.3197218776,8533601.556478113,5861,0.0788113921880722,0.001199756865389645,54970.58050519228
2022-04-29,14,1935619.2086185813,12450722.861126453,6610,0.22579991817474365,0.0022554374299943447,53194.810368180275
2022-04-30,11,4661283.212481052,16152714.615806341,5866,0.13491804897785187,0.002160152420401573,54038.03776058555
2022-04-30,14,4434620.812507331,13028100.406565964,5797,0.2951156198978424,0.003133503720164299,53220.901229172945
2022-05-01,11,331969.8278551996,2161456.658285491,4446,0.21004240214824677,0.009826038032770157,41006.52503219247
2022-05-01,14,1471371.3170788884,4780963.771685004,5777,0.34896382689476013,0.022903049364686012,52666.48875170946
2022-05-02,11,355515.56234677136,1473110.7601055875,3880,0.2873806655406952,0.010805727913975716,33397.26578333974
2022-05-02,14,814635.20295614,2535679.3253426775,4296,0.3847217559814453,0.024655582383275032,32127.948413670063
2022-05-03,11,118173.30082035065,425193.2324105203,1780,0.3571319580078125,0.011534005403518677,20139.169396996498
2022-05-03,14,464448.7439736426,1358243.3088408113,3489,0.48168379068374634,0.03256458789110184,25711.169874608517
2022-05-04,11,179355.949935928,880453.4529095441,3197,0.5158063173294067,0.07027366012334824,22072.469681233168
2022-05-04,14,192264.6093020141,761613.9201207459,3330,0.47886595129966736,0.11834896355867386,18282.434447169304
2022-05-05,11,505873.5537366271,2301265.8518612236,4166,0.49159958958625793,0.06376186013221741,42935.1508820951
2022-05-05,14,146216.4214116335,658745.1332480013,2941,0.48391005396842957,0.11815442144870758,13500.33757442236
2022-05-06,11,155453.10902783275,591717.5165526867,2122,0.42378678917884827,0.044351402670145035,11821.719706863165
2022-05-06,14,210107.31152886152,930852.6941237003,2866,0.4611806273460388,0.07538177073001862,16993.53679960966
2022-05-07,11,281685.4290686846,1288477.9023616165,3310,0.35859036445617676,0.017255526036024094,25574.20941311121
2022-05-07,14,1336857.270531416,5428072.988505103,5302,0.45113033056259155,0.03313971310853958,47296.771587491035
2022-05-08,11,1138588.0534252822,4266095.350285716,5127,0.381721168756485,0.023405801504850388,48156.21417674422
2022-05-08,14,772285.6312804222,2738412.131380953,4823,0.3921442925930023,0.032321829348802567,43407.10678371787
2022-05-09,11,330738.0380426049,1315745.2564023882,3378,0.3758939802646637,0.014895305968821049,27673.37188267708
2022-05-09,14,1131929.0188466907,3250618.575776078,4830,0.47824910283088684,0.03987541422247887,40149.45344501734
2022-05-10,11,1168704.270069778,3385822.120866671,3564,0.49201950430870056,0.045451704412698746,49362.49917933345
2022-05-10,14,708351.6521204114,2153709.005293429,4122,0.4973137080669403,0.09537791460752487,37396.03923609853
2022-05-11,11,150522.09108400345,472507.12664717436,3053,0.4716116786003113,0.06933867931365967,20351.10857230425
2022-05-11,14,213566.0781059265,649613.0858149827,2946,0.4947599172592163,0.06885647028684616,33039.209686636925
2022-05-12,11,135580.05036264658,629005.4729506373,2436,0.4445713460445404,0.036631859838962555,27780.39043095708
2022-05-12,14,426601.8062852919,1398448.7404215038,3462,0.41752979159355164,0.044897645711898804,38674.91620904207
2022-05-13,11,561118.787147671,3494213.654025942,5317,0.3210616111755371,0.016231056302785873,42929.32202863693
2022-05-13,14,979110.4164355099,9029751.015211582,5899,0.343311071395874,0.01445296872407198,47564.77525949478
2022-05-14,11,1688604.9616134763,6205740.282498211,4835,0.35122182965278625,0.02000378631055355,55585.35516411066
2022-05-14,14,250666.92340297997,1297515.12101461,4222,0.46415969729423523,0.04092003405094147,36314.98926204443
2022-05-15,11,564369.4211280942,1855036.2101179361,5389,0.3168976902961731,0.03039553016424179,33510.65485820174
2022-05-15,14,493002.83912575245,1662355.2641020715,4708,0.4480242133140564,0.047591257840394974,37581.182474821806
2022-05-16,11,220758.26543067396,654905.309109658,2889,0.43091240525245667,0.05401894822716713,20975.459839254618
2022-05-16,14,238414.03973225504,792722.9773790762,3491,0.45724889636039734,0.07726895809173584,17843.586539566517
2022-05-17,11,346217.6228221804,851657.6624827236,2683,0.4527837634086609,0.05634008347988129,31641.717640519142
2022-05-17,14,291578.73739910126,1042159.7079266906,3897,0.481238454580307,0.090632863342762,23811.865897744894
2022-05-18,11,142157.9719170332,547131.3907244205,3226,0.4974801540374756,0.0845760703086853,20444.53612205386
2022-05-18,14,116540.5487767756,636794.446476996,3452,0.5150256156921387,0.11516527831554413,14512.045307189226
2022-05-19,11,306831.31553184986,912518.8293261379,3683,0.44792506098747253,0.08624167740345001,20202.67463296652
2022-05-19,14,278927.47093069553,866054.7296545208,4197,0.45784175395965576,0.10877223312854767,22963.75289824605
2022-05-20,11,168171.20659832656,755524.395820424,2874,0.40535449981689453,0.06681127101182938,21209.257504224777
2022-05-20,14,128523.07960346341,520349.7877378315,2758,0.45166662335395813,0.0912025049328804,19531.666847378016
2022-05-21,11,157567.76313374937,919690.8408273757,3273,0.4110003709793091,0.030142411589622498,20078.358680844307
2022-05-21,14,294769.39343866706,916604.1816957742,3785,0.446750283241272,0.05406671017408371,22860.827815294266
2022-05-22,11,247564.28209288418,806139.7517426461,3923,0.46971768140792847,0.04418843239545822,22445.423907488585
2022-05-22,14,160206.10865029693,753858.9095956385,3927,0.4885912239551544,0.07301100343465805,18900.936479389668
2022-05-23,11,199419.84400615096,589001.6290742457,2668,0.42937806248664856,0.026360871270298958,22421.913067519665
2022-05-23,14,239835.76714459062,713004.8252336085,3989,0.48275139927864075,0.05738057568669319,23038.839893341064
2022-05-24,11,272162.9408710897,805298.4152014256,4384,0.4994746148586273,0.05390620976686478,24020.286675810814
2022-05-24,14,140870.09687286615,588884.7723381221,3642,0.4941720962524414,0.0773160457611084,26587.738900005817
2022-05-25,11,139930.40222412348,394992.78294089437,2699,0.4717342257499695,0.044050972908735275,20444.75923651457
2022-05-25,14,153305.9125070274,505765.7483831048,3559,0.48211294412612915,0.0687185600399971,21765.013870745897
2022-05-26,11,124443.9346601367,681483.2739949599,4941,0.4041719138622284,0.016140945255756378,14393.221065580845
2022-05-26,14,242027.61068609357,844521.3648449779,4841,0.49194449186325073,0.038844503462314606,27636.14539554715
2022-05-27,11,351333.5166608691,1286458.3936155736,5190,0.4769372045993805,0.03727232292294502,29664.803551584482
2022-05-27,14,173682.23492786288,770137.6787627786,4669,0.5305899381637573,0.06079107150435448,20053.653878957033
2022-05-28,11,142121.49915905297,674102.5877752453,3383,0.4818061888217926,0.04710483178496361,17856.929442852736
2022-05-28,14,160553.38393631577,504027.272124812,2960,0.47270384430885315,0.07208028435707092,21473.126278936863
2022-05-29,11,139949.36092239618,457273.853682667,2752,0.463590145111084,0.049516987055540085,20810.97869414091
2022-05-29,14,101849.4105758369,332537.0562121868,2248,0.4503154754638672,0.06697554886341095,18840.85578674078
2022-05-30,11,145842.94070768356,449735.41740272194,2452,0.3767710030078888,0.0220902431756258,22571.801791638136
2022-05-30,14,134918.29035034776,377535.7009875551,2522,0.3518376052379608,0.02886318601667881,17099.907396554947
2022-05-31,11,271769.2553765178,1044399.213862136,4458,0.4296777844429016,0.03125535696744919,29787.910671263933
2022-05-31,14,141236.49461770058,589958.1478511095,3733,0.45451676845550537,0.05589798837900162,20769.421964913607
2022-06-01,11,325799.86416351795,846182.7910715342,3626,0.45653799176216125,0.06220165267586708,29175.544266432524
2022-06-01,14,282481.60606461763,658411.2918899953,3451,0.45695289969444275,0.08843560516834259,23753.82845249772
2022-06-02,11,89822.54440522194,282239.46718227863,1832,0.39836689829826355,0.037294529378414154,14148.4236356318
2022-06-02,14,123226.43698963523,382125.4903753996,2220,0.4362308382987976,0.06277667731046677,19022.23945352435
2022-06-03,11,165578.78288891912,561810.4181210399,2445,0.38772836327552795,0.020702827721834183,22956.429903030396
2022-06-03,14,312150.9535818398,900492.9617888033,3784,0.444744348526001,0.04528948664665222,29851.400308966637
2022-06-04,11,359959.76385855675,1123371.5516574085,4011,0.38085487484931946,0.01642129011452198,35841.0498791337
2022-06-04,14,310673.6185988486,996602.4484256804,4701,0.4091549217700958,0.02729128487408161,24749.753914654255
2022-06-05,11,600447.5811092556,3871784.2770593166,6221,0.35407859086990356,0.005585258360952139,44099.17233413458
2022-06-05,14,1350087.9737056792,9163321.708434105,6014,0.3359083831310272,0.0031090734992176294,54618.58351251483
2022-06-06,11,173309.16377992928,1221261.0826075226,3887,0.0161612406373024,0.000504076189827174,30195.523248523474
2022-06-06,14,3806682.782707542,14062752.128051072,6016,0.3463512063026428,0.0007667121244594455,56052.32001566887
2022-06-07,11,2734954.9595820606,11967613.76319462,6256,0.09670349955558777,0.00139112479519099,54544.0127299428
2022-06-07,14,2413032.364608437,14876114.54094392,6853,0.11559850722551346,0.0014885807177051902,57327.14842632413
2022-06-08,11,2297122.6705741584,12311391.511274785,6897,0.24995465576648712,0.0010109777795150876,54029.89056348801
2022-06-08,14,1450972.9953926504,8798284.694317818,6861,0.2651551365852356,0.0017785161035135388,50763.51465970278
2022-06-09,11,988016.1006824374,5428479.599611998,5763,0.10439804941415787,0.0009133785497397184,47330.37402191758
2022-06-09,14,301562.81007540226,2688404.659422189,4916,0.15290535986423492,0.0018842712743207812,42268.825873583555
2022-06-10,11,984780.7122154683,4408789.446622409,5057,0.06528927385807037,0.0019511812133714557,45588.409465909004
2022-06-10,14,489820.6866017729,2288565.935707465,4291,0.13601243495941162,0.0036183365155011415,39904.3111576736
2022-06-11,11,322028.677931726,2851198.4824459255,4687,0.3287579119205475,0.0034338117111474276,40481.63137251139
2022-06-11,14,188524.02260529995,1656799.0598421246,5510,0.418437123298645,0.00854756310582161,35446.18999245763
2022-06-12,11,938645.4479980469,6959066.732879683,6202,0.3182362914085388,0.003867124440148473,48364.012860029936
2022-06-12,14,569717.993856132,3692746.0177873224,6436,0.3449926972389221,0.005373663734644651,45296.351943314075
2022-06-13,11,266123.2103316188,2774179.531966254,5090,0.27551499009132385,0.00288745341822505,32603.029163628817
2022-06-13,14,283591.24298256636,2000389.2491479367,5737,0.3529505729675293,0.005080980248749256,33247.49028328061
2022-06-14,11,370225.18969997764,3772710.206970848,6952,0.4134528338909149,0.0038090008310973644,41010.117389172316
2022-06-14,14,340143.34976029396,3884398.6578386202,6874,0.4286186993122101,0.003651390317827463,39195.91439515352
2022-06-15,11,269089.81418575346,1301325.5589407757,3214,0.014565478079020977,0.0002833171747624874,28252.939345300198
2022-06-15,14,414695.72741906345,1319200.931868799,3961,0.042040977627038956,0.0006134751602075994,28123.931522607803
2022-06-16,11,458005.1352580339,1387957.7101593316,3721,0.027186138555407524,0.0008450601599179208,34973.85258990526
2022-06-16,14,316267.76183506846,1273163.7622259557,4265,0.10423476248979568,0.0018008656334131956,28276.83404803276
2022-06-17,11,128600.23055562377,597901.6619159877,2252,0.025205962359905243,0.0015252064913511276,23949.03727865219
2022-06-17,14,173691.2389061451,1144702.6119890958,2445,0.04584015905857086,0.003076257649809122,27507.49070599675
2022-06-18,11,201914.23075267673,810615.7366890013,2772,0.07227037847042084,0.0017051480244845152,22815.604061752558
2022-06-18,14,58069.62131038308,332100.7492584288,2337,0.2101624310016632,0.003999903332442045,14794.93966037035
2022-06-19,11,153061.90205040574,958828.742196545,2806,0.23923000693321228,0.0017819390632212162,22161.23008558154
2022-06-19,14,302982.61353194714,1144436.0789815485,2641,0.2214411050081253,0.00418871222063899,26592.18800714612
2022-06-20,11,294330.0033954978,1904632.3195446134,3019,0.31975072622299194,0.0028125508688390255,27718.653857141733
2022-06-20,14,131553.61524637043,557299.0290724486,3211,0.36979588866233826,0.0052470373921096325,19826.777293026447
2022-06-21,11,94150.26460915804,433025.0601093769,2246,0.328834593296051,0.0026833482552319765,15780.984947741032
2022-06-21,14,132872.77262306213,512111.8653829992,3277,0.3917250335216522,0.007361867465078831,17085.606446534395
2022-06-22,11,125408.56501951814,577340.3929375112,2715,0.3529244065284729,0.0033104580361396074,24972.044813394547
2022-06-22,14,85797.89838171005,454541.23164081573,2294,0.3776222765445709,0.0089313555508852,18190.896505117416
2022-06-23,11,21316.666775137186,319714.2775193453,1853,0.1509675681591034,0.0017004525288939476,18664.667035847902
2022-06-23,14,40145.27330058813,573414.5966570973,2863,0.10112706571817398,0.0011066278675571084,17457.06501507759
2022-06-24,11,30085.503676965833,600809.0478817597,3004,0.00829305313527584,0.0002674174902494997,17757.44988837838
2022-06-24,14,79007.0526342988,981264.341362536,3340,0.0144357243552804,0.0006866069743409753,23502.394625216722
2022-06-25,11,49122.346594274044,988207.5606218055,2826,0.05994357913732529,0.0005015135393477976,20526.79617893696
2022-06-25,14,41232.2906370759,496067.5162023157,2646,0.08540646731853485,0.0011148430639877915,13747.554904788733
2022-06-26,11,118865.28924550116,1968487.156904444,3175,0.015178019180893898,0.00029152483330108225,28171.407252907753
2022-06-26,14,211552.45780731738,2422942.4920511693,4019,0.014672310091555119,0.0004105186089873314,25880.742352873087
2022-06-27,11,73574.76784394681,1184723.6681816876,4172,0.03078695945441723,0.0003235612530261278,19021.674472987652
2022-06-27,14,116599.99640005827,1170595.8090067059,4627,0.006788244005292654,0.00027857019449584186,18268.3261603415
2022-06-28,11,102206.04531866312,1013373.9761976302,4793,0.023128069937229156,0.0009956819703802466,22914.26207229495
2022-06-28,14,126928.78252990544,923432.8487606496,4417,0.03358493745326996,0.0015872312942519784,15491.123197704554
2022-06-29,11,113852.6373718381,1054544.7651595771,3452,0.028173446655273438,0.0007435209699906409,19728.744739621878
2022-06-29,14,103806.77217903733,839089.2474473566,3561,0.0361567921936512,0.0010865632211789489,19229.126431912184
2022-06-30,11,905909.6977241337,2261298.78571859,3597,0.014146893285214901,0.0004468178085517138,29164.931973218918
2022-06-30,14,411466.43150648475,2770435.435390249,3791,0.02595590427517891,0.0008833472966216505,29968.14843404293
2023-02-01,11,1702603.9418680072,5063258.197126552,4537,0.7448635697364807,0.01851510815322399,35807.04657265544
2023-02-01,14,824788.6856616288,5324730.300543457,5554,0.9895686507225037,0.04833612218499184,37096.586313575506
2023-02-02,11,2750637.224956855,7512099.288650148,4975,0.9189748167991638,0.018372323364019394,39154.43452781439
2023-02-02,14,3122117.2888111025,7606929.11629533,6434,0.8004159927368164,0.02746444009244442,40457.61848333478
2023-02-03,11,2154641.5708627254,7230355.982709162,5479,0.8199639916419983,0.021163446828722954,36811.852876633406
2023-02-03,14,1357860.4664248228,5816004.5951287225,6327,0.9135268330574036,0.030446209013462067,32870.58941215277
2023-02-04,11,3103033.9392672256,7969327.125888862,5746,0.8789716958999634,0.02580759860575199,35928.79653587937
2023-02-04,14,2802987.020880714,8621204.948701553,6254,0.963135302066803,0.03805354982614517,40589.123901993036
2023-02-05,11,3036707.934266299,6932761.224744514,4985,0.7922465205192566,0.024124780669808388,42385.89525562525
2023-02-05,14,1476374.1524475738,7004566.856535554,5755,0.9484385251998901,0.04327511414885521,39044.82841399312
2023-02-06,11,288467.52957716584,3580946.9142871574,3223,0.9711914658546448,0.028772490099072456,31643.180270969868
2023-02-06,14,117156.61566779017,2367728.484624885,3218,0.9957685470581055,0.0567026361823082,22496.124630361795
2023-02-07,11,126139.78379124403,4027962.0049020573,2428,0.9911625385284424,0.03237361088395119,27643.06109726429
2023-02-07,14,100812.86806720495,2369702.48502025,2407,0.9993603825569153,0.05683799088001251,23047.754528552294
2023-02-08,11,971321.7101868242,5559227.768271059,3534,0.9629375338554382,0.022868363186717033,35832.71155568957
2023-02-08,14,290528.0467553139,3936857.254973337,4392,0.999083399772644,0.049347855150699615,31366.002950519323
2023-02-09,11,185251.7217272073,3964846.7562954575,2929,0.9929224252700806,0.029359200969338417,32062.159536331892
2023-02-09,14,764359.6534613967,5381858.077061757,4241,0.997647225856781,0.033975664526224136,30176.46820679307
2023-02-10,11,250199.23801854253,1179020.3729028106,2718,0.5183287858963013,0.010536669753491879,30488.263167142868
2023-02-10,14,1783360.6146205664,4943794.659138657,4463,0.8122442960739136,0.014269874431192875,43491.59589216113
2023-02-11,11,2638226.846655369,7870980.689292587,3683,0.3527635335922241,0.0036407618317753077,55084.802464425564
2023-02-11,14,2641745.3686475754,6873511.58253485,5389,0.4692014753818512,0.006566646974533796,57157.31462389231
2023-02-12,11,562071.8514194638,5241633.97351519,2626,0.7082165479660034,0.002850121818482876,48059.99571067095
2023-02-12,14,2002024.4684800208,8038527.5623082295,4852,0.5411595106124878,0.004716153256595135,50007.465565890074
2023-02-13,11,2656470.4748378694,9269148.875230312,5053,0.4578249156475067,0.003111220896244049,57726.28396373987
2023-02-13,14,1989389.1936148405,8590134.627003834,5263,0.46538808941841125,0.003979599103331566,56054.5728675127
2023-02-14,11,4418963.260638058,14657624.35950467,6422,0.48857933282852173,0.0030133314430713654,55378.86246728897
2023-02-14,14,1917298.3784212768,8535645.296837822,6406,0.5649238228797913,0.004026051610708237,49947.20804160833
2023-02-15,11,4603455.464342833,16743650.519820005,7094,0.7106896042823792,0.00682218000292778,61979.67375791073
2023-02-15,14,3974415.268223375,16305774.143894851,7635,0.7409437298774719,0.008711359463632107,67997.75347307324
2023-02-16,11,3297905.990612328,13248740.227806583,7171,0.5645420551300049,0.007727582938969135,58490.71611598134
2023-02-16,14,3599421.500632301,13839162.538239725,8897,0.7899794578552246,0.01099411305040121,59976.414563179016
2023-02-17,11,4302938.773834348,15247729.0682723,6898,0.5340454578399658,0.0067680333741009235,56261.708075374365
2023-02-17,14,2452957.5994102657,9514193.422836214,9132,0.9469977021217346,0.011022207327187061,54106.8438487649
2023-02-18,11,1481095.5591033846,7460996.673276424,6068,0.8156556487083435,0.008749187923967838,50277.24530130625
2023-02-18,14,1244143.6963704675,6164162.034269109,7330,0.7998518943786621,0.010231086052954197,43346.23961874843
2023-02-19,11,532767.8328002393,3450229.998912573,4259,0.6001155376434326,0.005150225479155779,35149.0089186728
2023-02-19,14,2299523.303066522,9179361.63605395,8006,0.9967995882034302,0.01226167380809784,54860.077433645725
2023-02-20,11,2035798.9146196991,8235971.237087019,7370,0.8704370260238647,0.017432333901524544,50041.750714838505
2023-02-20,14,1604539.3031610847,5793622.533025868,7653,0.9393938779830933,0.02376902475953102,45487.009022682905
2023-02-21,11,2035413.6954928935,6980442.888595082,6933,0.8455549478530884,0.03131214901804924,42718.913668334484
2023-02-21,14,1830650.5792298913,5794761.08664085,8404,0.8724868893623352,0.039730362594127655,42986.57489866018
2023-02-22,11,1015421.8408897221,7539484.096854851,6083,0.9658335447311401,0.03976304084062576,48397.129988878965
2023-02-22,14,1123099.3524496555,6152094.258405343,7861,0.9946512579917908,0.06496545672416687,51657.93086308241
2023-02-23,11,1019127.0215022415,6264100.35156621,6326,0.9999959468841553,0.04725382477045059,36276.76254671812
2023-02-23,14,1258722.7174212486,6028210.778667718,7649,0.9970190525054932,0.07057330012321472,42125.9223049283
2023-02-24,11,1692611.4039142132,5992497.307957187,5601,0.9996260404586792,0.05005669966340065,42469.4692234993
2023-02-24,14,913861.9784564674,5962495.404768333,6715,0.9997536540031433,0.09725988656282425,43439.40208727121
2023-02-25,11,2733807.5240361914,8652359.500990488,7750,0.978240966796875,0.04133937135338783,43907.41778296232
2023-02-25,14,2283008.8572150767,8118853.556377634,8265,0.9849108457565308,0.06284631043672562,40550.33358311653
2023-02-26,11,1864491.5421328247,8151915.729203209,7250,0.9875406622886658,0.04784373939037323,42698.82154929638
2023-02-26,14,1770929.9523778632,7862206.232278794,8322,0.9832982420921326,0.06365738064050674,47867.1481654942
2023-02-27,11,477726.57999682426,5096276.1262738705,4299,0.998629093170166,0.05951685085892677,36010.059009462595
2023-02-27,14,263160.6618575454,4954173.908928931,5300,0.9996218681335449,0.10234849900007248,37976.20935639739
2023-02-28,11,14515.330438047647,1545582.3221801817,2009,0.9999986886978149,0.10040793567895889,21857.702438652515
2023-02-28,14,61381.05224098265,2242986.403485924,2435,0.999988317489624,0.13538473844528198,27151.302647680044
2023-03-01,11,682116.0343020707,2691790.2681336105,2955,0.9956215023994446,0.03716069459915161,32227.733950972557
2023-03-01,14,930076.9039269835,4308227.95178403,5549,0.9866101145744324,0.06183072179555893,35377.67828258872
2023-03-02,11,1479671.0734081417,7679170.494802691,7537,0.9987928867340088,0.08251067996025085,38368.25497445464
2023-03-02,14,1115024.5822202265,6470068.258710898,6883,0.9997132420539856,0.09270738810300827,40567.4704978466
2023-03-03,11,227317.7893718481,2890897.3395685703,3459,0.9997677206993103,0.08951183408498764,28828.767757862806
2023-03-03,14,104412.87365452945,1908056.6808510646,3354,0.9998887777328491,0.13062803447246552,22054.1674362123
2023-03-04,11,179887.96738439798,914897.7284059748,4342,0.9999819993972778,0.11703918874263763,29679.50723385811
2023-03-04,14,150724.10563252866,856332.3377864659,4573,0.9998779296875,0.23386475443840027,23581.648182213306
2023-03-05,11,198796.53272272646,1270608.5002484322,4654,0.9962280988693237,0.08877703547477722,29320.693939000368
2023-03-05,14,278219.2064163685,898543.1297136694,5057,0.9987072944641113,0.22158120572566986,34546.816547602415
2023-03-06,11,31089.058543652296,834949.3733797744,2424,0.999747097492218,0.10034176707267761,20967.973921716213
2023-03-06,14,94440.19551879168,1162771.4807543606,3518,0.9999959468841553,0.20771653950214386,15342.953681409359
2023-03-07,11,19774.901962816715,621794.5430135652,1762,0.9999984502792358,0.12113544344902039,17289.864141494036
2023-03-07,14,79420.56577923894,1014970.1161334068,2543,0.9999915361404419,0.19039972126483917,23522.25867846608
2023-03-08,11,29367.81189596653,442824.56052178144,2151,0.9999732971191406,0.19428059458732605,23783.258454173803
2023-03-08,14,32643.037937909365,385352.38846693933,2242,0.9999880790710449,0.22611483931541443,12621.778731405735
2023-03-09,11,765766.3631923944,2968676.657248564,3846,0.990878164768219,0.05139133706688881,24389.712870299816
2023-03-09,14,128026.4624081552,2138586.410305798,3496,0.9977673292160034,0.11035694181919098,19479.32331380248
2023-03-10,11,11613.138420403004,311248.8877878487,1219,0.9999033212661743,0.09523776918649673,10677.285453885794
2023-03-10,14,53120.10827705264,957362.5001633763,2014,0.999687671661377,0.20135033130645752,25700.306048452854
2023-03-11,11,23770.019686847925,413248.58278000355,2005,0.9999809265136719,0.17408117651939392,25062.921030402184
2023-03-11,14,38081.06787768006,1056047.6712144017,2265,0.9999861717224121,0.25505512952804565,24267.413435161114
2023-03-12,11,262964.4923682511,1419600.9961963296,3208,0.9997001886367798,0.030369773507118225,23134.938661903143
2023-03-12,14,819590.435328871,2150265.5117521286,3641,0.9851495027542114,0.016860608011484146,28129.32499924302
2023-03-13,11,672817.9148963988,1952920.9758638144,4274,0.7033131122589111,0.02084038220345974,18569.15522453189
2023-03-13,14,754852.5339040756,2173932.6304263026,4010,0.9674721956253052,0.02462881989777088,23034.446738660336
2023-03-14,11,238298.89815977216,1844047.4738670737,4958,0.9986822009086609,0.05285307392477989,38188.342160612345
2023-03-14,14,380834.0408309102,3126893.8777248412,5155,0.9906643629074097,0.09106512367725372,42551.145970612764
2023-03-15,11,139788.53288787603,1298108.5775885582,4219,0.9990930557250977,0.05850260332226753,22552.38197916746
2023-03-15,14,163190.67295363545,1564506.6826190874,4129,0.999286949634552,0.09779752045869827,15950.501108914614
2023-03-16,11,348147.61115179956,2067800.387468934,4449,0.9593938589096069,0.03437069058418274,29744.9530647099
2023-03-16,14,507010.3354486227,2351837.096325256,5035,0.99208003282547,0.04841773957014084,33540.59519183636
2023-03-17,11,363358.6252746582,2131137.2096521407,5519,0.9612972736358643,0.0594741627573967,27532.608968764544
2023-03-17,14,540680.0861719847,2969325.1252473593,6666,0.9655371308326721,0.06187557056546211,28528.387692004442
2023-03-18,11,217070.95261022449,2001128.6915906072,5623,0.9874144196510315,0.060830119997262955,21580.5906740129
2023-03-18,14,137977.9061076045,1880565.452747956,4950,0.9933633804321289,0.1012653186917305,19918.731730014086
2023-03-19,11,377075.97367042303,2336596.672402069,5183,0.9990962743759155,0.07300975173711777,31700.61236512661
2023-03-19,14,516820.9731285721,2777314.5515106916,5544,0.9831287264823914,0.1095716804265976,31659.006087839603
2023-03-20,11,422090.2926260829,2705900.12758559,4057,0.9985063672065735,0.08397094160318375,33839.142846018076
2023-03-20,14,532752.8684570491,3323900.91644682,5652,0.999627947807312,0.12273633480072021,34679.99142104387
2023-03-21,11,87964.80555513501,1540028.5916053653,4465,0.9979144930839539,0.13051247596740723,29046.79020023346
2023-03-21,14,444244.66621014476,4185198.123764977,5383,0.9990298748016357,0.1523822546005249,33121.81597292423
2023-03-22,11,96372.39972230792,1924850.845140107,4040,0.99941086769104,0.09932305663824081,23668.16438409686
2023-03-22,14,1076065.3064273894,5533337.655933231,6316,0.9994845390319824,0.12175162881612778,45549.252419799566
2023-03-23,11,2887730.9505349398,8186109.543125957,5185,0.8112095594406128,0.014203332364559174,54143.98861241341
2023-03-23,14,2232216.5086854696,8018438.857865006,7995,0.9874601364135742,0.032317787408828735,50158.86622864008
2023-03-24,11,2241225.6419561207,9992318.35864447,7135,0.9646561145782471,0.01431328896433115,49276.413374096155
2023-03-24,14,1825393.5760223866,6527824.824140564,7460,0.9853217005729675,0.013751910999417305,53612.72917616367
2023-03-25,11,1086189.5515888631,7230370.987183958,7033,0.7755833864212036,0.008326803334057331,42714.69880759716
2023-03-25,14,1464317.6208158731,6246955.903226584,7635,0.8148964643478394,0.010435809381306171,44160.00239789486
2023-03-26,11,2077604.952144593,9052331.941393822,7874,0.8527794480323792,0.013610619120299816,51492.3413849771
2023-03-26,14,1871538.7672988772,6981369.324393198,8101,0.9173299074172974,0.026280760765075684,55084.850672751665
2023-03-27,11,1648141.6695159674,7209081.457586199,7937,0.9556640982627869,0.01263562310487032,46186.59186309576
2023-03-27,14,1393891.6315982789,5154628.921693966,8150,0.9488188624382019,0.020029302686452866,46595.701521098614
2023-03-28,11,1050080.0691781715,7046651.264324687,6470,0.9984689354896545,0.04429062828421593,35478.92645961046
2023-03-28,14,2072927.0054901242,6607795.397953786,7184,0.9693030118942261,0.07488876581192017,45518.70135948062
2023-03-29,11,971300.5853827894,5583090.586326554,5840,0.9933220744132996,0.059641946107149124,31018.550216287374
2023-03-29,14,1772514.625420779,5529410.842017226,7052,0.9985874891281128,0.10781315714120865,47972.76198476553
2023-03-30,11,159393.79911839962,1987111.495902419,2811,0.9977965354919434,0.10154783725738525,27257.678924262524
2023-03-30,14,633821.11338076,3983599.6243210435,4624,0.9978419542312622,0.15203213691711426,44600.41560462117
2023-03-31,11,82683.55239595473,1140976.3079626262,3344,0.9988856911659241,0.12550368905067444,22252.445790827274
2023-03-31,14,270639.14607438445,2566155.4483242035,3825,0.9971852898597717,0.171273335814476,38595.143269479275
2023-04-01,11,83445.63607774675,1190098.571738705,3107,0.999140739440918,0.12934856116771698,28571.334007829428
2023-04-01,14,1176991.7283020616,4230453.326785907,5376,0.985372006893158,0.15527628362178802,32659.338472276926
2023-04-02,11,127994.43215316534,2463718.7241162956,4149,0.9998108744621277,0.13869336247444153,39375.12483498454
2023-04-02,14,390763.9706363529,4283151.409638748,5489,0.9997839331626892,0.17266668379306793,41914.046883791685
2023-04-03,11,187394.49260941148,2022444.2318173796,3801,0.9999792575836182,0.13858792185783386,25054.863004922867
2023-04-03,14,798785.2481390983,3937311.5615741163,4218,0.999945878982544,0.15600891411304474,42759.99141395092
2023-04-04,11,547052.5680330694,3461280.7543101013,5343,0.9966686367988586,0.0681237280368805,41313.2249777019
2023-04-04,14,1012192.2026882172,3794995.2176300287,5830,0.9450284242630005,0.07933235913515091,40005.1707393229
2023-04-05,11,303420.20412606,1847926.3562507033,3852,0.18859073519706726,0.009219867177307606,48367.1888563633
2023-04-05,14,456478.30346116424,2919541.769856781,4329,0.2219555824995041,0.009608034044504166,48430.51448315382
2023-04-06,11,1159069.4797431678,3081040.373194799,4026,0.052486736327409744,0.0013646766310557723,29817.125516951084
2023-04-06,14,659833.8365559727,2599876.842523195,3777,0.17033126950263977,0.0015598390018567443,24382.795885443687
2023-04-07,11,1677481.5384312123,3341127.1385552436,4519,0.11902859807014465,0.0011774507584050298,32764.534427165985
2023-04-07,14,930235.3433611095,3072789.3655227125,4363,0.32177284359931946,0.001890920684672892,29516.46577015519
2023-04-08,11,350746.50438304245,1973801.1032868698,3462,0.917992889881134,0.0028642984107136726,16946.105660140514
2023-04-08,14,467733.868148461,2518587.0452734977,3797,0.6963509917259216,0.0043209572322666645,23994.329349309206
2023-04-09,11,458130.4612313509,2355324.938720569,4652,0.6196608543395996,0.01161275152117014,23500.188901007175
2023-04-09,14,852904.8964821696,2494153.706766635,5573,0.871159553527832,0.025140663608908653,28210.061746299267
2023-04-10,11,155367.9245249182,2736354.378311679,3458,0.9947786331176758,0.05111940577626228,29088.724213778973
2023-04-10,14,728220.475429818,3429342.067040041,4885,0.9478403329849243,0.06207006052136421,31971.966318160295
2023-04-11,11,277833.8238516748,1948494.1158245355,3366,0.9918388724327087,0.07750286161899567,17819.090419232845
2023-04-11,14,291526.0479775071,2284099.8353485763,2957,0.9974430799484253,0.07335211336612701,20055.73675352335
2023-04-12,11,454407.14528054,3425164.929487422,4334,0.99420565366745,0.05459684878587723,28490.729797571898
2023-04-12,14,627299.3231573105,4199203.128730282,4978,0.9948849081993103,0.0794660896062851,29558.132734954357
2023-04-13,11,158109.38583239913,1839184.0032022297,3398,0.9996095299720764,0.06987171620130539,27037.519356131554
2023-04-13,14,754471.5487662628,3192116.16885484,4976,0.9990522265434265,0.10443365573883057,26639.35598039627
2023-04-14,11,196502.19573831558,1350079.7460413873,4385,0.9997339844703674,0.037436600774526596,26411.11484977603
2023-04-14,14,694641.0093319416,3003872.914540291,6049,0.9998212456703186,0.042315397411584854,48558.72410428524
2023-04-15,11,388927.44826325774,1464819.9989278316,3463,0.4234457314014435,0.02004050463438034,25780.66311994195
2023-04-15,14,372490.67074579,962159.5471318662,3526,0.6368303894996643,0.01717463880777359,17277.51429080963
2023-04-16,11,227161.482509017,1095800.8870196939,1787,0.3561042249202728,0.013382593169808388,20274.826088279486
2023-04-16,14,1851167.2188384533,2994665.469811976,4119,0.6281288266181946,0.02504110150039196,32983.85659143329
2023-04-17,11,791070.0398026705,2501150.533168316,4095,0.4596799314022064,0.014120297506451607,26776.14746275544
2023-04-17,14,1229163.8095660508,2888550.472935289,4790,0.6681825518608093,0.03009076789021492,31712.608790546656
2023-04-18,11,313186.80336144567,1414912.444562927,2644,0.5221410393714905,0.0034961174242198467,25638.088613331318
2023-04-18,14,296141.2176383734,2577319.2287346125,3374,0.4264911413192749,0.003863132791593671,38604.294793367386
2023-04-19,11,2116449.935593933,8703221.130913138,4733,0.3379049003124237,0.004797450732439756,46865.6465472579
2023-04-19,14,1571681.4928845167,6099285.757231176,5672,0.5726162195205688,0.012632707133889198,43421.9885558784
2023-04-20,11,1310800.3128796816,4379037.509730846,3878,0.9501402974128723,0.005904719233512878,36603.768463641405
2023-04-20,14,940689.3275490999,2924471.9331965744,5368,0.9897922277450562,0.013162144459784031,26803.17527720332
2023-04-21,11,2048273.0693080649,4331079.919347756,4853,0.9859878420829773,0.0062483809888362885,33361.010664105415
2023-04-21,14,1242569.6522479206,5021446.827893175,6496,0.4746161699295044,0.009039770811796188,49872.0288836956
2023-04-22,11,1799239.49412179,7208436.51920864,6703,0.6397892236709595,0.017243605107069016,53170.24282833934
2023-04-22,14,1812790.846963197,6236919.283996344,6353,0.713549792766571,0.02568648010492325,57836.52240562439
2023-04-23,11,1812232.228254199,4883062.920887187,6261,0.6112260222434998,0.02653050795197487,28996.42188695073
2023-04-23,14,1661197.1965125948,5217455.12619181,6152,0.761784017086029,0.04579662159085274,52709.0670568347
2023-04-24,11,2091682.4084258825,6170578.465605125,6054,0.7513276934623718,0.029997244477272034,46285.29359263182
2023-04-24,14,1731964.9620802104,5777808.511440441,7257,0.7638879418373108,0.03285064548254013,51169.57505604625
2023-04-25,11,965522.602574408,3336667.925464511,5809,0.656313419342041,0.014446823857724667,38481.04313799739
2023-04-25,14,534304.6773672998,1987858.2245335504,5574,0.6537936925888062,0.013054456561803818,31867.651138931513
2023-04-26,11,2882689.3214904666,12415275.125533968,7316,0.7232456803321838,0.006548651028424501,55128.194493710995
2023-04-26,14,2798954.904310018,9150409.888290629,6180,0.6871953010559082,0.008921355940401554,53494.56388413906
2023-04-27,11,1953157.680263877,10418508.389430821,6161,0.5272804498672485,0.0090397410094738,62121.334072738886
2023-04-27,14,1428793.3004013002,5988566.997520417,6656,0.5371754765510559,0.020264044404029846,50734.014763355255
2023-04-28,11,598002.2318800092,4542971.177862912,4880,0.7083904147148132,0.015267880633473396,27362.395942926407
2023-04-28,14,737879.2502989769,3626021.2763344646,4784,0.6094920039176941,0.03443075343966484,51860.643168091774
2023-04-29,11,199746.15782639384,2678758.600810781,3787,0.09449905902147293,0.002223324030637741,31451.550047665834
2023-04-29,14,119737.3265503496,1383293.617218852,2440,0.5024280548095703,0.0033492641523480415,14816.426021158695
2023-04-30,11,251928.6095775962,2251286.398330167,3535,0.45017772912979126,0.005052313674241304,18811.838923960924
2023-04-30,14,590367.7272273898,2600505.8964438736,4336,0.5171816945075989,0.007642699871212244,31392.319623172283
2023-05-01,11,568870.8484962881,2458350.2152113095,4852,0.6234860420227051,0.011992611922323704,28837.361038953066
2023-05-01,14,612614.3988434672,2468348.436536506,4606,0.5794631838798523,0.01767561212182045,27899.841992676258
2023-05-02,11,572497.8682855517,2275652.951675132,4958,0.5972865223884583,0.02365110069513321,29908.396051615477
2023-05-02,14,522113.34728080034,2121964.52351363,5283,0.7400954365730286,0.05804720148444176,32499.193914473057
2023-05-03,11,457272.0245396197,1623576.392419368,5780,0.6084367036819458,0.03259478881955147,29241.63664677739
2023-05-03,14,404468.61288401484,1537628.5095245838,5317,0.7267318367958069,0.05448058247566223,24619.896173626184
2023-05-04,11,927519.1234312057,2685222.7006358355,3488,0.6976495981216431,0.029058542102575302,26981.333465635777
2023-05-04,14,1484390.324848175,4603623.075591296,7107,0.6858430504798889,0.034253768622875214,46691.406794041395
2023-05-05,11,1927960.5119072497,8917555.790162891,3934,0.4461946189403534,0.0047089820727705956,48063.10685300827
2023-05-05,14,890340.9441131651,5916703.526449397,4079,0.4436117112636566,0.0041269403882324696,43279.3940718472
2023-05-06,11,2534209.8390309513,6473205.467479855,4762,0.0056031509302556515,0.00011544053995748982,49572.77846097946
2023-05-06,14,2042931.4273678064,8071554.240573287,4706,0.004212436266243458,0.00011941076081711799,47033.803698688745
2023-05-07,11,330244.5362638533,5331463.054824263,3867,0.0019442850025370717,3.648520214483142e-05,44644.67817890644
2023-05-07,14,326381.2898477763,6647807.330662549,4041,0.005633961409330368,5.161582521395758e-05,40847.70831698179
2023-05-08,11,808248.2899187207,9738303.155032232,4215,0.01162013877183199,0.000159522591275163,49394.5597717464
2023-05-08,14,4920498.562359571,12582803.10244158,4747,0.018916239961981773,0.00045902581769041717,55120.24345010519
2023-05-09,11,695458.4431600273,8300630.836524785,4112,0.01869400590658188,0.00030047085601836443,47733.65072196722
2023-05-09,14,2818730.7346841097,8895760.329583377,4111,0.09132754057645798,0.0010231146588921547,50316.06632223725
2023-05-10,11,242437.71222375333,1727820.6735155955,3141,0.3589007258415222,0.004095687530934811,18003.363543778658
2023-05-10,14,359706.75943660736,1450492.8331329972,3724,0.4817333519458771,0.013485758565366268,21023.488993167877
2023-05-11,11,806223.0819576383,3225950.536329657,4470,0.5515310764312744,0.02386571280658245,45891.86838424206
2023-05-11,14,886829.7298805118,2796095.7065294683,4928,0.6466892957687378,0.04249994456768036,54026.980123370886
2023-05-12,11,1099578.5289183557,3019805.8133089244,5025,0.6106374859809875,0.02654450759291649,37016.53628796339
2023-05-12,14,671841.4419514835,1777015.9310748577,5444,0.650138258934021,0.042494162917137146,30325.67927238345
2023-05-13,11,565575.2873518467,1749794.9055370688,5061,0.5800137519836426,0.020312776789069176,34745.059119433165
2023-05-13,14,1574142.3130781054,4477254.8632957935,6715,0.5860530734062195,0.029666539281606674,66186.43828123808
2023-05-14,11,977439.7231425047,3518530.2171613276,6880,0.5642626285552979,0.018920546397566795,43484.00357875228
2023-05-14,14,1339038.7156867087,4125100.574916333,7022,0.603859543800354,0.03607559576630592,57968.42258363962
2023-05-15,11,1554224.6969285607,5435867.613637507,8236,0.6014912724494934,0.021734168753027916,62542.64916667342
2023-05-15,14,1247376.6192873716,4263164.276368588,8388,0.6790285110473633,0.04901466891169548,63649.707837730646
2023-05-16,11,1174978.5434212387,4173477.5402522683,7225,0.5673695206642151,0.026971260085701942,60979.26650184393
2023-05-16,14,498675.925592795,2371025.460016504,5132,0.7573915719985962,0.06974904984235764,33216.34310987592
2023-05-17,11,357945.00341168046,2422732.6557051837,5434,0.8740618228912354,0.04137299582362175,62727.480242311954
2023-05-17,14,198093.86750781536,1499876.287875548,3929,0.9629417061805725,0.1094585657119751,28373.957652062178
2023-05-18,11,339840.0218295902,1569111.3346346319,3284,0.4105801284313202,0.00959251169115305,28783.648402780294
2023-05-18,14,1290011.83455953,4301444.87604776,6753,0.45958781242370605,0.013023840263485909,54199.82553938031
2023-05-19,11,2037677.6513088644,8787000.121191889,6588,0.35087502002716064,0.006053786259144545,58128.1020899415
2023-05-19,14,1726145.5503510535,6459262.973039091,7112,0.43800413608551025,0.0076122162863612175,61833.90783444047
2023-05-20,11,1127957.3444665968,5938228.418612689,5819,0.35601767897605896,0.005907143000513315,49784.00349351764
2023-05-20,14,948504.2733669877,3550847.947789997,5723,0.37204405665397644,0.013180120848119259,58714.267678171396
2023-05-21,11,3936891.4426034093,10831101.476831198,5562,0.3512084186077118,0.002832281868904829,56048.569520652294
2023-05-21,14,1239546.0739065409,5406522.090131342,5734,0.39876359701156616,0.005695442669093609,54117.45980808139
2023-05-22,11,369453.1415169239,4281716.459725559,5521,0.3535314202308655,0.002459875075146556,49073.39893904328
2023-05-22,14,1088366.9161239564,7407080.573937327,6787,0.4404596984386444,0.004875366110354662,58156.352572232485
2023-05-23,11,564911.7480205894,3799084.0217309594,6447,0.4119985103607178,0.008889353834092617,51124.54488173127
2023-05-23,14,476062.8266169429,2103995.8393722177,6031,0.49661874771118164,0.019506221637129784,53797.61012363434
2023-05-24,11,466161.9303457439,2255639.2877913713,4952,0.40202149748802185,0.01257013063877821,57685.016000032425
2023-05-24,14,608871.0572109222,2356836.7768394053,6158,0.5128030776977539,0.02682766690850258,56209.46779936552
2023-05-25,11,1251249.5122005343,3992393.5877059773,7000,0.5476887822151184,0.021333225071430206,67545.41656586528
2023-05-25,14,1471281.1498238146,4354006.3214375675,6934,0.6928977370262146,0.033805765211582184,67066.93209391832
2023-05-26,11,1020178.3016013801,3593233.8764974177,7025,0.46286335587501526,0.01737825572490692,55441.22966092825
2023-05-26,14,909753.34441033,3282325.3525817394,7435,0.6567574739456177,0.02875720150768757,55114.9578409791
2023-05-27,11,290365.3370847404,901446.4876502156,3387,0.44519320130348206,0.006983838509768248,22025.52404090762
2023-05-27,14,507251.6382277757,1857181.7683131248,5317,0.39341315627098083,0.007345722522586584,34468.501692801714
2023-05-28,11,563812.7469993532,2753515.1090031713,2923,0.1308654397726059,0.0013174624182283878,26501.203667730093
2023-05-28,14,690320.6268424392,3879530.56808576,3409,0.19690164923667908,0.0015604182844981551,31515.93090286851
2023-05-29,11,981159.3438080475,3912014.026060395,3337,0.023563669994473457,0.00026091543259099126,27975.957813441753
2023-05-29,14,804398.6871629655,3333392.4907576144,3525,0.016851942986249924,0.0002890351170208305,29376.37288439274
2023-05-30,11,562137.5892376006,4008521.857308708,3488,0.002279758919030428,7.043156801955774e-05,29793.662257760763
2023-05-30,14,950027.0628372133,6534440.836384207,3973,0.003731782315298915,8.470557077089325e-05,41269.53539195657
2023-05-31,11,250514.6115425229,1814674.5095620304,3502,0.008016455918550491,0.0001657931279623881,20137.050689816475
2023-05-31,14,235044.40974152088,1495255.3200592697,4230,0.012032351456582546,0.00039993616519495845,21531.770715236664
2023-06-01,11,643584.4664992988,3735167.7610234916,3388,0.00861200038343668,0.0002429451997159049,37750.71715563536
2023-06-01,14,589959.4677824676,4649449.663343996,3613,0.01337068248540163,0.0003585635859053582,33990.08279776573
2023-06-02,11,504813.10098436475,4072661.678628832,4023,0.016044512391090393,0.0007781222811900079,39126.27599364519
2023-06-02,14,215058.27117183805,1046761.5045688152,3478,0.03950878605246544,0.0014798261690884829,18976.653571516275
2023-06-03,11,833832.5711081922,5150720.735723823,4528,0.3043992519378662,0.006101478822529316,62025.45425873995
2023-06-03,14,498480.32332634926,2551662.098885715,4878,0.3691674470901489,0.016253406181931496,41459.98813638091
2023-06-04,11,322672.49717225134,1387121.350149095,3811,0.5385796427726746,0.01173081062734127,34891.48986902833
2023-06-04,14,467511.1612165272,1656292.9766954333,4281,0.7849819660186768,0.030589111149311066,38845.3300588429
2023-06-05,11,255156.69894342124,994656.339563325,3642,0.5697149038314819,0.015084732323884964,30712.23448342085
2023-06-05,14,242757.67802128196,933744.499668479,3581,0.7562151551246643,0.020582852885127068,39230.783059597015
2023-06-06,11,276398.9090780616,1055263.113440156,4075,0.4867715537548065,0.012989338487386703,26010.77074944973
2023-06-06,14,335875.70726031065,978697.8565680236,3374,0.5284801125526428,0.021499723196029663,42322.32998815179
2023-06-07,11,603203.673605457,2150048.178102404,4200,0.48328647017478943,0.011271012015640736,32654.076921105385
2023-06-07,14,438997.30819165707,1628759.0678665042,4265,0.44638755917549133,0.01705099828541279,26097.86519816518
2023-06-08,11,260125.42644003034,1053728.0249710232,3750,0.5211983919143677,0.007710905279964209,24516.44701758027
2023-06-08,14,205695.73050417006,763213.4755509496,3019,0.5320044755935669,0.01810268498957157,22206.441032260656
2023-06-09,11,325794.1649377644,1893827.1360526085,4084,0.3296818137168884,0.006904417183250189,30849.8174636364
2023-06-09,14,414994.5701754764,1600340.3001939878,3746,0.5909172296524048,0.019560137763619423,32573.14072304964
2023-06-10,11,524221.4696935564,2030276.982679531,5057,0.348771870136261,0.006125543732196093,32059.67333176732
2023-06-10,14,377209.89941486716,1243502.4897701144,4340,0.4215622842311859,0.013202834874391556,29746.81677478552
2023-06-11,11,988628.4644762576,3909654.715330988,5061,0.23021633923053741,0.0037075718864798546,33582.645397782326
2023-06-11,14,911686.9023281336,3963387.4094287157,4868,0.3443121612071991,0.006465065758675337,32877.10942393541
2023-06-12,11,1060905.9702501893,5118011.306735665,6082,0.2962144911289215,0.0032520031090825796,43946.94134435058
2023-06-12,14,541781.2847324908,2229734.0824222267,5942,0.5049476623535156,0.0069073159247636795,35511.86515831947
2023-06-13,11,765053.3225989044,3455244.4931251705,5818,0.3428678810596466,0.0032486887648701668,40101.383655786514
2023-06-13,14,505348.38330596685,2679905.4453460723,5975,0.4915500283241272,0.007384099066257477,39561.160230100155
2023-06-14,11,743276.0645200238,3105022.6372134164,5183,0.31005534529685974,0.003101164009422064,35957.83627924323
2023-06-14,14,520310.3030491695,3017841.105965756,6180,0.488529235124588,0.00695649441331625,33659.24653151631
2023-06-15,11,499713.3407337442,3021767.6128529683,5402,0.3572354316711426,0.002755492925643921,34698.6372128427
2023-06-15,14,287122.2402211055,2088333.686699979,4906,0.490284264087677,0.0054965210147202015,26883.815907806158
2023-06-16,11,729705.7910259664,3486993.1307766587,6483,0.42157676815986633,0.004814669024199247,38477.03444170952
2023-06-16,14,635882.610597305,2926370.1587861776,6417,0.5066396594047546,0.011296664364635944,45812.962331950665
2023-06-17,11,623813.5670942143,2757492.797359243,6769,0.44731250405311584,0.008394059725105762,44178.482606232166
2023-06-17,14,566131.9745998457,2120255.0414401963,6577,0.499036967754364,0.01600419171154499,45753.333739846945
2023-06-18,11,467058.0692451075,2290296.6615506858,5530,0.521073043346405,0.008369442075490952,42244.32265201211
2023-06-18,14,406565.625342831,1693833.1260356754,5773,0.542870819568634,0.0174797885119915,37057.37900951505
2023-06-19,11,1059353.594145961,4075064.648779087,7054,0.5325098037719727,0.014671114273369312,49678.953425318
2023-06-19,14,1018883.3969208971,3268049.3207263425,6340,0.508398711681366,0.0259970985352993,37979.228526592255
2023-06-20,11,555258.5093429163,2014610.274959989,5111,0.545035183429718,0.012215555645525455,38237.25357156992
2023-06-20,14,560113.5578411818,2063443.5239398628,5770,0.6064485311508179,0.010328441858291626,44192.636156708
2023-06-21,11,909396.8875436187,4669903.486818969,4802,0.12053882330656052,0.001529657980427146,47297.64859122038
2023-06-21,14,1101796.5271486342,4925965.232414544,5352,0.18915045261383057,0.0019786152988672256,50289.64625880122
2023-06-22,11,1488305.9495724142,5005072.325148158,4152,0.027449842542409897,0.0011597414268180728,28726.916621267796
2023-06-22,14,1205566.7713197172,4414942.119443685,4507,0.043679725378751755,0.001377236912958324,32777.192379683256
2023-06-23,11,412553.39024180174,2181572.8058838844,4340,0.019036924466490746,0.001761435647495091,29058.373718857765
2023-06-23,14,234632.9595299363,1073495.6449832916,4347,0.04439453035593033,0.0037329166661947966,25006.960675150156
2023-06-24,11,614143.04899472,2124710.3753811717,3922,0.02305023930966854,0.0018753482727333903,27178.772150576115
2023-06-24,14,149851.33593770862,1002610.6207144856,4496,0.051548976451158524,0.003865197068080306,24495.410302609205
2023-06-25,11,1218149.7862399817,3406264.4892186224,4448,0.030120432376861572,0.0016691094497218728,38650.029902011156
2023-06-25,14,465852.7653797865,2410297.777615577,4233,0.06078529357910156,0.0037283841520547867,24398.409486234188
2023-06-26,11,2253205.5438179076,9112651.78071329,3894,0.022051218897104263,0.0006261409143917263,46758.94711911678
2023-06-26,14,2023461.094550699,10301058.81206961,3986,0.026901941746473312,0.00074933678843081,51926.02874854207
2023-06-27,11,1747321.5506159663,9145058.504256748,4392,0.006354968529194593,0.000238939726841636,49575.1026045382
2023-06-27,14,1746691.6560688615,9136245.6732869,5014,0.0163562074303627,0.0003298917436040938,46099.36726081371
2023-06-28,11,2945460.3578742743,15838217.196662217,4899,0.008139470592141151,0.00014544777513947338,50372.48467671871
2023-06-28,14,2502857.3843070865,13442589.875649542,4870,0.013664018362760544,0.00018898291455116123,57551.40376958251
2023-06-29,11,1609904.9460917711,8016913.3886213,4417,0.006832229904830456,7.429735705954954e-05,49014.20928162336
2023-06-29,14,1742143.1932994127,8968855.455576248,4903,0.005592011380940676,4.6543613279936835e-05,47081.188141435385
2023-06-30,11,598623.2677144408,7051900.042138703,3588,0.0023842891678214073,9.108264748647343e-06,25369.12121349573
2023-06-30,14,737592.3094551265,6641723.0681361705,3767,0.002755565568804741,1.5866762623772956e-05,30444.563704788685
2024-02-01,11,1272826.6857087463,6781043.726273522,3732,0.3101891279220581,0.023597246035933495,46402.0835672915
2024-02-01,14,1017830.764552936,6218817.804449707,4940,0.36238032579421997,0.026652418076992035,37185.521425545216
2024-02-02,11,3649217.156725168,8847388.65219374,5137,0.30967050790786743,0.021353892982006073,53211.5902929306
2024-02-02,14,2894112.2104307413,8597672.898615882,5999,0.42822420597076416,0.025119410827755928,46941.88056388497
2024-02-03,11,3930185.2638678104,11317703.186674148,5425,0.3200235664844513,0.01737247034907341,54650.997664541006
2024-02-03,14,1642457.8957176805,8806114.61448823,6585,0.381474107503891,0.019778024405241013,38629.50707960129
2024-02-04,11,5608620.123088047,14127765.588548303,5313,0.2829746901988983,0.010572283528745174,60503.57307705283
2024-02-04,14,2786841.8780055046,13060598.378022082,6696,0.5087358951568604,0.012671872042119503,57744.79300546646
2024-02-05,11,5627555.639274925,13076953.484388202,5620,0.23899173736572266,0.00686031486839056,56379.42212694883
2024-02-05,14,4830910.070657074,10783549.590696871,5610,0.3224431276321411,0.0068307602778077126,55428.33657678962
2024-02-06,11,5646574.994428292,12416563.377449453,5283,0.07620787620544434,0.005155904218554497,53884.20127734542
2024-02-06,14,4999703.679440513,12336081.699881047,5655,0.052409302443265915,0.0056293681263923645,55907.32263568044
2024-02-07,11,7972029.877412319,18189274.477569386,5146,0.05454661697149277,0.005441724788397551,58742.51004806161
2024-02-07,14,8120367.935574338,17383185.57568492,5465,0.0673479214310646,0.006069261580705643,62696.62748783827
2024-02-08,11,7168184.938249573,18933313.08737795,4830,0.047633275389671326,0.0057466463185846806,62575.76223361492
2024-02-08,14,6376372.25912191,16584846.00216078,5114,0.08901394158601761,0.006831557955592871,64513.675454735756
2024-02-09,11,4023043.438555494,14876171.528419308,4009,0.11246217042207718,0.007894734852015972,66651.39063477516
2024-02-09,14,3846724.5172793716,15437756.570350103,4340,0.14216113090515137,0.009717210195958614,65471.034129321575
2024-02-10,11,2406733.272480838,6899558.032141402,4725,0.4273063838481903,0.01658748649060726,42281.52372136712
2024-02-10,14,1889913.0488457829,7014787.346293263,5780,0.5298670530319214,0.021931391209363937,37685.99262985587
2024-02-11,11,2243572.061118193,6853787.56438113,4867,0.8850721120834351,0.021803049370646477,40606.93954154849
2024-02-11,14,1685355.1816313267,4960290.146476544,5135,0.8626318573951721,0.029237043112516403,38772.96232602
2024-02-12,11,1772586.979359813,6308116.93970333,4486,0.4068048894405365,0.02228241227567196,37405.29986423254
2024-02-12,14,1577980.3744190931,5655141.413391635,6257,0.7242550849914551,0.03828776255249977,36889.69348227978
2024-02-13,11,740102.2376565933,4139407.0766923726,3950,0.9738189578056335,0.04086149483919144,35844.65736731887
2024-02-13,14,571598.0773520917,3684813.855531618,4599,0.9924424886703491,0.09053624421358109,35533.803479999304
2024-02-14,11,169545.44467304647,2175488.501732275,3608,0.9807462692260742,0.0396716371178627,16327.059636861086
2024-02-14,14,226789.38386246562,2211537.4032830894,3795,0.9848559498786926,0.04210301861166954,23203.155634731054
2024-02-15,11,792028.9479229525,3542113.6892747656,2693,0.32446080446243286,0.012626085430383682,37349.06984770298
2024-02-15,14,1121097.4146426767,2887722.261275716,3792,0.8722347617149353,0.014330172911286354,34501.37583062053
2024-02-16,11,2880198.535931565,6112768.244328372,3546,0.18786384165287018,0.01259040180593729,40708.415929973125
2024-02-16,14,1007435.8387904912,3101975.595692344,3826,0.2534123957157135,0.014376750215888023,34800.564616411924
2024-02-17,11,745439.0252289549,4294265.744304962,2546,0.40396609902381897,0.013058681972324848,33925.780019938946
2024-02-17,14,694360.0022326261,2158254.58756838,3730,0.7244361042976379,0.019994255155324936,33183.579613775015
2024-02-18,11,27882.71180650592,458188.85290671885,1794,0.9840330481529236,0.024372143670916557,12130.62685906887
2024-02-18,14,20340.71392688155,495962.15697044134,1849,0.9760890603065491,0.029240284115076065,10064.111403375864
2024-02-19,11,141223.89921022952,1619714.0787610412,1991,0.08175860345363617,0.004676769487559795,18796.35944929719
2024-02-19,14,161794.61767348647,2139407.9941743463,2336,0.08252545446157455,0.005166740622371435,22982.58608224988
2024-02-20,11,144785.3152384758,5797588.228784516,2419,0.023305129259824753,0.0016148003051057458,61205.97910103202
2024-02-20,14,155993.83669501543,6636018.604911089,2558,0.02059018984436989,0.0016737099504098296,58856.61198493838
2024-02-21,11,754199.4825844467,5630403.179072797,2569,0.01452538464218378,0.0010295382235199213,44600.57561278343
2024-02-21,14,523885.4558866024,5711305.739728451,2420,0.01564618945121765,0.0010016916785389185,47680.6341021657
2024-02-22,11,75699.97263613343,3967687.0878920555,2727,0.012086348608136177,0.0006137979798950255,41973.955030053854
2024-02-22,14,72543.75619897246,3478209.890894085,2640,0.012362586334347725,0.0006052987300790846,35953.18607568741
2024-02-23,11,818368.1761022508,7096111.593905553,4092,0.04121018573641777,0.0010774587281048298,45600.61946198344
2024-02-23,14,1115574.314703226,9012235.155924678,4154,0.02982369251549244,0.0011091469787061214,46090.444322019815
2024-02-24,11,1652863.9118188024,6382642.470371783,4807,0.14866101741790771,0.005054072011262178,45773.83715289831
2024-02-24,14,1735102.1342957318,7011707.516473867,4576,0.18286047875881195,0.005541436839848757,43411.55704823136
2024-02-25,11,1433551.3204000294,5842956.879240863,4520,0.04202880710363388,0.0048103174194693565,40026.85397875309
2024-02-25,14,1765902.7699445337,6837605.995508432,4736,0.05210718885064125,0.005085698328912258,41045.00758269429
2024-02-26,11,2772658.5297354907,7284076.95900999,4836,0.07367252558469772,0.007164131384342909,41680.91636583209
2024-02-26,14,1703673.4906238467,8673759.567926988,5100,0.15739527344703674,0.008451120927929878,38200.568708986044
2024-02-27,11,4331902.484802097,15881730.604340248,5856,0.3614320456981659,0.014328865334391594,65165.07870477438
2024-02-27,14,2483769.5928111747,14155930.148586117,5872,0.5155569314956665,0.01476021483540535,58167.76974606514
2024-02-28,11,3941554.479770012,16218506.193362914,5700,0.32201525568962097,0.021443691104650497,59499.154420644045
2024-02-28,14,1782284.0808182806,11162415.402800776,5509,0.3896750509738922,0.02342122606933117,58599.0886130631
2024-02-29,11,2917865.198213935,10579616.209760174,4650,0.2943183183670044,0.01982693001627922,48188.26653474569
2024-02-29,14,3561193.5188925117,13122657.215496741,5521,0.27071982622146606,0.01809011399745941,60613.98030140996
2024-03-01,11,3709818.817928463,13370381.150054455,6538,0.41269436478614807,0.02234724350273609,65461.831342190504
2024-03-01,14,2783822.319947779,11946623.213863254,6394,0.6948466300964355,0.029433254152536392,60875.79470014572
2024-03-02,11,3699651.9152802527,11770669.095324725,6711,0.3363346755504608,0.029748249799013138,66343.52232784033
2024-03-02,14,2819824.0699390173,11196615.55939594,7853,0.37949565052986145,0.03618378937244415,64993.00317397714
2024-03-03,11,402444.98348379135,6092174.597062811,5265,0.7168216109275818,0.03566666319966316,33537.24487820268
2024-03-03,14,301398.24217936397,3969834.073099211,6396,0.8663665652275085,0.06203456595540047,31764.735034763813
2024-03-04,11,752854.2676211,8348117.077886157,4706,0.8026792407035828,0.03336886316537857,46847.37898889184
2024-03-04,14,995439.5934013724,5556840.947441265,6869,0.9054506421089172,0.05648653954267502,41053.1150585413
2024-03-05,11,3160169.8762496114,11683250.970674127,5461,0.5219589471817017,0.027621181681752205,64308.45093238354
2024-03-05,14,2497649.046000123,12092283.407630995,6343,0.6966054439544678,0.028497988358139992,61670.063770502806
2024-03-06,11,6672888.524668992,17443461.010511056,6358,0.3564335107803345,0.02039412409067154,64499.94347795844
2024-03-06,14,5129362.894804716,16933839.21370519,6653,0.49608349800109863,0.022041119635105133,64205.567811220884
2024-03-07,11,7792836.959330738,17608394.8938286,6340,0.32647964358329773,0.0173344723880291,67437.06462731957
2024-03-07,14,7145066.813238502,17658581.81611952,6693,0.38243284821510315,0.01964089646935463,75370.34906056523
2024-03-08,11,4805825.456062973,16496602.197298959,6848,0.4119565486907959,0.020379995927214622,67737.32252004743
2024-03-08,14,3240728.4213333577,11087526.43976222,6271,0.6030394434928894,0.027749577537178993,57029.54593232274
2024-03-09,11,6717544.552162379,17019100.83945571,6632,0.36344143748283386,0.029914161190390587,70395.80040249228
2024-03-09,14,4080626.5327976122,13570791.199005038,7281,0.3781111538410187,0.03301001712679863,67994.71754541993
2024-03-10,11,1432775.4090697616,7545512.046600796,6060,0.5064529180526733,0.05053684860467911,47253.89883828163
2024-03-10,14,1067452.90132083,4971260.8910984695,7612,0.6956855058670044,0.07231774926185608,39096.74089407921
2024-03-11,11,622076.2164528668,4521109.364882544,4619,0.9315103888511658,0.06772542744874954,34597.43445280194
2024-03-11,14,429021.24528464675,3361930.7418301776,5407,0.9678245782852173,0.08740448951721191,29990.415190547705
2024-03-12,11,628723.9422849044,2116337.310003616,2898,0.6489018201828003,0.04096294566988945,27762.568151384592
2024-03-12,14,927582.0402100459,2508157.756483786,3626,0.5959660410881042,0.04357653483748436,30399.190150380135
2024-03-13,11,483217.7857913673,5464136.894171409,4034,0.6137412786483765,0.024597689509391785,45397.998854368925
2024-03-13,14,1557162.9147732258,7147937.976102367,7337,0.7955288887023926,0.057645101100206375,52658.295825749636
2024-03-14,11,199673.16588702798,2102808.2837278023,3656,0.9359255433082581,0.04351351410150528,23470.49754422903
2024-03-14,14,356157.70075535774,3302962.9018570706,5712,0.956709623336792,0.08609797060489655,26378.682187318802
2024-03-15,11,46390.20423477888,1702000.8986385092,3427,0.9950827360153198,0.08758727461099625,21725.432697713375
2024-03-15,14,38365.14464645088,982926.5379983485,3541,0.9954174757003784,0.203768789768219,17801.52995610237
2024-03-16,11,545681.7148364186,3024302.26304961,4943,0.9626335501670837,0.08696973323822021,33558.00775396824
2024-03-16,14,146477.78841614723,1435129.7231077254,5243,0.9457805156707764,0.17073261737823486,22521.526037454605
2024-03-17,11,70435.10424153507,1326460.959231913,3987,0.9880765676498413,0.09545690566301346,21174.260090380907
2024-03-17,14,73692.87281826138,506267.1670471728,4099,0.987022340297699,0.23030804097652435,14088.813214123249
2024-03-18,11,470497.98444113135,2711997.1045442596,6540,0.6673132181167603,0.07909741997718811,29167.139530986547
2024-03-18,14,371044.95654784143,2125848.953879282,6684,0.8079265356063843,0.13675563037395477,29674.736072808504
2024-03-19,11,214935.3119509071,2555839.908980496,4575,0.9385335445404053,0.09939676523208618,32856.39303815365
2024-03-19,14,117964.02289034426,1024094.4485857785,4423,0.9799449443817139,0.1725994050502777,20380.242252141237
2024-03-20,11,645580.7577407062,3594938.099543996,5928,0.9084514379501343,0.09376831352710724,32354.705451130867
2024-03-20,14,443082.20638921857,2519214.830023244,5311,0.9758228063583374,0.14547419548034668,31919.272379368544
2024-03-21,11,801581.9470061585,5130965.335987158,6215,0.7676166296005249,0.06187101826071739,37143.921058893204
2024-03-21,14,469027.0781420395,3155751.1738349125,6242,0.9153969287872314,0.08727549016475677,42809.8657720685
2024-03-22,11,821776.68219091,7390052.897367761,6469,0.9211745858192444,0.07934421300888062,53912.32439124584
2024-03-22,14,610037.3949333578,3112000.5821947083,5876,0.9759840369224548,0.15306732058525085,31962.41405272484
2024-03-23,11,1716907.1978917122,3235081.72179085,4904,0.5209018588066101,0.02737092226743698,35085.51235574484
2024-03-23,14,346806.9356019944,3380945.673785433,5131,0.9286563992500305,0.11928508430719376,30990.90839934349
2024-03-24,11,2264993.9431842566,9055335.840928227,6269,0.726458728313446,0.04567177966237068,52966.16530057788
2024-03-24,14,1486759.117005974,9642624.261903837,7481,0.8777395486831665,0.062481820583343506,58988.74983948469
2024-03-25,11,2522997.860872805,11037976.272814423,6186,0.54900723695755,0.025638647377490997,61150.88264879584
2024-03-25,14,1055919.514888525,7265646.92287261,5697,0.7946485877037048,0.021641168743371964,47960.393651634455
2024-03-26,11,5495958.673481733,13122228.522203684,5416,0.08263186365365982,0.004257952328771353,57129.734364658594
2024-03-26,14,5560508.270280868,15265616.801244318,5776,0.19521301984786987,0.005461778957396746,61288.9354441762
2024-03-27,11,6388599.636888444,14152651.609574467,5479,0.05465263873338699,0.0026445509865880013,63741.60852986574
2024-03-27,14,1985003.8250852227,9356931.33053571,4743,0.19563569128513336,0.0034635572228580713,52154.064211905
2024-03-28,11,469962.2483650446,6351569.869893834,2527,0.025350065901875496,0.0025407057255506516,48696.159925192595
2024-03-28,14,2893177.4505887628,11018633.541043788,3691,0.0202817153185606,0.0023242132738232613,61594.68251246214
2024-03-29,11,239347.02059312165,8417114.640934348,4219,0.1001204401254654,0.0011580014834180474,49623.48990851641
2024-03-29,14,259003.10240539908,5111009.739611961,3403,0.2952990233898163,0.0013964311219751835,38437.74198547006
2024-03-30,11,110425.47823441029,1028984.972612232,2464,0.688889741897583,0.0033980521839112043,23657.308727681637
2024-03-30,14,83785.10473001003,3084467.3879743814,2794,0.7322760820388794,0.005435999482870102,29201.378438800573
2024-03-31,11,297104.17718854547,5302473.726038158,3054,0.8021839261054993,0.012629435397684574,33026.72583794594
2024-03-31,14,1476327.189908415,8348873.485734314,5222,0.667917013168335,0.020342852920293808,56755.72013127804
2024-04-01,11,1602016.8253356814,12061273.41244641,6256,0.8380618095397949,0.03822299838066101,63469.33446636796
2024-04-01,14,2268602.342653066,12515569.159087658,7125,0.8117824196815491,0.05179749056696892,64877.436875760555
2024-04-02,11,146627.23238632083,3660261.564899862,6145,0.9190258383750916,0.12076504528522491,53588.88765782118
2024-04-02,14,294945.78423172235,3595942.1706906855,6110,0.9132170081138611,0.1748073846101761,53188.33641579747
2024-04-03,11,2604391.653256625,8243510.088569015,4874,0.752865195274353,0.028886904940009117,57631.35152062774
2024-04-03,14,1872252.8394740522,8664689.293144614,5333,0.49157366156578064,0.027050582692027092,57143.61489477754
2024-04-04,11,2395813.415825546,10187580.592190564,4657,0.7418740391731262,0.01572190783917904,60972.17465466261
2024-04-04,14,2164621.6343054175,11319110.262040526,5077,0.8034112453460693,0.016553644090890884,61117.6127602458
2024-04-05,11,2755606.5438738167,10260055.420045406,5228,0.3370572030544281,0.011744102463126183,60647.45325303078
2024-04-05,14,2815534.1799351573,9696423.156924099,5561,0.508877694606781,0.015590360388159752,66306.73335394263
2024-04-06,11,2273700.5052933097,11522991.252640039,4874,0.7122804522514343,0.009601017460227013,62416.576008707285
2024-04-06,14,4279019.1086268425,15381640.983052999,6549,0.5716800689697266,0.020349537953734398,65433.566868156195
2024-04-07,11,3711287.3686383665,16912475.7598567,6103,0.7734073400497437,0.025241706520318985,66282.59908166528
2024-04-07,14,2671670.8776882887,11713339.582231402,7113,0.7785548567771912,0.03971748799085617,62431.60376867652
2024-04-08,11,876425.2676146626,5769170.888384029,6150,0.9488264918327332,0.0816706046462059,45996.02999666333
2024-04-08,14,1193230.3039422333,6744389.044328958,6918,0.93734210729599,0.09372347593307495,48890.84482598305
2024-04-09,11,1221914.5023742616,7080308.085610196,6298,0.904503583908081,0.053172506392002106,43962.07606250048
2024-04-09,14,1818455.2062942684,9494280.080257997,7512,0.9161415696144104,0.07350445538759232,62257.959905833006
2024-04-10,11,1433287.0363042355,9754461.86030303,6282,0.7452572584152222,0.03962841257452965,50824.10182031989
2024-04-10,14,1086218.0396012962,6112225.713243127,6482,0.6861079335212708,0.053211066871881485,50517.78840780258
2024-04-11,11,913352.595810175,6490835.985635862,4493,0.6132291555404663,0.02891083061695099,31444.24734684825
2024-04-11,14,1761131.3480448723,6436047.489944339,6213,0.579882025718689,0.05745425075292587,35604.4863717556
2024-04-12,11,464869.7498383522,1969486.569737792,3990,0.6538081169128418,0.035609204322099686,18441.91318678856
2024-04-12,14,1179689.6643976867,4328454.992262691,6836,0.5486741065979004,0.08444709330797195,42214.24701529741
2024-04-13,11,796475.9527185857,2852687.7385936975,5787,0.6776448488235474,0.06832899898290634,26951.43162176013
2024-04-13,14,1297035.674836427,5708793.100408047,7034,0.6799883246421814,0.12178491055965424,40882.745007395744
2024-04-14,11,558700.4393496513,2962817.4190142453,5714,0.8041952252388,0.11015493422746658,32061.95519375801
2024-04-14,14,797370.1169036925,3797132.4513944685,5941,0.831369161605835,0.15141543745994568,33405.51375544071
2024-04-15,11,338141.1647487283,866125.5235394016,2530,0.8078223466873169,0.025872638449072838,12385.621186107397
2024-04-15,14,160053.44512957335,1688472.9246329665,2243,0.7397435903549194,0.014159987680613995,34708.20152768493
2024-04-16,11,222593.70853063464,2427166.0165984035,2625,0.31815046072006226,0.004005842842161655,13838.732126384974
2024-04-16,14,277346.3425654769,2853606.932602972,3746,0.6107000708580017,0.009280751459300518,21038.453626602888
2024-04-17,11,267725.4780113697,1082138.430030048,3202,0.43306851387023926,0.008960607461631298,16889.046688824892
2024-04-17,14,389984.04861956835,2250110.4354380965,3796,0.4802992045879364,0.01819455251097679,17649.512588381767
2024-04-18,11,209685.40619274974,947199.7816025019,3333,0.3326418399810791,0.01431888248771429,16271.889862835407
2024-04-18,14,476090.9222909212,1416834.9383600652,3922,0.38808760046958923,0.024781346321105957,15808.01506075263
2024-04-19,11,345312.069119066,1385203.8688819706,4162,0.7420806288719177,0.03388792648911476,17809.227710306644
2024-04-19,14,609597.3606806099,2221507.112062961,4240,0.67156583070755,0.04374697804450989,19985.073383182287
2024-04-20,11,626046.8064510822,2915463.4366313815,2176,0.4476301670074463,0.011712312698364258,31851.59802636504
2024-04-20,14,842465.6560772061,3132386.6851249337,2320,0.26278844475746155,0.009305492043495178,34685.32840132713
2024-04-21,11,4000189.3862678707,13624772.419954658,4743,0.09029321372509003,0.004877767059952021,61073.69949102402
2024-04-21,14,5510114.681471258,15548934.61779818,4965,0.20020507276058197,0.005285325925797224,62403.80725437403
2024-04-22,11,2328339.784952104,14183058.138590977,6194,0.23128706216812134,0.005474872887134552,53205.584413945675
2024-04-22,14,1982660.4247160554,10969425.108167678,7050,0.28787627816200256,0.006749236024916172,51929.888116300106
2024-04-23,11,1583843.7845413983,11736311.57994458,6779,0.3355451226234436,0.007990376092493534,52390.689436763525
2024-04-23,14,1995178.9988388717,13068226.691631645,7171,0.3694579005241394,0.010035574436187744,62090.09784194827
2024-04-24,11,3614500.9117675424,15550137.550430417,6001,0.01963043212890625,0.0021467723418027163,58224.13143277168
2024-04-24,14,2855801.3859773576,15026912.239220202,5885,0.0877135843038559,0.0029106249567121267,54563.96905565262
2024-04-25,11,587193.3646669537,3746103.1520536765,4752,0.09361477941274643,0.004122515674680471,35690.43605399132
2024-04-25,14,227482.32314401865,1231174.141353324,4585,0.2652127146720886,0.008985830470919609,24035.236378967762
2024-04-26,11,88608.14448258281,1977770.3921583295,3514,0.304071843624115,0.005676586646586657,33361.55853435397
2024-04-26,14,474605.77808335423,2249607.5562846065,4249,0.35544678568840027,0.016258228570222855,22739.240271508694
2024-04-27,11,165215.92522269487,759923.7061346173,3752,0.6970369219779968,0.02270076423883438,12495.05357530713
2024-04-27,14,226258.85930988193,1044566.9113718569,3970,0.6867794990539551,0.04134640097618103,19790.441069066525
2024-04-28,11,203944.62043821812,667151.0420405865,3204,0.5893495082855225,0.026975199580192566,10630.126495689154
2024-04-28,14,483920.1898023486,1703036.151279062,3841,0.6515811681747437,0.04786645621061325,22303.158461540937
2024-04-29,11,842967.4676805437,5174579.115397036,6527,0.6231532096862793,0.012574617750942707,48531.20473524928
2024-04-29,14,1653762.2329496443,8730440.72682774,6710,0.6415256857872009,0.012957545928657055,57128.61743399501
2024-04-30,11,5886076.143212497,11885357.529203027,5843,0.2433026134967804,0.0060368492268025875,59187.624520748854
2024-04-30,14,1996228.6313388646,11664908.257290334,6727,0.27819111943244934,0.006920932326465845,50359.225313037634
2024-05-01,11,1242389.4038280249,5279142.259671211,6613,0.3145599365234375,0.007397907320410013,44319.444995343685
2024-05-01,14,458862.13729679585,2702813.46968624,6293,0.8126306533813477,0.01866956055164337,34464.2214576602
2024-05-02,11,942413.4191423357,6195172.399966061,6502,0.4117521643638611,0.012893940322101116,39611.673793941736
2024-05-02,14,2312500.0933693647,8492526.069560975,6866,0.40539708733558655,0.02247835509479046,60561.844770759344
2024-05-03,11,1556113.2333471775,7127361.534605563,6199,0.39356520771980286,0.03094363957643509,57433.888467758894
2024-05-03,14,1383582.0155009031,5928409.062469572,6292,0.4267495274543762,0.04165489599108696,59228.18871232867
2024-05-04,11,842978.3164241314,2767248.3957665265,4920,0.7312150597572327,0.05235789716243744,40627.267505288124
2024-05-04,14,692313.7166756988,2702234.001871139,5092,0.8053903579711914,0.06621938198804855,45394.49347922206
2024-05-05,11,90399.81630930305,3879291.0368962884,1931,0.8514024615287781,0.00831558182835579,48037.71317204833
2024-05-05,14,1605236.528664112,7979388.026922822,2813,0.20315684378147125,0.007294341456145048,58964.60011461377
2024-05-06,11,823210.4881651998,2313251.8156395406,2812,0.20221860706806183,0.0009037968702614307,24758.354708462954
2024-05-06,14,531073.9641697705,2161494.124180302,2838,0.2792550325393677,0.0011280316393822432,17964.876515984535
2024-05-07,11,61639.1469822526,1132462.2858765125,2907,0.009295294992625713,0.0003783477586694062,19990.46133106947
2024-05-07,14,109940.88283580542,1832851.668436259,2717,0.007315285038203001,0.000351989408954978,23238.21931809187
2024-05-08,11,132038.15646275878,1352551.6940891296,3227,0.0063566486351192,0.0003019816358573735,22351.024257957935
2024-05-08,14,71137.4141561389,827763.2174254507,2774,0.00535275274887681,0.00033254173467867076,20032.625682920218
2024-05-09,11,257604.3998220563,2579251.4688401073,3515,0.03036663681268692,0.0006733819027431309,24346.21974438429
2024-05-09,14,377645.63949483633,1840322.751930967,3497,0.035384174436330795,0.0012129975948482752,25833.685385257006
2024-05-10,11,228640.0117649138,1801005.603776455,3310,0.21445782482624054,0.00781458243727684,37399.834731668234
2024-05-10,14,211762.49793715775,1782935.0042922944,3211,0.26448795199394226,0.011595701798796654,41405.147237211466
2024-05-11,11,139144.66065503657,1773510.9888723642,3005,0.8000177145004272,0.012972737662494183,18873.52066990733
2024-05-11,14,160977.1269491464,1314533.5967257172,2976,0.8548284769058228,0.01273832656443119,15979.243598610163
2024-05-12,11,377121.3284294903,2201004.180470407,3373,0.45015808939933777,0.008206264115869999,27283.080203950405
2024-05-12,14,363619.73696017265,3278874.5397142917,4569,0.6869664192199707,0.013239213265478611,28457.47514939308
2024-05-13,11,250396.51638150215,1303455.4000478685,3740,0.4245315194129944,0.014390311203897,15673.427807539701
2024-05-13,14,555021.2524527311,2227967.347134292,3994,0.4283284842967987,0.018603550270199776,29279.768077760935
2024-05-14,11,240729.85082241893,1290683.50130862,3883,0.5847291350364685,0.019084947183728218,17090.37100714445
2024-05-14,14,264942.9209520221,2477629.2208581865,3682,0.6201534271240234,0.025046847760677338,20314.637586265802
2024-05-15,11,210186.76883593202,1957157.3468922079,4227,0.7532512545585632,0.022902902215719223,24032.622884452343
2024-05-15,14,679815.3463617265,3066111.974124551,4094,0.878980278968811,0.018948420882225037,33718.585906118155
2024-05-16,11,236817.04879558086,1187383.5328837708,2851,0.27325692772865295,0.007275869138538837,23849.063449531794
2024-05-16,14,758711.7608848214,2186540.044752836,3768,0.6010608673095703,0.012122672982513905,30592.708321928978
2024-05-18,11,982616.5132718086,3295057.0926941335,3500,0.8809632658958435,0.012723148800432682,39977.418156683445
2024-05-23,11,209501.87687665224,817391.3005276024,3954,0.44490593671798706,0.019629087299108505,20795.319992870092
2024-05-23,14,480507.1933859587,2050042.9996615052,4748,0.5175822973251343,0.031334664672613144,34649.54991722107
2024-05-24,11,179151.12130013108,910824.2309194803,5153,0.3932855725288391,0.016344640403985977,20410.865556538105
2024-05-24,14,278793.30382174253,1423947.3895289302,4901,0.42673057317733765,0.01739092357456684,27248.073847979307
2024-05-25,11,372196.5141863227,1636732.5823848844,4096,0.37916597723960876,0.008020246401429176,24726.82297515869
2024-05-25,14,447901.9917818308,2200619.2980344594,5245,0.36007386445999146,0.009304887615144253,29569.213808208704
2024-05-26,11,584883.2340362668,1941666.2030416727,4580,0.34284767508506775,0.01524414960294962,30854.39063206315
2024-05-26,14,538949.9378950894,1644999.3972686827,4320,0.3546473979949951,0.0128571642562747,28184.516747921705
2024-05-27,11,494335.2552881986,3534217.832323879,4907,0.2881607413291931,0.004020933527499437,27524.479973644018
2024-05-27,14,762079.489488095,3414399.9849119186,4897,0.3744448125362396,0.0051618460565805435,29400.935371518135
2024-05-28,11,329604.5492923558,2413404.931842327,4270,0.44428589940071106,0.00662911357358098,28347.261671692133
2024-05-28,14,457935.68358412385,3968372.032363951,4439,0.5444505214691162,0.006323372479528189,38283.69179749489
2024-05-29,11,552707.9282008708,2386016.8800511956,4676,0.36694732308387756,0.009682577103376389,32637.904196858406
2024-05-29,14,742786.5832770467,4101098.9303628206,4966,0.40103113651275635,0.013298877514898777,37839.34067428112
2024-05-30,11,181078.84028181434,1592202.4166592956,3389,0.414295494556427,0.0050276280380785465,22112.505956590176
2024-05-30,14,287425.97232717276,2127854.897495061,3898,0.3548226058483124,0.007118745241314173,34346.06950572133
2024-05-31,11,293657.30136728287,1878913.8812055886,5131,0.39334362745285034,0.012203543446958065,23308.11340212822
2024-05-31,14,590140.9239944816,2990458.3563807905,5553,0.4299915134906769,0.018924297764897346,52670.30258619785
2024-06-01,11,652486.8402291238,4389995.0890150815,5119,0.30053722858428955,0.0066165076568722725,32937.90118730068
2024-06-01,14,1039815.1486194432,5207859.721280992,6478,0.3548300862312317,0.010236263275146484,56614.06073614955
2024-06-02,11,497208.4004139006,2066347.086781174,4655,0.3531857132911682,0.012860394082963467,30757.4689591527
2024-06-02,14,657634.6070665419,2988703.5195069313,5440,0.39681702852249146,0.018732236698269844,36049.507412046194
2024-06-03,11,392225.94269767404,2769345.2339550853,4404,0.31403499841690063,0.011168536730110645,33216.63333341479
2024-06-03,14,2473096.194600761,10810661.396233559,5860,0.36739858984947205,0.012895663268864155,63250.06568676233
2024-06-04,11,1318037.5070234537,6141967.115015864,6073,0.345235139131546,0.010481024160981178,57613.36317738891
2024-06-04,14,866659.306366086,6007838.751841962,6000,0.3634672164916992,0.016280900686979294,45553.153676986694
2024-06-05,11,1121180.7556100488,5226888.357783347,5239,0.2977839708328247,0.012735545635223389,50290.569687753916
2024-06-05,14,1010085.5210722089,7861098.078570336,5564,0.3733053207397461,0.0170281995087862,42568.58330270648
2024-06-06,11,678158.8138056397,5957969.876450419,5543,0.3087560832500458,0.008686534129083157,55418.24540132284
2024-06-06,14,1370184.1466833353,10700506.135399997,5973,0.3915477395057678,0.012590071186423302,55827.86775153875
2024-06-07,11,722552.4750387967,4558193.655804753,5450,0.31425997614860535,0.011670432053506374,45620.92544516921
2024-06-07,14,996607.0415186286,3678893.052022189,4310,0.3235900402069092,0.013002977706491947,32799.54389208555
2024-06-08,11,1508139.337778598,6854405.551076412,3294,0.21301332116127014,0.0022905166260898113,44797.80117499828
2024-06-08,14,531010.8610536754,8078660.012141436,2827,0.05184311419725418,0.0018465619068592787,53254.245731562376
2024-06-09,11,1054768.0217750072,7247781.289158881,4172,0.028379807248711586,0.0015700809890404344,46440.82841810584
2024-06-09,14,301926.776366055,2549013.0757024884,3646,0.11365664750337601,0.002911599585786462,33318.248709023
2024-06-10,11,264418.84517371655,2500566.1585537195,4157,0.21667546033859253,0.004790232051163912,27101.155599325895
2024-06-10,14,276386.3284894526,2119014.8642345965,3919,0.25699177384376526,0.007774811703711748,27857.962091088295
2024-06-11,11,161792.76562297344,831357.4601591825,3920,0.2271474301815033,0.004822189919650555,19110.329571306705
2024-06-11,14,330172.3530268371,1151546.7098582387,3773,0.3090933561325073,0.008565977215766907,24492.554527431726
2024-06-12,11,149067.41877788305,1291524.3269702196,4121,0.44162189960479736,0.009924122132360935,16598.480839520693
2024-06-12,14,189020.2301055789,1149957.8959998786,3999,0.4932961165904999,0.016067329794168472,16751.040067374706
2024-06-13,11,199424.8902143836,1023563.9299732447,4705,0.4241183400154114,0.0165716502815485,21561.11820411682
2024-06-13,14,332874.5748439133,1446651.883575946,4772,0.416247695684433,0.027631718665361404,32958.192494899035
2024-06-14,11,408191.02420422435,1487630.1244819164,4893,0.35939401388168335,0.016681065782904625,32793.49954393506
2024-06-14,14,518419.94261682034,2776450.67191869,5274,0.46305397152900696,0.026598332449793816,46498.69185450673
2024-06-15,11,355410.91455352306,2046460.1150295734,4871,0.32132405042648315,0.008567900396883488,27790.856977313757
2024-06-15,14,490696.299154371,2250185.781592548,4744,0.34927788376808167,0.009702233597636223,25243.504949569702
2024-06-16,11,572731.6165182292,4141620.608241737,5359,0.3734446167945862,0.008116449229419231,37063.22391819954
2024-06-16,14,886053.3993212581,4981287.800069183,5965,0.47304052114486694,0.01499443780630827,40416.79805365205
2024-06-17,11,363695.5660288632,2389426.389248371,5936,0.29997900128364563,0.0071388049982488155,40356.340621590614
2024-06-17,14,879025.0688969195,7200767.470723659,6051,0.3303144574165344,0.009774783626198769,53281.79132127762
2024-06-18,11,171712.23898261786,1371908.168161936,5091,0.4612275958061218,0.01639477163553238,26291.24055427313
2024-06-18,14,431908.92385962605,2590280.7874278724,5076,0.532638669013977,0.02532203122973442,40408.966593801975
2024-06-19,11,344268.16534501314,1424062.000909038,4775,0.37449216842651367,0.013805908150970936,32570.764531582594
2024-06-19,14,372103.28882807493,1914329.0442506075,5079,0.5457029342651367,0.027849281206727028,35549.61590400338
2024-06-20,11,155883.5043283999,949539.4903689325,4014,0.39819902181625366,0.015165351331233978,27422.134459912777
2024-06-20,14,310962.258254081,1522414.6079236567,4939,0.39428022503852844,0.019975289702415466,40540.80524992943
2024-06-21,11,1323847.8103084266,4888697.002018273,3942,0.2901023328304291,0.009716975502669811,55986.31275624037
2024-06-21,14,3030257.4707304835,7908721.598910332,5184,0.3278611898422241,0.013149346224963665,60046.783964157104
2024-06-22,11,4055416.34142074,10171479.619529963,3453,0.05417051911354065,0.0012510158121585846,56286.223138958216
2024-06-22,14,4744109.426522464,10601445.291971952,3285,0.01845651865005493,0.000978916883468628,60042.08764207363
2024-06-23,11,3859205.0899364054,13899874.823788136,4151,0.012653346173465252,0.00017893072799779475,57397.4685780406
2024-06-23,14,7747505.625318497,15383011.656345516,4627,0.03467943146824837,0.0002453876950312406,62694.51698169112
2024-06-24,11,741611.5679518282,3514452.574437231,3771,0.00594082148745656,0.00034228869481012225,45299.96850165725
2024-06-24,14,1042010.9453883767,4281424.593248993,4075,0.009654146619141102,0.00047759630251675844,45715.24465242028
2024-06-25,11,232306.21953991055,2533636.839335382,3597,0.007541443221271038,0.0005407843855209649,42152.564081430435
2024-06-25,14,589935.0587124825,3554004.0060548186,3383,0.010783310979604721,0.0006911102682352066,35425.20275965333
2024-06-26,11,456539.4255490303,3440870.1838837266,4266,0.010496240109205246,0.0007866358500905335,29915.43952971697
2024-06-26,14,451417.1282376945,4187762.8287326396,3435,0.010802625678479671,0.0010839540045708418,43153.06419682503
2024-06-27,11,2181328.820484817,13208519.801356524,4736,0.028671830892562866,0.0014602172886952758,62386.734802395105
2024-06-27,14,6399061.966174841,19486804.785125732,5302,0.047915492206811905,0.0014860474038869143,61018.865987449884
2024-06-28,11,550508.0268480778,5236008.415082186,3671,0.22373788058757782,0.004052912350744009,40155.35366347432
2024-06-28,14,4315157.820155233,10948797.66771409,4591,0.2918058931827545,0.005855000112205744,56124.05732309818
2024-06-29,11,593804.9305080771,5977392.303118572,3931,0.231988787651062,0.0033851000480353832,49591.87139683962
2024-06-29,14,3916810.0470929444,12997472.067383587,5250,0.28648242354393005,0.0035234112292528152,64492.19199064374
2024-06-30,11,532654.1199637055,1925839.4551184773,3293,0.00494127394631505,9.224067616742104e-05,23636.854650735855
2024-06-30,14,348128.3322734237,1937948.5807791203,3206,0.008605494163930416,0.00015180210175458342,22190.239623516798
2025-02-01,11,1405931.3708509654,10751346.22094141,4225,0.27208849787712097,0.003476905170828104,34623.953555583954
2025-02-01,14,657452.6919847876,11389791.185239159,3788,0.3132093846797943,0.0037844388280063868,35794.2110132575
2025-02-02,11,1090693.812308386,15664958.633966982,4118,0.18974411487579346,0.002198688220232725,49629.13290256262
2025-02-02,14,913681.028111659,15222421.003605567,4269,0.23246584832668304,0.0037495566066354513,55884.345988571644
2025-02-03,11,7148039.081310011,17249039.28087686,4889,0.19262108206748962,0.0030389365274459124,62001.501018464565
2025-02-03,14,3477236.9523494616,16883381.099810526,4650,0.3633125424385071,0.0044675106182694435,59227.38363772631
2025-02-04,11,4516863.39598792,15655169.917438112,4680,0.10602103173732758,0.004078896250575781,57983.94416871667
2025-02-04,14,4235289.746271752,16581852.544470184,4794,0.16063876450061798,0.004977424629032612,60365.240299612284
2025-02-05,11,4164618.371645689,17935374.24989196,4116,0.19555774331092834,0.0060853129252791405,57187.42107567191
2025-02-05,14,4517373.463300303,18131051.81074875,4066,0.27386462688446045,0.008099433965981007,56331.56271362305
2025-02-06,11,3725201.922013469,16154103.757248238,4515,0.36125048995018005,0.01265469565987587,37139.20800498128
2025-02-06,14,3497730.912876986,10834144.835750103,5700,0.4948141574859619,0.01938210055232048,38622.693726330996
2025-02-07,11,3799779.92365928,7754189.9817959815,4872,0.517423689365387,0.009332633577287197,38537.3647762537
2025-02-07,14,4199323.514478661,7601996.883630246,5277,0.6039970517158508,0.0076913232915103436,40289.74031454325
2025-02-08,11,2775298.3751843646,9760347.565357238,5060,0.38888171315193176,0.008241451345384121,38311.54721739888
2025-02-08,14,2473195.166962348,7723207.82041008,5702,0.4322739839553833,0.01155031193047762,38471.019394278526
2025-02-09,11,2765658.600685723,8802221.58949922,4834,0.44146716594696045,0.009995275177061558,39076.22549915314
2025-02-09,14,3421813.1347548068,8145254.704995044,5671,0.4727855622768402,0.014957689680159092,39250.990594774485
2025-02-10,11,2303718.046159148,6896165.6167497635,5526,0.562701940536499,0.01694224402308464,38338.01303443313
2025-02-10,14,2898573.2321932614,7385346.053362913,5882,0.795534074306488,0.023576974868774414,37757.09679424763
2025-02-11,11,2124450.546377361,6124937.997180529,4970,0.6177316308021545,0.014549563638865948,37340.42279973626
2025-02-11,14,1947274.2088624835,6241428.049401723,6566,0.570840060710907,0.02647041156888008,35776.86621436477
2025-02-12,11,356109.6952505708,4797802.196533382,3677,0.8277988433837891,0.011069190688431263,26096.604568123817
2025-02-12,14,411042.76360568404,4863851.240408912,3736,0.7152165174484253,0.01051739975810051,31552.474883317947
2025-02-13,11,467502.0324743092,3647474.540017411,4244,0.6401414275169373,0.010913142934441566,29869.209726572037
2025-02-13,14,624251.276329279,4633380.704306781,4416,0.9722974300384521,0.017136752605438232,47374.29257711768
2025-02-14,11,390940.9055531025,3595582.4452509284,4015,0.9806926846504211,0.019520021975040436,26068.543745547533
2025-02-14,14,486607.7991941422,3862600.466009222,5026,0.9874776601791382,0.031424395740032196,39568.04263025522
2025-02-15,11,375852.39238089323,2581466.885207817,3401,0.9835371375083923,0.017947830259799957,22304.623982548714
2025-02-15,14,367361.11004403234,1672142.1458726525,3360,0.9927355051040649,0.026516200974583626,22124.798251003027
2025-02-16,11,381349.2046755627,2629575.094785869,3594,0.9871445298194885,0.020738912746310234,24280.893524616957
2025-02-16,14,372291.4192982018,2591711.270553611,4255,0.9913365840911865,0.029856937006115913,28531.365020275116
2025-02-17,11,1433573.2005896121,5365907.868105575,4823,0.9954687356948853,0.05389007553458214,41225.06971594691
2025-02-17,14,883385.0258235335,4556858.214709133,4800,0.9910716414451599,0.0784224271774292,40652.61180946231
2025-02-18,11,3212353.3500821143,8837453.340950198,5844,0.8717644810676575,0.04807615652680397,43728.54165482521
2025-02-18,14,2706679.3742119074,8345380.115556866,6360,0.9418236017227173,0.06991411745548248,41934.735954135656
2025-02-19,11,2922473.9293356836,7332390.521233037,5471,0.6202250123023987,0.0532681867480278,40279.978258132935
2025-02-19,14,2758383.767058581,8002549.405967876,6149,0.8982495665550232,0.07268962264060974,41549.488856583834
2025-02-20,11,3073762.119077906,7075817.8717188835,5752,0.8475272059440613,0.064496248960495,40695.71289038658
2025-02-20,14,2387183.661503732,7252497.951530278,6100,0.9674358367919922,0.08352994918823242,41955.13363751769
2025-02-21,11,3274230.9308661968,7025301.70044139,5953,0.757136344909668,0.07125211507081985,41545.85758128762
2025-02-21,14,2605695.0514342785,7422047.260163665,5961,0.977777898311615,0.09298933297395706,41955.13363751769
2025-02-22,11,3961259.795213543,9478925.763782091,5813,0.671271026134491,0.06169344112277031,40017.72859930992
2025-02-22,14,2971417.4165966064,9453207.880253315,6654,0.9780272245407104,0.0847848653793335,45116.22833698988
2025-02-23,11,3262400.107523814,9065095.940132082,5828,0.76434725522995,0.0517907552421093,40493.90628018975
2025-02-23,14,2141338.049199477,7559777.402798459,5899,0.9436134099960327,0.07450927048921585,43778.83455502987
2025-02-24,11,2792309.953350514,8064936.5489659235,6089,0.6610967516899109,0.048400215804576874,40748.5589055419
2025-02-24,14,2842041.2786042094,7801352.215613231,6702,0.9510430693626404,0.07566432654857635,42073.15635406971
2025-02-25,11,1869621.2502486259,6529213.136825725,4934,0.9570176601409912,0.0528903491795063,38441.49255216122
2025-02-25,14,1196978.5138810873,5658731.495783158,5120,0.9965077042579651,0.08331435918807983,39368.1445582211
2025-02-26,11,1141167.7912060022,5096418.885347076,5523,0.9471267461776733,0.06586208939552307,30953.905276864767
2025-02-26,14,693129.6965515316,5173653.397120863,5564,0.9795709848403931,0.12073495984077454,34420.43965393305
2025-02-27,11,231388.85550791025,2464301.2089838386,3485,0.9917507767677307,0.09155073016881943,30341.19367557764
2025-02-27,14,46039.10420790315,888571.349143818,2732,0.9941021800041199,0.1900245100259781,19481.389211297035
2025-02-28,11,83452.23978048563,1069205.8810155988,2664,0.9990511536598206,0.11136235296726227,27490.72644612193
2025-02-28,14,157118.85114178061,1506683.3081182241,2917,0.9999796152114868,0.24041025340557098,29321.011537015438
2025-03-01,11,79932.38055816293,1435411.8546784297,2863,0.999315619468689,0.05540446192026138,20403.53425294161
2025-03-01,14,31978.10861608386,1121505.587833017,2598,0.9960301518440247,0.08073637634515762,10487.740036457777
2025-03-02,11,410676.4151020646,2502320.8976594806,2888,0.999065101146698,0.022793365642428398,45646.2082362473
2025-03-02,14,5048787.238011718,18678975.513462067,6667,0.9975569248199463,0.053611163049936295,58169.42267727852
2025-03-03,11,415174.27906385064,3598626.7138586342,3204,0.15698190033435822,0.0023544328287243843,50962.78079670668
2025-03-03,14,1724635.9388447106,8439641.846600085,4020,0.25965505838394165,0.0031882699113339186,59876.29710292816
2025-03-04,11,268048.14484643936,4366657.289337069,4615,0.026770243421196938,0.0012974566780030727,46106.80547913909
2025-03-04,14,162888.80199670792,1920364.3481791615,4274,0.014993070624768734,0.0009732170146889985,36410.41999772191
2025-03-05,11,1251014.6382206082,9327071.21835503,5133,0.02306004799902439,0.0009402343421243131,48323.621920347214
2025-03-05,14,1458270.6921727955,8910399.693746164,4824,0.02900276705622673,0.00110049347858876,45809.477036863565
2025-03-06,11,1900095.148649484,9401747.772260845,5077,0.06317092478275299,0.001119534601457417,49547.410672307014
2025-03-06,14,1536543.9677212238,7795109.193760738,5350,0.1296999305486679,0.001599633600562811,52434.06555381417
2025-03-07,11,3851761.4175465405,15887278.314899072,5385,0.08188523352146149,0.0021073168609291315,60212.3814303875
2025-03-07,14,3355632.1751603484,14174773.572179452,6501,0.222943514585495,0.0037553515285253525,59763.07465776801
2025-03-08,11,4154810.8073855042,15877072.156445764,6766,0.3019134998321533,0.008189983665943146,60181.00699096918
2025-03-08,14,3751340.973347962,16038003.024645865,7477,0.39563554525375366,0.012766473926603794,59042.62456795573
2025-03-09,11,3247411.3459477425,10818418.806519896,6050,0.419027715921402,0.011479104869067669,50348.798556655645
2025-03-09,14,2660423.3405336887,8061986.537394375,7644,0.5766680836677551,0.028398582711815834,47525.54105502367
2025-03-10,11,2358682.527424827,8578162.411742724,5642,0.8184705972671509,0.020506996661424637,47809.34063220024
2025-03-10,14,2520413.5543575287,8388205.686073691,8266,0.5888023972511292,0.04348823055624962,55769.341960310936
2025-03-11,11,945134.1954607368,5252263.952613041,4364,0.9044992327690125,0.02558821626007557,36441.934302300215
2025-03-11,14,1406494.3525914848,4947117.802174777,7314,0.8506246209144592,0.08111456036567688,25112.4377091825
2025-03-12,11,247002.54330974817,2900953.8589408994,4283,0.996093213558197,0.052919477224349976,30488.92582499981
2025-03-12,14,179930.1749764681,2538267.7758490145,4990,0.9970073103904724,0.09587302058935165,21615.593045175076
2025-03-13,11,203976.61233443022,3213385.070577979,4774,0.9979786276817322,0.07442563772201538,33659.07720834017
2025-03-13,14,534438.8306128383,4675521.16704613,5644,0.9973605275154114,0.1270977258682251,35284.59965157509
2025-03-14,11,106547.60663253069,1155815.4533372298,3775,0.9999895095825195,0.1706569641828537,31188.978459209204
2025-03-14,14,471682.13130527735,2684220.928899199,4801,0.9962582588195801,0.2341213971376419,33605.12056618929
2025-03-15,11,1033502.2018447518,4741129.078116924,7030,0.8646689057350159,0.07812213152647018,47160.540953457355
2025-03-15,14,1395131.6197377145,5864453.133869678,7217,0.9369492530822754,0.08744418621063232,56169.68157115579
2025-03-16,11,2025801.5021178126,6055867.39652276,6219,0.3801254332065582,0.02171999402344227,43291.02925476432
2025-03-16,14,2985929.5296522975,13427966.882274404,7098,0.6836650967597961,0.02195264957845211,54048.02306866646
2025-03-17,11,1492065.4194357395,9231570.675108492,7712,0.3928321897983551,0.03047764301300049,54083.72751748562
2025-03-17,14,1331071.3338627517,5347133.871636584,8019,0.4574258327484131,0.04477818310260773,47653.55940556526
2025-03-18,11,2803256.8262435645,11516373.323693946,6570,0.3256368935108185,0.013640610501170158,52953.658857524395
2025-03-18,14,841126.4379027039,6840441.350019798,6332,0.41697457432746887,0.013063632883131504,39486.97111308575
2025-03-19,11,871572.471416384,4028039.8595874384,6077,0.28425201773643494,0.013028929941356182,44174.88418781757
2025-03-19,14,819883.9065726697,2721128.6430646256,6424,0.44116315245628357,0.019604027271270752,23840.906512767076
2025-03-20,11,760062.2637285888,3336588.459723912,5683,0.46634945273399353,0.018902238458395004,27992.730615258217
2025-03-20,14,737974.7778553516,2974226.623293355,6814,0.8181370496749878,0.042267728596925735,25200.049415409565
2025-03-21,11,582889.6859470308,2951180.357960418,5804,0.9901120066642761,0.056054744869470596,30956.85058540106
2025-03-21,14,711221.3345313072,2366170.976475537,5667,0.9679985642433167,0.13004551827907562,30313.51325494051
2025-03-22,11,194866.42685684562,1236696.7992439717,4118,0.9998464584350586,0.15303920209407806,27514.645588696003
2025-03-22,14,274580.9292382896,1855184.6233133376,4774,0.9995717406272888,0.22560766339302063,30124.83054062724
2025-03-23,11,305862.9012057036,1386938.4005394727,3459,0.9996034502983093,0.21407753229141235,26844.953577518463
2025-03-23,14,575172.8608706295,1974649.8170542717,4478,0.9998915195465088,0.28254440426826477,24625.97596630454
2025-03-24,11,59578.92268836498,672991.8917096555,3007,0.9988334774971008,0.21290487051010132,19071.330093473196
2025-03-24,14,63249.28752094507,682107.4577080607,3120,0.9997813105583191,0.3128223717212677,24984.206733882427
2025-03-25,11,154109.6360603869,826620.605527848,3112,0.9980913996696472,0.18880128860473633,21301.98196658492
2025-03-25,14,136945.64633622766,1397483.4563807845,3498,0.9984128475189209,0.3718951642513275,21826.24755859375
2025-03-26,11,241334.49004913867,1660248.603055194,4069,0.9979717135429382,0.18875907361507416,30486.73987212777
2025-03-26,14,781053.2123446763,2505160.90586669,5028,0.9966762065887451,0.26807525753974915,35816.20816448331
2025-03-27,11,374985.5749730468,1533610.1348726451,3613,0.6989692449569702,0.056262318044900894,22942.16854709387
2025-03-27,14,398640.67023172975,2177798.8051608503,4311,0.9861547350883484,0.07070577144622803,26535.794241428375
2025-03-28,11,1266122.815450266,3578432.2377326638,4921,0.8511357307434082,0.03059457801282406,51413.97968482971
2025-03-28,14,2584591.35390608,7581492.498186395,6046,0.7654405832290649,0.04262286052107811,56603.34893190861
2025-03-29,11,590683.2516503185,2163908.7322919816,5175,0.817376971244812,0.03966246917843819,22020.75313913822
2025-03-29,14,789153.1669597924,2509193.4962197393,5056,0.7911889553070068,0.038188010454177856,33579.50755447149
2025-03-30,11,583635.0462508202,2547725.769997284,6148,0.478767067193985,0.04220142215490341,30890.990927755833
2025-03-30,14,272094.2636667937,1761889.9520382583,5160,0.9351999759674072,0.05478224903345108,22839.33341500163
2025-03-31,11,505116.4642204195,2649131.615414232,6387,0.35625159740448,0.042657047510147095,33686.26907533407
2025-03-31,14,624094.4773747921,2812056.6931770593,7657,0.45381757616996765,0.06854107975959778,38556.41198807955
2025-04-01,11,478353.4634292871,2494848.4932370186,5926,0.7973785996437073,0.05514480918645859,27090.869955062866
2025-04-01,14,478860.6634452045,2516467.81391038,7219,0.7676638960838318,0.10417493432760239,33550.30393695831
2025-04-02,11,531018.7907560766,2553227.073431149,6470,0.9480876922607422,0.10087424516677856,28430.979455798864
2025-04-02,14,440493.6724717319,1743307.0516941994,7040,0.7584975957870483,0.15465277433395386,27620.658459603786
2025-04-03,11,515886.8256534189,2771832.0242527276,4895,0.4496211111545563,0.03426957502961159,33472.840905725956
2025-04-03,14,495458.9774747491,2456553.3874316663,6530,0.4208680987358093,0.0681815966963768,39529.562186568975
2025-04-04,11,1156148.1817394346,3882537.6409615725,5951,0.33013224601745605,0.02471950277686119,39132.05049660802
2025-04-04,14,1349152.9966590106,6112650.352380961,7494,0.3921552896499634,0.05604293569922447,49947.15465834737
2025-04-05,11,1111540.125225693,2858289.75761649,3770,0.5997224450111389,0.01999470591545105,24026.220560997725
2025-04-05,14,801676.2970706224,1778966.040014401,3495,0.41154155135154724,0.013683227822184563,26589.640813440084
2025-04-06,11,1133835.8539294451,3289181.1635170653,5596,0.361022412776947,0.008646737784147263,30998.30271154642
2025-04-06,14,1205359.2724588662,3287739.253885351,6376,0.44683149456977844,0.01910342276096344,31792.8147059381
2025-04-07,11,1021312.30461061,3374224.0933786035,5688,0.9265721440315247,0.046725593507289886,29969.819738805294
2025-04-07,14,1497914.9998444617,4308242.649299614,6182,0.8244471549987793,0.06001020967960358,31700.456231623888
2025-04-08,11,959715.6722366363,3737359.0975749046,5695,0.9964349269866943,0.04914540797472,28261.206955224276
2025-04-08,14,671482.547354728,3205419.039226234,5715,0.9831289649009705,0.09970087558031082,27002.064839035273
2025-04-09,11,214587.41624861956,1546543.3208292723,4386,0.9302518963813782,0.07890941202640533,18200.701761603355
2025-04-09,14,473402.26548463106,2053229.4090037644,5388,0.9366265535354614,0.0915209949016571,17248.116537064314
2025-04-10,11,591958.9019896984,2663405.0556117296,4241,0.5832895636558533,0.0533866360783577,28833.129112005234
2025-04-10,14,635170.9181895852,2586582.8714642674,4869,0.6832284927368164,0.08751779049634933,26281.05195143819
2025-04-11,11,516322.25090038776,2050102.6975216866,4349,0.8871505260467529,0.08713094145059586,23726.121802061796
2025-04-11,14,654481.9029253721,2794893.780757576,5381,0.690061092376709,0.13207611441612244,36134.62405717373
2025-04-12,11,265752.8111356795,2909393.711175978,5238,0.9932712912559509,0.13335947692394257,41148.48240232468
2025-04-12,14,335107.0792719424,2547240.581246406,5766,0.9974972605705261,0.20566444098949432,31921.43404906988
2025-04-13,11,685045.3994368911,3681016.5626802146,3608,0.21098896861076355,0.0028240822721272707,31519.464136391878
2025-04-13,14,636897.1105784774,2334245.731306255,3692,0.18804286420345306,0.0036274546291679144,27539.616051375866
2025-04-14,11,207931.82787051797,800104.8071276769,3023,0.1407913714647293,0.0022779826540499926,15117.468103319407
2025-04-14,14,230847.57287093997,767408.1973664984,2905,0.46481671929359436,0.0021151783876121044,8531.670465290546
2025-04-15,11,310822.7246610224,871156.9988283962,2868,0.1492787003517151,0.001120331115089357,15723.655944943428
2025-04-15,14,392253.5822661817,1274448.9103888199,3155,0.16364191472530365,0.0019361894810572267,19597.012501001358
2025-04-16,11,400075.9602570534,890268.682154417,3441,0.5132448077201843,0.0038913425523787737,16827.737112045288
2025-04-16,14,398686.48464882374,1065543.9725008905,3979,0.6695724129676819,0.008443373255431652,21771.147811323404
2025-04-17,11,490104.3918040395,1958177.7634657621,3474,0.8421135544776917,0.011202863417565823,20304.448959499598
2025-04-17,14,612550.9906698167,2525250.8637372553,4876,0.9623070955276489,0.01349429041147232,31397.742697268724
2025-04-18,11,499982.42080658674,1812661.2991742492,4341,0.8605583310127258,0.01892012730240822,21274.398778676987
2025-04-18,14,808290.7513165176,2467759.0447576344,5528,0.8002980947494507,0.030956275761127472,25747.53207615018
2025-04-19,11,1646513.6654741168,3985484.6708732843,5396,0.7639417052268982,0.026769377291202545,30424.758503228426
2025-04-19,14,1947521.5905511677,4883874.412151724,5889,0.8116632699966431,0.04553031176328659,32161.74039646983
2025-04-20,11,553125.2899975777,1516804.677430898,3466,0.17001989483833313,0.0028794645331799984,16492.218910455704
2025-04-20,14,748945.433395654,1916673.208740443,5775,0.26811301708221436,0.006783008109778166,24112.135117143393
2025-04-21,11,441742.1327404678,1175200.6473237872,3723,0.3140052258968353,0.009115096181631088,19266.472111672163
2025-04-21,14,603152.2302902043,2123895.603270203,6794,0.36860841512680054,0.01704859361052513,29272.75930222869
2025-04-22,11,904154.603788808,2344464.720089838,3288,0.09515427052974701,0.001484000706113875,30149.449513614178
2025-04-22,14,873722.4804202914,2025015.492300436,2684,0.08988260477781296,0.0014379939530044794,29666.712642222643
2025-04-23,11,511353.6242390573,3858846.8803575933,4154,0.0165596604347229,0.0003901579766534269,39137.87796929479
2025-04-23,14,227671.48699852824,2323422.2185124755,4526,0.1394256204366684,0.0007659130496904254,25985.873757898808
2025-04-24,11,796177.8686237633,2262925.869685024,4081,0.05442595109343529,0.001516966032795608,26165.448027908802
2025-04-24,14,417832.4400625825,1583783.134147942,3963,0.1614195853471756,0.00231678388081491,26395.6780474782
2025-04-25,11,823885.5359351337,4189961.6341376305,4957,0.2332882285118103,0.003680968191474676,43996.99487930536
2025-04-25,14,936129.4812814593,2860637.5332524776,5105,0.2849421501159668,0.004461894277483225,36356.02031004429
2025-04-26,11,750988.1781818271,2125012.348643452,4889,0.8109787702560425,0.020284976810216904,26829.132135927677
2025-04-26,14,910504.1144423187,2336759.921583146,4694,0.774705171585083,0.023585565388202667,24892.951421886683
2025-04-27,11,771506.481679678,3180495.4337754846,5094,0.9117977619171143,0.1288226842880249,33117.13803854585
2025-04-27,14,590679.786447674,2286144.0227758735,4754,0.9748388528823853,0.18640579283237457,30472.702944785357
2025-04-28,11,502191.1379444301,2214815.0109164417,4944,0.958081066608429,0.09694736450910568,27015.18583625555
2025-04-28,14,555506.884174794,2253411.6177453846,5523,0.9716230034828186,0.14317959547042847,33382.313602000475
2025-04-29,11,946484.8370469213,3317457.4844712466,4860,0.6762535572052002,0.10262296348810196,43169.205753713846
2025-04-29,14,742743.3832383156,2369022.8747620583,5094,0.7488734126091003,0.1447826325893402,47719.25365012884
2025-04-30,11,765334.1522938311,2989025.013633579,4960,0.690753698348999,0.13527213037014008,46188.55424794555
2025-04-30,14,946764.0406475663,4509129.410451606,5591,0.8599397540092468,0.19535645842552185,53144.033686578274
2025-05-01,11,692357.8204465508,3016643.891528994,4678,0.9372020959854126,0.06583494693040848,21895.13027563691
2025-05-01,14,513944.19284048676,1940619.5556807518,3149,0.940337598323822,0.03847915679216385,24790.213267862797
2025-05-02,11,289577.537737906,3092537.21319595,3147,0.4089317321777344,0.004098324105143547,33532.75791543722
2025-05-02,14,584601.1300637126,2951595.682932675,4103,0.354277104139328,0.007077972404658794,54472.06704932451
2025-05-03,11,469511.4315240383,1791593.786236167,2250,0.6995593309402466,0.0016114611644297838,21076.193218529224
2025-05-03,14,320262.914534837,3621486.861033544,2465,0.1610831618309021,0.0016629706369712949,45801.29248189926
2025-05-04,11,351569.21224558353,1987466.9836667776,2937,0.40360891819000244,0.0020580608397722244,26477.648809999228
2025-05-04,14,518989.53109028935,3164285.532001734,3716,0.5951672196388245,0.003721489105373621,53165.37401458621
2025-05-05,11,404493.782212317,1260621.5053249598,3114,0.3562830686569214,0.0034670752938836813,20907.074576944113
2025-05-05,14,399979.00440758467,1682889.0163675696,3318,0.3343266248703003,0.002569576259702444,20490.83745828271
2025-05-06,11,820051.8404175639,5575168.901634842,4581,0.3194073438644409,0.004002630244940519,54357.25476038456
2025-05-06,14,523967.7136657536,5187978.001059979,5057,0.28745004534721375,0.0037960277404636145,54374.075760006905
2025-05-07,11,688235.8106431365,6449800.344530672,3790,0.272715300321579,0.003171237651258707,57515.01752051711
2025-05-07,14,1596953.6593396366,5477831.139254034,5556,0.28124991059303284,0.007220140192657709,57076.62524214387
2025-05-08,11,742582.788973242,2341648.1649576426,3322,0.36525964736938477,0.01859503611922264,38876.57783058286
2025-05-08,14,1292445.9456938803,3770072.9742268026,5200,0.42504557967185974,0.031106045469641685,56062.114024311304
2025-05-09,11,1302577.0370595306,5989592.40955238,3686,0.13892574608325958,0.0027709100395441055,50726.34892061353
2025-05-09,14,1745817.4614599496,7202486.971486777,4315,0.1183273047208786,0.0021728449501097202,53114.13224738836
2025-05-10,11,542608.3968557715,4661180.169059187,3989,0.011479555629193783,0.0002594280813354999,42671.8050622344
2025-05-10,14,334561.0811994076,4522026.718765527,3687,0.01312235090881586,0.0002591277298051864,29673.5443148911
2025-05-11,11,1009194.6648538709,3903666.601503134,3945,0.004870984703302383,0.0003843960876110941,31904.07154160738
2025-05-11,14,554550.7763638198,4176596.9885725677,4559,0.007133455015718937,0.0006606265087611973,25540.55936074257
2025-05-12,11,1288585.0382380486,3522086.3291444182,4526,0.06101838871836662,0.0016029693651944399,30681.37064728141
2025-05-12,14,306270.29759955406,1583297.6847135425,4437,0.056898001581430435,0.003510239766910672,19191.150968760252
2025-05-13,11,347384.7099737823,2266478.5891849697,4146,0.1586730033159256,0.004528462421149015,27635.268159508705
2025-05-13,14,555110.9073827565,2475069.1948266476,4195,0.38087397813796997,0.009071681648492813,28345.796690762043
2025-05-14,11,394803.0368241668,1575793.1800607443,4311,0.6382997632026672,0.030421104282140732,22662.48622006178
2025-05-14,14,360476.5480248928,1259621.1107620448,3833,0.7263389825820923,0.03899605944752693,21117.206084430218
2025-05-15,11,287646.22792491317,1024463.4059900716,2604,0.3542082607746124,0.006459878757596016,17429.47198522091
2025-05-15,14,446593.94801434875,1988595.3332592845,3108,0.5491430163383484,0.010252095758914948,23034.544954270124
2025-05-16,11,301277.2552587092,1177755.8245982826,2918,0.31102484464645386,0.004111300688236952,17884.40497329831
2025-05-16,14,391527.6312083304,1267295.9662361145,2928,0.37729018926620483,0.00421207444742322,20529.065320283175
2025-05-17,11,322278.6922746897,2575024.7443342507,3544,0.20786647498607635,0.0007515144534409046,19744.4889523983
2025-05-17,14,300085.6506073773,3663060.466815561,3804,0.16930104792118073,0.001190177514217794,30639.24283143878
2025-05-18,11,257458.9276200235,2723990.7435047776,3943,0.03103240393102169,0.00032558239763602614,26752.52929159999
2025-05-18,14,694036.9338581562,4448261.967064172,4384,0.07984641194343567,0.0007325661135837436,47707.71611139178
2025-05-19,11,111037.09611943364,1671680.7686051726,3235,0.22338087856769562,0.0015408420003950596,23407.90992000699
2025-05-19,14,269266.18443724513,2604998.0699549615,3817,0.3104339838027954,0.0023791289422661066,24650.321008712053
2025-05-20,11,290892.4611103833,2306138.9256991744,2882,0.18327845633029938,0.0011828094720840454,18948.638893276453
2025-05-20,14,295657.67560875416,2202608.028139919,3297,0.21458183228969574,0.0018610929837450385,19318.69405117631
2025-05-21,11,1480516.4843600094,4213174.986447006,4837,0.17331089079380035,0.008905468508601189,36360.18811541796
2025-05-21,14,695315.5622917116,3109380.054507911,5010,0.18327923119068146,0.010326316580176353,32508.655210405588
2025-05-22,11,721973.850304395,3587273.9041837156,4212,0.20141606032848358,0.003033052198588848,35791.57723158598
2025-05-22,14,555293.7830601335,3872004.634425372,5419,0.23726285994052887,0.003714001504704356,54108.4750071764
2025-05-23,11,351971.1641699672,1720086.2443332672,4968,0.1986658275127411,0.004356320947408676,45110.55711334944
2025-05-23,14,430558.04136428237,1543601.6555315852,5430,0.22047755122184753,0.005944255739450455,47714.920061558485
2025-05-24,11,1179184.5725171566,5609057.27631408,4685,0.15460596978664398,0.0028937587048858404,35441.04263404012
2025-05-24,14,1220859.76022771,5118056.930577338,4818,0.11695589125156403,0.00225246069021523,46437.67750698328
2025-05-25,11,2920240.3623387516,11441005.650089696,4875,0.2037651687860489,0.0038648503832519054,57056.19611901045
2025-05-25,14,1121927.5362585187,6738621.387333959,5170,0.217233344912529,0.00790245272219181,56803.22299474478
2025-05-26,11,1546952.6280542016,6247311.768138766,4474,0.2672436237335205,0.007824532687664032,44486.31099587679
2025-05-26,14,361239.2681977153,1834394.8630784452,5534,0.2660076320171356,0.01685931347310543,37810.2230527997
2025-05-27,14,296683.3506488204,1090435.88566228,5854,0.42626288533210754,0.031224211677908897,27937.28240263462
2025-05-28,11,450752.8577532172,1763932.0854263604,3595,0.266941636800766,0.015317438170313835,25227.47503826022
2025-05-28,14,248374.3874809742,943176.9686138034,4408,0.35639533400535583,0.026138337329030037,28595.505175441504
2025-05-29,11,972795.7276870012,5118611.930692062,4062,0.2662171423435211,0.012113312259316444,57175.794407874346
2025-05-29,14,506010.6638200581,1920542.2312194407,5429,0.37928450107574463,0.027629591524600983,52105.47988551855
2025-05-30,11,985224.2363368869,5460267.7603749335,3730,0.23601150512695312,0.010994070209562778,45478.91170617938
2025-05-30,14,673780.9848327339,3332172.822697103,5791,0.3013160228729248,0.020849309861660004,52918.68231254816
2025-05-31,11,3221761.097561449,12468088.143823296,6433,0.24215325713157654,0.012873057276010513,67879.99023193121
2025-05-31,14,1165139.2128852308,5941025.972908616,7119,0.34524601697921753,0.020408231765031815,56176.10880419612
2025-06-01,11,2501545.302090615,9724393.491539419,6474,0.2520512342453003,0.01848650351166725,65160.42472714186
2025-06-01,14,739457.8428043127,3109245.980659187,6428,0.3186965584754944,0.02967960201203823,54304.366130292416
2025-06-02,11,5675364.549597263,15823294.36318624,4712,0.16441738605499268,0.0038720688316971064,63790.55830472708
2025-06-02,14,2867162.7926806808,11234077.861367166,5582,0.18003693222999573,0.005576872732490301,59435.344199478626
2025-06-03,11,7991483.467082143,18733090.973112404,6923,0.24776723980903625,0.009126409888267517,65124.4878821373
2025-06-03,14,4979745.989479482,12389203.70960331,7200,0.3080378770828247,0.014244874939322472,64892.4860983789
2025-06-04,11,534820.4240773618,2388373.043027073,5310,0.3363477289676666,0.02363191917538643,49034.37042117119
2025-06-04,14,548600.6865328848,2822756.944389254,4945,0.720650315284729,0.038791727274656296,46690.76196438074
2025-06-05,11,878291.62058115,2537669.6044738293,5591,0.39766183495521545,0.03595755621790886,41433.42706730962
2025-06-05,14,551865.3558917642,1928676.7075491846,4814,0.696709930896759,0.04758025333285332,38907.02057158947
2025-06-06,11,452269.40416258574,3605956.8868221343,5268,0.8473753929138184,0.037104297429323196,54265.535886347294
2025-06-06,14,363758.5476485789,4362483.102588728,5108,0.9526860117912292,0.06229349598288536,49946.86536183953
2025-06-07,11,342793.21197259426,2089047.3616601229,5011,0.6172345876693726,0.051249172538518906,37981.5156378448
2025-06-07,14,306684.6533252895,1626133.7265583277,4870,0.7326662540435791,0.06990254670381546,40225.5798496604
2025-06-08,11,300069.7352671921,1844569.0966884494,3756,0.4254773259162903,0.023683205246925354,23493.024351090193
2025-06-08,14,415864.81624400616,1851682.788522482,4850,0.5890781879425049,0.05041300132870674,41851.60841226578
2025-06-09,11,350825.81181776524,2780598.34450078,4156,0.39338409900665283,0.014837952330708504,37546.79552152753
2025-06-09,14,296794.2338862717,1622674.2032104582,4376,0.41770127415657043,0.030680086463689804,42481.41961121559
2025-06-10,11,452241.23643159866,1812274.143666327,4667,0.34033697843551636,0.01817948743700981,27479.559439361095
2025-06-10,14,281895.2667198181,1165193.8625507057,3962,0.5709784030914307,0.0276721753180027,22935.550246328115
2025-06-11,14,267771.8292953968,1264349.8777490556,4631,0.7927948832511902,0.033705879002809525,29585.98869869113
2025-06-12,11,487567.82684510946,2255384.7824273705,5258,0.4936913549900055,0.030324634164571762,37782.84180366993
2025-06-12,14,344397.5733166635,1539401.71343714,5225,0.49710115790367126,0.035412970930337906,33475.77476260066
2025-06-13,11,2829484.434484273,11680191.982527673,7324,0.3124551475048065,0.012961980886757374,65104.12136781216
2025-06-13,14,446591.0056324005,2744972.718110025,5820,0.4573308825492859,0.019300084561109543,53300.954429745674
2025-06-14,11,5484852.9890039265,16325455.781631589,5482,0.1970476508140564,0.0012760377721861005,63103.20246297121
2025-06-14,14,521603.73314777017,6465317.93186301,5309,0.46207737922668457,0.004382221959531307,56733.21864107251
2025-06-15,11,3163033.3737081587,11425154.190556526,6067,0.2628290057182312,0.002705624792724848,60585.08557575941
2025-06-15,14,2543432.2269537747,9246688.837641835,6276,0.36286741495132446,0.004442953038960695,63697.70145854354
2025-06-16,11,3832852.801677078,10657697.61887297,5255,0.011434610933065414,0.0002585537440609187,54957.35973265767
2025-06-16,14,1898960.866923213,7939827.333054811,5366,0.21130770444869995,0.00036856590304523706,49844.578064233065
2025-06-17,11,519195.8115992546,8010076.521203071,4493,0.008959039114415646,0.00018480779544916004,45740.95282894373
2025-06-17,14,154731.4750365913,3399098.109290123,5132,0.03014376014471054,0.0005357950576581061,32310.158859074116
2025-06-18,11,214798.87504804134,1859790.1743490994,3322,0.16940906643867493,0.0006214766763150692,18272.719980478287
2025-06-18,14,66671.67384293675,945216.1539200842,3603,0.1533360332250595,0.0009522642358206213,15878.877654582262
2025-06-19,11,49597.07810977101,929989.7331696898,3107,0.4650421142578125,0.0032798522152006626,18994.22024178505
2025-06-19,14,129498.07849749923,891388.3985222429,3512,0.7088790535926819,0.010557370260357857,18166.84215003252
2025-06-20,11,181774.0710695684,1651050.9610715136,2859,0.2353948950767517,0.0017351232236251235,20467.072092711926
2025-06-20,14,92418.32126230001,1429009.835896939,3115,0.3113570511341095,0.0014358568005263805,19345.564092963934
2025-06-21,11,831017.950789839,2280783.0107868314,3795,0.16824238002300262,0.0004955388139933348,29517.069524019957
2025-06-21,14,506872.3823379427,2081562.6777077615,3731,0.24244605004787445,0.0005075810477137566,29082.93852287531
2025-06-22,11,271540.4078349471,3449771.4809289575,3073,0.36129188537597656,0.0002929371257778257,37623.179314374924
2025-06-22,14,267303.36662086844,2724297.2665822357,3731,0.6145400404930115,0.0006522973999381065,42680.7853654325
2025-06-23,11,86704.06719198823,1644109.4119992554,2916,0.1644488424062729,0.000792040373198688,33747.18610748649
2025-06-23,14,35748.830662339926,1618151.3587795794,2791,0.1855914294719696,0.0009848305489867926,34648.39238730073
2025-06-24,11,230743.07006317377,1229650.6226942092,2628,0.06025547906756401,0.00042135422700084746,15237.075642108917
2025-06-24,14,191130.27867114544,1940254.904706046,2769,0.03562166541814804,0.00032192093203775585,33126.79310795665
2025-06-25,11,1439649.9514977336,8848690.641646445,3774,0.00429348461329937,0.00015149463433772326,47724.024671554565
2025-06-25,14,3857609.9396607876,12593512.617228746,4405,0.008961728774011135,0.00017529039178043604,60930.83926382661
