fire_id,ignite_h,end_h,hours,damagearea,source,n_cells,coord_src,loc
1,2021-06-08 14:00:00,2021-06-08 17:00:00,4,0.04,point,1,original,강원 홍천 내촌
2,2021-06-07 15:00:00,2021-06-07 17:00:00,3,0.01,point,1,original,강원 강릉 주문진
3,2021-06-07 15:00:00,2021-06-07 16:00:00,2,0.01,point,1,original,강원 강릉 주문진
4,2021-05-31 15:00:00,2021-05-31 18:00:00,4,0.05,point,1,original,전남 보성 율어
5,2021-05-27 15:00:00,2021-05-27 18:00:00,4,0.13,point,1,original,경북 고령 개진
6,2021-05-14 11:00:00,2021-05-14 14:00:00,4,0.1,point,1,original,강원 횡성 안흥
7,2021-05-13 17:00:00,2021-05-13 17:00:00,1,0.01,point,1,original,전남 함평 대동
8,2021-05-13 15:00:00,2021-05-13 20:00:00,6,1.2,point,1,original,강원 태백 nan
9,2021-05-12 04:00:00,2021-05-12 09:00:00,6,0.3,point,1,original,경기 남양주 화도
10,2021-05-10 14:00:00,2021-05-10 16:00:00,3,0.1,point,1,original,전북 부안 진서
11,2021-05-10 01:00:00,2021-05-10 03:00:00,3,0.01,point,1,original,충북 충주 nan
12,2021-05-09 17:00:00,2021-05-09 19:00:00,3,0.01,point,1,original,강원 철원 철원
13,2021-05-09 13:00:00,2021-05-09 14:00:00,2,0.03,point,1,original,강원 철원 철원
14,2021-05-09 13:00:00,2021-05-09 14:00:00,2,0.2,point,1,sgis_recovered,강원 홍천 남
15,2021-05-09 12:00:00,2021-05-09 13:00:00,2,0.02,point,1,original,전남 구례 산동
16,2021-05-09 12:00:00,2021-05-09 14:00:00,3,1.4,point,1,original,경북 고령 대가야
17,2021-05-08 17:00:00,2021-05-08 19:00:00,3,0.05,point,1,original,대전 유성 nan
18,2021-05-08 12:00:00,2021-05-08 16:00:00,5,0.01,point,1,original,강원 횡성 안흥
19,2021-05-07 11:00:00,2021-05-07 13:00:00,3,0.2,point,1,original,강원 삼척 도계
20,2021-05-06 21:00:00,2021-05-07 01:00:00,5,0.01,point,1,original,강원 삼척 원덕
21,2021-05-06 17:00:00,2021-05-06 18:00:00,2,0.1,point,1,original,강원 인제 서화
22,2021-05-03 15:00:00,2021-05-03 16:00:00,2,0.01,point,1,original,경기 의왕 nan
23,2021-05-03 13:00:00,2021-05-03 14:00:00,2,0.01,point,1,original,경기 오산 nan
24,2021-04-30 13:00:00,2021-04-30 16:00:00,4,0.03,point,1,original,대구 달성 가창
25,2021-04-30 12:00:00,2021-04-30 15:00:00,4,0.3,point,1,sgis_recovered,전남 여수 소라
26,2021-04-30 05:00:00,2021-04-30 07:00:00,3,0.5,point,1,original,충북 청주 가덕
27,2021-04-29 21:00:00,2021-04-30 02:00:00,6,0.01,point,1,sgis_recovered,강원 삼척 가곡
28,2021-04-29 14:00:00,2021-04-30 12:00:00,23,10.0,point,1,original,전북 무주 무풍
29,2021-04-29 14:00:00,2021-04-29 15:00:00,2,0.05,point,1,original,전북 완주 비봉
30,2021-04-29 13:00:00,2021-04-29 15:00:00,3,0.01,point,1,original,강원 영월 영월
31,2021-04-27 15:00:00,2021-04-27 16:00:00,2,0.04,point,1,sgis_recovered,광주 남 nan
32,2021-04-27 13:00:00,2021-04-27 15:00:00,3,0.17,point,1,original,강원 인제 인제
33,2021-04-27 12:00:00,2021-04-27 15:00:00,4,0.1,point,1,original,전북 전주 완산
34,2021-04-26 18:00:00,2021-04-26 21:00:00,4,0.06,point,1,sgis_recovered,대구 북 nan
35,2021-04-26 17:00:00,2021-04-26 19:00:00,3,0.1,point,1,original,경남 함양 서상
36,2021-04-25 21:00:00,2021-04-26 02:00:00,6,0.3,point,1,original,경남 합천 합천
37,2021-04-25 18:00:00,2021-04-25 18:00:00,1,0.01,point,1,original,전남 광양 옥룡
38,2021-04-25 17:00:00,2021-04-25 18:00:00,2,0.01,point,1,sgis_recovered,전북 완주 구이
39,2021-04-25 16:00:00,2021-04-25 17:00:00,2,0.03,point,1,original,충북 충주 앙성
40,2021-04-25 16:00:00,2021-04-25 18:00:00,3,0.03,point,1,original,경기 용인 처인
41,2021-04-25 14:00:00,2021-04-25 17:00:00,4,1.5,point,1,original,강원 원주 신림
42,2021-04-25 13:00:00,2021-04-25 14:00:00,2,0.01,point,1,original,전북 완주 경천
43,2021-04-25 12:00:00,2021-04-25 13:00:00,2,0.09,point,1,original,강원 평창 봉평
45,2021-04-25 11:00:00,2021-04-25 18:00:00,8,0.05,point,1,original,충남 홍성 갈산
46,2021-04-24 14:00:00,2021-04-24 15:00:00,2,0.01,point,1,original,경북 봉화 명호
47,2021-04-24 14:00:00,2021-04-24 18:00:00,5,0.3,point,1,original,경북 청송 현서
48,2021-04-24 09:00:00,2021-04-24 11:00:00,3,0.1,point,1,original,경북 안동 풍산
49,2021-04-23 19:00:00,2021-04-23 22:00:00,4,0.15,point,1,original,전남 순천 해룡
50,2021-04-23 16:00:00,2021-04-23 17:00:00,2,2.0,point,1,original,경북 예천 효자
51,2021-04-23 10:00:00,2021-04-23 14:00:00,5,1.5,point,1,original,전남 고흥 포두
52,2021-04-23 10:00:00,2021-04-23 10:00:00,1,0.1,point,1,original,전북 남원 송동
53,2021-04-23 09:00:00,2021-04-23 15:00:00,7,0.03,point,1,original,부산 영도 nan
54,2021-04-22 17:00:00,2021-04-22 18:00:00,2,0.01,point,1,sgis_recovered,충남 공주 유구
55,2021-04-22 17:00:00,2021-04-22 18:00:00,2,0.06,point,1,original,경기 화성 마도
56,2021-04-22 15:00:00,2021-04-22 18:00:00,4,0.3,point,1,original,충남 청양 청양
57,2021-04-22 13:00:00,2021-04-22 14:00:00,2,0.1,point,1,original,경남 함양 서상
58,2021-04-22 13:00:00,2021-04-22 13:00:00,1,0.02,point,1,original,강원 철원 동송
60,2021-04-21 14:00:00,2021-04-21 15:00:00,2,0.03,point,1,original,충남 보령 주교
61,2021-04-21 12:00:00,2021-04-21 14:00:00,3,1.0,point,1,original,강원 평창 대관령
62,2021-03-27 11:00:00,2021-03-27 13:00:00,3,0.1,point,1,original,경북 울진 금강송
63,2021-03-26 21:00:00,2021-03-26 22:00:00,2,0.03,point,1,original,경기 용인 처인
64,2021-03-26 19:00:00,2021-03-26 20:00:00,2,0.01,point,1,original,경북 문경 산북
65,2021-03-26 18:00:00,2021-03-26 19:00:00,2,0.6,point,1,original,경북 영천 고경
66,2021-03-26 18:00:00,2021-03-26 21:00:00,4,0.01,point,1,original,경기 용인 처인
67,2021-03-26 16:00:00,2021-03-26 18:00:00,3,0.33,point,1,sgis_recovered,충남 청양 목
68,2021-03-26 13:00:00,2021-03-26 15:00:00,3,0.1,point,1,original,전남 장성 삼계
69,2021-03-26 12:00:00,2021-03-26 16:00:00,5,1.0,point,1,original,경남 거창 고제
70,2021-03-25 21:00:00,2021-03-25 23:00:00,3,0.1,point,1,original,경기 광주 도척
71,2021-03-25 13:00:00,2021-03-25 14:00:00,2,0.1,point,1,sgis_recovered,경남 창녕 대합
72,2021-03-25 11:00:00,2021-03-25 12:00:00,2,0.1,point,1,original,전북 익산 함라
73,2021-03-24 16:00:00,2021-03-24 19:00:00,4,2.0,point,1,original,전북 부안 위도
74,2021-03-23 18:00:00,2021-03-23 19:00:00,2,0.01,point,1,sgis_recovered,울산 중 nan
75,2021-03-23 17:00:00,2021-03-23 17:00:00,1,0.05,point,1,original,경기 포천 내촌
76,2021-03-23 15:00:00,2021-03-24 11:00:00,21,20.0,point,1,original,강원 홍천 화촌
77,2021-03-23 15:00:00,2021-03-23 17:00:00,3,0.2,point,1,original,경북 영주 nan
78,2021-03-23 15:00:00,2021-03-23 18:00:00,4,4.4,point,1,original,충북 충주 수안보
79,2021-03-23 14:00:00,2021-03-23 16:00:00,3,0.1,point,1,original,전북 무주 부남
80,2021-03-23 14:00:00,2021-03-23 15:00:00,2,0.03,point,1,original,경남 밀양 상동
81,2021-03-22 12:00:00,2021-03-22 15:00:00,4,0.3,point,1,original,경북 문경 호계
82,2021-03-21 19:00:00,2021-03-21 21:00:00,3,0.04,point,1,original,경기 안산 상록
83,2021-03-20 00:00:00,2021-03-20 04:00:00,5,0.2,point,1,sgis_recovered,경기 여주 대신
84,2021-03-19 15:00:00,2021-03-19 18:00:00,4,0.7,point,1,original,경기 파주 탄현
85,2021-03-19 14:00:00,2021-03-19 15:00:00,2,0.03,point,1,sgis_recovered,경북 상주 이안
86,2021-03-19 08:00:00,2021-03-19 09:00:00,2,0.05,point,1,original,경기 여주 흥천
87,2021-03-18 19:00:00,2021-03-18 22:00:00,4,0.1,point,1,original,충남 아산 송악
88,2021-03-18 14:00:00,2021-03-18 15:00:00,2,0.03,point,1,original,전북 완주 봉동
89,2021-03-17 23:00:00,2021-03-18 02:00:00,4,0.09,point,1,original,서울 서초 nan
90,2021-03-17 12:00:00,2021-03-17 16:00:00,5,0.2,point,1,original,경기 오산 nan
91,2021-03-17 11:00:00,2021-03-17 12:00:00,2,0.03,point,1,original,인천 옹진 영흥
92,2021-03-16 15:00:00,2021-03-16 17:00:00,3,0.13,point,1,original,전북 익산 성당
93,2021-03-15 15:00:00,2021-03-15 17:00:00,3,0.3,point,1,original,경기 파주 파평
94,2021-03-15 15:00:00,2021-03-15 16:00:00,2,0.4,point,1,original,경기 화성 남양
95,2021-03-14 17:00:00,2021-03-14 18:00:00,2,0.01,point,1,sgis_recovered,경기 광주 남한산성
96,2021-03-11 14:00:00,2021-03-11 18:00:00,5,0.5,point,1,original,강원 영월 김삿갓
97,2021-03-10 18:00:00,2021-03-11 00:00:00,7,0.01,point,1,original,전남 곡성 옥과
98,2021-03-10 15:00:00,2021-03-10 16:00:00,2,0.01,point,1,sgis_recovered,경남 통영 도산
99,2021-03-10 12:00:00,2021-03-10 13:00:00,2,0.5,point,1,original,경기 포천 신북
100,2021-03-09 15:00:00,2021-03-09 15:00:00,1,0.05,point,1,original,전북 장수 장수
101,2021-03-07 11:00:00,2021-03-07 12:00:00,2,0.01,point,1,original,경기 의왕 nan
102,2021-02-28 13:00:00,2021-02-28 14:00:00,2,0.02,point,1,original,울산 울주 온양
103,2021-02-28 09:00:00,2021-02-28 09:00:00,1,0.05,point,1,original,경기 양평 옥천
104,2021-02-27 15:00:00,2021-02-27 16:00:00,2,0.1,point,1,original,경기 고양 덕양
105,2021-02-27 15:00:00,2021-02-27 17:00:00,3,0.16,point,1,original,경기 광주 초월
106,2021-02-27 14:00:00,2021-02-27 18:00:00,5,0.1,point,1,sgis_recovered,경기 양평 양서
107,2021-02-27 14:00:00,2021-02-27 15:00:00,2,0.03,point,1,original,충남 서산 운산
108,2021-02-27 12:00:00,2021-02-27 14:00:00,3,0.06,point,1,original,경기 시흥 nan
109,2021-02-27 12:00:00,2021-02-27 13:00:00,2,0.1,point,1,original,경기 화성 송산
110,2021-02-26 13:00:00,2021-02-26 18:00:00,6,1.5,point,1,original,경기 연천 백학
111,2021-02-26 13:00:00,2021-02-26 16:00:00,4,0.1,point,1,original,강원 홍천 북방
112,2021-02-26 13:00:00,2021-02-26 14:00:00,2,0.17,point,1,original,인천 강화 화도
113,2021-02-26 12:00:00,2021-02-26 12:00:00,1,0.05,point,1,original,경기 용인 처인
114,2021-02-26 10:00:00,2021-02-26 11:00:00,2,0.06,point,1,original,경기 화성 남양
115,2021-02-26 10:00:00,2021-02-26 11:00:00,2,0.03,point,1,original,경기 포천 신북
116,2021-02-25 13:00:00,2021-02-25 15:00:00,3,0.03,point,1,original,경기 성남 분당
117,2021-02-24 15:00:00,2021-02-24 18:00:00,4,0.05,point,1,original,경북 고령 덕곡
118,2021-02-24 15:00:00,2021-02-24 17:00:00,3,0.03,point,1,original,충남 공주 신풍
119,2021-02-24 14:00:00,2021-02-24 15:00:00,2,0.03,point,1,original,충남 천안 동남
120,2021-02-24 14:00:00,2021-02-24 15:00:00,2,0.03,point,1,original,충남 아산 음봉
121,2021-02-24 14:00:00,2021-02-24 14:00:00,1,0.02,point,1,original,경북 안동 풍산
122,2021-02-24 07:00:00,2021-02-24 08:00:00,2,0.01,point,1,original,인천 부평 nan
123,2021-02-23 19:00:00,2021-02-23 23:00:00,5,0.66,point,1,original,경기 광주 곤지암
124,2021-02-23 16:00:00,2021-02-23 17:00:00,2,0.03,point,1,original,경기 포천 영중
125,2021-02-23 16:00:00,2021-02-23 17:00:00,2,0.01,point,1,original,전남 곡성 옥과
126,2021-02-23 14:00:00,2021-02-23 15:00:00,2,0.01,point,1,original,경기 의정부 nan
127,2021-02-23 14:00:00,2021-02-23 15:00:00,2,0.1,point,1,sgis_recovered,울산 남 nan
128,2021-02-22 17:00:00,2021-02-22 19:00:00,3,0.16,point,1,original,대구 동 nan
129,2021-02-22 14:00:00,2021-02-22 16:00:00,3,0.1,point,1,original,강원 화천 간동
132,2021-02-21 17:00:00,2021-02-21 20:00:00,4,0.1,point,1,sgis_recovered,경남 거창 신원
133,2021-02-21 16:00:00,2021-02-22 09:00:00,18,20.0,point,1,original,충북 영동 매곡
134,2021-02-21 16:00:00,2021-02-22 16:00:00,25,55.0,point,1,original,경북 예천 감천
135,2021-02-21 15:00:00,2021-02-21 16:00:00,2,0.1,point,1,original,전북 남원 송동
136,2021-02-21 15:00:00,2021-02-22 15:00:00,25,250.0,point,1,original,경북 안동 임동
137,2021-02-21 14:00:00,2021-02-22 14:00:00,25,10.0,point,1,original,경남 하동 악양
138,2021-02-21 14:00:00,2021-02-21 17:00:00,4,0.1,point,1,original,전남 여수 화양
139,2021-02-21 10:00:00,2021-02-21 14:00:00,5,0.5,point,1,original,경남 하동 하동
140,2021-02-20 22:00:00,2021-02-21 00:00:00,3,0.02,point,1,original,경북 의성 단촌
141,2021-02-20 16:00:00,2021-02-20 17:00:00,2,0.01,point,1,original,충남 당진 석문
142,2021-02-20 15:00:00,2021-02-21 15:00:00,25,12.0,point,1,original,강원 정선 여량
144,2021-02-19 11:00:00,2021-02-19 14:00:00,4,0.1,point,1,original,전남 여수 화양
145,2021-02-18 22:00:00,2021-02-19 10:00:00,13,6.5,point,1,original,강원 양양 양양
146,2021-02-18 14:00:00,2021-02-18 18:00:00,5,0.4,point,1,original,강원 강릉 성산
147,2021-02-16 20:00:00,2021-02-16 21:00:00,2,0.02,point,1,original,경남 김해 생림
148,2021-02-16 14:00:00,2021-02-16 19:00:00,6,1.0,point,1,original,강원 강릉 옥계
149,2021-02-16 11:00:00,2021-02-16 13:00:00,3,0.04,point,1,original,울산 울주 범서
150,2021-02-15 15:00:00,2021-02-15 17:00:00,3,0.08,point,1,original,경기 용인 처인
151,2021-02-14 14:00:00,2021-02-14 15:00:00,2,0.01,point,1,original,대구 달성 논공
152,2021-02-14 11:00:00,2021-02-14 14:00:00,4,0.06,point,1,original,경기 여주 강천
153,2021-02-13 15:00:00,2021-02-13 17:00:00,3,0.1,point,1,original,전남 고흥 포두
154,2021-02-13 14:00:00,2021-02-13 18:00:00,5,0.09,point,1,original,서울 강남 nan
157,2021-02-12 17:00:00,2021-02-12 18:00:00,2,0.02,point,1,original,경기 파주 nan
158,2021-02-12 16:00:00,2021-02-12 17:00:00,2,0.06,point,1,sgis_recovered,경기 양평 지평
159,2021-02-12 15:00:00,2021-02-12 18:00:00,4,0.01,point,1,original,전남 신안 안좌
160,2021-02-12 15:00:00,2021-02-12 17:00:00,3,0.02,point,1,original,경남 합천 야로
161,2021-02-12 15:00:00,2021-02-12 15:00:00,1,0.02,point,1,original,경기 용인 기흥
162,2021-02-12 13:00:00,2021-02-12 15:00:00,3,0.1,point,1,original,경북 의성 의성
163,2021-02-12 10:00:00,2021-02-12 11:00:00,2,0.02,point,1,sgis_recovered,경기 포천 관인
164,2021-02-11 13:00:00,2021-02-11 15:00:00,3,0.1,point,1,original,경북 경주 천북
166,2021-02-10 12:00:00,2021-02-11 11:00:00,24,3.0,point,1,original,전남 광양 nan
167,2021-02-10 10:00:00,2021-02-10 12:00:00,3,0.26,point,1,original,경북 영양 영양
168,2021-02-10 10:00:00,2021-02-10 11:00:00,2,0.01,point,1,original,경남 하동 적량
169,2021-02-09 16:00:00,2021-02-09 17:00:00,2,0.05,point,1,original,경북 영덕 영덕
170,2021-02-09 15:00:00,2021-02-09 17:00:00,3,0.05,point,1,sgis_recovered,경남 하동 양보
171,2021-02-09 14:00:00,2021-02-09 16:00:00,3,0.03,point,1,sgis_recovered,경북 의성 금성
172,2021-02-09 13:00:00,2021-02-09 23:00:00,11,1.0,point,1,sgis_recovered,강원 삼척 신기
173,2021-02-09 12:00:00,2021-02-09 13:00:00,2,0.01,point,1,original,전남 영광 군남
174,2021-02-08 14:00:00,2021-02-08 16:00:00,3,0.17,point,1,sgis_recovered,인천 강화 양도
175,2021-02-08 13:00:00,2021-02-08 14:00:00,2,0.1,point,1,original,경북 안동 nan
176,2021-02-08 11:00:00,2021-02-08 13:00:00,3,0.08,point,1,original,경북 울진 평해
177,2021-02-08 11:00:00,2021-02-08 12:00:00,2,0.01,point,1,original,경남 함안 산인
178,2021-02-07 15:00:00,2021-02-07 17:00:00,3,0.01,point,1,sgis_recovered,대구 남 nan
179,2021-02-06 16:00:00,2021-02-06 17:00:00,2,0.01,point,1,sgis_recovered,대구 남 nan
180,2021-02-06 01:00:00,2021-02-06 04:00:00,4,0.01,point,1,original,경남 양산 상북
181,2021-04-21 09:00:00,2021-04-21 11:00:00,3,0.01,point,1,sgis_recovered,경기 양평 양서
182,2021-04-20 20:00:00,2021-04-20 23:00:00,4,0.1,point,1,original,전남 광양 옥룡
183,2021-04-20 18:00:00,2021-04-20 21:00:00,4,0.03,point,1,original,경북 문경 문경
184,2021-04-20 15:00:00,2021-04-20 18:00:00,4,0.3,point,1,sgis_recovered,강원 홍천 남
185,2021-04-20 14:00:00,2021-04-20 17:00:00,4,0.3,point,1,original,전북 남원 인월
186,2021-04-20 11:00:00,2021-04-20 13:00:00,3,0.2,point,1,original,경북 구미 nan
187,2021-04-19 17:00:00,2021-04-19 21:00:00,5,1.5,point,1,original,강원 횡성 공근
188,2021-04-19 13:00:00,2021-04-19 16:00:00,4,0.33,point,1,original,경기 양평 옥천
189,2021-04-19 11:00:00,2021-04-19 14:00:00,4,0.08,point,1,original,경남 양산 원동
190,2021-04-19 09:00:00,2021-04-19 10:00:00,2,0.01,point,1,original,경남 김해 진영
191,2021-04-18 13:00:00,2021-04-18 13:00:00,1,0.02,point,1,original,경기 양평 양평
192,2021-04-17 20:00:00,2021-04-17 23:00:00,4,0.2,point,1,original,대전 유성 nan
193,2021-04-17 15:00:00,2021-04-17 18:00:00,4,0.2,point,1,original,전남 여수 nan
194,2021-04-17 12:00:00,2021-04-17 13:00:00,2,0.01,point,1,original,강원 평창 진부
195,2021-04-17 10:00:00,2021-04-17 12:00:00,3,0.03,point,1,original,경기 양평 용문
197,2021-04-16 16:00:00,2021-04-16 17:00:00,2,1.0,point,1,sgis_recovered,경북 영양 수비
198,2021-04-16 15:00:00,2021-04-16 16:00:00,2,0.2,point,1,original,전남 나주 남평
199,2021-04-13 15:00:00,2021-04-13 17:00:00,3,0.5,point,1,sgis_recovered,경북 봉화 재산
200,2021-04-12 12:00:00,2021-04-12 13:00:00,2,0.03,point,1,sgis_recovered,인천 중 nan
201,2021-04-11 20:00:00,2021-04-11 21:00:00,2,0.03,point,1,original,경북 봉화 명호
202,2021-04-11 19:00:00,2021-04-11 20:00:00,2,0.01,point,1,sgis_recovered,충남 공주 이인
204,2021-04-11 13:00:00,2021-04-11 15:00:00,3,0.1,point,1,original,충남 서산 음암
205,2021-04-11 13:00:00,2021-04-11 14:00:00,2,0.01,point,1,original,충남 부여 옥산
207,2021-04-11 11:00:00,2021-04-11 18:00:00,8,1.4,point,1,original,전남 광양 옥룡
208,2021-04-11 10:00:00,2021-04-11 12:00:00,3,0.05,point,1,original,경북 문경 동로
210,2021-04-11 10:00:00,2021-04-11 17:00:00,8,0.5,point,1,sgis_recovered,경북 봉화 재산
211,2021-04-10 19:00:00,2021-04-10 20:00:00,2,0.03,point,1,original,충남 보령 주교
212,2021-04-10 10:00:00,2021-04-10 12:00:00,3,0.5,point,1,original,전북 장수 계북
213,2021-04-09 16:00:00,2021-04-09 19:00:00,4,0.06,point,1,original,경기 안성 원곡
214,2021-04-09 13:00:00,2021-04-09 15:00:00,3,0.15,point,1,sgis_recovered,전남 화순 사평
215,2021-04-09 12:00:00,2021-04-09 14:00:00,3,0.1,point,1,original,전남 광양 옥룡
216,2021-04-08 13:00:00,2021-04-08 14:00:00,2,0.02,point,1,original,충남 공주 이인
217,2021-04-08 10:00:00,2021-04-08 10:00:00,1,0.01,point,1,original,경기 가평 가평
218,2021-04-08 10:00:00,2021-04-08 11:00:00,2,0.02,point,1,original,전남 영광 홍농
219,2021-04-07 15:00:00,2021-04-07 17:00:00,3,0.01,point,1,original,경기 파주 군내
220,2021-04-07 13:00:00,2021-04-07 15:00:00,3,0.01,point,1,original,경남 진주 집현
221,2021-04-07 12:00:00,2021-04-07 14:00:00,3,0.06,point,1,original,경북 영천 고경
222,2021-04-06 13:00:00,2021-04-06 13:00:00,1,0.01,point,1,original,경기 고양 덕양
223,2021-04-03 01:00:00,2021-04-03 11:00:00,11,0.5,point,1,original,울산 울주 온양
224,2021-04-02 19:00:00,2021-04-02 21:00:00,3,0.15,point,1,original,경북 영덕 영덕
225,2021-04-02 16:00:00,2021-04-02 18:00:00,3,0.2,point,1,original,경기 양평 청운
226,2021-04-02 14:00:00,2021-04-02 15:00:00,2,0.02,point,1,original,전북 남원 주천
227,2021-04-02 14:00:00,2021-04-02 15:00:00,2,0.01,point,1,original,충북 청주 상당
228,2021-04-02 12:00:00,2021-04-02 14:00:00,3,0.02,point,1,sgis_recovered,경남 창녕 대합
229,2021-04-02 11:00:00,2021-04-02 14:00:00,4,0.66,point,1,original,경기 파주 문산
230,2021-04-02 09:00:00,2021-04-02 11:00:00,3,0.1,point,1,original,경기 화성 봉담
231,2021-04-02 01:00:00,2021-04-02 03:00:00,3,0.1,point,1,original,경기 용인 처인
232,2021-04-01 18:00:00,2021-04-01 21:00:00,4,0.02,point,1,original,서울 관악 nan
233,2021-04-01 16:00:00,2021-04-01 18:00:00,3,0.4,point,1,sgis_recovered,경기 안성 고삼
234,2021-04-01 15:00:00,2021-04-01 15:00:00,1,0.01,point,1,original,경기 고양 덕양
235,2021-04-01 12:00:00,2021-04-01 13:00:00,2,0.01,point,1,sgis_recovered,충남 태안 남
236,2021-04-01 12:00:00,2021-04-01 15:00:00,4,0.1,point,1,sgis_recovered,충남 공주 우성
237,2021-03-31 15:00:00,2021-04-01 11:00:00,21,0.5,point,1,original,강원 양구 양구
238,2021-03-31 15:00:00,2021-04-01 12:00:00,22,10.7,point,1,sgis_recovered,강원 정선 신동
239,2021-03-31 12:00:00,2021-03-31 13:00:00,2,0.1,point,1,sgis_recovered,경북 군위 효령
240,2021-03-30 14:00:00,2021-03-30 21:00:00,8,0.5,point,1,sgis_recovered,강원 삼척 가곡
422,2021-02-05 14:00:00,2021-02-05 19:00:00,6,1.5,point,1,original,강원 정선 북평
423,2021-02-04 13:00:00,2021-02-04 13:00:00,1,0.01,point,1,sgis_recovered,경남 통영 도산
424,2021-02-03 15:00:00,2021-02-03 17:00:00,3,0.05,point,1,original,경남 고성 영오
3827,2024-06-10 04:00:00,2024-06-10 14:00:00,11,0.21,point,1,sgis_recovered,인천 강화 양사
3828,2024-06-10 03:00:00,2024-06-10 14:00:00,12,0.66,point,1,original,인천 강화 하점
3829,2024-06-09 12:00:00,2024-06-09 14:00:00,3,0.05,point,1,original,인천 강화 삼산
3830,2024-06-20 14:00:00,2024-06-20 16:00:00,3,0.06,point,1,original,강원 정선 남면
3831,2024-06-20 13:00:00,2024-06-20 17:00:00,5,0.15,point,1,original,충남 천안 동남 목천
3850,2024-06-18 17:00:00,2024-06-18 20:00:00,4,0.01,point,1,original,충남 서천 화양
3851,2024-06-18 17:00:00,2024-06-19 17:00:00,25,3.0,point,1,sgis_recovered,광주 북 nan
3852,2024-06-18 13:00:00,2024-06-18 17:00:00,5,0.17,point,1,original,강원 평창 진부
3853,2024-06-18 12:00:00,2024-06-18 15:00:00,4,0.06,point,1,sgis_recovered,경기 용인 처인 이동
3854,2024-04-14 22:00:00,2024-04-14 23:00:00,2,0.07,point,1,original,충남 보령 남포
3855,2024-04-14 18:00:00,2024-04-14 20:00:00,3,0.01,point,1,original,경기 양주 은현
3856,2024-04-14 16:00:00,2024-04-14 18:00:00,3,0.4,point,1,original,충남 보령 nan
3857,2024-04-14 15:00:00,2024-04-14 19:00:00,5,0.4,point,1,original,강원 홍천 내촌
3858,2024-04-14 14:00:00,2024-04-14 15:00:00,2,0.1,point,1,original,경기 포천 신북
3859,2024-04-14 12:00:00,2024-04-14 14:00:00,3,0.2,point,1,sgis_recovered,전남 곡성 겸
3860,2024-04-14 11:00:00,2024-04-14 18:00:00,8,0.3,point,1,original,경기 김포 월곶
3861,2024-03-20 16:00:00,2024-03-20 19:00:00,4,0.82,point,1,original,대전 동 nan
3862,2024-03-20 16:00:00,2024-03-20 19:00:00,4,2.0,point,1,original,전남 해남 해남
3863,2024-03-20 14:00:00,2024-03-20 16:00:00,3,0.2,point,1,sgis_recovered,전북 순창 적성
3864,2024-03-20 13:00:00,2024-03-20 16:00:00,4,0.4,point,1,sgis_recovered,전북 완주 구이
3865,2024-03-20 13:00:00,2024-03-20 15:00:00,3,0.2,point,1,original,전북 전주 덕진
3866,2024-03-20 13:00:00,2024-03-20 16:00:00,4,1.15,point,1,sgis_recovered,광주 동 nan
3867,2024-03-20 10:00:00,2024-03-20 13:00:00,4,0.03,point,1,original,대구 달성 하빈
3868,2024-03-20 09:00:00,2024-03-20 11:00:00,3,0.38,point,1,original,경기 남양주 별내
3869,2024-03-20 08:00:00,2024-03-20 09:00:00,2,0.09,point,1,sgis_recovered,충남 서산 인지
3870,2024-03-20 01:00:00,2024-03-20 07:00:00,7,0.3,point,1,original,경남 양산 원동
3871,2024-03-19 18:00:00,2024-03-19 22:00:00,5,0.2,point,1,sgis_recovered,전남 강진 성전
3872,2024-03-19 17:00:00,2024-03-19 19:00:00,3,0.05,point,1,original,전북 남원 산내
3873,2024-03-19 16:00:00,2024-03-19 17:00:00,2,0.05,point,1,original,경기 화성 양감
3874,2024-03-19 14:00:00,2024-03-19 15:00:00,2,0.05,point,1,original,경기 성남 수정
3875,2024-03-18 16:00:00,2024-03-18 18:00:00,3,0.08,point,1,sgis_recovered,인천 서 nan
3876,2024-03-18 15:00:00,2024-03-19 01:00:00,11,2.0,point,1,original,경기 광주 초월
3877,2024-03-18 15:00:00,2024-03-18 17:00:00,3,0.39,point,1,sgis_recovered,경기 양평 양동
3878,2024-03-18 14:00:00,2024-03-18 15:00:00,2,0.1,point,1,original,경남 거창 웅양
3879,2024-03-18 14:00:00,2024-03-18 16:00:00,3,0.15,point,1,original,전북 순창 인계
3880,2024-03-18 11:00:00,2024-03-18 11:00:00,1,0.03,point,1,original,전북 전주 완산 nan
3881,2024-03-17 19:00:00,2024-03-17 21:00:00,3,0.01,point,1,original,대구 군위 부계
3882,2024-03-17 15:00:00,2024-03-17 18:00:00,4,0.5,point,1,original,경기 포천 영중
3883,2024-03-17 14:00:00,2024-03-17 17:00:00,4,0.15,point,1,sgis_recovered,전북 군산 옥도
3884,2024-03-17 13:00:00,2024-03-17 18:00:00,6,2.5,point,1,original,전남 순천 별량
3885,2024-03-17 10:00:00,2024-03-17 12:00:00,3,0.1,point,1,original,경기 동두천 nan
3886,2024-03-16 21:00:00,2024-03-16 22:00:00,2,0.02,point,1,original,경기 용인 처인 백암
3887,2024-03-16 15:00:00,2024-03-16 17:00:00,3,0.07,point,1,original,경기 파주 파평
3888,2024-03-16 14:00:00,2024-03-16 18:00:00,5,2.0,point,1,original,전북 임실 청웅
3889,2024-03-16 12:00:00,2024-03-16 13:00:00,2,0.03,point,1,original,경남 산청 단성
3890,2024-03-15 15:00:00,2024-03-15 17:00:00,3,0.02,point,1,original,전북 장수 장계
3891,2024-03-15 15:00:00,2024-03-15 16:00:00,2,0.2,point,1,original,강원 정선 정선
3892,2024-03-15 14:00:00,2024-03-15 15:00:00,2,0.05,point,1,original,경기 평택 nan
3893,2024-03-15 13:00:00,2024-03-15 17:00:00,5,3.5,point,1,original,경북 영덕 병곡
3895,2024-06-13 13:00:00,2024-06-13 17:00:00,5,0.8,point,1,sgis_recovered,경북 김천 구성
3896,2024-06-13 11:00:00,2024-06-13 14:00:00,4,0.01,point,1,original,충남 보령 주교
3897,2024-06-14 12:00:00,2024-06-14 15:00:00,4,0.03,point,1,original,충남 홍성 장곡
3898,2024-06-14 12:00:00,2024-06-15 11:00:00,24,3.85,point,1,original,강원 태백 nan
3899,2024-05-30 04:00:00,2024-05-30 07:00:00,4,0.23,point,1,original,경기 가평 설악
3900,2024-05-19 16:00:00,2024-05-19 17:00:00,2,0.13,point,1,original,경기 안산 상록 nan
3901,2024-05-19 10:00:00,2024-05-19 12:00:00,3,0.03,point,1,original,울산 울주 청량
3902,2024-04-09 16:00:00,2024-04-09 17:00:00,2,0.04,point,1,original,경기 광주 nan
3903,2024-04-09 15:00:00,2024-04-09 17:00:00,3,0.01,point,1,original,경기 과천 nan
3904,2024-06-28 12:00:00,2024-06-28 15:00:00,4,0.3,point,1,original,충남 공주 신풍
3905,2024-06-27 08:00:00,2024-06-27 10:00:00,3,0.01,point,1,original,경기 파주 nan
3906,2024-06-17 10:00:00,2024-06-17 11:00:00,2,0.01,point,1,original,경북 영천 신녕
3907,2024-06-17 06:00:00,2024-06-17 10:00:00,5,0.03,point,1,original,충남 서산 지곡
3908,2024-06-15 15:00:00,2024-06-15 18:00:00,4,0.2,point,1,original,충남 서산 해미
3909,2024-05-24 16:00:00,2024-05-24 19:00:00,4,0.02,point,1,original,강원 삼척 원덕
3910,2024-05-24 13:00:00,2024-05-24 17:00:00,5,0.5,point,1,sgis_recovered,전남 화순 사평
3911,2024-06-07 16:00:00,2024-06-07 18:00:00,3,0.01,point,1,original,경기 가평 설악
3912,2024-06-07 15:00:00,2024-06-07 15:00:00,1,0.02,point,1,original,경기 양평 단월
3913,2024-06-05 15:00:00,2024-06-05 18:00:00,4,0.03,point,1,original,경기 광주 초월
3914,2024-04-12 14:00:00,2024-04-12 16:00:00,3,0.06,point,1,original,강원 삼척 하장
3915,2024-04-12 14:00:00,2024-04-12 16:00:00,3,0.06,point,1,original,충북 단양 영춘
3916,2024-04-12 13:00:00,2024-04-12 19:00:00,7,2.0,point,1,sgis_recovered,강원 양구 국토정중앙
3917,2024-04-12 12:00:00,2024-04-12 13:00:00,2,0.1,point,1,original,강원 횡성 우천
3918,2024-04-12 12:00:00,2024-04-12 13:00:00,2,0.05,point,1,original,경북 경주 산내
3919,2024-04-12 12:00:00,2024-04-12 13:00:00,2,0.1,point,1,original,전북 무주 적상
3920,2024-04-13 22:00:00,2024-04-14 00:00:00,3,0.06,point,1,sgis_recovered,충남 홍성 은하
3921,2024-04-13 16:00:00,2024-04-13 18:00:00,3,1.0,point,1,original,강원 횡성 우천
3922,2024-04-13 15:00:00,2024-04-13 18:00:00,4,0.83,point,1,original,경기 파주 광탄
3923,2024-04-13 14:00:00,2024-04-13 15:00:00,2,0.1,point,1,original,전북 무주 설천
3924,2024-04-13 13:00:00,2024-04-13 14:00:00,2,0.03,point,1,original,충남 공주 사곡
3925,2024-04-13 13:00:00,2024-04-13 15:00:00,3,0.01,point,1,original,경북 청송 현서
3926,2024-04-13 12:00:00,2024-04-13 13:00:00,2,0.03,point,1,original,충남 공주 사곡
3927,2024-04-13 11:00:00,2024-04-13 14:00:00,4,0.33,point,1,original,경기 파주 탄현
3928,2024-04-13 11:00:00,2024-04-13 13:00:00,3,0.05,point,1,original,경북 영천 임고
3929,2024-04-13 00:00:00,2024-04-13 01:00:00,2,0.02,point,1,original,부산 사하 nan
3930,2024-06-03 00:00:00,2024-06-03 06:00:00,7,0.26,point,1,original,부산 금정 nan
3931,2024-06-02 09:00:00,2024-06-02 15:00:00,7,0.05,point,1,original,경기 과천 nan
3932,2024-06-01 15:00:00,2024-06-01 18:00:00,4,0.99,point,1,original,경기 파주 탄현
3933,2024-04-01 16:00:00,2024-04-01 17:00:00,2,0.15,point,1,original,경북 예천 지보
3934,2024-04-01 14:00:00,2024-04-01 18:00:00,5,1.2,point,1,original,경기 광주 초월
3935,2024-04-01 13:00:00,2024-04-01 16:00:00,4,0.6,point,1,original,경기 남양주 진접
3936,2024-03-24 14:00:00,2024-03-24 15:00:00,2,0.2,point,1,original,경기 연천 군남
3937,2024-03-24 12:00:00,2024-03-24 15:00:00,4,0.3,point,1,sgis_recovered,경기 화성 장안
3938,2024-03-24 12:00:00,2024-03-24 22:00:00,11,0.1,point,1,original,충남 천안 동남 목천
3939,2024-03-24 10:00:00,2024-03-24 17:00:00,8,1.5,point,1,sgis_recovered,경기 안성 고삼
3940,2024-03-23 14:00:00,2024-03-23 15:00:00,2,0.03,point,1,sgis_recovered,경기 가평 북
3941,2024-03-23 13:00:00,2024-03-23 14:00:00,2,0.01,point,1,original,충남 천안 동남 동
3942,2024-03-23 12:00:00,2024-03-23 13:00:00,2,0.03,point,1,sgis_recovered,충남 금산 남일
3943,2024-03-21 18:00:00,2024-03-21 19:00:00,2,0.1,point,1,original,충남 예산 신양
3944,2024-03-21 14:00:00,2024-03-21 17:00:00,4,0.02,point,1,original,경남 거제 거제
3945,2024-06-19 01:00:00,2024-06-19 18:00:00,18,0.2,point,1,original,강원 삼척 도계
3946,2024-06-21 15:00:00,2024-06-21 20:00:00,6,0.33,point,1,original,전북 남원 산내
3947,2023-04-22 16:00:00,2023-04-22 18:00:00,3,0.33,point,1,sgis_recovered,충남 부여 내산
3948,2023-04-22 15:00:00,2023-04-22 17:00:00,3,0.1,point,1,original,경기 연천 군남
3949,2023-04-22 10:00:00,2023-04-22 11:00:00,2,0.01,point,1,sgis_recovered,충남 태안 안면
3950,2023-04-14 13:00:00,2023-04-14 13:00:00,1,0.04,point,1,sgis_recovered,경남 함양 유림
3951,2023-04-13 22:00:00,2023-04-14 03:00:00,6,0.11,point,1,original,경기 구리 nan
3952,2023-04-13 19:00:00,2023-04-13 20:00:00,2,0.3,point,1,original,충남 보령 웅천
3953,2023-04-13 14:00:00,2023-04-13 14:00:00,1,0.01,point,1,original,충북 제천 덕산
3954,2023-04-13 13:00:00,2023-04-13 15:00:00,3,0.2,point,1,original,울산 울주 두서
3955,2023-04-13 13:00:00,2023-04-13 15:00:00,3,0.03,point,1,original,경남 함양 서하
3956,2023-04-13 13:00:00,2023-04-13 16:00:00,4,2.0,point,1,original,경북 문경 호계
3957,2023-04-13 10:00:00,2023-04-13 11:00:00,2,0.01,point,1,original,충북 영동 영동
3958,2023-04-22 22:00:00,2023-04-23 01:00:00,4,0.45,point,1,sgis_recovered,경남 창원 마산합포 구산
3959,2023-04-22 17:00:00,2023-04-22 19:00:00,3,0.01,point,1,sgis_recovered,전남 장흥 부산
3960,2023-06-13 12:00:00,2023-06-13 17:00:00,6,0.06,point,1,original,충남 천안 동남 병천
3961,2023-06-12 15:00:00,2023-06-12 18:00:00,4,0.02,point,1,original,충남 논산 양촌
3962,2023-06-03 16:00:00,2023-06-03 19:00:00,4,0.01,point,1,sgis_recovered,경기 포천 이동
3963,2023-04-19 23:00:00,2023-04-20 23:00:00,25,0.03,point,1,sgis_recovered,전북 군산 옥도
3964,2023-05-04 15:00:00,2023-05-04 18:00:00,4,1.0,point,1,original,강원 정선 화암
3965,2023-05-04 15:00:00,2023-05-04 16:00:00,2,0.02,point,1,original,충북 영동 학산
3966,2023-05-04 11:00:00,2023-05-04 11:00:00,1,0.01,point,1,original,부산 연제 nan
3967,2023-05-16 14:00:00,2023-05-16 17:00:00,4,0.03,point,1,original,충남 청양 장평
3969,2023-05-16 13:00:00,2023-05-17 13:00:00,25,0.13,point,1,original,세종 nan nan
3970,2023-04-20 14:00:00,2023-04-20 20:00:00,7,0.5,point,1,original,경북 청송 주왕산
3971,2023-04-17 11:00:00,2023-04-17 16:00:00,6,1.2,point,1,original,경북 안동 일직
3972,2023-05-27 12:00:00,2023-05-27 13:00:00,2,0.04,point,1,original,강원 정선 정선
3973,2023-05-27 04:00:00,2023-05-27 11:00:00,8,0.4,point,1,original,경기 화성 nan
3974,2023-05-25 14:00:00,2023-05-25 16:00:00,3,0.03,point,1,original,경기 포천 영중
3975,2023-05-25 12:00:00,2023-05-25 14:00:00,3,0.05,point,1,original,전북 장수 장계
3976,2023-05-24 11:00:00,2023-05-24 13:00:00,3,0.02,point,1,original,경북 문경 nan
3977,2023-05-22 19:00:00,2023-05-22 20:00:00,2,0.01,point,1,original,경기 과천 nan
3978,2023-05-12 13:00:00,2023-05-12 15:00:00,3,0.01,point,1,sgis_recovered,경남 합천 가야
3979,2023-05-12 09:00:00,2023-05-12 09:00:00,1,0.01,point,1,original,부산 연제 nan
3980,2023-05-10 16:00:00,2023-05-10 17:00:00,2,0.01,point,1,original,경기 연천 전곡
3981,2023-05-10 12:00:00,2023-05-10 14:00:00,3,0.1,point,1,original,강원 화천 사내
3982,2023-04-26 11:00:00,2023-04-26 13:00:00,3,0.1,point,1,original,세종 nan nan
3983,2023-04-09 17:00:00,2023-04-09 17:00:00,1,0.01,point,1,sgis_recovered,울산 동 nan
3984,2023-04-09 14:00:00,2023-04-09 16:00:00,3,0.5,point,1,original,강원 평창 미탄
3985,2023-04-09 12:00:00,2023-04-09 12:00:00,1,0.01,point,1,sgis_recovered,경기 연천 신서
4024,2023-03-14 14:00:00,2023-03-14 17:00:00,4,0.04,point,1,original,경남 거제 둔덕
4025,2023-03-14 14:00:00,2023-03-14 16:00:00,3,3.0,point,1,sgis_recovered,충남 금산 부리
4026,2023-03-14 13:00:00,2023-03-14 17:00:00,5,1.93,point,1,original,경기 여주 가남
4027,2023-03-14 13:00:00,2023-03-14 16:00:00,4,0.3,point,1,sgis_recovered,전북 남원 대강
4028,2023-03-14 13:00:00,2023-03-14 15:00:00,3,0.06,point,1,original,충북 옥천 청성
4029,2023-03-14 13:00:00,2023-03-14 14:00:00,2,0.16,point,1,sgis_recovered,강원 홍천 영귀미
4030,2023-03-14 13:00:00,2023-03-14 15:00:00,3,0.03,point,1,original,경기 파주 파주
4031,2023-03-14 12:00:00,2023-03-14 15:00:00,4,0.01,point,1,original,충북 보은 탄부
4032,2023-03-14 12:00:00,2023-03-14 13:00:00,2,0.1,point,1,original,경북 예천 개포
4033,2023-03-12 14:00:00,2023-03-12 17:00:00,4,0.01,point,1,original,경기 안양 만안
4034,2023-03-12 03:00:00,2023-03-12 08:00:00,6,0.5,point,1,original,경남 하동 옥종
4035,2023-03-10 15:00:00,2023-03-10 16:00:00,2,0.01,point,1,original,경남 함양 병곡
4036,2023-03-10 14:00:00,2023-03-10 16:00:00,3,0.27,point,1,original,경기 남양주 별내
4037,2023-03-10 13:00:00,2023-03-10 18:00:00,6,1.0,point,1,original,전북 정읍 입암
4038,2023-03-10 13:00:00,2023-03-10 16:00:00,4,1.0,point,1,original,충북 청주 상당 낭성
4039,2023-03-10 12:00:00,2023-03-10 14:00:00,3,0.5,point,1,original,경북 상주 공성
4040,2023-03-03 19:00:00,2023-03-03 20:00:00,2,0.01,point,1,original,경기 여주 강천
4041,2023-03-03 18:00:00,2023-03-03 20:00:00,3,0.26,point,1,original,세종 전동 nan
4042,2023-03-03 17:00:00,2023-03-03 18:00:00,2,0.02,point,1,original,경기 양평 용문
4043,2023-03-03 14:00:00,2023-03-03 15:00:00,2,0.03,point,1,original,경남 김해 nan
4044,2023-03-03 14:00:00,2023-03-04 11:00:00,22,47.0,point,1,original,전남 순천 월등
4045,2023-03-03 14:00:00,2023-03-04 14:00:00,25,40.0,point,1,original,경북 영양 영양
4046,2023-03-03 14:00:00,2023-03-03 17:00:00,4,2.0,point,1,original,충남 공주 신풍
4047,2023-03-03 12:00:00,2023-03-03 13:00:00,2,0.08,point,1,original,광주 광산 nan
4048,2023-03-03 11:00:00,2023-03-03 13:00:00,3,0.1,point,1,original,충남 태안 태안
4049,2023-03-03 10:00:00,2023-03-03 11:00:00,2,0.03,point,1,original,충남 홍성 홍동
4050,2023-03-03 10:00:00,2023-03-03 12:00:00,3,0.09,point,1,original,충남 부여 충화
4051,2023-03-03 08:00:00,2023-03-03 09:00:00,2,0.03,point,1,original,강원 정선 임계
4052,2023-03-03 00:00:00,2023-03-03 01:00:00,2,0.1,point,1,original,충남 당진 nan
4053,2023-02-27 18:00:00,2023-02-27 21:00:00,4,0.3,point,1,original,경북 안동 임동
4054,2023-02-27 18:00:00,2023-02-27 18:00:00,1,0.01,point,1,original,충남 보령 nan
4055,2023-02-27 17:00:00,2023-02-28 02:00:00,10,8.0,point,1,original,경남 창녕 남지
4056,2023-02-27 15:00:00,2023-02-27 18:00:00,4,1.7,point,1,sgis_recovered,충남 금산 복수
4057,2023-02-27 13:00:00,2023-02-27 14:00:00,2,0.1,point,1,original,강원 고성 현내
4058,2023-02-27 12:00:00,2023-02-27 14:00:00,3,0.15,point,1,original,경남 함안 칠원
4059,2023-02-27 12:00:00,2023-02-27 15:00:00,4,0.3,point,1,original,전북 익산 웅포
4060,2023-02-27 11:00:00,2023-02-27 14:00:00,4,0.2,point,1,original,경북 상주 함창
4061,2023-02-27 11:00:00,2023-02-27 12:00:00,2,0.1,point,1,original,경북 포항 구룡포
4062,2023-02-27 10:00:00,2023-02-27 11:00:00,2,0.01,point,1,original,충남 홍성 홍동
4063,2023-02-23 20:00:00,2023-02-23 21:00:00,2,0.1,point,1,original,충남 공주 의당
4064,2023-02-23 16:00:00,2023-02-23 17:00:00,2,0.5,point,1,original,경남 의령 유곡
4065,2023-02-23 15:00:00,2023-02-23 18:00:00,4,0.2,point,1,original,경북 봉화 명호
4066,2023-02-23 13:00:00,2023-02-23 14:00:00,2,0.03,point,1,sgis_recovered,울산 북 nan
4067,2023-02-23 12:00:00,2023-02-23 16:00:00,5,0.2,point,1,original,강원 삼척 노곡
4068,2023-02-15 15:00:00,2023-02-15 16:00:00,2,0.03,point,1,original,세종 연기 nan
4069,2023-02-15 15:00:00,2023-02-15 15:00:00,1,0.1,point,1,original,경기 용인 처인 백암
4070,2023-02-15 04:00:00,2023-02-15 04:00:00,1,0.03,point,1,original,경남 창원 의창
4071,2023-02-08 16:00:00,2023-02-08 18:00:00,3,0.02,point,1,original,전남 장흥 유치
4072,2023-02-08 14:00:00,2023-02-08 16:00:00,3,0.15,point,1,sgis_recovered,대전 서 nan
4073,2023-02-08 13:00:00,2023-02-08 17:00:00,5,0.3,point,1,original,전남 고흥 점암
4074,2023-02-08 13:00:00,2023-02-08 17:00:00,5,0.5,point,1,original,경남 진주 수곡
4075,2023-02-05 20:00:00,2023-02-05 21:00:00,2,0.01,point,1,original,경남 진주 nan
4076,2023-02-05 20:00:00,2023-02-05 21:00:00,2,0.02,point,1,original,경남 양산 원동
4077,2023-02-05 18:00:00,2023-02-05 19:00:00,2,0.01,point,1,sgis_recovered,경남 함양 백전
4078,2023-02-05 15:00:00,2023-02-05 17:00:00,3,0.2,point,1,original,전남 나주 문평
4079,2023-02-05 15:00:00,2023-02-05 15:00:00,1,0.1,point,1,original,경남 김해 진영
4080,2023-02-05 14:00:00,2023-02-05 16:00:00,3,0.2,point,1,original,전북 순창 팔덕
4081,2023-02-05 14:00:00,2023-02-05 16:00:00,3,0.03,point,1,original,경기 광주 초월
4082,2023-02-01 22:00:00,2023-02-02 02:00:00,5,0.9,point,1,sgis_recovered,경북 울진 기성
4083,2023-02-01 19:00:00,2023-02-01 20:00:00,2,0.2,point,1,original,울산 울주 상북
4085,2023-03-17 05:00:00,2023-03-17 07:00:00,3,0.15,point,1,original,충남 공주 사곡
4086,2023-03-17 04:00:00,2023-03-17 11:00:00,8,4.0,point,1,original,경북 경산 진량
4087,2023-05-23 16:00:00,2023-05-23 20:00:00,5,0.8,point,1,sgis_recovered,강원 횡성 서원
4088,2023-05-23 16:00:00,2023-05-23 16:00:00,1,0.02,point,1,original,경기 의정부 nan
4089,2023-05-23 14:00:00,2023-05-23 15:00:00,2,0.1,point,1,original,경기 고양 덕양
4090,2023-05-23 13:00:00,2023-05-23 14:00:00,2,0.01,point,1,sgis_recovered,경북 청도 이서
4091,2023-05-17 21:00:00,2023-05-18 02:00:00,6,0.13,point,1,original,경기 화성 nan
4092,2023-05-17 16:00:00,2023-05-17 17:00:00,2,0.02,point,1,original,세종 nan nan
4093,2023-05-17 11:00:00,2023-05-17 13:00:00,3,0.3,point,1,sgis_recovered,강원 평창 대화
4094,2023-05-17 10:00:00,2023-05-17 14:00:00,5,0.5,point,1,original,충남 당진 nan
4095,2023-04-28 15:00:00,2023-04-28 20:00:00,6,0.8,point,1,sgis_recovered,충북 청주 상당 미원
4096,2023-04-28 14:00:00,2023-04-28 15:00:00,2,0.03,point,1,original,경기 여주 흥천
4097,2023-04-28 11:00:00,2023-04-28 15:00:00,5,0.3,point,1,original,전북 정읍 옹동
4099,2023-04-16 13:00:00,2023-04-16 15:00:00,3,0.01,point,1,sgis_recovered,강원 정선 신동
4100,2023-04-16 12:00:00,2023-04-16 13:00:00,2,0.01,point,1,original,대구 달서 nan
4101,2023-04-10 14:00:00,2023-04-10 15:00:00,2,0.13,point,1,original,경기 화성 향남
4102,2023-04-03 21:00:00,2023-04-04 00:00:00,4,0.5,point,1,original,충남 천안 동남
4103,2023-04-03 17:00:00,2023-04-04 13:00:00,21,2.5,point,1,original,충남 금산 남이
4104,2023-04-03 14:00:00,2023-04-03 16:00:00,3,0.66,point,1,original,경기 용인 처인 양지
4105,2023-04-03 14:00:00,2023-04-04 14:00:00,25,210.0,point,1,original,경북 영주 평은
4106,2023-04-03 14:00:00,2023-04-04 03:00:00,14,0.8,point,1,original,경기 광주 초월
4107,2023-04-03 13:00:00,2023-04-03 15:00:00,3,0.07,point,1,sgis_recovered,충남 아산 선장
4108,2023-04-03 13:00:00,2023-04-03 15:00:00,3,0.5,point,1,original,강원 영월 김삿갓
4109,2023-04-03 13:00:00,2023-04-04 13:00:00,25,190.0,polygon,3,original,전남 순천 송광
4110,2023-04-03 12:00:00,2023-04-04 12:00:00,25,475.0,polygon,2,original,전남 함평 대동
4111,2023-04-03 12:00:00,2023-04-04 12:00:00,25,27.0,point,1,original,경기 남양주 와부
4112,2023-04-03 05:00:00,2023-04-03 10:00:00,6,1.6,point,1,original,경기 포천 창수
4113,2023-04-02 21:00:00,2023-04-02 21:00:00,1,0.1,point,1,original,경기 동두천 nan
4114,2023-04-02 19:00:00,2023-04-02 23:00:00,5,0.16,point,1,original,경기 파주 광탄
4115,2023-04-02 18:00:00,2023-04-02 23:00:00,6,0.5,point,1,original,대전 동 nan
4116,2023-04-02 17:00:00,2023-04-02 18:00:00,2,0.02,point,1,original,경남 함양 안의
4117,2023-04-02 16:00:00,2023-04-03 16:00:00,25,2.0,point,1,original,전남 고흥 금산
4118,2023-04-02 16:00:00,2023-04-03 16:00:00,25,1.5,point,1,original,전북 정읍 산외
4119,2023-04-02 15:00:00,2023-04-02 18:00:00,4,0.16,point,1,original,충남 홍성 금마
4120,2023-04-02 15:00:00,2023-04-02 17:00:00,3,0.1,point,1,sgis_recovered,전남 강진 대구
4121,2023-04-02 15:00:00,2023-04-03 14:00:00,24,4.0,point,1,sgis_recovered,전북 고창 상하
4122,2023-04-02 15:00:00,2023-04-02 18:00:00,4,0.7,point,1,original,강원 철원 동송
4123,2023-04-02 15:00:00,2023-04-03 00:00:00,10,15.0,point,1,original,충남 부여 세도
4124,2023-04-02 15:00:00,2023-04-02 19:00:00,5,1.0,point,1,sgis_recovered,강원 원주 지정
4125,2023-04-02 14:00:00,2023-04-02 16:00:00,3,1.0,point,1,original,경기 연천 백학
4126,2023-04-02 14:00:00,2023-04-02 21:00:00,8,0.5,point,1,original,경북 성주 용암
4127,2023-03-27 14:00:00,2023-03-27 17:00:00,4,0.5,point,1,sgis_recovered,강원 철원 서
4128,2023-03-27 13:00:00,2023-03-27 14:00:00,2,0.03,point,1,original,충남 금산 추부
4129,2023-03-27 12:00:00,2023-03-27 14:00:00,3,1.0,point,1,original,전북 진안 마령
4130,2023-03-25 16:00:00,2023-03-25 18:00:00,3,0.04,point,1,original,충남 보령 미산
4131,2023-03-25 13:00:00,2023-03-25 14:00:00,2,0.07,point,1,original,경기 포천 nan
4132,2023-03-15 22:00:00,2023-03-16 00:00:00,3,0.2,point,1,original,경기 하남 nan
4155,2023-04-02 14:00:00,2023-04-02 16:00:00,3,0.05,point,1,original,전북 김제 금구
4156,2023-04-02 14:00:00,2023-04-02 14:00:00,1,0.03,point,1,original,경기 시흥 nan
4157,2023-04-02 13:00:00,2023-04-03 13:00:00,25,70.0,polygon,2,original,충남 보령 청라
4158,2023-04-02 13:00:00,2023-04-02 17:00:00,5,4.0,point,1,original,충남 서산 성연
4159,2023-04-02 12:00:00,2023-04-03 12:00:00,25,889.36,polygon,2,sgis_recovered,충남 금산 복수
4160,2023-04-02 12:00:00,2023-04-02 13:00:00,2,0.2,point,1,original,충북 제천 청풍
4161,2023-04-02 12:00:00,2023-04-02 16:00:00,5,1.5,point,1,original,경기 양평 옥천
4162,2023-04-02 11:00:00,2023-04-02 17:00:00,7,3.86,point,1,original,경기 남양주 와부
4163,2023-04-02 11:00:00,2023-04-03 11:00:00,25,6.0,point,1,original,서울 종로 nan
4164,2023-04-02 11:00:00,2023-04-03 11:00:00,25,35.0,point,1,sgis_recovered,경북 군위 소보
4165,2023-04-02 11:00:00,2023-04-03 11:00:00,25,25.0,point,1,original,충북 옥천 군북
4166,2023-04-02 11:00:00,2023-04-02 20:00:00,10,68.0,polygon,1,original,충남 당진 대호지
4167,2023-04-02 11:00:00,2023-04-02 13:00:00,3,0.1,point,1,sgis_recovered,경북 포항 북 송라
4168,2023-04-02 11:00:00,2023-04-02 16:00:00,6,3.0,point,1,sgis_recovered,경기 양평 지평
4169,2023-04-02 11:00:00,2023-04-03 11:00:00,25,1454.0,polygon,21,sgis_recovered,충남 홍성 서부
4170,2023-04-02 10:00:00,2023-04-02 14:00:00,5,0.19,point,1,original,경기 화성 송산
4171,2023-04-02 09:00:00,2023-04-02 18:00:00,10,1.1,point,1,original,충남 천안 목천
4172,2023-04-02 09:00:00,2023-04-02 15:00:00,7,1.2,point,1,sgis_recovered,충남 천안 동남 북
4173,2023-04-02 08:00:00,2023-04-02 11:00:00,4,0.5,point,1,original,충남 서산 해미
4174,2023-04-02 05:00:00,2023-04-02 11:00:00,7,0.3,point,1,original,전북 남원 산동
4175,2023-04-01 18:00:00,2023-04-01 20:00:00,3,0.03,point,1,original,전북 전주 덕진
4176,2023-04-01 18:00:00,2023-04-01 19:00:00,2,0.01,point,1,original,경기 양주 nan
4177,2023-04-01 17:00:00,2023-04-01 20:00:00,4,0.1,point,1,original,충남 서천 기산
4178,2023-04-01 17:00:00,2023-04-01 19:00:00,3,0.06,point,1,original,경기 광주 곤지암
4179,2023-04-01 16:00:00,2023-04-01 19:00:00,4,0.3,point,1,original,전남 해남 옥천
4180,2023-04-01 13:00:00,2023-04-01 15:00:00,3,0.26,point,1,original,강원 춘천 사북
4181,2023-04-01 12:00:00,2023-04-02 12:00:00,25,0.33,point,1,original,경기 화성 양감
4182,2023-04-01 11:00:00,2023-04-01 13:00:00,3,0.1,point,1,original,경남 산청 삼장
4183,2023-04-04 19:00:00,2023-04-04 21:00:00,3,0.03,point,1,original,경기 고양 일산동
4184,2023-04-04 15:00:00,2023-04-04 17:00:00,3,0.22,point,1,original,충남 서천 비인
4185,2023-04-04 14:00:00,2023-04-04 17:00:00,4,0.5,point,1,original,전남 함평 손불
4186,2023-04-04 11:00:00,2023-04-04 13:00:00,3,0.09,point,1,original,경기 화성 남양
4188,2023-04-04 05:00:00,2023-04-04 13:00:00,9,1.0,point,1,original,충남 천안 목천
4189,2023-06-20 15:00:00,2023-06-20 19:00:00,5,0.01,point,1,original,서울 관악 nan
4190,2023-05-26 22:00:00,2023-05-27 09:00:00,12,2.0,point,1,sgis_recovered,강원 평창 대화
4191,2023-05-26 15:00:00,2023-05-26 16:00:00,2,0.05,point,1,original,강원 원주 소초
4192,2023-04-11 16:00:00,2023-04-11 17:00:00,2,0.04,point,1,original,경북 경주 외동
4193,2023-04-11 08:00:00,2023-04-12 08:00:00,25,119.92,polygon,3,original,강원 강릉 nan
4194,2023-05-02 11:00:00,2023-05-02 13:00:00,3,0.1,point,1,original,충남 서산 지곡
4195,2023-04-27 17:00:00,2023-04-27 19:00:00,3,0.01,point,1,original,경기 시흥 nan
4196,2023-04-27 14:00:00,2023-04-27 17:00:00,4,0.03,point,1,original,충남 서산 대산
4197,2023-04-27 11:00:00,2023-04-27 17:00:00,7,1.0,point,1,original,전북 진안 동향
4198,2023-04-24 16:00:00,2023-04-24 18:00:00,3,0.06,point,1,original,경남 양산 원동
4199,2023-04-24 13:00:00,2023-04-24 14:00:00,2,0.05,point,1,original,경남 진주 대곡
4200,2023-04-24 10:00:00,2023-04-24 12:00:00,3,0.01,point,1,original,전북 군산 nan
4201,2023-04-24 08:00:00,2023-04-24 09:00:00,2,0.01,point,1,sgis_recovered,경기 양주 남
4202,2023-04-24 06:00:00,2023-04-24 07:00:00,2,0.1,point,1,original,충북 음성 맹동
4203,2023-04-12 16:00:00,2023-04-12 18:00:00,3,0.16,point,1,original,인천 옹진 백령
4204,2023-04-12 13:00:00,2023-04-12 15:00:00,3,0.1,point,1,sgis_recovered,전남 장흥 안양
4205,2023-04-12 13:00:00,2023-04-12 19:00:00,7,0.1,point,1,original,전남 장성 북하
4206,2022-04-04 12:00:00,2022-04-04 13:00:00,2,0.01,point,1,sgis_recovered,경기 양평 양동
4207,2022-04-04 11:00:00,2022-04-04 12:00:00,2,0.02,point,1,sgis_recovered,울산 중 nan
4208,2022-04-04 07:00:00,2022-04-04 13:00:00,7,1.0,point,1,original,경북 봉화 소천
4209,2022-04-03 15:00:00,2022-04-03 17:00:00,3,0.1,point,1,sgis_recovered,충북 보은 마로
4210,2022-04-03 15:00:00,2022-04-03 16:00:00,2,0.1,point,1,original,경북 구미 nan
4211,2022-04-03 14:00:00,2022-04-03 17:00:00,4,0.01,point,1,original,서울 성북 nan
4212,2022-04-03 14:00:00,2022-04-03 15:00:00,2,0.1,point,1,original,울산 울주 범서
4213,2022-04-03 12:00:00,2022-04-03 12:00:00,1,0.09,point,1,original,전북 남원 nan
4214,2022-04-02 15:00:00,2022-04-02 17:00:00,3,0.03,point,1,sgis_recovered,경기 양평 양서
4215,2022-04-02 15:00:00,2022-04-03 14:00:00,24,5.0,point,1,original,전북 무주 설천
4216,2022-04-02 14:00:00,2022-04-02 16:00:00,3,0.01,point,1,original,충남 공주 계룡
4217,2022-04-02 14:00:00,2022-04-02 16:00:00,3,0.15,point,1,original,경기 여주 세종대왕
4218,2022-04-02 13:00:00,2022-04-02 16:00:00,4,0.09,point,1,original,경기 남양주 nan
4219,2022-04-02 11:00:00,2022-04-02 15:00:00,5,0.5,point,1,sgis_recovered,경기 연천 신서
4220,2022-04-01 18:00:00,2022-04-01 19:00:00,2,0.1,point,1,original,전북 장수 산서
4221,2022-04-01 13:00:00,2022-04-01 14:00:00,2,0.01,point,1,sgis_recovered,경남 사천 정동
4222,2022-04-01 12:00:00,2022-04-01 15:00:00,4,0.89,point,1,original,경기 군포 nan
4223,2022-04-01 01:00:00,2022-04-01 05:00:00,5,1.0,point,1,sgis_recovered,전남 순천 서
4224,2022-04-01 00:00:00,2022-04-01 03:00:00,4,0.04,point,1,original,서울 중랑 nan
4225,2022-03-29 19:00:00,2022-03-29 21:00:00,3,0.01,point,1,original,경기 양주 광적
4226,2022-03-29 14:00:00,2022-03-29 16:00:00,3,0.05,point,1,original,경남 사천 서포
4227,2022-03-29 11:00:00,2022-03-29 16:00:00,6,0.1,point,1,sgis_recovered,강원 삼척 가곡
4228,2022-03-28 12:00:00,2022-03-28 13:00:00,2,0.04,point,1,original,경기 가평 청평
4229,2022-03-28 11:00:00,2022-03-28 12:00:00,2,0.3,point,1,original,경기 양평 청운
4230,2022-03-28 10:00:00,2022-03-28 10:00:00,1,0.02,point,1,sgis_recovered,경남 창원 마산합포 구산
4231,2022-03-27 22:00:00,2022-03-28 00:00:00,3,0.1,point,1,original,경남 창녕 유어
4232,2022-03-24 12:00:00,2022-03-24 14:00:00,3,0.3,point,1,original,경남 의령 화정
4233,2022-03-23 16:00:00,2022-03-23 17:00:00,2,0.33,point,1,original,부산 기장 기장
4234,2022-03-22 15:00:00,2022-03-22 16:00:00,2,0.09,point,1,original,충남 부여 임천
4235,2022-03-16 17:00:00,2022-03-16 20:00:00,4,0.3,point,1,original,경북 김천 농소
4236,2022-03-12 23:00:00,2022-03-13 01:00:00,3,0.04,point,1,original,경북 의성 의성
4237,2022-03-12 21:00:00,2022-03-13 01:00:00,5,0.2,point,1,original,경남 김해 주촌
4238,2022-03-12 20:00:00,2022-03-12 21:00:00,2,0.02,point,1,sgis_recovered,전북 남원 이백
4240,2022-03-12 12:00:00,2022-03-12 19:00:00,8,3.0,point,1,sgis_recovered,전남 함평 나산
4241,2022-03-12 11:00:00,2022-03-12 12:00:00,2,0.1,point,1,original,경기 의정부 nan
4242,2022-03-12 11:00:00,2022-03-12 15:00:00,5,0.05,point,1,sgis_recovered,강원 춘천 동산
4244,2022-03-11 16:00:00,2022-03-11 17:00:00,2,0.01,point,1,original,전북 남원 주생
4245,2022-03-11 15:00:00,2022-03-11 16:00:00,2,0.3,point,1,original,경기 화성 매송
4246,2022-03-11 14:00:00,2022-03-11 15:00:00,2,0.04,point,1,original,전북 남원 수지
4247,2022-03-10 19:00:00,2022-03-10 21:00:00,3,0.1,point,1,original,전남 곡성 죽곡
4248,2022-03-10 15:00:00,2022-03-10 17:00:00,3,0.66,point,1,original,경기 여주 북내
4249,2022-03-10 15:00:00,2022-03-10 16:00:00,2,0.2,point,1,original,경기 용인 처인 남사
4250,2022-03-10 14:00:00,2022-03-10 15:00:00,2,0.1,point,1,sgis_recovered,충남 공주 우성
4251,2022-03-10 13:00:00,2022-03-10 14:00:00,2,0.16,point,1,original,충남 서산 지곡
4252,2022-03-10 12:00:00,2022-03-10 16:00:00,5,0.41,point,1,original,충남 보령 주산
4253,2022-03-10 02:00:00,2022-03-10 17:00:00,16,1.0,point,1,original,경북 경주 외동
4255,2022-03-09 17:00:00,2022-03-09 19:00:00,3,0.06,point,1,original,경기 광주 초월
4256,2022-03-09 14:00:00,2022-03-09 16:00:00,3,0.3,point,1,sgis_recovered,전북 임실 강진
4257,2022-03-09 14:00:00,2022-03-09 16:00:00,3,0.2,point,1,original,전북 장수 산서
4258,2022-03-09 14:00:00,2022-03-09 16:00:00,3,0.1,point,1,sgis_recovered,경남 창녕 고암
4259,2022-03-09 14:00:00,2022-03-09 18:00:00,5,1.3,point,1,original,경기 가평 가평
4260,2022-03-09 13:00:00,2022-03-09 15:00:00,3,0.1,point,1,original,전북 남원 덕과
4261,2022-03-08 23:00:00,2022-03-09 10:00:00,12,5.0,point,1,original,경기 수원 장안 장안
4263,2022-03-08 14:00:00,2022-03-08 17:00:00,4,1.1,point,1,original,강원 홍천 북방
4264,2022-03-08 13:00:00,2022-03-08 15:00:00,3,0.05,point,1,original,제주 서귀포 nan
4265,2022-03-08 10:00:00,2022-03-08 11:00:00,2,0.2,point,1,original,울산 울주 상북
4266,2022-03-07 15:00:00,2022-03-07 16:00:00,2,0.03,point,1,original,충남 당진 대호지
4267,2022-03-07 14:00:00,2022-03-07 15:00:00,2,0.01,point,1,original,경기 고양 덕양
4268,2022-03-07 14:00:00,2022-03-07 15:00:00,2,0.01,point,1,original,대구 수성 nan
4269,2022-03-06 17:00:00,2022-03-06 18:00:00,2,0.01,point,1,original,경남 사천 사천
4270,2022-03-06 16:00:00,2022-03-06 18:00:00,3,0.1,point,1,sgis_recovered,경남 남해 이동
4271,2022-03-06 15:00:00,2022-03-07 02:00:00,12,13.0,point,1,original,울산 울주 언양
4272,2022-03-06 14:00:00,2022-03-06 16:00:00,3,0.5,point,1,original,경남 산청 단성
4273,2022-03-06 13:00:00,2022-03-06 15:00:00,3,0.06,point,1,original,충남 부여 부여
4274,2022-03-06 12:00:00,2022-03-06 15:00:00,4,1.0,point,1,original,부산 강서 nan
4275,2022-03-06 10:00:00,2022-03-06 12:00:00,3,0.01,point,1,original,경남 함양 서하
4276,2022-03-05 19:00:00,2022-03-06 19:00:00,25,28.0,point,1,original,대구 달성 가창
4277,2022-03-05 16:00:00,2022-03-05 17:00:00,2,0.01,point,1,original,경남 밀양 무안
4278,2022-03-05 15:00:00,2022-03-05 17:00:00,3,5.0,point,1,original,충남 당진 송산
4279,2022-03-05 15:00:00,2022-03-05 15:00:00,1,0.02,point,1,sgis_recovered,충남 청양 남양
4280,2022-03-05 14:00:00,2022-03-05 18:00:00,5,0.8,point,1,original,경북 경주 문무대왕
4281,2022-03-05 14:00:00,2022-03-05 15:00:00,2,0.1,point,1,original,경남 거창 거창
4282,2022-03-05 13:00:00,2022-03-05 19:00:00,7,0.3,point,1,original,경북 영주 풍기
4283,2022-03-05 13:00:00,2022-03-06 13:00:00,25,8.0,point,1,original,경기 안산 상록
4284,2022-03-05 11:00:00,2022-03-05 12:00:00,2,0.1,point,1,original,충남 당진 nan
4285,2022-03-05 05:00:00,2022-03-05 10:00:00,6,0.5,point,1,original,경남 양산 상북
4286,2022-03-05 01:00:00,2022-03-06 01:00:00,25,4190.38,polygon,28,original,강원 강릉 옥계
4287,2022-03-04 22:00:00,2022-03-05 21:00:00,24,20.0,point,1,original,강원 강릉 성산
4288,2022-03-04 21:00:00,2022-03-05 09:00:00,13,3.0,point,1,original,경남 함양 마천
4289,2022-03-04 18:00:00,2022-03-04 20:00:00,3,0.09,point,1,original,경기 광주 초월
4290,2022-03-04 17:00:00,2022-03-05 17:00:00,25,1.5,point,1,original,서울 강남 강남
4291,2022-03-04 16:00:00,2022-03-04 17:00:00,2,0.4,point,1,original,충남 아산 염치
4292,2022-03-04 15:00:00,2022-03-04 16:00:00,2,0.01,point,1,original,경북 구미 옥성
4293,2022-03-04 12:00:00,2022-03-05 12:00:00,25,184.01,polygon,3,original,강원 영월 김삿갓
4294,2022-03-04 11:00:00,2022-03-05 11:00:00,25,16301.98,polygon,230,sgis_recovered,경북 울진 북
4295,2022-03-04 02:00:00,2022-03-04 09:00:00,8,1.0,point,1,original,경북 성주 초전
4296,2022-03-04 01:00:00,2022-03-04 01:00:00,1,0.01,point,1,sgis_recovered,인천 강화 길상
4297,2022-03-03 18:00:00,2022-03-03 19:00:00,2,0.2,point,1,original,경북 성주 선남
4298,2022-03-03 16:00:00,2022-03-03 18:00:00,3,0.2,point,1,original,경북 영천 청통
4299,2022-03-03 15:00:00,2022-03-03 16:00:00,2,0.1,point,1,original,경기 안성 일죽
4300,2022-03-03 14:00:00,2022-03-03 15:00:00,2,0.01,point,1,original,경기 고양 덕양
4301,2022-03-03 13:00:00,2022-03-03 15:00:00,3,0.01,point,1,original,경기 양주 광적
4302,2022-03-03 13:00:00,2022-03-03 14:00:00,2,0.4,point,1,original,경북 문경 산북
4303,2022-03-03 12:00:00,2022-03-03 14:00:00,3,0.3,point,1,original,경남 창원 의창 nan
4304,2022-03-02 14:00:00,2022-03-03 14:00:00,25,0.7,point,1,original,부산 금정 nan
4305,2022-03-01 17:00:00,2022-03-01 18:00:00,2,0.05,point,1,sgis_recovered,충남 홍성 서부
4306,2022-03-01 01:00:00,2022-03-01 07:00:00,7,0.5,point,1,original,경북 안동 임하
4308,2022-02-28 17:00:00,2022-02-28 18:00:00,2,0.01,point,1,sgis_recovered,충북 단양 대강
4309,2022-02-28 16:00:00,2022-02-28 18:00:00,3,0.1,point,1,sgis_recovered,전남 곡성 겸
4310,2022-02-28 14:00:00,2022-03-01 14:00:00,25,813.89,point,1,original,경남 합천 율곡
4311,2022-02-28 13:00:00,2022-02-28 15:00:00,3,0.03,point,1,original,경기 용인 처인 남사
4312,2022-02-28 11:00:00,2022-02-28 11:00:00,1,0.09,point,1,original,전북 정읍 덕천
4313,2022-02-27 18:00:00,2022-02-27 21:00:00,4,0.3,point,1,original,울산 울주 상북
4314,2022-02-27 17:00:00,2022-02-27 20:00:00,4,0.2,point,1,original,경북 영천 화남
4315,2022-02-27 16:00:00,2022-02-27 17:00:00,2,0.05,point,1,original,충남 아산 음봉
4316,2022-02-27 15:00:00,2022-02-27 18:00:00,4,0.2,point,1,original,경북 김천 부항
4317,2022-02-27 14:00:00,2022-02-27 18:00:00,5,1.5,point,1,sgis_recovered,충남 태안 이원
4318,2022-02-27 14:00:00,2022-02-27 18:00:00,5,0.14,point,1,original,충남 홍성 결성
4319,2022-02-27 13:00:00,2022-02-27 15:00:00,3,0.2,point,1,original,충남 당진 석문
4320,2022-02-27 13:00:00,2022-02-27 14:00:00,2,0.02,point,1,original,경기 파주 탄현
4321,2022-02-27 13:00:00,2022-02-27 22:00:00,10,2.0,point,1,sgis_recovered,울산 동 nan
4322,2022-02-27 09:00:00,2022-02-27 11:00:00,3,0.1,point,1,sgis_recovered,충북 단양 적성
4323,2022-02-26 21:00:00,2022-02-27 21:00:00,25,4.0,point,1,original,대구 달성 가창
4324,2022-02-26 16:00:00,2022-02-26 19:00:00,4,0.2,point,1,original,경북 봉화 봉화
4325,2023-02-01 18:00:00,2023-02-01 20:00:00,3,0.03,point,1,original,부산 기장 철마
4326,2023-02-01 16:00:00,2023-02-01 19:00:00,4,0.03,point,1,original,대전 유성 nan
4327,2023-02-01 15:00:00,2023-02-01 16:00:00,2,0.04,point,1,original,세종 연서 nan
4328,2023-02-01 14:00:00,2023-02-01 21:00:00,8,1.5,point,1,original,경남 함안 대산
4329,2023-03-26 14:00:00,2023-03-26 17:00:00,4,1.2,point,1,sgis_recovered,강원 홍천 영귀미
4330,2023-03-26 14:00:00,2023-03-26 20:00:00,7,0.04,point,1,sgis_recovered,경기 양주 백석
4331,2023-03-26 14:00:00,2023-03-27 08:00:00,19,22.0,point,1,original,인천 강화 화도
4332,2023-03-24 18:00:00,2023-03-24 20:00:00,3,0.2,point,1,original,강원 춘천 남산
4333,2023-03-24 15:00:00,2023-03-24 15:00:00,1,0.01,point,1,original,경기 고양 덕양
4334,2023-03-24 12:00:00,2023-03-24 14:00:00,3,0.03,point,1,original,경기 남양주 와부
4335,2023-03-24 11:00:00,2023-03-24 11:00:00,1,0.01,point,1,original,경기 남양주 nan
4336,2023-03-22 19:00:00,2023-03-22 22:00:00,4,0.5,point,1,sgis_recovered,전북 진안 성수
4337,2023-03-22 17:00:00,2023-03-22 19:00:00,3,0.05,point,1,original,강원 화천 간동
4339,2023-03-22 15:00:00,2023-03-22 16:00:00,2,0.03,point,1,original,인천 옹진 북도
4340,2023-03-22 14:00:00,2023-03-22 16:00:00,3,0.5,point,1,original,전북 익산 여산
4341,2023-03-22 12:00:00,2023-03-22 15:00:00,4,0.2,point,1,sgis_recovered,충남 태안 소원
4342,2023-03-22 12:00:00,2023-03-22 16:00:00,5,0.5,point,1,original,경북 상주 공성
4343,2023-03-22 12:00:00,2023-03-22 22:00:00,11,1.0,point,1,sgis_recovered,충북 단양 적성
4344,2023-03-22 12:00:00,2023-03-22 19:00:00,8,0.5,point,1,sgis_recovered,강원 양구 국토정중앙
4345,2023-03-22 11:00:00,2023-03-22 13:00:00,3,0.1,point,1,original,전북 무주 무풍
4346,2023-03-22 11:00:00,2023-03-22 16:00:00,6,0.2,point,1,original,전북 완주 소양
4347,2023-03-22 01:00:00,2023-03-22 04:00:00,4,0.4,point,1,original,충북 제천 백운
4348,2023-03-18 21:00:00,2023-03-19 21:00:00,25,16.0,point,1,original,전남 순천 별량
4349,2023-03-18 16:00:00,2023-03-19 06:00:00,15,0.1,point,1,original,경북 성주 선남
4350,2023-03-18 16:00:00,2023-03-19 16:00:00,25,15.0,point,1,original,강원 평창 진부
4351,2023-03-18 15:00:00,2023-03-19 09:00:00,19,0.8,point,1,original,강원 정선 화암
4352,2023-03-18 15:00:00,2023-03-18 18:00:00,4,2.0,point,1,original,충남 보령 미산
4353,2023-03-18 14:00:00,2023-03-19 10:00:00,21,3.0,point,1,original,전남 화순 청풍
4354,2023-03-18 14:00:00,2023-03-18 18:00:00,5,0.3,point,1,original,충북 옥천 청성
4355,2023-03-18 14:00:00,2023-03-18 19:00:00,6,10.0,point,1,original,충북 영동 심천
4356,2023-03-18 14:00:00,2023-03-18 17:00:00,4,0.1,point,1,sgis_recovered,충북 제천 한수
4357,2023-03-18 13:00:00,2023-03-18 20:00:00,8,3.0,point,1,original,전북 완주 용진
4358,2023-03-18 13:00:00,2023-03-18 16:00:00,4,2.0,point,1,original,충남 예산 예산
4359,2023-03-18 12:00:00,2023-03-18 16:00:00,5,0.2,point,1,original,충북 제천 청풍
4360,2023-03-18 12:00:00,2023-03-18 13:00:00,2,0.07,point,1,original,경기 여주 북내
4361,2023-03-18 11:00:00,2023-03-18 13:00:00,3,0.7,point,1,original,전북 완주 용진
4362,2023-03-01 14:00:00,2023-03-01 16:00:00,3,0.16,point,1,original,경기 고양 일산동
4363,2023-03-01 14:00:00,2023-03-01 20:00:00,7,0.3,point,1,sgis_recovered,전남 나주 동강
4364,2023-03-01 05:00:00,2023-03-01 09:00:00,5,0.3,point,1,original,경북 경주 양남
4365,2023-02-24 17:00:00,2023-02-24 19:00:00,3,0.01,point,1,sgis_recovered,대전 서 nan
4366,2023-02-24 14:00:00,2023-02-24 17:00:00,4,0.05,point,1,original,전남 강진 칠량
4368,2023-02-24 13:00:00,2023-02-24 14:00:00,2,0.06,point,1,original,경북 울진 온정
4370,2023-02-22 12:00:00,2023-02-22 14:00:00,3,0.1,point,1,original,강원 삼척 도계
4371,2023-02-22 11:00:00,2023-02-22 17:00:00,7,2.1,point,1,sgis_recovered,충북 청주 상당 문의
4372,2023-02-21 12:00:00,2023-02-21 14:00:00,3,0.5,point,1,original,경북 문경 문경
4373,2023-02-21 11:00:00,2023-02-21 12:00:00,2,0.07,point,1,original,경기 시흥 nan
4374,2023-02-20 13:00:00,2023-02-20 15:00:00,3,0.01,point,1,original,서울 종로 nan
4375,2023-02-20 12:00:00,2023-02-20 14:00:00,3,0.3,point,1,original,경기 화성 비봉
4376,2023-02-20 11:00:00,2023-02-20 13:00:00,3,0.1,point,1,sgis_recovered,경북 군위 소보
4377,2023-02-19 19:00:00,2023-02-19 22:00:00,4,1.0,point,1,original,경북 안동 임동
4378,2023-02-19 17:00:00,2023-02-19 18:00:00,2,0.12,point,1,original,경기 양평 양평
4379,2023-02-17 14:00:00,2023-02-17 15:00:00,2,0.06,point,1,original,경기 고양 덕양
4380,2023-02-14 14:00:00,2023-02-14 16:00:00,3,0.03,point,1,original,경기 시흥 nan
4381,2023-02-12 22:00:00,2023-02-12 23:00:00,2,0.06,point,1,original,경기 양평 서종
4382,2023-02-10 12:00:00,2023-02-10 13:00:00,2,0.01,point,1,original,경기 하남 nan
4384,2023-02-09 12:00:00,2023-02-09 16:00:00,5,0.4,point,1,original,전북 완주 소양
4385,2023-02-04 18:00:00,2023-02-04 20:00:00,3,0.1,point,1,sgis_recovered,경북 포항 북 기계
4386,2023-02-04 11:00:00,2023-02-04 14:00:00,4,0.1,point,1,original,전남 순천 nan
4387,2023-02-04 10:00:00,2023-02-04 13:00:00,4,0.5,point,1,original,부산 기장 일광
4388,2023-02-03 17:00:00,2023-02-04 10:00:00,18,0.95,point,1,original,경기 여주 강천
4389,2023-02-03 15:00:00,2023-02-03 16:00:00,2,0.2,point,1,original,경기 양평 청운
4393,2023-04-12 11:00:00,2023-04-12 11:00:00,1,0.01,point,1,sgis_recovered,충남 금산 남일
4394,2023-04-12 05:00:00,2023-04-12 09:00:00,5,0.3,point,1,original,경남 양산 원동
4395,2023-05-03 16:00:00,2023-05-03 17:00:00,2,0.2,point,1,sgis_recovered,강원 영월 한반도
4396,2023-05-03 14:00:00,2023-05-03 16:00:00,3,0.1,point,1,original,경기 연천 전곡
4397,2023-05-03 13:00:00,2023-05-03 19:00:00,7,1.4,point,1,original,강원 영월 김삿갓
4398,2023-05-03 12:00:00,2023-05-03 18:00:00,7,3.0,point,1,original,충남 부여 홍산
4403,2023-05-03 12:00:00,2023-05-03 20:00:00,9,2.0,point,1,sgis_recovered,강원 양구 국토정중앙
4404,2023-06-19 14:00:00,2023-06-19 16:00:00,3,0.06,point,1,sgis_recovered,강원 춘천 남산
4405,2023-06-19 14:00:00,2023-06-19 17:00:00,4,0.1,point,1,original,충북 보은 내북
4406,2023-06-19 13:00:00,2023-06-19 15:00:00,3,0.05,point,1,original,전북 장수 계북
4407,2023-04-23 19:00:00,2023-04-23 22:00:00,4,0.2,point,1,original,경북 영양 입암
4408,2023-04-23 10:00:00,2023-04-23 12:00:00,3,0.01,point,1,original,경남 거제 거제
4409,2023-04-23 09:00:00,2023-04-23 11:00:00,3,0.1,point,1,original,강원 원주 소초
4410,2023-06-18 16:00:00,2023-06-18 19:00:00,4,0.05,point,1,original,경남 함안 군북
4411,2023-06-18 12:00:00,2023-06-18 13:00:00,2,0.05,point,1,original,강원 양양 현남
4412,2023-06-15 16:00:00,2023-06-15 18:00:00,3,0.05,point,1,original,전북 남원 산동
4413,2023-06-14 13:00:00,2023-06-14 17:00:00,5,0.03,point,1,original,경남 하동 화개
4414,2023-03-09 15:00:00,2023-03-09 17:00:00,3,0.1,point,1,original,충남 논산 노성
4415,2023-03-09 12:00:00,2023-03-09 13:00:00,2,0.06,point,1,original,경기 용인 처인 백암
4416,2023-03-09 10:00:00,2023-03-09 22:00:00,13,1.0,point,1,original,충북 보은 산외
4417,2023-03-09 08:00:00,2023-03-09 11:00:00,4,0.1,point,1,original,전남 순천 송광
4418,2023-03-09 00:00:00,2023-03-09 02:00:00,3,0.15,point,1,original,충남 당진 석문
4419,2023-03-20 14:00:00,2023-03-20 16:00:00,3,0.1,point,1,original,충남 천안 동남 목천
4420,2023-03-20 13:00:00,2023-03-20 14:00:00,2,0.1,point,1,original,전북 장수 장계
4421,2023-03-20 13:00:00,2023-03-20 21:00:00,9,12.0,point,1,sgis_recovered,충남 서천 마산
4422,2023-03-20 13:00:00,2023-03-20 17:00:00,5,0.1,point,1,sgis_recovered,전남 고흥 영남
4423,2023-03-20 13:00:00,2023-03-20 16:00:00,4,0.03,point,1,original,충남 서천 판교
4424,2023-03-20 12:00:00,2023-03-20 18:00:00,7,0.03,point,1,original,부산 부산진 nan
4425,2023-03-20 12:00:00,2023-03-20 16:00:00,5,1.0,point,1,original,전북 임실 오수
4426,2023-03-20 02:00:00,2023-03-20 03:00:00,2,0.01,point,1,original,인천 계양 nan
4435,2023-02-17 11:00:00,2023-02-17 13:00:00,3,0.5,point,1,original,세종 연서 nan
4436,2023-02-17 05:00:00,2023-02-17 08:00:00,4,0.1,point,1,sgis_recovered,전남 광양 진상
4438,2023-03-17 21:00:00,2023-03-18 00:00:00,4,0.5,point,1,original,경기 양주 광적
4439,2023-04-12 12:00:00,2023-04-12 12:00:00,1,0.01,point,1,original,경기 과천 nan
4440,2022-02-26 16:00:00,2022-02-27 10:00:00,19,5.0,point,1,sgis_recovered,강원 인제 기린
4441,2022-02-26 15:00:00,2022-02-26 23:00:00,9,24.0,point,1,original,경북 문경 문경
4442,2022-02-26 15:00:00,2022-02-26 19:00:00,5,0.05,point,1,sgis_recovered,부산 북 nan
4443,2022-02-26 13:00:00,2022-02-26 18:00:00,6,0.2,point,1,original,전남 완도 완도
4444,2022-02-26 13:00:00,2022-02-26 16:00:00,4,0.3,point,1,original,경북 상주 nan
4445,2022-02-26 11:00:00,2022-02-26 13:00:00,3,0.5,point,1,sgis_recovered,충북 청주 서원 현도
4447,2022-02-26 07:00:00,2022-02-26 09:00:00,3,0.02,point,1,sgis_recovered,강원 횡성 서원
4448,2022-02-26 05:00:00,2022-02-26 06:00:00,2,0.06,point,1,sgis_recovered,인천 강화 송해
4449,2022-02-25 21:00:00,2022-02-25 23:00:00,3,0.1,point,1,original,경남 함양 마천
4450,2022-02-25 20:00:00,2022-02-25 21:00:00,2,0.2,point,1,original,충북 음성 맹동
4451,2022-02-25 16:00:00,2022-02-25 21:00:00,6,0.2,point,1,sgis_recovered,울산 북 nan
4452,2022-02-25 14:00:00,2022-02-25 23:00:00,10,1.5,point,1,original,경남 함양 함양
4453,2022-02-25 14:00:00,2022-02-25 16:00:00,3,2.0,point,1,sgis_recovered,전남 순천 상사
4454,2022-02-25 14:00:00,2022-02-25 17:00:00,4,0.5,point,1,original,전남 고흥 두원
4455,2022-02-25 12:00:00,2022-02-26 12:00:00,25,29.0,point,1,original,전남 구례 간전
4456,2022-02-25 05:00:00,2022-02-25 07:00:00,3,0.5,point,1,sgis_recovered,경북 김천 구성
4457,2022-02-24 21:00:00,2022-02-25 07:00:00,11,4.8,point,1,original,경남 창원 마산합포 진전
4458,2022-02-24 17:00:00,2022-02-24 20:00:00,4,1.4,point,1,sgis_recovered,강원 화천 하남
4459,2022-02-24 16:00:00,2022-02-24 18:00:00,3,0.09,point,1,original,강원 강릉 사천
4460,2022-02-24 16:00:00,2022-02-24 17:00:00,2,0.09,point,1,original,경기 광주 초월
4461,2022-02-24 16:00:00,2022-02-24 18:00:00,3,0.08,point,1,original,광주 광산 nan
4462,2022-02-24 15:00:00,2022-02-25 14:00:00,24,5.0,point,1,original,강원 평창 방림
4463,2022-02-24 15:00:00,2022-02-24 18:00:00,4,0.3,point,1,original,경북 상주 모서
4464,2022-02-24 14:00:00,2022-02-24 17:00:00,4,1.0,point,1,original,서울 노원 nan
4465,2022-02-24 14:00:00,2022-02-24 17:00:00,4,0.2,point,1,original,충남 공주 nan
4466,2022-02-24 13:00:00,2022-02-24 15:00:00,3,0.6,point,1,original,강원 홍천 두촌
4467,2022-02-24 13:00:00,2022-02-24 16:00:00,4,0.15,point,1,sgis_recovered,충남 공주 우성
4468,2022-02-24 13:00:00,2022-02-24 17:00:00,5,0.5,point,1,original,경기 의정부 nan
4469,2022-02-24 11:00:00,2022-02-24 12:00:00,2,0.14,point,1,original,인천 강화 교동
4470,2022-02-23 20:00:00,2022-02-23 22:00:00,3,0.2,point,1,sgis_recovered,경북 봉화 법전
4471,2022-02-23 16:00:00,2022-02-23 17:00:00,2,0.3,point,1,original,경남 사천 사천
4472,2022-02-23 13:00:00,2022-02-23 14:00:00,2,0.04,point,1,original,강원 평창 진부
4473,2022-02-23 12:00:00,2022-02-23 15:00:00,4,3.0,point,1,original,경기 여주 가남
4474,2022-02-23 09:00:00,2022-02-23 11:00:00,3,0.1,point,1,original,경북 영천 북안
4475,2022-02-22 19:00:00,2022-02-22 22:00:00,4,0.06,point,1,sgis_recovered,경기 광주 남한산성
4476,2022-02-22 18:00:00,2022-02-22 19:00:00,2,0.03,point,1,original,경기 용인 기흥
4477,2022-02-22 18:00:00,2022-02-23 16:00:00,23,27.0,point,1,original,전북 남원 산내
4478,2022-02-22 14:00:00,2022-02-23 14:00:00,25,15.0,point,1,original,경북 의성 의성
4479,2022-02-22 14:00:00,2022-02-22 23:00:00,10,6.1,point,1,original,강원 동해 nan
4480,2022-02-22 13:00:00,2022-02-22 15:00:00,3,0.03,point,1,original,경기 화성 서신
4481,2022-02-22 13:00:00,2022-02-22 15:00:00,3,0.1,point,1,original,경기 여주 가남
4482,2022-02-22 10:00:00,2022-02-22 14:00:00,5,0.03,point,1,original,경북 영주 순흥
4483,2022-02-21 16:00:00,2022-02-21 18:00:00,3,0.02,point,1,original,충북 청주 흥덕 nan
4484,2022-02-21 15:00:00,2022-02-21 16:00:00,2,0.01,point,1,sgis_recovered,충남 부여 남
4485,2022-02-21 15:00:00,2022-02-21 17:00:00,3,0.1,point,1,original,강원 원주 판부
4486,2022-02-21 12:00:00,2022-02-21 15:00:00,4,0.3,point,1,sgis_recovered,전남 함평 나산
4487,2022-02-21 10:00:00,2022-02-21 12:00:00,3,0.3,point,1,original,울산 울주 온양
4488,2022-02-21 10:00:00,2022-02-21 13:00:00,4,0.5,point,1,original,전북 완주 소양
4489,2022-02-20 18:00:00,2022-02-20 23:00:00,6,0.2,point,1,original,경북 안동 임하
4490,2022-02-20 13:00:00,2022-02-20 15:00:00,3,0.2,point,1,original,충북 괴산 괴산
4491,2022-02-20 12:00:00,2022-02-20 15:00:00,4,0.01,point,1,original,경기 고양 일산동
4492,2022-02-20 07:00:00,2022-02-20 08:00:00,2,0.07,point,1,sgis_recovered,경남 거제 하청
4493,2022-02-20 01:00:00,2022-02-20 03:00:00,3,0.03,point,1,original,경기 안산 상록
4495,2022-02-19 18:00:00,2022-02-19 19:00:00,2,0.03,point,1,sgis_recovered,충남 태안 소원
4496,2022-02-19 12:00:00,2022-02-19 14:00:00,3,0.1,point,1,original,경기 양평 양평
4497,2022-02-19 12:00:00,2022-02-19 13:00:00,2,0.1,point,1,original,전북 진안 백운
4498,2022-02-19 08:00:00,2022-02-19 12:00:00,5,0.2,point,1,original,강원 원주 nan
4499,2022-02-19 07:00:00,2022-02-19 09:00:00,3,0.01,point,1,original,경기 고양 덕양
4623,2022-06-21 16:00:00,2022-06-21 17:00:00,2,0.01,point,1,original,충남 부여 외산
4624,2022-06-21 14:00:00,2022-06-21 15:00:00,2,0.02,point,1,original,전북 장수 산서
4625,2022-06-21 13:00:00,2022-06-21 16:00:00,4,0.33,point,1,original,대구 동 nan
4626,2022-06-21 13:00:00,2022-06-21 16:00:00,4,0.2,point,1,original,경북 영천 화남
4627,2022-06-21 09:00:00,2022-06-21 11:00:00,3,0.01,point,1,original,충남 공주 신풍
4628,2022-06-20 13:00:00,2022-06-20 15:00:00,3,0.01,point,1,original,강원 횡성 안흥
4629,2022-06-14 10:00:00,2022-06-14 11:00:00,2,0.01,point,1,original,경기 오산 nan
4630,2022-06-13 05:00:00,2022-06-13 08:00:00,4,0.01,point,1,original,충남 계룡 신도안
4631,2022-06-05 08:00:00,2022-06-05 09:00:00,2,0.01,point,1,original,경기 남양주 별내
4632,2022-06-05 06:00:00,2022-06-05 15:00:00,10,0.1,point,1,sgis_recovered,경기 남양주 조안
4633,2022-06-04 14:00:00,2022-06-04 16:00:00,3,0.01,point,1,original,경기 안양 만안
4634,2022-06-04 11:00:00,2022-06-04 12:00:00,2,0.06,point,1,original,강원 강릉 왕산
4635,2022-06-03 16:00:00,2022-06-03 21:00:00,6,0.2,point,1,original,울산 울주 삼동
4636,2022-06-03 16:00:00,2022-06-03 17:00:00,2,0.1,point,1,original,충북 제천 덕산
4637,2022-06-03 15:00:00,2022-06-03 20:00:00,6,0.01,point,1,original,서울 관악 nan
4638,2022-06-03 12:00:00,2022-06-03 13:00:00,2,0.01,point,1,sgis_recovered,대전 서 nan
4639,2022-06-02 19:00:00,2022-06-03 01:00:00,7,0.01,point,1,original,경기 남양주 별내
4640,2022-06-02 15:00:00,2022-06-02 18:00:00,4,0.3,point,1,original,전북 남원 보절
4641,2022-06-02 08:00:00,2022-06-02 09:00:00,2,1.0,point,1,original,전남 영광 백수
4642,2022-06-02 07:00:00,2022-06-02 15:00:00,9,0.2,point,1,sgis_recovered,강원 정선 남
4643,2022-06-02 03:00:00,2022-06-02 06:00:00,4,0.04,point,1,sgis_recovered,경기 양주 백석
4644,2022-06-01 19:00:00,2022-06-01 21:00:00,3,0.01,point,1,original,서울 관악 nan
4645,2022-06-01 17:00:00,2022-06-01 19:00:00,3,0.06,point,1,sgis_recovered,경북 청송 진보
4646,2022-06-01 13:00:00,2022-06-01 16:00:00,4,0.1,point,1,original,충북 제천 백운
4647,2022-06-01 12:00:00,2022-06-01 16:00:00,5,0.5,point,1,original,경북 봉화 물야
4648,2022-06-01 10:00:00,2022-06-01 19:00:00,10,1.0,point,1,original,경기 고양 일산동
4649,2022-05-31 19:00:00,2022-05-31 21:00:00,3,0.1,point,1,sgis_recovered,전북 고창 고수
4650,2022-05-31 16:00:00,2022-05-31 18:00:00,3,0.1,point,1,original,경북 예천 지보
4651,2022-05-31 16:00:00,2022-05-31 18:00:00,3,0.03,point,1,original,경기 고양 덕양구
4652,2022-05-31 12:00:00,2022-06-01 12:00:00,25,4.0,point,1,original,대구 달성 하빈
4653,2022-05-31 12:00:00,2022-05-31 15:00:00,4,0.01,point,1,original,경기 고양 덕양
4654,2022-05-31 09:00:00,2022-06-01 09:00:00,25,763.0,polygon,3,original,경남 밀양 부북
4657,2022-05-29 15:00:00,2022-05-29 18:00:00,4,0.01,point,1,sgis_recovered,경남 산청 오부
4658,2022-05-29 14:00:00,2022-05-29 19:00:00,6,0.7,point,1,original,부산 영도 nan
4659,2022-05-29 12:00:00,2022-05-29 15:00:00,4,0.1,point,1,original,경남 사천 서포
4660,2022-05-29 05:00:00,2022-05-29 08:00:00,4,0.5,point,1,original,전남 구례 용방
4661,2022-05-28 18:00:00,2022-05-28 20:00:00,3,0.15,point,1,original,경남 함양 휴천
4662,2022-05-28 12:00:00,2022-05-29 11:00:00,24,145.0,polygon,4,original,경북 울진 근남
4663,2022-05-27 17:00:00,2022-05-27 21:00:00,5,0.03,point,1,sgis_recovered,경북 포항 북 청하
4664,2022-05-27 12:00:00,2022-05-27 15:00:00,4,0.1,point,1,original,경남 함양 마천
4665,2022-05-27 12:00:00,2022-05-27 14:00:00,3,0.06,point,1,original,경남 사천 축동
4666,2022-05-27 12:00:00,2022-05-27 13:00:00,2,0.01,point,1,original,부산 금정 nan
4667,2022-05-27 10:00:00,2022-05-27 11:00:00,2,0.01,point,1,original,전북 진안 진안
4668,2022-05-27 10:00:00,2022-05-27 14:00:00,5,0.1,point,1,original,경남 창녕 남지
4669,2022-05-27 10:00:00,2022-05-27 12:00:00,3,0.01,point,1,original,부산 사하 nan
4670,2022-05-26 22:00:00,2022-05-27 05:00:00,8,1.05,point,1,original,경기 가평 북
4671,2022-05-26 19:00:00,2022-05-27 14:00:00,20,2.8,point,1,original,경남 김해 진영
4672,2022-05-26 16:00:00,2022-05-26 20:00:00,5,0.2,point,1,original,경북 고령 우곡
4674,2022-05-26 08:00:00,2022-05-26 10:00:00,3,0.02,point,1,original,강원 강릉 nan
4675,2022-05-26 05:00:00,2022-05-26 10:00:00,6,0.3,point,1,original,경남 밀양 산내
4676,2022-05-26 04:00:00,2022-05-26 07:00:00,4,0.01,point,1,original,경기 남양주 화도
4677,2022-05-25 15:00:00,2022-05-25 17:00:00,3,0.21,point,1,sgis_recovered,강원 인제 기린
4678,2022-05-25 12:00:00,2022-05-25 13:00:00,2,0.01,point,1,sgis_recovered,울산 남 nan
4679,2022-05-24 22:00:00,2022-05-25 00:00:00,3,0.1,point,1,original,강원 정선 여량
4680,2022-05-24 00:00:00,2022-05-24 03:00:00,4,0.01,point,1,original,전남 순천 송광
4682,2022-05-23 18:00:00,2022-05-23 19:00:00,2,0.01,point,1,sgis_recovered,경남 함양 유림
4685,2022-05-22 16:00:00,2022-05-22 20:00:00,5,0.01,point,1,original,서울 강북 nan
4686,2022-05-22 14:00:00,2022-05-22 18:00:00,5,0.1,point,1,original,전북 진안 주천
4687,2022-05-22 13:00:00,2022-05-22 16:00:00,4,0.1,point,1,original,대구 수성 nan
4688,2022-05-22 12:00:00,2022-05-22 13:00:00,2,0.01,point,1,original,충북 괴산 칠성
4689,2022-05-21 21:00:00,2022-05-21 23:00:00,3,0.05,point,1,original,경북 청송 주왕산
4690,2022-05-21 19:00:00,2022-05-22 07:00:00,13,0.3,point,1,sgis_recovered,전북 순창 동계
4691,2022-05-21 17:00:00,2022-05-21 18:00:00,2,0.01,point,1,original,충남 금산 군북
4692,2022-05-21 17:00:00,2022-05-21 20:00:00,4,0.01,point,1,original,강원 원주 신림
4693,2022-05-21 16:00:00,2022-05-21 18:00:00,3,0.16,point,1,sgis_recovered,경북 경산 남산
4694,2022-05-21 15:00:00,2022-05-21 17:00:00,3,0.09,point,1,original,경남 밀양 산내
4695,2022-05-21 15:00:00,2022-05-21 18:00:00,4,0.01,point,1,original,경남 하동 진교
4696,2022-05-21 13:00:00,2022-05-21 19:00:00,7,2.0,point,1,original,경기 안성 죽산
4697,2022-05-21 12:00:00,2022-05-21 14:00:00,3,0.03,point,1,original,경북 경주 현곡
4698,2022-05-21 11:00:00,2022-05-21 14:00:00,4,0.2,point,1,original,전북 무주 적상
4699,2022-05-20 22:00:00,2022-05-20 22:00:00,1,0.01,point,1,original,경남 창녕 창녕
4700,2022-05-20 11:00:00,2022-05-20 18:00:00,8,2.0,point,1,original,강원 정선 임계
4701,2022-05-20 09:00:00,2022-05-20 11:00:00,3,0.1,point,1,sgis_recovered,경북 포항 북 송라
4702,2022-05-19 18:00:00,2022-05-19 23:00:00,6,3.0,point,1,original,경남 의령 정곡
4703,2022-05-19 14:00:00,2022-05-19 16:00:00,3,0.01,point,1,sgis_recovered,울산 북 nan
4704,2022-05-23 15:00:00,2022-05-23 18:00:00,4,0.1,point,1,original,경기 여주 점동
4705,2022-05-23 13:00:00,2022-05-23 14:00:00,2,0.02,point,1,original,경기 화성 서신
4706,2022-05-18 22:00:00,2022-05-19 12:00:00,15,1.5,point,1,original,강원 삼척 하장
4707,2022-05-18 19:00:00,2022-05-18 22:00:00,4,0.15,point,1,original,강원 철원 갈말
4708,2022-05-18 14:00:00,2022-05-18 15:00:00,2,0.6,point,1,sgis_recovered,충남 당진 고대
4709,2022-05-18 13:00:00,2022-05-18 16:00:00,4,0.9,point,1,sgis_recovered,충남 공주 우성
4710,2022-05-18 04:00:00,2022-05-18 10:00:00,7,0.2,point,1,original,강원 원주 소초
4711,2022-05-18 02:00:00,2022-05-18 07:00:00,6,2.5,point,1,original,전남 영광 불갑
4712,2022-05-17 19:00:00,2022-05-17 23:00:00,5,0.8,point,1,original,경북 경주 nan
4713,2022-05-17 18:00:00,2022-05-17 19:00:00,2,0.01,point,1,original,경남 양산 상북
4714,2022-05-17 13:00:00,2022-05-17 18:00:00,6,4.0,point,1,original,경기 과천 nan
4715,2022-05-17 12:00:00,2022-05-17 14:00:00,3,0.5,point,1,original,충남 공주 정안
4716,2022-05-17 11:00:00,2022-05-17 12:00:00,2,0.08,point,1,original,경기 가평 설악
4717,2022-05-17 09:00:00,2022-05-17 12:00:00,4,0.03,point,1,original,강원 횡성 갑천
4718,2022-05-16 23:00:00,2022-05-17 00:00:00,2,0.06,point,1,original,경기 화성 팔탄
4719,2022-05-16 17:00:00,2022-05-16 18:00:00,2,0.2,point,1,original,전북 남원 인월
4720,2022-05-16 13:00:00,2022-05-16 14:00:00,2,0.03,point,1,original,전북 남원 송동
4721,2022-05-16 12:00:00,2022-05-16 13:00:00,2,0.01,point,1,original,충북 제천 nan
4722,2022-05-16 12:00:00,2022-05-16 13:00:00,2,0.05,point,1,original,충남 아산 음봉
4723,2022-05-16 06:00:00,2022-05-16 08:00:00,3,0.2,point,1,sgis_recovered,전북 고창 해리
4724,2022-05-15 18:00:00,2022-05-15 19:00:00,2,0.05,point,1,original,경남 진주 집현
4725,2022-05-15 17:00:00,2022-05-15 19:00:00,3,0.18,point,1,original,강원 홍천 두촌
4726,2022-05-15 15:00:00,2022-05-15 16:00:00,2,0.06,point,1,original,경기 남양주 nan
4727,2022-05-15 15:00:00,2022-05-15 16:00:00,2,0.05,point,1,original,경기 안양 동안
4728,2022-05-15 14:00:00,2022-05-15 20:00:00,7,0.16,point,1,original,충북 단양 영춘
4729,2022-05-15 11:00:00,2022-05-15 13:00:00,3,0.05,point,1,original,경북 경주 nan
4730,2022-05-15 11:00:00,2022-05-15 12:00:00,2,0.04,point,1,original,경기 가평 가평
4731,2022-05-15 05:00:00,2022-05-15 09:00:00,5,0.5,point,1,original,전북 진안 상전면
4732,2022-05-15 02:00:00,2022-05-15 04:00:00,3,0.1,point,1,original,경북 봉화 봉성
4733,2022-05-14 19:00:00,2022-05-14 21:00:00,3,0.3,point,1,original,전남 광양 광양
4734,2022-05-14 16:00:00,2022-05-14 17:00:00,2,0.1,point,1,original,전남 고흥 도화
4735,2022-05-14 14:00:00,2022-05-14 16:00:00,3,0.02,point,1,original,서울 노원 nan
4736,2022-05-13 17:00:00,2022-05-13 18:00:00,2,0.01,point,1,original,충남 천안 동남
4737,2022-05-12 13:00:00,2022-05-12 16:00:00,4,0.15,point,1,original,강원 횡성 안흥
4738,2022-05-12 12:00:00,2022-05-12 13:00:00,2,0.02,point,1,original,경기 여주 점동
4739,2022-05-12 09:00:00,2022-05-12 11:00:00,3,0.03,point,1,original,경기 파주 광탄
4740,2022-05-09 13:00:00,2022-05-09 19:00:00,7,0.6,point,1,original,경북 영덕 남정
4741,2022-05-09 11:00:00,2022-05-09 13:00:00,3,0.05,point,1,original,강원 평창 대관령
4742,2022-05-09 11:00:00,2022-05-09 12:00:00,2,0.1,point,1,original,전북 부안 위도
4743,2022-05-08 22:00:00,2022-05-08 23:00:00,2,0.2,point,1,original,충북 보은 보은
4744,2022-05-07 17:00:00,2022-05-07 18:00:00,2,0.2,point,1,original,전남 해남 현산
4746,2022-05-06 17:00:00,2022-05-06 17:00:00,1,0.01,point,1,original,부산 강서 nan
4747,2022-05-05 18:00:00,2022-05-05 20:00:00,3,0.13,point,1,original,경기 파주 파평
4748,2022-05-05 14:00:00,2022-05-05 16:00:00,3,0.15,point,1,original,경기 양평 서종
4749,2022-05-05 12:00:00,2022-05-05 13:00:00,2,0.05,point,1,sgis_recovered,충북 괴산 사리
4750,2022-05-05 05:00:00,2022-05-05 06:00:00,2,0.1,point,1,original,경남 합천 가회
4751,2022-05-04 21:00:00,2022-05-05 07:00:00,11,0.8,point,1,original,경기 양평 옥천
4752,2022-05-04 14:00:00,2022-05-04 16:00:00,3,0.1,point,1,sgis_recovered,전남 장흥 부산
4753,2022-05-03 17:00:00,2022-05-03 18:00:00,2,0.01,point,1,original,전남 보성 회천
4754,2022-05-03 17:00:00,2022-05-03 18:00:00,2,0.5,point,1,original,충북 옥천 청성
4755,2022-05-03 16:00:00,2022-05-03 18:00:00,3,0.1,point,1,original,강원 태백 nan
4756,2022-05-03 15:00:00,2022-05-03 16:00:00,2,0.01,point,1,original,경북 영주 부석
4757,2022-05-03 11:00:00,2022-05-03 14:00:00,4,0.5,point,1,original,경북 성주 수륜
4758,2022-05-02 18:00:00,2022-05-02 22:00:00,5,0.8,point,1,original,경기 양평 서종
4759,2022-05-02 16:00:00,2022-05-02 18:00:00,3,0.01,point,1,original,경북 봉화 명호
4760,2022-05-01 15:00:00,2022-05-01 16:00:00,2,0.07,point,1,original,경기 양평 옥천
4761,2022-05-01 13:00:00,2022-05-01 15:00:00,3,0.3,point,1,original,충남 금산 진산
4762,2022-05-01 13:00:00,2022-05-01 16:00:00,4,0.3,point,1,sgis_recovered,경기 파주 적성
4763,2022-05-01 13:00:00,2022-05-01 15:00:00,3,0.65,point,1,original,전남 보성 겸백
4764,2022-04-28 12:00:00,2022-04-28 13:00:00,2,0.01,point,1,original,경기 가평 설악
4765,2022-04-26 13:00:00,2022-04-26 17:00:00,5,0.16,point,1,sgis_recovered,경기 포천 이동
4766,2022-04-25 16:00:00,2022-04-25 19:00:00,4,0.05,point,1,sgis_recovered,강원 영월 북
4767,2022-04-25 15:00:00,2022-04-25 16:00:00,2,0.01,point,1,sgis_recovered,대구 남 nan
4768,2022-04-25 15:00:00,2022-04-25 16:00:00,2,0.1,point,1,original,경기 동두천 nan
4769,2022-04-25 14:00:00,2022-04-25 21:00:00,8,0.3,point,1,original,전남 곡성 옥과
4770,2022-04-25 14:00:00,2022-04-25 15:00:00,2,0.06,point,1,sgis_recovered,전북 진안 상전
4771,2022-04-25 14:00:00,2022-04-25 16:00:00,3,0.01,point,1,original,경기 고양 덕양
4772,2022-04-24 22:00:00,2022-04-24 23:00:00,2,0.06,point,1,original,강원 강릉 nan
4773,2022-04-24 18:00:00,2022-04-24 20:00:00,3,0.01,point,1,original,경남 산청 단성
4774,2022-04-24 16:00:00,2022-04-24 18:00:00,3,0.03,point,1,original,세종 nan nan
4775,2022-04-24 14:00:00,2022-04-24 16:00:00,3,0.2,point,1,sgis_recovered,충북 청주 상당 미원
4776,2022-04-24 14:00:00,2022-04-24 16:00:00,3,0.02,point,1,original,강원 횡성 둔내
4778,2022-04-24 12:00:00,2022-04-24 14:00:00,3,0.2,point,1,original,경기 양평 서종
4779,2022-04-24 12:00:00,2022-04-24 13:00:00,2,0.02,point,1,sgis_recovered,충남 당진 정미
4780,2022-04-24 09:00:00,2022-04-24 09:00:00,1,0.01,point,1,original,강원 강릉 주문진
4781,2022-04-23 14:00:00,2022-04-23 16:00:00,3,0.01,point,1,original,충남 아산 탕정
4782,2022-04-23 14:00:00,2022-04-23 16:00:00,3,0.05,point,1,sgis_recovered,경북 봉화 재산
4783,2022-04-23 14:00:00,2022-04-23 15:00:00,2,0.01,point,1,original,대전 대덕 nan
4784,2022-04-23 12:00:00,2022-04-23 13:00:00,2,0.01,point,1,original,경기 양주 광적
4785,2022-04-23 11:00:00,2022-04-23 13:00:00,3,0.2,point,1,original,충북 영동 학산
4786,2022-04-23 10:00:00,2022-04-23 14:00:00,5,0.6,point,1,original,전북 순창 풍산
4787,2022-04-22 21:00:00,2022-04-23 03:00:00,7,0.6,point,1,sgis_recovered,강원 춘천 서
4788,2022-04-22 15:00:00,2022-04-22 18:00:00,4,0.5,point,1,original,경북 경주 건천
4789,2022-04-22 13:00:00,2022-04-23 11:00:00,23,69.21,point,1,original,강원 양양 현북
4790,2022-04-22 13:00:00,2022-04-22 18:00:00,6,3.0,point,1,sgis_recovered,경북 영주 이산
4791,2022-04-22 12:00:00,2022-04-22 14:00:00,3,1.0,point,1,original,충남 공주 신풍
4792,2022-04-22 09:00:00,2022-04-22 11:00:00,3,0.06,point,1,original,충남 서산 해미
4793,2022-04-22 02:00:00,2022-04-22 18:00:00,17,2.0,point,1,original,충남 홍성 장곡
4794,2022-04-21 14:00:00,2022-04-21 18:00:00,5,1.5,point,1,original,강원 춘천 북산
4795,2022-04-21 12:00:00,2022-04-21 15:00:00,4,0.2,point,1,original,충남 부여 세도
4796,2022-04-21 11:00:00,2022-04-21 12:00:00,2,0.4,point,1,original,경기 시흥 nan
4797,2022-04-21 11:00:00,2022-04-21 11:00:00,1,0.01,point,1,original,강원 양구 양구
4798,2022-04-20 21:00:00,2022-04-21 01:00:00,5,0.33,point,1,original,경남 창원 진해
4799,2022-04-20 20:00:00,2022-04-21 00:00:00,5,6.0,point,1,original,대구 달서 nan
4800,2022-04-20 16:00:00,2022-04-20 17:00:00,2,0.03,point,1,original,충남 부여 부여
4801,2022-04-20 16:00:00,2022-04-21 08:00:00,17,0.5,point,1,original,대구 달성 옥포
4802,2022-04-20 16:00:00,2022-04-20 18:00:00,3,0.5,point,1,original,충남 논산 벌곡
4803,2022-04-20 14:00:00,2022-04-20 16:00:00,3,0.1,point,1,sgis_recovered,경남 창녕 고암
4804,2022-04-20 14:00:00,2022-04-20 16:00:00,3,0.01,point,1,sgis_recovered,경기 남양주 조안
4805,2022-04-20 13:00:00,2022-04-20 19:00:00,7,0.08,point,1,original,대구 동 nan
4806,2022-04-20 13:00:00,2022-04-20 20:00:00,8,9.7,point,1,sgis_recovered,강원 영월 북
4807,2022-04-20 11:00:00,2022-04-20 17:00:00,7,0.5,point,1,original,경기 남양주 화도
4808,2022-04-20 10:00:00,2022-04-20 17:00:00,8,0.5,point,1,original,충남 예산 삽교
4809,2022-04-20 10:00:00,2022-04-20 11:00:00,2,0.15,point,1,original,전북 남원 운봉
4810,2022-04-19 16:00:00,2022-04-19 19:00:00,4,0.69,point,1,original,인천 강화 내가
4811,2022-04-19 15:00:00,2022-04-19 18:00:00,4,1.0,point,1,original,충남 청양 장평
4812,2022-04-19 14:00:00,2022-04-19 15:00:00,2,0.1,point,1,original,전북 순창 풍산
4813,2022-04-19 13:00:00,2022-04-19 14:00:00,2,0.25,point,1,sgis_recovered,대구 북 nan
4814,2022-04-19 13:00:00,2022-04-19 15:00:00,3,0.1,point,1,original,전북 장수 산서
4816,2022-04-19 09:00:00,2022-04-19 09:00:00,1,0.01,point,1,original,전북 남원 대산
4817,2022-04-18 17:00:00,2022-04-18 18:00:00,2,0.02,point,1,original,대구 달성 다사
4819,2022-04-18 16:00:00,2022-04-18 20:00:00,5,0.01,point,1,sgis_recovered,울산 북 nan
4820,2022-04-18 16:00:00,2022-04-18 18:00:00,3,0.6,point,1,original,전북 무주 무주
4821,2022-04-18 14:00:00,2022-04-18 15:00:00,2,0.2,point,1,original,경남 하동 진교
4822,2022-04-18 11:00:00,2022-04-18 17:00:00,7,0.2,point,1,sgis_recovered,경북 포항 남 호미곶
4823,2022-04-18 11:00:00,2022-04-18 13:00:00,3,0.46,point,1,sgis_recovered,경기 가평 상
4824,2022-04-17 18:00:00,2022-04-18 10:00:00,17,0.35,point,1,original,전북 김제 금산
4825,2022-04-17 17:00:00,2022-04-17 18:00:00,2,0.05,point,1,original,경기 가평 청평
4826,2022-04-17 15:00:00,2022-04-17 21:00:00,7,1.0,point,1,original,전남 순천 송광
4827,2022-04-17 12:00:00,2022-04-17 14:00:00,3,0.2,point,1,sgis_recovered,강원 인제 남
4828,2022-04-17 12:00:00,2022-04-17 14:00:00,3,0.2,point,1,original,전남 화순 화순
4829,2022-04-17 09:00:00,2022-04-17 11:00:00,3,0.1,point,1,sgis_recovered,경북 군위 부계
4831,2022-04-16 15:00:00,2022-04-16 17:00:00,3,0.01,point,1,sgis_recovered,대구 북 nan
4832,2022-04-16 14:00:00,2022-04-16 14:00:00,1,0.02,point,1,original,경기 양평 용문
4833,2022-04-16 12:00:00,2022-04-16 13:00:00,2,0.08,point,1,original,충남 예산 대술
4834,2022-04-15 17:00:00,2022-04-15 20:00:00,4,0.02,point,1,original,강원 춘천 남산
4835,2022-04-15 13:00:00,2022-04-15 15:00:00,3,0.01,point,1,original,경기 양주 은현
4837,2022-04-12 20:00:00,2022-04-12 20:00:00,1,0.01,point,1,original,경기 안양 만안
4838,2022-04-12 17:00:00,2022-04-12 18:00:00,2,0.04,point,1,original,전북 장수 산서
4839,2022-04-12 16:00:00,2022-04-12 18:00:00,3,1.0,point,1,original,전남 순천 주암
4840,2022-04-12 16:00:00,2022-04-12 17:00:00,2,0.05,point,1,original,충남 아산 영인
4841,2022-04-12 16:00:00,2022-04-12 17:00:00,2,0.21,point,1,sgis_recovered,충남 공주 우성
4842,2022-04-12 15:00:00,2022-04-12 17:00:00,3,0.3,point,1,sgis_recovered,강원 홍천 서
4843,2022-04-12 14:00:00,2022-04-12 15:00:00,2,0.3,point,1,original,전남 장성 장성
4844,2022-04-12 13:00:00,2022-04-13 13:00:00,25,7.7,point,1,original,경북 고령 다산
4845,2022-04-12 13:00:00,2022-04-12 15:00:00,3,0.5,point,1,original,경기 화성 봉담
4847,2022-04-11 17:00:00,2022-04-11 18:00:00,2,0.15,point,1,original,경북 의성 단촌
4848,2022-04-11 13:00:00,2022-04-11 14:00:00,2,0.2,point,1,original,충북 영동 추풍령
4849,2022-04-11 12:00:00,2022-04-11 14:00:00,3,0.04,point,1,original,경기 광주 nan
4850,2022-04-11 11:00:00,2022-04-11 21:00:00,11,3.5,point,1,sgis_recovered,강원 정선 남
4851,2022-04-11 09:00:00,2022-04-11 11:00:00,3,0.01,point,1,sgis_recovered,대구 달성 유가
4852,2022-04-11 00:00:00,2022-04-11 03:00:00,4,0.8,point,1,original,경북 영덕 영해
4853,2022-04-10 21:00:00,2022-04-11 09:00:00,13,0.8,point,1,original,경남 양산 원동
4854,2022-04-10 18:00:00,2022-04-10 20:00:00,3,1.0,point,1,original,전북 무주 설천
4855,2022-04-10 17:00:00,2022-04-10 18:00:00,2,0.5,point,1,original,전남 광양 광양
4856,2022-04-10 15:00:00,2022-04-10 18:00:00,4,0.02,point,1,original,경기 광주 오포
4857,2022-04-10 15:00:00,2022-04-11 15:00:00,25,720.0,polygon,12,original,강원 양구 양구
4859,2022-04-10 14:00:00,2022-04-10 14:00:00,1,0.01,point,1,sgis_recovered,경남 거창 주상
4860,2022-04-10 13:00:00,2022-04-10 15:00:00,3,0.02,point,1,original,경기 안양 만안
4861,2022-04-10 13:00:00,2022-04-10 14:00:00,2,0.02,point,1,original,경기 광주 퇴촌
4862,2022-04-10 13:00:00,2022-04-10 20:00:00,8,0.15,point,1,original,경기 양주 은현
4863,2022-04-10 13:00:00,2022-04-11 13:00:00,25,347.0,polygon,1,sgis_recovered,경북 군위 삼국유사
4864,2022-04-10 13:00:00,2022-04-10 16:00:00,4,2.0,point,1,original,강원 화천 상서
4865,2022-04-10 13:00:00,2022-04-10 15:00:00,3,0.06,point,1,sgis_recovered,경기 파주 법원
4866,2022-04-10 13:00:00,2022-04-10 14:00:00,2,0.03,point,1,original,경기 고양 덕양
4867,2022-04-10 12:00:00,2022-04-10 14:00:00,3,0.2,point,1,sgis_recovered,강원 고성 토성
4868,2022-04-10 12:00:00,2022-04-11 12:00:00,25,3.0,point,1,sgis_recovered,강원 인제 북
4869,2022-04-10 11:00:00,2022-04-10 13:00:00,3,0.08,point,1,original,경기 파주 광탄
4870,2022-04-10 11:00:00,2022-04-10 14:00:00,4,2.0,point,1,original,부산 기장 기장
4871,2022-04-10 10:00:00,2022-04-10 11:00:00,2,0.05,point,1,original,경기 양평 개군
4873,2022-04-10 02:00:00,2022-04-10 03:00:00,2,0.01,point,1,sgis_recovered,대구 북 nan
4875,2022-04-09 16:00:00,2022-04-09 18:00:00,3,0.2,point,1,original,경북 영양 일월
4876,2022-04-09 15:00:00,2022-04-09 19:00:00,5,0.5,point,1,sgis_recovered,충남 계룡 두마
4877,2022-04-09 15:00:00,2022-04-09 16:00:00,2,0.1,point,1,sgis_recovered,충남 서천 마산
4878,2022-04-09 13:00:00,2022-04-09 21:00:00,9,1.0,point,1,original,경기 남양주 진접
4879,2022-04-09 13:00:00,2022-04-09 18:00:00,6,8.0,point,1,original,경기 남양주 진접
4880,2022-04-09 13:00:00,2022-04-09 14:00:00,2,0.2,point,1,original,경북 영덕 영해
4881,2022-04-09 13:00:00,2022-04-09 17:00:00,5,4.0,point,1,sgis_recovered,충남 청양 목
4882,2022-04-09 13:00:00,2022-04-09 15:00:00,3,0.3,point,1,original,경남 하동 횡천
4883,2022-04-09 12:00:00,2022-04-09 13:00:00,2,0.01,point,1,original,경기 고양 덕양
4884,2022-04-09 12:00:00,2022-04-09 16:00:00,5,1.5,point,1,original,경기 남양주 와부
4885,2022-04-09 12:00:00,2022-04-09 14:00:00,3,1.6,point,1,original,경기 연천 전곡
4886,2022-04-09 11:00:00,2022-04-09 12:00:00,2,0.2,point,1,original,경기 동두천 nan
4887,2022-04-09 11:00:00,2022-04-09 13:00:00,3,0.2,point,1,original,전북 남원 아영
4888,2022-04-09 10:00:00,2022-04-09 17:00:00,8,1.0,point,1,sgis_recovered,경기 포천 관인
4889,2022-04-09 10:00:00,2022-04-09 11:00:00,2,0.12,point,1,sgis_recovered,전남 장흥 부산
4890,2022-04-09 10:00:00,2022-04-10 09:00:00,24,40.0,point,1,original,충남 서산 운산
4891,2022-04-09 09:00:00,2022-04-10 08:00:00,24,3.0,point,1,original,경북 봉화 석포
4892,2022-04-08 17:00:00,2022-04-08 18:00:00,2,0.09,point,1,original,전북 nan 성송
4893,2022-04-08 17:00:00,2022-04-08 20:00:00,4,0.09,point,1,original,전북 남원 산내
4895,2022-04-08 11:00:00,2022-04-08 14:00:00,4,0.1,point,1,original,전남 보성 보성
4896,2022-04-08 10:00:00,2022-04-08 11:00:00,2,0.05,point,1,original,경남 창원 의창
4897,2022-04-08 08:00:00,2022-04-08 11:00:00,4,0.1,point,1,original,충남 예산 대흥
4898,2022-04-07 18:00:00,2022-04-07 21:00:00,4,0.1,point,1,original,전남 순천 해룡
4899,2022-04-07 17:00:00,2022-04-07 18:00:00,2,0.01,point,1,original,경기 의정부 nan
4900,2022-04-07 15:00:00,2022-04-07 16:00:00,2,0.03,point,1,original,경기 용인 기흥
4901,2022-04-07 14:00:00,2022-04-07 16:00:00,3,0.4,point,1,sgis_recovered,전북 진안 성수
4902,2022-04-07 13:00:00,2022-04-07 16:00:00,4,0.01,point,1,original,경기 성남 중원
4904,2022-04-06 19:00:00,2022-04-06 20:00:00,2,0.09,point,1,original,경남 밀양 무안
4905,2022-04-06 15:00:00,2022-04-06 16:00:00,2,0.02,point,1,original,경기 여주 세종대왕
4906,2022-04-06 14:00:00,2022-04-06 15:00:00,2,0.09,point,1,original,인천 강화 화도
4907,2022-04-06 14:00:00,2022-04-06 14:00:00,1,0.01,point,1,original,경남 함양 휴천
4908,2022-04-06 13:00:00,2022-04-06 16:00:00,4,0.1,point,1,sgis_recovered,경북 청송 진보
4909,2022-04-05 15:00:00,2022-04-05 17:00:00,3,0.05,point,1,original,인천 남동 nan
4910,2022-04-05 15:00:00,2022-04-05 16:00:00,2,0.03,point,1,original,경기 용인 기흥
4911,2022-04-05 14:00:00,2022-04-05 17:00:00,4,0.8,point,1,original,경기 시흥 nan
4912,2022-04-05 13:00:00,2022-04-05 16:00:00,4,0.12,point,1,original,경기 군포 nan
4913,2022-04-05 13:00:00,2022-04-06 13:00:00,25,120.0,point,1,original,경북 봉화 봉화
4914,2022-04-05 13:00:00,2022-04-05 14:00:00,2,0.03,point,1,original,경북 김천 감천
4915,2022-04-05 11:00:00,2022-04-05 13:00:00,3,0.02,point,1,original,충남 청양 청남
4916,2022-04-04 19:00:00,2022-04-05 00:00:00,6,8.0,point,1,original,경기 하남 nan
4917,2022-04-04 17:00:00,2022-04-04 18:00:00,2,0.1,point,1,sgis_recovered,경기 파주 적성
4918,2022-04-04 15:00:00,2022-04-04 17:00:00,3,0.01,point,1,original,충남 서산 고북
4919,2022-04-04 14:00:00,2022-04-04 15:00:00,2,0.06,point,1,original,경북 김천 지례
4920,2022-04-04 14:00:00,2022-04-04 15:00:00,2,0.23,point,1,original,경기 포천 신북
4921,2022-04-04 14:00:00,2022-04-04 15:00:00,2,0.1,point,1,original,경기 용인 처인 nan
4922,2022-04-04 13:00:00,2022-04-04 14:00:00,2,0.1,point,1,original,경기 포천 군내
4923,2022-04-04 13:00:00,2022-04-04 16:00:00,4,0.3,point,1,original,세종 nan nan
4924,2022-04-04 12:00:00,2022-04-04 16:00:00,5,0.3,point,1,original,강원 강릉 왕산
4925,2022-02-03 15:00:00,2022-02-03 16:00:00,2,0.03,point,1,original,경북 문경 영순
4926,2022-02-02 01:00:00,2022-02-02 06:00:00,6,0.1,point,1,original,경북 영천 자양
4927,2022-02-01 14:00:00,2022-02-01 16:00:00,3,0.2,point,1,original,경북 구미 nan
4928,2022-02-01 05:00:00,2022-02-01 14:00:00,10,1.5,point,1,original,울산 울주 서생
5017,2023-03-29 16:00:00,2023-03-29 17:00:00,2,0.3,point,1,original,강원 평창 진부
5018,2023-03-29 14:00:00,2023-03-29 17:00:00,4,0.72,point,1,original,경기 여주 흥천
5019,2023-03-29 14:00:00,2023-03-29 15:00:00,2,0.01,point,1,original,충남 아산 둔포
5020,2023-03-29 13:00:00,2023-03-29 17:00:00,5,0.5,point,1,sgis_recovered,경남 거제 하청
5023,2024-03-14 13:00:00,2024-03-14 14:00:00,2,0.06,point,1,original,세종 금남 nan
5024,2024-03-14 11:00:00,2024-03-14 12:00:00,2,0.04,point,1,sgis_recovered,충남 천안 동남 수신
5025,2024-03-14 11:00:00,2024-03-14 12:00:00,2,0.03,point,1,sgis_recovered,충남 천안 동남 수신
5026,2024-03-11 11:00:00,2024-03-11 11:00:00,1,0.3,point,1,original,충북 괴산 감물
5027,2024-03-04 13:00:00,2024-03-04 18:00:00,6,0.05,point,1,original,충남 금산 제원
5028,2024-03-03 17:00:00,2024-03-03 19:00:00,3,0.25,point,1,original,충북 청주 상당 낭성
5029,2024-03-01 18:00:00,2024-03-01 18:00:00,1,0.16,point,1,original,인천 서구 nan
5030,2024-03-01 14:00:00,2024-03-01 14:00:00,1,0.01,point,1,original,대구 수성 nan
5031,2024-02-17 17:00:00,2024-02-17 18:00:00,2,0.01,point,1,sgis_recovered,경북 의성 다인
5032,2024-02-13 15:00:00,2024-02-13 17:00:00,3,0.13,point,1,original,경기 화성 매송
5033,2024-02-13 14:00:00,2024-02-13 15:00:00,2,0.03,point,1,sgis_recovered,충북 청주 상당 남일
5034,2024-02-09 14:00:00,2024-02-09 16:00:00,3,0.06,point,1,original,경기 용인 처인 원삼
5035,2024-02-04 13:00:00,2024-02-04 14:00:00,2,0.07,point,1,original,경기 가평 청평
5036,2024-02-03 13:00:00,2024-02-03 13:00:00,1,0.01,point,1,original,경기 이천 호법
5037,2024-02-01 10:00:00,2024-02-01 12:00:00,3,0.01,point,1,sgis_recovered,충남 보령 청소
5038,2024-03-28 10:00:00,2024-03-28 11:00:00,2,0.01,point,1,sgis_recovered,강원 인제 북
5040,2024-04-19 21:00:00,2024-04-19 22:00:00,2,0.01,point,1,original,경기 포천 화현
5041,2024-04-19 13:00:00,2024-04-19 17:00:00,5,0.2,point,1,sgis_recovered,강원 영월 무릉도원
5042,2024-03-29 13:00:00,2024-03-29 14:00:00,2,0.27,point,1,sgis_recovered,경북 울진 북
5043,2024-03-25 04:00:00,2024-03-25 06:00:00,3,0.2,point,1,original,충북 음성 금왕
5044,2024-04-01 13:00:00,2024-04-01 14:00:00,2,0.1,point,1,original,강원 삼척 도계
5045,2024-04-01 11:00:00,2024-04-01 12:00:00,2,0.05,point,1,original,경기 광주 도척
5046,2024-04-19 11:00:00,2024-04-19 12:00:00,2,0.05,point,1,original,경기 연천 백학
5047,2024-04-18 16:00:00,2024-04-18 17:00:00,2,0.13,point,1,original,경기 화성 서신
5048,2024-04-08 17:00:00,2024-04-08 17:00:00,1,0.01,point,1,original,경기 안산 단원
5050,2024-04-08 12:00:00,2024-04-08 14:00:00,3,0.01,point,1,original,경기 고양 덕양
5051,2024-04-08 06:00:00,2024-04-08 11:00:00,6,0.1,point,1,original,경기 성남 분당
5052,2024-04-07 15:00:00,2024-04-07 16:00:00,2,0.05,point,1,sgis_recovered,경기 가평 북
5053,2024-04-07 14:00:00,2024-04-07 16:00:00,3,0.08,point,1,original,경기 남양주 와부
5054,2024-04-07 14:00:00,2024-04-07 19:00:00,6,0.08,point,1,sgis_recovered,인천 서 nan
5055,2024-04-07 14:00:00,2024-04-07 15:00:00,2,0.03,point,1,sgis_recovered,강원 양양 강현
5056,2024-04-07 13:00:00,2024-04-07 14:00:00,2,0.01,point,1,original,대구 동 nan
5057,2024-04-07 12:00:00,2024-04-07 13:00:00,2,0.01,point,1,original,경북 상주 화남
5058,2024-04-07 12:00:00,2024-04-07 13:00:00,2,0.05,point,1,original,강원 횡성 횡성
5059,2024-04-07 11:00:00,2024-04-07 16:00:00,6,0.68,point,1,original,강원 동해 nan
5060,2024-04-07 11:00:00,2024-04-07 12:00:00,2,0.2,point,1,original,강원 철원 갈말
5061,2024-04-07 10:00:00,2024-04-07 11:00:00,2,0.05,point,1,original,충북 제천 청풍
5062,2024-04-07 10:00:00,2024-04-07 12:00:00,3,0.09,point,1,original,경기 남양주 화도
5064,2024-04-07 09:00:00,2024-04-07 11:00:00,3,0.1,point,1,original,경기 동두천 nan
5065,2024-04-07 09:00:00,2024-04-07 10:00:00,2,0.1,point,1,original,강원 철원 갈말
5066,2024-04-04 17:00:00,2024-04-04 19:00:00,3,0.28,point,1,original,경기 남양주 진접
5067,2023-03-31 20:00:00,2023-03-31 21:00:00,2,0.05,point,1,sgis_recovered,경기 연천 왕징
5068,2023-03-31 16:00:00,2023-03-31 17:00:00,2,0.01,point,1,sgis_recovered,경기 광주 남한산성
5069,2023-03-31 15:00:00,2023-03-31 19:00:00,5,0.8,point,1,original,강원 홍천 두촌
5070,2023-03-31 15:00:00,2023-03-31 17:00:00,3,0.1,point,1,original,경남 함양 안의
5071,2023-03-31 14:00:00,2023-03-31 20:00:00,7,1.0,point,1,original,강원 원주 nan
5072,2023-03-31 14:00:00,2023-03-31 16:00:00,3,0.22,point,1,original,경북 경주 안강
5073,2023-03-31 13:00:00,2023-03-31 14:00:00,2,0.16,point,1,original,경기 용인 처인 양지
5074,2023-03-31 12:00:00,2023-03-31 16:00:00,5,0.5,point,1,original,전남 순천 황전
5075,2023-03-31 12:00:00,2023-03-31 13:00:00,2,0.27,point,1,original,경북 경주 강동
5076,2023-03-31 11:00:00,2023-03-31 12:00:00,2,0.1,point,1,original,전북 순창 팔덕
5077,2023-03-31 09:00:00,2023-03-31 10:00:00,2,0.01,point,1,original,세종 부강 nan
5078,2023-03-31 00:00:00,2023-03-31 03:00:00,4,0.09,point,1,original,광주 광산 광산
5079,2023-03-06 17:00:00,2023-03-06 20:00:00,4,0.8,point,1,original,경북 울진 금강송
5080,2023-03-06 16:00:00,2023-03-06 19:00:00,4,0.12,point,1,original,경북 안동 예안
5081,2023-03-06 16:00:00,2023-03-06 17:00:00,2,0.01,point,1,original,강원 고성 죽왕
5082,2023-03-06 16:00:00,2023-03-06 17:00:00,2,0.3,point,1,original,충북 청주 청원 오창
5083,2023-03-06 15:00:00,2023-03-06 18:00:00,4,0.2,point,1,original,경남 밀양 nan
5084,2023-03-06 15:00:00,2023-03-06 19:00:00,5,0.5,point,1,original,경기 안성 보개
5085,2023-03-06 15:00:00,2023-03-06 17:00:00,3,0.02,point,1,original,충북 충주 주덕
5086,2023-03-06 14:00:00,2023-03-06 19:00:00,6,2.0,point,1,original,경기 안성 죽산
5087,2023-03-06 13:00:00,2023-03-06 18:00:00,6,0.5,point,1,sgis_recovered,전남 장성 진원
5088,2023-03-06 13:00:00,2023-03-06 14:00:00,2,0.15,point,1,sgis_recovered,강원 횡성 서원
5089,2023-03-06 13:00:00,2023-03-06 16:00:00,4,0.2,point,1,original,전남 고흥 풍양
5090,2023-03-06 12:00:00,2023-03-06 17:00:00,6,0.4,point,1,original,전북 임실 임실
5091,2023-03-06 11:00:00,2023-03-06 15:00:00,5,0.26,point,1,original,전남 무안 몽탄
5092,2023-03-06 10:00:00,2023-03-06 16:00:00,7,3.0,point,1,original,경북 청송 파천
5093,2023-03-06 09:00:00,2023-03-06 11:00:00,3,0.02,point,1,sgis_recovered,경남 합천 가야
5094,2023-03-06 00:00:00,2023-03-06 10:00:00,11,0.16,point,1,original,경북 성주 선남
5095,2023-03-05 19:00:00,2023-03-05 21:00:00,3,0.6,point,1,original,충남 서산 운산
5096,2023-03-05 15:00:00,2023-03-05 16:00:00,2,0.01,point,1,original,인천 남동 nan
5097,2023-03-05 14:00:00,2023-03-05 17:00:00,4,0.05,point,1,original,전남 구례 산동
5098,2023-03-05 14:00:00,2023-03-05 17:00:00,4,0.3,point,1,sgis_recovered,전남 완도 신지
5099,2023-03-05 13:00:00,2023-03-05 16:00:00,4,0.9,point,1,original,충남 공주 탄천
5100,2023-03-05 12:00:00,2023-03-05 14:00:00,3,0.05,point,1,sgis_recovered,경남 창녕 대합
5101,2023-03-05 12:00:00,2023-03-05 14:00:00,3,0.3,point,1,original,전북 무주 무풍
5102,2023-03-05 12:00:00,2023-03-05 17:00:00,6,3.0,point,1,original,경북 경산 남천
5103,2023-03-05 11:00:00,2023-03-05 13:00:00,3,0.05,point,1,original,광주 광산 nan
5104,2023-03-05 05:00:00,2023-03-05 07:00:00,3,0.15,point,1,original,대전 동 nan
5105,2023-02-26 20:00:00,2023-02-26 22:00:00,3,0.01,point,1,original,전남 보성 벌교
5106,2023-02-26 15:00:00,2023-02-26 16:00:00,2,0.04,point,1,original,경기 시흥 nan
5107,2023-02-26 14:00:00,2023-02-26 15:00:00,2,0.6,point,1,sgis_recovered,인천 강화 송해
5108,2023-02-26 14:00:00,2023-02-26 16:00:00,3,0.1,point,1,original,전북 군산 옥산
5109,2023-02-26 14:00:00,2023-02-26 16:00:00,3,0.5,point,1,sgis_recovered,전북 임실 강진
5110,2023-02-26 14:00:00,2023-02-26 17:00:00,4,2.0,point,1,original,경북 영천 화남
5111,2023-02-26 14:00:00,2023-02-26 16:00:00,3,0.1,point,1,sgis_recovered,경기 안성 금광
5112,2023-02-26 14:00:00,2023-02-26 16:00:00,3,0.02,point,1,original,광주 광산 nan
5113,2023-02-26 13:00:00,2023-02-26 15:00:00,3,0.03,point,1,sgis_recovered,전남 순천 서
5114,2023-02-26 13:00:00,2023-02-26 15:00:00,3,0.1,point,1,sgis_recovered,충북 단양 대강
5115,2023-02-26 13:00:00,2023-02-26 15:00:00,3,0.33,point,1,original,경기 남양주 화도
5116,2023-02-26 13:00:00,2023-02-26 16:00:00,4,0.5,point,1,sgis_recovered,전남 화순 이양
5117,2023-02-26 12:00:00,2023-02-26 14:00:00,3,0.2,point,1,sgis_recovered,전북 임실 삼계
5118,2023-02-26 11:00:00,2023-02-26 14:00:00,4,0.2,point,1,original,강원 홍천 서석
5119,2023-02-26 11:00:00,2023-02-26 12:00:00,2,0.02,point,1,original,전북 군산 nan
5120,2023-02-26 11:00:00,2023-02-26 12:00:00,2,0.03,point,1,original,세종 금남 nan
5121,2023-03-13 20:00:00,2023-03-13 23:00:00,4,1.0,point,1,original,경북 봉화 소천
5122,2023-03-13 09:00:00,2023-03-13 11:00:00,3,0.03,point,1,sgis_recovered,전남 화순 이양
5123,2023-03-13 06:00:00,2023-03-13 08:00:00,3,0.01,point,1,original,경남 거제 사등
5124,2023-03-02 21:00:00,2023-03-02 23:00:00,3,0.1,point,1,sgis_recovered,경남 하동 양보
5125,2023-03-02 17:00:00,2023-03-02 19:00:00,3,0.66,point,1,original,경기 안성 미양
5126,2023-03-02 16:00:00,2023-03-02 17:00:00,2,0.1,point,1,original,충남 천안 동남 광덕
5127,2023-03-02 15:00:00,2023-03-02 17:00:00,3,0.2,point,1,sgis_recovered,전북 임실 성수
5128,2023-03-02 15:00:00,2023-03-03 15:00:00,25,10.0,point,1,original,경북 김천 개령
5129,2023-03-02 15:00:00,2023-03-02 20:00:00,6,1.0,point,1,original,전남 광양 봉강
5130,2023-03-02 13:00:00,2023-03-02 17:00:00,5,1.0,point,1,original,경기 가평 청평
5131,2023-03-02 12:00:00,2023-03-02 15:00:00,4,0.43,point,1,original,경기 화성 정남
5132,2023-03-02 11:00:00,2023-03-02 14:00:00,4,0.5,point,1,sgis_recovered,전남 담양 용
5133,2023-03-02 09:00:00,2023-03-02 11:00:00,3,0.02,point,1,original,전남 여수 nan
5134,2023-03-02 09:00:00,2023-03-02 14:00:00,6,0.3,point,1,original,광주 광산 nan
5135,2023-03-02 06:00:00,2023-03-02 08:00:00,3,0.06,point,1,original,경북 경주 nan
5136,2023-03-02 04:00:00,2023-03-02 06:00:00,3,0.02,point,1,original,전북 전주 완산
5137,2023-02-28 20:00:00,2023-02-28 21:00:00,2,0.2,point,1,original,강원 평창 미탄
5138,2023-02-28 19:00:00,2023-02-28 22:00:00,4,0.03,point,1,original,강원 평창 봉평
5139,2023-02-28 17:00:00,2023-02-28 18:00:00,2,0.3,point,1,original,충남 공주 탄천
5141,2023-02-28 16:00:00,2023-02-28 18:00:00,3,0.1,point,1,original,전남 보성 율어
5142,2023-02-28 15:00:00,2023-03-01 11:00:00,21,37.0,polygon,1,original,경북 예천 풍양
5143,2023-02-28 15:00:00,2023-02-28 20:00:00,6,0.5,point,1,original,경북 상주 은척
5144,2023-02-28 15:00:00,2023-02-28 19:00:00,5,0.8,point,1,original,전북 익산 왕궁
5145,2023-02-28 15:00:00,2023-02-28 18:00:00,4,1.0,point,1,original,전북 남원 사매
5146,2023-02-28 14:00:00,2023-02-28 19:00:00,6,1.0,point,1,original,전북 완주 비봉
5147,2023-02-28 14:00:00,2023-03-01 12:00:00,23,51.0,polygon,3,original,경북 영천 화남
5148,2023-02-28 14:00:00,2023-03-01 14:00:00,25,9.1,point,1,sgis_recovered,경북 성주 금수
5149,2023-03-11 23:00:00,2023-03-12 01:00:00,3,0.02,point,1,original,서울 도봉 nan
5150,2023-03-11 22:00:00,2023-03-12 14:00:00,17,2.96,point,1,original,경남 양산 원동
5151,2023-03-11 20:00:00,2023-03-12 10:00:00,15,1.3,point,1,original,충남 당진 석문
5152,2023-03-11 15:00:00,2023-03-11 23:00:00,9,4.0,point,1,sgis_recovered,광주 북 nan
5153,2023-03-11 15:00:00,2023-03-11 16:00:00,2,0.02,point,1,sgis_recovered,경기 파주 조리
5154,2023-03-11 15:00:00,2023-03-11 17:00:00,3,0.66,point,1,original,충남 천안 동남 풍세
5155,2023-03-11 14:00:00,2023-03-11 16:00:00,3,0.3,point,1,original,전북 남원 송동
5156,2023-03-11 14:00:00,2023-03-11 18:00:00,5,0.4,point,1,original,충남 공주 탄천
5157,2023-03-11 14:00:00,2023-03-11 22:00:00,9,1.0,point,1,sgis_recovered,대구 남 nan
5158,2023-03-11 14:00:00,2023-03-11 18:00:00,5,0.15,point,1,original,경기 안성 대덕
5159,2023-03-11 14:00:00,2023-03-11 16:00:00,3,0.1,point,1,original,충남 천안 서북
5160,2023-03-11 13:00:00,2023-03-12 13:00:00,25,91.0,point,1,original,경남 하동 화개
5161,2023-03-11 12:00:00,2023-03-11 14:00:00,3,0.15,point,1,sgis_recovered,강원 홍천 서
5162,2023-03-11 11:00:00,2023-03-11 15:00:00,5,0.3,point,1,original,충북 괴산 청천
5163,2023-03-11 11:00:00,2023-03-11 14:00:00,4,1.3,point,1,original,충남 천안 동남
5164,2024-03-21 10:00:00,2024-03-21 13:00:00,4,0.8,point,1,original,경기 군포시 nan
5165,2024-03-10 15:00:00,2024-03-10 17:00:00,3,0.03,point,1,original,경기 안산 단원
5166,2024-03-10 15:00:00,2024-03-10 17:00:00,3,0.5,point,1,original,충북 옥천 동이
5167,2024-03-10 14:00:00,2024-03-10 16:00:00,3,0.17,point,1,original,충남 공주 정안
5168,2024-03-10 14:00:00,2024-03-10 15:00:00,2,0.01,point,1,sgis_recovered,경기 파주 적성
5169,2024-03-09 13:00:00,2024-03-09 15:00:00,3,0.5,point,1,original,경기 양평 양평
5170,2024-03-09 13:00:00,2024-03-09 13:00:00,1,0.01,point,1,original,경남 사천 용현
5171,2024-03-09 12:00:00,2024-03-09 13:00:00,2,0.4,point,1,sgis_recovered,충북 음성 삼성
5172,2024-03-09 12:00:00,2024-03-09 14:00:00,3,0.07,point,1,sgis_recovered,충남 서천 마산
5173,2024-03-09 12:00:00,2024-03-09 13:00:00,2,0.1,point,1,original,경기 화성 매송
5174,2023-03-30 16:00:00,2023-03-30 19:00:00,4,0.7,point,1,original,강원 횡성 청일
5175,2023-03-30 15:00:00,2023-03-30 18:00:00,4,0.11,point,1,original,경기 화성 매송
5176,2023-03-30 14:00:00,2023-03-30 18:00:00,5,0.3,point,1,original,경기 연천 연천
5177,2023-03-30 14:00:00,2023-03-30 15:00:00,2,0.02,point,1,original,강원 평창 진부
5178,2023-03-30 14:00:00,2023-03-31 14:00:00,25,29.0,point,1,original,경기 포천 영북
5179,2023-03-30 13:00:00,2023-03-30 16:00:00,4,0.05,point,1,original,경남 거창 웅양
5180,2023-03-30 13:00:00,2023-03-30 14:00:00,2,0.33,point,1,sgis_recovered,인천 서 nan
5181,2023-03-30 13:00:00,2023-03-31 09:00:00,21,21.0,point,1,original,충북 제천 봉양
5182,2023-03-30 12:00:00,2023-03-31 12:00:00,25,68.0,polygon,15,original,강원 화천 화천
5183,2023-03-30 12:00:00,2023-03-30 12:00:00,1,0.4,point,1,original,강원 강릉 연곡
5184,2023-03-30 11:00:00,2023-03-30 13:00:00,3,0.7,point,1,original,경북 경주 산내
5185,2023-03-30 10:00:00,2023-03-30 11:00:00,2,0.02,point,1,original,경기 여주 가남
5186,2023-03-28 16:00:00,2023-03-28 18:00:00,3,0.3,point,1,original,충남 당진 송산
5187,2023-03-28 15:00:00,2023-03-28 18:00:00,4,0.1,point,1,original,충북 옥천 동이
5188,2023-03-28 15:00:00,2023-03-28 16:00:00,2,0.04,point,1,original,충남 보령 남포
5189,2023-03-28 14:00:00,2023-03-28 16:00:00,3,0.01,point,1,original,경남 합천 용주
5190,2023-03-28 14:00:00,2023-03-28 16:00:00,3,0.02,point,1,original,경기 의왕 nan
5191,2023-03-28 14:00:00,2023-03-28 15:00:00,2,0.01,point,1,original,강원 철원 갈말
5192,2023-03-16 21:00:00,2023-03-16 22:00:00,2,0.05,point,1,sgis_recovered,강원 영월 남
5193,2023-03-16 19:00:00,2023-03-16 23:00:00,5,0.5,point,1,original,경남 진주 명석
5194,2023-03-16 14:00:00,2023-03-17 14:00:00,25,86.0,polygon,1,original,경북 상주 외남
5195,2023-03-16 12:00:00,2023-03-16 17:00:00,6,0.3,point,1,original,전남 진도 의신
5196,2023-03-16 12:00:00,2023-03-16 13:00:00,2,0.01,point,1,original,부산 연제 nan
5197,2023-03-16 11:00:00,2023-03-16 16:00:00,6,0.2,point,1,original,경남 밀양 무안
5198,2023-02-25 23:00:00,2023-02-26 01:00:00,3,0.1,point,1,original,경남 함양 함양
5199,2023-02-25 18:00:00,2023-02-25 19:00:00,2,0.02,point,1,original,인천 강화 내가
5200,2023-02-25 18:00:00,2023-02-25 21:00:00,4,1.0,point,1,sgis_recovered,충남 금산 부리
5201,2023-02-25 15:00:00,2023-02-25 18:00:00,4,1.0,point,1,original,충남 부여 은산
5202,2023-02-25 14:00:00,2023-02-25 17:00:00,4,0.5,point,1,original,경남 진주 대곡
5203,2023-02-25 13:00:00,2023-02-25 15:00:00,3,0.1,point,1,original,경북 예천 은풍
5204,2023-02-25 13:00:00,2023-02-25 14:00:00,2,0.5,point,1,original,충남 부여 세도
5205,2023-02-25 13:00:00,2023-02-25 14:00:00,2,0.1,point,1,sgis_recovered,전남 순천 상사
5206,2023-02-25 12:00:00,2023-02-25 16:00:00,5,0.09,point,1,original,경기 화성 송산
5207,2023-02-25 12:00:00,2023-02-25 14:00:00,3,0.05,point,1,sgis_recovered,경남 거창 북상
5208,2023-02-25 12:00:00,2023-02-25 15:00:00,4,0.6,point,1,original,경기 여주 점동
5209,2023-02-25 10:00:00,2023-02-25 13:00:00,4,0.3,point,1,original,경북 안동 일직
5210,2023-02-07 15:00:00,2023-02-07 16:00:00,2,0.01,point,1,sgis_recovered,경북 상주 이안
5211,2023-02-07 14:00:00,2023-02-07 18:00:00,5,0.02,point,1,original,경남 거창 가북
5212,2023-02-07 13:00:00,2023-02-07 16:00:00,4,0.01,point,1,original,경기 하남 nan
5213,2023-02-07 09:00:00,2023-02-07 10:00:00,2,0.01,point,1,sgis_recovered,경기 양평 양서
5214,2023-02-06 22:00:00,2023-02-07 01:00:00,4,0.3,point,1,sgis_recovered,경남 합천 봉산
5216,2023-02-06 13:00:00,2023-02-06 15:00:00,3,0.3,point,1,sgis_recovered,전북 임실 성수
5217,2023-02-06 13:00:00,2023-02-06 15:00:00,3,0.1,point,1,original,전북 익산 함라
5218,2023-02-06 11:00:00,2023-02-06 13:00:00,3,0.1,point,1,original,전남 진도 조도
5219,2024-03-08 18:00:00,2024-03-08 19:00:00,2,0.01,point,1,original,경기 화성 팔탄
5220,2024-03-06 20:00:00,2024-03-06 21:00:00,2,0.1,point,1,original,경기 하남 nan
5221,2024-02-14 17:00:00,2024-02-15 02:00:00,10,3.0,point,1,original,경기 남양주 진접
5222,2023-03-08 14:00:00,2023-03-08 17:00:00,4,0.03,point,1,sgis_recovered,대구 북 nan
5223,2023-03-08 14:00:00,2023-03-09 14:00:00,25,163.0,point,1,original,경남 합천 용주
5224,2023-03-08 14:00:00,2023-03-08 15:00:00,2,0.15,point,1,original,경기 평택 안중
5225,2023-03-08 13:00:00,2023-03-08 20:00:00,8,2.0,point,1,original,충남 부여 옥산
5226,2023-03-08 10:00:00,2023-03-08 18:00:00,9,2.0,point,1,sgis_recovered,전남 화순 백아
5227,2023-03-08 10:00:00,2023-03-08 17:00:00,8,0.3,point,1,original,대구 동 nan
5228,2023-03-07 18:00:00,2023-03-07 19:00:00,2,0.01,point,1,original,경기 포천 군내
5229,2023-03-07 18:00:00,2023-03-07 19:00:00,2,0.03,point,1,sgis_recovered,대구 북 nan
5230,2023-03-07 17:00:00,2023-03-07 17:00:00,1,0.06,point,1,original,충남 서천 서천
5231,2023-03-07 15:00:00,2023-03-07 19:00:00,5,0.01,point,1,original,부산 금정 nan
5232,2023-03-07 15:00:00,2023-03-07 19:00:00,5,1.0,point,1,original,경남 산청 차황
5233,2023-03-07 14:00:00,2023-03-07 15:00:00,2,0.03,point,1,original,경북 칠곡 지천
5234,2023-03-07 13:00:00,2023-03-07 17:00:00,5,0.5,point,1,original,대구 수성 nan
5235,2023-03-07 12:00:00,2023-03-07 20:00:00,9,7.0,point,1,original,충남 당진 면천
5236,2023-03-04 18:00:00,2023-03-04 22:00:00,5,0.1,point,1,original,전북 완주 비봉
5237,2023-03-04 18:00:00,2023-03-04 20:00:00,3,0.01,point,1,sgis_recovered,광주 동 nan
5238,2023-03-04 18:00:00,2023-03-05 12:00:00,19,4.0,point,1,sgis_recovered,대구 남 nan
5239,2023-03-04 14:00:00,2023-03-04 15:00:00,2,0.2,point,1,original,충북 제천 봉양
5240,2023-03-04 13:00:00,2023-03-04 15:00:00,3,0.5,point,1,sgis_recovered,전남 화순 동
5241,2023-03-04 13:00:00,2023-03-04 13:00:00,1,0.3,point,1,original,충남 부여 충화
5242,2023-03-04 10:00:00,2023-03-04 11:00:00,2,0.01,point,1,sgis_recovered,대전 서 nan
5243,2024-03-22 15:00:00,2024-03-22 20:00:00,6,1.5,point,1,original,경남 합천 율곡
5244,2024-03-22 14:00:00,2024-03-22 15:00:00,2,0.03,point,1,original,충남 청양 대치
5245,2024-03-22 13:00:00,2024-03-22 17:00:00,5,0.6,point,1,original,충남 당진 석문
5246,2024-03-22 13:00:00,2024-03-22 18:00:00,6,1.0,point,1,original,전북 무주 부남
5247,2024-03-22 12:00:00,2024-03-22 16:00:00,5,0.8,point,1,sgis_recovered,충북 보은 속리산
5248,2024-03-22 11:00:00,2024-03-22 15:00:00,5,0.9,point,1,original,충남 보령 주교
5249,2024-03-13 18:00:00,2024-03-13 19:00:00,2,0.2,point,1,original,경남 창녕 도천
5250,2024-03-13 13:00:00,2024-03-13 14:00:00,2,0.02,point,1,original,경남 산청 삼장
5251,2024-03-13 13:00:00,2024-03-13 15:00:00,3,0.2,point,1,original,경기 화성 nan
5252,2024-02-12 13:00:00,2024-02-12 16:00:00,4,0.3,point,1,original,경남 진주 수곡
5253,2024-02-12 13:00:00,2024-02-12 15:00:00,3,0.2,point,1,sgis_recovered,전남 나주 다도
5254,2024-02-12 12:00:00,2024-02-12 14:00:00,3,0.13,point,1,original,경기 가평 청평
5255,2023-03-21 17:00:00,2023-03-21 20:00:00,4,0.02,point,1,original,경기 여주 점동
5256,2023-03-21 16:00:00,2023-03-22 01:00:00,10,0.01,point,1,original,강원 고성 간성
5257,2023-03-21 15:00:00,2023-03-21 18:00:00,4,0.5,point,1,original,강원 원주 소초
5258,2023-03-21 14:00:00,2023-03-21 15:00:00,2,0.02,point,1,original,경기 시흥 nan
5260,2023-03-21 14:00:00,2023-03-21 18:00:00,5,0.3,point,1,original,강원 양구 방산
5262,2023-03-21 13:00:00,2023-03-21 17:00:00,5,0.5,point,1,original,경북 영덕 남정
5263,2023-03-21 12:00:00,2023-03-21 16:00:00,5,2.0,point,1,original,경남 산청 생비량
5264,2023-03-21 12:00:00,2023-03-21 14:00:00,3,1.2,point,1,original,울산 울주 두동
5266,2023-03-21 12:00:00,2023-03-21 14:00:00,3,0.3,point,1,sgis_recovered,전남 광양 진상
5267,2023-03-21 12:00:00,2023-03-21 23:00:00,12,10.0,point,1,sgis_recovered,경북 안동 도산
5268,2023-03-21 11:00:00,2023-03-21 14:00:00,4,0.1,point,1,sgis_recovered,전남 영광 염산
5269,2023-03-21 10:00:00,2023-03-21 10:00:00,1,0.01,point,1,original,경기 파주 탄현
5270,2023-03-19 18:00:00,2023-03-19 19:00:00,2,0.05,point,1,original,충남 보령 주산
5271,2023-03-19 18:00:00,2023-03-19 20:00:00,3,0.1,point,1,original,충북 진천 초평
5272,2023-03-19 16:00:00,2023-03-19 16:00:00,1,0.05,point,1,original,경기 양평 개군
5274,2023-03-19 14:00:00,2023-03-19 18:00:00,5,1.5,point,1,original,경북 영천 청통
5275,2023-03-19 12:00:00,2023-03-19 12:00:00,1,0.1,point,1,original,충북 제천 백운
5276,2023-03-19 05:00:00,2023-03-19 11:00:00,7,0.1,point,1,original,전남 보성 회천
5277,2023-03-14 16:00:00,2023-03-14 16:00:00,1,0.01,point,1,sgis_recovered,경기 양주 백석
5278,2022-02-18 16:00:00,2022-02-18 17:00:00,2,0.05,point,1,original,충남 부여 세도
5279,2022-02-18 15:00:00,2022-02-18 17:00:00,3,0.09,point,1,original,경남 양산 nan
5280,2022-02-18 09:00:00,2022-02-18 10:00:00,2,0.16,point,1,original,경기 평택 nan
5281,2022-02-16 16:00:00,2022-02-16 18:00:00,3,0.01,point,1,original,경기 의정부 nan
5282,2022-02-16 15:00:00,2022-02-16 23:00:00,9,0.2,point,1,original,부산 기장 철마
5283,2022-02-16 15:00:00,2022-02-16 16:00:00,2,0.06,point,1,original,경기 광주 곤지암
5284,2022-02-16 14:00:00,2022-02-16 16:00:00,3,0.3,point,1,sgis_recovered,경북 고령 성산
5285,2022-02-16 13:00:00,2022-02-16 16:00:00,4,0.15,point,1,original,경기 성남 중원
5286,2022-02-15 17:00:00,2022-02-15 19:00:00,3,0.1,point,1,original,전북 남원 산내
5287,2022-02-15 13:00:00,2022-02-15 16:00:00,4,0.5,point,1,original,경남 진주 명석
5288,2022-02-15 13:00:00,2022-02-15 22:00:00,10,3.0,point,1,original,경북 성주 선남
5289,2022-02-15 12:00:00,2022-02-15 14:00:00,3,0.32,point,1,original,경남 창원 마산회원 nan
5290,2022-02-15 04:00:00,2022-02-16 04:00:00,25,4.0,point,1,original,경북 영덕 지품
5291,2022-02-14 21:00:00,2022-02-15 00:00:00,4,0.1,point,1,sgis_recovered,경북 군위 군위
5292,2022-02-14 16:00:00,2022-02-14 18:00:00,3,0.5,point,1,original,경남 산청 시천
5293,2022-02-14 15:00:00,2022-02-14 17:00:00,3,0.4,point,1,original,강원 원주 nan
5294,2022-02-14 13:00:00,2022-02-14 15:00:00,3,0.3,point,1,original,충남 금산 제원
5295,2022-02-13 14:00:00,2022-02-13 16:00:00,3,0.5,point,1,sgis_recovered,전북 남원 대강
5296,2022-02-13 13:00:00,2022-02-13 13:00:00,1,0.03,point,1,sgis_recovered,경기 용인 처인 이동
5297,2022-02-13 13:00:00,2022-02-13 14:00:00,2,0.03,point,1,sgis_recovered,경기 양평 양서
5298,2022-02-13 12:00:00,2022-02-13 15:00:00,4,0.02,point,1,original,부산 기장 철마
5299,2022-02-13 11:00:00,2022-02-13 11:00:00,1,0.01,point,1,original,전북 순창 순창
5300,2022-02-13 09:00:00,2022-02-13 11:00:00,3,0.04,point,1,original,강원 화천 사내
5301,2022-02-12 18:00:00,2022-02-12 20:00:00,3,0.17,point,1,original,경기 시흥 nan
5302,2022-02-12 17:00:00,2022-02-12 19:00:00,3,0.2,point,1,original,전남 순천 승주
5303,2022-02-12 16:00:00,2022-02-12 19:00:00,4,0.4,point,1,original,전남 순천 승주
5304,2022-02-12 15:00:00,2022-02-12 17:00:00,3,0.1,point,1,original,강원 평창 대관령
5305,2022-02-12 15:00:00,2022-02-12 17:00:00,3,0.05,point,1,original,경남 김해 nan
5306,2022-02-12 15:00:00,2022-02-12 15:00:00,1,0.03,point,1,original,세종 연동 nan
5307,2022-02-12 14:00:00,2022-02-12 16:00:00,3,0.01,point,1,original,부산 금정 nan
5308,2022-02-12 14:00:00,2022-02-12 16:00:00,3,0.1,point,1,original,전남 고흥 포두
5309,2022-02-12 13:00:00,2022-02-12 15:00:00,3,0.5,point,1,original,충북 영동 상촌
5310,2022-02-12 11:00:00,2022-02-12 14:00:00,4,0.05,point,1,sgis_recovered,경기 연천 중
5311,2022-02-12 00:00:00,2022-02-12 05:00:00,6,0.5,point,1,original,충북 옥천 군서
5312,2022-02-11 19:00:00,2022-02-11 20:00:00,2,0.06,point,1,original,세종 장군 nan
5313,2022-02-11 17:00:00,2022-02-11 19:00:00,3,0.12,point,1,sgis_recovered,충남 공주 우성
5314,2022-02-11 16:00:00,2022-02-11 17:00:00,2,0.1,point,1,original,강원 양양 양양
5315,2022-02-11 14:00:00,2022-02-11 16:00:00,3,0.06,point,1,original,경남 밀양 초동
5316,2022-02-11 14:00:00,2022-02-11 16:00:00,3,0.5,point,1,sgis_recovered,경북 울진 북
5317,2022-02-11 14:00:00,2022-02-11 14:00:00,1,0.06,point,1,sgis_recovered,충남 청양 남양
5318,2022-02-11 13:00:00,2022-02-11 14:00:00,2,0.04,point,1,original,부산 기장 철마
5319,2022-02-10 19:00:00,2022-02-11 17:00:00,23,1.6,point,1,original,경기 포천 창수
5320,2022-02-10 15:00:00,2022-02-10 17:00:00,3,0.04,point,1,original,경기 남양주 와부
5321,2022-02-10 15:00:00,2022-02-11 00:00:00,10,1.5,point,1,original,대구 동 nan
5322,2022-02-10 14:00:00,2022-02-10 16:00:00,3,0.06,point,1,original,경기 광주 nan
5323,2022-02-10 12:00:00,2022-02-10 13:00:00,2,0.01,point,1,original,경기 양평 개군
5324,2022-02-10 04:00:00,2022-02-10 11:00:00,8,1.3,point,1,original,경북 경주 문무대왕
5325,2022-02-09 11:00:00,2022-02-09 12:00:00,2,0.05,point,1,original,강원 춘천 신북
5326,2022-02-08 14:00:00,2022-02-08 15:00:00,2,0.05,point,1,original,울산 울주 상북
5327,2022-02-08 13:00:00,2022-02-08 18:00:00,6,0.5,point,1,sgis_recovered,경기 남양주 조안
5328,2022-02-07 12:00:00,2022-02-07 17:00:00,6,0.1,point,1,original,경북 안동 풍산
5329,2022-02-07 02:00:00,2022-02-07 08:00:00,7,0.6,point,1,original,전남 고흥 고흥
5330,2022-02-06 19:00:00,2022-02-06 20:00:00,2,0.15,point,1,sgis_recovered,경기 광주 남한산성
5331,2022-02-06 13:00:00,2022-02-06 15:00:00,3,0.5,point,1,sgis_recovered,경남 통영 산양
5332,2022-02-05 16:00:00,2022-02-05 21:00:00,6,0.1,point,1,original,경북 경주 양남
5333,2022-02-05 13:00:00,2022-02-05 15:00:00,3,0.07,point,1,original,부산 사상 nan
5334,2022-02-05 12:00:00,2022-02-05 18:00:00,7,1.0,point,1,original,경남 의령 부림
5335,2022-02-04 18:00:00,2022-02-04 19:00:00,2,0.03,point,1,original,세종 금남 nan
5336,2022-02-04 14:00:00,2022-02-04 16:00:00,3,0.1,point,1,original,강원 정선 화암
5337,2022-02-04 13:00:00,2022-02-04 15:00:00,3,0.9,point,1,original,경기 화성 송산
5338,2025-02-01 04:00:00,2025-02-01 09:00:00,6,1.0,point,1,original,부산 사상 nan
5339,2025-06-01 08:00:00,2025-06-01 13:00:00,6,0.2,point,1,sgis_recovered,경북 울릉 서
5340,2025-04-27 17:00:00,2025-04-27 18:00:00,2,0.02,point,1,sgis_recovered,경기 연천 신서
5341,2025-04-27 16:00:00,2025-04-27 17:00:00,2,0.01,point,1,original,경북 성주 선남
5342,2025-04-27 16:00:00,2025-04-27 16:00:00,1,0.02,point,1,original,울산 울주 청량
5343,2025-04-27 15:00:00,2025-04-27 16:00:00,2,0.05,point,1,sgis_recovered,전남 무안 현경
5344,2025-04-27 13:00:00,2025-04-27 14:00:00,2,0.09,point,1,original,전북 남원 산동
5345,2025-04-27 12:00:00,2025-04-27 14:00:00,3,0.2,point,1,original,강원 홍천 두촌
5346,2025-04-27 09:00:00,2025-04-27 14:00:00,6,2.0,point,1,original,경북 청송 부남
5347,2025-04-08 17:00:00,2025-04-08 20:00:00,4,0.04,point,1,original,경기 가평 조종
5348,2025-04-08 15:00:00,2025-04-08 22:00:00,8,8.7,point,1,original,경북 구미 도개
5349,2025-04-08 15:00:00,2025-04-08 21:00:00,7,1.8,point,1,original,충북 영동 영동
5350,2025-04-08 14:00:00,2025-04-08 16:00:00,3,0.47,point,1,original,경남 산청 시천
5352,2025-04-08 12:00:00,2025-04-08 13:00:00,2,0.3,point,1,original,경북 경주 외동
5353,2025-04-08 11:00:00,2025-04-08 12:00:00,2,0.01,point,1,original,경남 통영 용남
5354,2025-04-08 11:00:00,2025-04-08 13:00:00,3,0.01,point,1,original,경기 포천 영중
5355,2025-04-03 18:00:00,2025-04-03 20:00:00,3,0.01,point,1,original,경기 포천 영북
5356,2025-04-03 15:00:00,2025-04-03 18:00:00,4,0.3,point,1,sgis_recovered,전남 화순 백아
5357,2025-04-03 15:00:00,2025-04-03 18:00:00,4,0.2,point,1,original,경기 성남 분당
5358,2025-04-03 14:00:00,2025-04-03 15:00:00,2,0.01,point,1,original,강원 원주 소초
5359,2025-04-03 11:00:00,2025-04-03 13:00:00,3,0.1,point,1,original,경기 용인 수지
5360,2025-04-03 11:00:00,2025-04-03 13:00:00,3,0.17,point,1,original,경기 화성 남양
5361,2025-04-28 17:00:00,2025-04-28 18:00:00,2,0.11,point,1,original,충남 금산 군북
5362,2025-04-28 16:00:00,2025-04-28 19:00:00,4,0.08,point,1,original,경기 평택 진위
5363,2025-04-28 14:00:00,2025-04-29 14:00:00,25,310.0,polygon,4,sgis_recovered,대구 북 nan
5364,2025-04-06 17:00:00,2025-04-06 19:00:00,3,0.02,point,1,sgis_recovered,강원 영월 남
5365,2025-04-06 15:00:00,2025-04-06 23:00:00,9,0.12,point,1,sgis_recovered,대구 북 nan
5366,2025-04-06 14:00:00,2025-04-06 17:00:00,4,0.35,point,1,sgis_recovered,전남 순천 상사
5367,2025-04-06 13:00:00,2025-04-06 18:00:00,6,0.5,point,1,original,울산 울주 온양
5368,2025-04-06 12:00:00,2025-04-06 15:00:00,4,1.5,point,1,sgis_recovered,충북 청주상당 문의
5369,2025-06-04 22:00:00,2025-06-04 23:00:00,2,0.01,point,1,original,서울 용산 nan
5370,2025-06-04 18:00:00,2025-06-04 20:00:00,3,0.02,point,1,original,충남 공주 사곡
5371,2025-06-04 17:00:00,2025-06-04 19:00:00,3,0.1,point,1,original,전북 김제 금산
5372,2025-06-04 17:00:00,2025-06-04 19:00:00,3,0.02,point,1,original,경남 하동 금남
5373,2025-06-04 13:00:00,2025-06-04 16:00:00,4,0.15,point,1,original,경기 고양 일산동
5374,2025-06-06 17:00:00,2025-06-06 21:00:00,5,0.06,point,1,original,경기 남양주 수동
5375,2025-06-06 15:00:00,2025-06-06 17:00:00,3,0.18,point,1,original,경기 포천 소흘
5376,2025-06-13 16:00:00,2025-06-13 21:00:00,6,0.04,point,1,original,경남 김해 상동
5377,2025-06-13 14:00:00,2025-06-13 16:00:00,3,0.03,point,1,sgis_recovered,경기 양평 양서
5378,2025-04-26 21:00:00,2025-04-27 02:00:00,6,0.05,point,1,original,경남 함양 병곡
5379,2025-04-26 15:00:00,2025-04-26 16:00:00,2,0.2,point,1,original,경북 경주 강동
5380,2025-04-26 14:00:00,2025-04-26 19:00:00,6,0.48,point,1,original,경북 영주 단산
5381,2025-04-26 14:00:00,2025-04-26 18:00:00,5,0.03,point,1,original,경남 김해 상동
5382,2025-04-26 13:00:00,2025-04-27 13:00:00,25,73.0,point,1,original,강원 인제 상남
5383,2025-04-26 09:00:00,2025-04-26 11:00:00,3,0.03,point,1,original,경북 봉화 봉화
5384,2025-04-26 08:00:00,2025-04-26 09:00:00,2,0.05,point,1,sgis_recovered,충남 금산 금성
5385,2025-04-17 13:00:00,2025-04-17 16:00:00,4,1.3,point,1,original,경북 경주 안강
5386,2025-04-10 14:00:00,2025-04-10 15:00:00,2,0.07,point,1,original,대구 군위 의흥
5387,2025-04-01 16:00:00,2025-04-01 17:00:00,2,0.1,point,1,original,대구 군위 삼국유사
5388,2025-04-01 16:00:00,2025-04-01 17:00:00,2,0.02,point,1,original,경기 화성 팔탄
5389,2025-04-01 15:00:00,2025-04-01 19:00:00,5,0.5,point,1,original,전북 무주 적상
5390,2025-04-01 14:00:00,2025-04-02 01:00:00,12,9.77,point,1,sgis_recovered,경남 거창 북상
5391,2025-04-01 13:00:00,2025-04-01 21:00:00,9,1.2,point,1,original,경남 진주 명석
5392,2025-04-01 12:00:00,2025-04-01 15:00:00,4,0.2,point,1,original,경기 화성 마도
5393,2025-04-16 14:00:00,2025-04-16 18:00:00,5,0.01,point,1,sgis_recovered,경남 하동 금성
5398,2025-04-16 10:00:00,2025-04-16 11:00:00,2,0.05,point,1,original,울산 울주 범서
5412,2025-04-19 10:00:00,2025-04-19 12:00:00,3,0.7,point,1,original,충남 서천 비인
5413,2025-04-12 13:00:00,2025-04-12 14:00:00,2,0.01,point,1,original,서울 관악 nan
5414,2025-04-12 11:00:00,2025-04-12 13:00:00,3,0.2,point,1,original,경북 김천 부항
5415,2025-04-12 06:00:00,2025-04-12 08:00:00,3,0.01,point,1,sgis_recovered,부산 북 nan
5416,2025-04-12 04:00:00,2025-04-12 08:00:00,5,0.2,point,1,original,경북 경주 nan
5417,2025-04-11 17:00:00,2025-04-11 18:00:00,2,0.04,point,1,original,강원 홍천 내촌
5418,2025-04-11 14:00:00,2025-04-11 16:00:00,3,0.28,point,1,original,충남 서천 판교
5419,2025-02-22 20:00:00,2025-02-22 21:00:00,2,0.01,point,1,original,경기 시흥 nan
5420,2025-02-22 15:00:00,2025-02-22 19:00:00,5,1.0,point,1,original,경기 포천 소흘
5421,2025-02-22 15:00:00,2025-02-22 16:00:00,2,0.1,point,1,original,강원 춘천 신북
5422,2025-02-22 14:00:00,2025-02-22 21:00:00,8,0.8,point,1,original,대전 동 nan
5423,2025-04-11 12:00:00,2025-04-11 14:00:00,3,0.01,point,1,original,충남 천안서북 성환
5424,2025-04-11 09:00:00,2025-04-11 10:00:00,2,0.05,point,1,original,강원 양구 양구
5425,2025-04-09 14:00:00,2025-04-09 17:00:00,4,0.3,point,1,original,경북 성주 수륜
5426,2025-04-04 15:00:00,2025-04-04 17:00:00,3,0.33,point,1,sgis_recovered,충북 영동 양산
5434,2025-04-04 14:00:00,2025-04-04 18:00:00,5,3.0,point,1,sgis_recovered,경기 연천 청산
5435,2025-04-04 14:00:00,2025-04-04 16:00:00,3,1.0,point,1,original,전북 순창 쌍치
5436,2025-03-25 19:00:00,2025-03-26 09:00:00,15,9.5,point,1,original,경북 봉화 물야
5437,2025-03-25 15:00:00,2025-03-25 18:00:00,4,0.23,point,1,original,경기 화성 남양
5438,2025-03-25 14:00:00,2025-03-25 17:00:00,4,1.2,point,1,original,충남 당진 순성
5439,2025-03-25 14:00:00,2025-03-25 18:00:00,5,6.3,point,1,sgis_recovered,전북 고창 성내
5440,2025-03-25 14:00:00,2025-03-25 15:00:00,2,0.33,point,1,original,경기 시흥 nan
5441,2025-03-25 13:00:00,2025-03-25 14:00:00,2,0.07,point,1,original,경남 통영 용남
5442,2025-03-25 12:00:00,2025-03-25 13:00:00,2,0.65,point,1,sgis_recovered,경남 창녕 대지
5443,2025-03-25 11:00:00,2025-03-26 11:00:00,25,63.0,point,1,original,울산 울주 언양
5444,2025-03-25 10:00:00,2025-03-25 11:00:00,2,0.03,point,1,original,경기 포천 nan
5445,2025-03-21 16:00:00,2025-03-21 22:00:00,7,0.1,point,1,sgis_recovered,전남 광양 진상
5456,2025-03-21 15:00:00,2025-03-22 15:00:00,25,3397.0,polygon,34,original,경남 산청 시천
5457,2025-03-21 15:00:00,2025-03-21 19:00:00,5,1.0,point,1,original,전북 임실 임실
5458,2025-03-21 14:00:00,2025-03-21 18:00:00,5,0.9,point,1,original,경남 하동 옥종
5459,2025-03-21 14:00:00,2025-03-21 15:00:00,2,0.5,point,1,original,강원 평창 용평
5460,2024-04-04 12:00:00,2024-04-04 13:00:00,2,0.01,point,1,original,경기 포천 nan
5461,2024-04-02 15:00:00,2024-04-02 19:00:00,5,1.5,point,1,sgis_recovered,강원 홍천 서
5462,2024-04-02 13:00:00,2024-04-02 17:00:00,5,2.0,point,1,original,경기 포천 일동
5463,2024-04-02 12:00:00,2024-04-02 14:00:00,3,0.3,point,1,original,경기 용인 수지
5464,2024-04-02 12:00:00,2024-04-02 13:00:00,2,0.36,point,1,sgis_recovered,충북 청주 상당 문의
5465,2024-04-02 11:00:00,2024-04-02 12:00:00,2,0.06,point,1,original,경기 양평 서종
5466,2024-05-25 10:00:00,2024-05-25 10:00:00,1,0.01,point,1,original,경기 군포 nan
5467,2024-04-27 15:00:00,2024-04-27 16:00:00,2,0.5,point,1,original,부산 해운대 nan
5468,2024-04-27 11:00:00,2024-04-27 12:00:00,2,0.8,point,1,original,강원 철원 갈말
5469,2024-05-02 16:00:00,2024-05-02 18:00:00,3,0.01,point,1,original,충남 서천 판교
5470,2024-05-02 11:00:00,2024-05-02 14:00:00,4,0.5,point,1,sgis_recovered,경북 문경 마성
5471,2024-04-26 15:00:00,2024-04-26 17:00:00,3,0.01,point,1,original,경북 봉화 봉화
5472,2024-05-28 11:00:00,2024-05-28 13:00:00,3,0.3,point,1,original,경북 포항 북
5473,2024-04-28 13:00:00,2024-04-28 14:00:00,2,0.05,point,1,sgis_recovered,충남 당진 정미
5474,2024-04-28 12:00:00,2024-04-28 13:00:00,2,0.01,point,1,sgis_recovered,충남 태안 남
5475,2024-04-23 16:00:00,2024-04-23 17:00:00,2,0.01,point,1,original,경기 성남 분당
5476,2024-04-22 13:00:00,2024-04-22 15:00:00,3,0.01,point,1,original,충북 충주 신니
5477,2024-05-23 21:00:00,2024-05-24 01:00:00,5,0.03,point,1,original,경북 상주 낙동
5478,2024-05-04 11:00:00,2024-05-04 12:00:00,2,0.06,point,1,sgis_recovered,인천 강화 양도
5479,2024-05-04 10:00:00,2024-05-04 18:00:00,9,0.5,point,1,original,강원 홍천 내촌
5480,2024-05-04 04:00:00,2024-05-04 11:00:00,8,0.5,point,1,original,서울 양천 nan
5481,2024-05-20 11:00:00,2024-05-20 13:00:00,3,0.03,point,1,original,전남 보성 겸백
5482,2024-05-18 15:00:00,2024-05-18 16:00:00,2,0.01,point,1,sgis_recovered,대구 남 nan
5483,2024-05-03 11:00:00,2024-05-03 12:00:00,2,0.02,point,1,sgis_recovered,경북 봉화 재산
5484,2025-03-22 19:00:00,2025-03-22 21:00:00,3,0.9,point,1,original,경남 의령 화정
5485,2025-03-22 18:00:00,2025-03-22 20:00:00,3,0.16,point,1,original,경기 양평 단월
5486,2025-03-22 17:00:00,2025-03-22 22:00:00,6,1.0,point,1,original,전북 남원 nan
5487,2025-03-22 17:00:00,2025-03-22 23:00:00,7,0.5,point,1,original,경북 안동 nan
5488,2025-03-22 15:00:00,2025-03-22 17:00:00,3,0.3,point,1,original,경북 경주 외동
5489,2025-03-22 15:00:00,2025-03-22 16:00:00,2,0.01,point,1,sgis_recovered,광주 북 nan
5490,2025-03-22 14:00:00,2025-03-22 16:00:00,3,0.09,point,1,original,경남 밀양 nan
5491,2025-03-22 14:00:00,2025-03-22 19:00:00,6,0.5,point,1,sgis_recovered,강원 정선 신동
5492,2025-03-22 14:00:00,2025-03-22 17:00:00,4,0.1,point,1,original,전남 보성 문덕
5493,2025-03-22 14:00:00,2025-03-22 15:00:00,2,0.15,point,1,original,전북 남원 대산
5494,2025-03-22 14:00:00,2025-03-22 16:00:00,3,0.1,point,1,original,경기 동두천 nan
5495,2025-03-22 14:00:00,2025-03-23 14:00:00,25,97.0,point,1,original,경남 김해 한림
5503,2025-03-21 14:00:00,2025-03-21 15:00:00,2,0.04,point,1,original,대전 동 nan
5504,2025-03-22 13:00:00,2025-03-23 08:00:00,20,57.0,point,1,sgis_recovered,경북 의성 금성
5505,2025-03-22 13:00:00,2025-03-22 17:00:00,5,7.0,point,1,original,전북 진안 안천
5506,2025-03-22 13:00:00,2025-03-22 21:00:00,9,7.6,point,1,original,경기 여주 강천
5507,2025-03-22 13:00:00,2025-03-22 13:00:00,1,0.01,point,1,original,전남 진도 군내
5508,2025-03-22 13:00:00,2025-03-22 14:00:00,2,0.16,point,1,original,경기 광주 초월
5509,2025-03-22 13:00:00,2025-03-22 16:00:00,4,3.0,point,1,original,경기 연천 백학
5510,2025-03-22 12:00:00,2025-03-22 14:00:00,3,0.1,point,1,original,전남 보성 웅치
5511,2025-03-22 12:00:00,2025-03-22 19:00:00,8,0.5,point,1,sgis_recovered,전남 보성 노동
5512,2025-03-22 12:00:00,2025-03-23 12:00:00,25,931.0,point,1,original,울산 울주 온양
5513,2025-03-22 11:00:00,2025-03-22 13:00:00,3,0.02,point,1,original,경기 여주 점동
5514,2025-03-22 10:00:00,2025-03-22 10:00:00,1,0.01,point,1,original,광주 광산 nan
5515,2025-03-22 10:00:00,2025-03-22 11:00:00,2,0.15,point,1,sgis_recovered,대구 북 nan
5516,2025-03-31 15:00:00,2025-03-31 16:00:00,2,0.09,point,1,original,경기 파주 광탄
5517,2025-03-31 15:00:00,2025-03-31 17:00:00,3,0.2,point,1,sgis_recovered,충남 당진 고대
5518,2025-03-31 15:00:00,2025-03-31 16:00:00,2,0.01,point,1,sgis_recovered,대구 남 nan
5519,2025-03-31 13:00:00,2025-03-31 15:00:00,3,0.12,point,1,original,경기 안성 공도
5520,2025-03-31 13:00:00,2025-03-31 15:00:00,3,0.1,point,1,sgis_recovered,전남 해남 계곡
5522,2025-03-23 14:00:00,2025-03-23 16:00:00,3,0.66,point,1,original,경기 파주 nan
5523,2025-03-23 14:00:00,2025-03-23 19:00:00,6,0.4,point,1,original,경기 동두천 nan
5524,2025-03-23 13:00:00,2025-03-23 17:00:00,5,2.1,point,1,original,경북 경주 양남
5525,2025-03-23 13:00:00,2025-03-23 16:00:00,4,0.45,point,1,original,경기 남양주 진접
5526,2025-03-23 12:00:00,2025-03-23 20:00:00,9,6.24,point,1,sgis_recovered,경남 함양 유림
5527,2025-03-23 11:00:00,2025-03-23 12:00:00,2,0.01,point,1,original,경기 오산 nan
5528,2025-03-23 11:00:00,2025-03-24 11:00:00,25,34.14,point,1,original,충북 옥천 청성
5529,2025-03-23 11:00:00,2025-03-23 12:00:00,2,0.03,point,1,original,경기 가평 가평
5530,2025-03-23 11:00:00,2025-03-23 17:00:00,7,1.1,point,1,original,경북 경산 남천
5531,2025-03-23 11:00:00,2025-03-23 11:00:00,1,0.01,point,1,original,충북 옥천 동이
5532,2025-03-23 10:00:00,2025-03-23 12:00:00,3,0.1,point,1,sgis_recovered,인천 서 nan
5533,2025-02-27 21:00:00,2025-02-27 22:00:00,2,0.05,point,1,original,경기 남양주 와부
5534,2025-02-27 17:00:00,2025-02-27 17:00:00,1,0.01,point,1,original,부산 금정 nan
5535,2025-02-27 15:00:00,2025-02-27 19:00:00,5,0.3,point,1,original,충북 영동 추풍령
5536,2025-02-27 15:00:00,2025-02-27 19:00:00,5,0.3,point,1,original,전남 무안 일로
5537,2025-02-27 15:00:00,2025-02-27 17:00:00,3,0.08,point,1,original,강원 강릉 성산
5538,2025-02-27 14:00:00,2025-02-27 16:00:00,3,0.1,point,1,original,경기 양평 청운
5539,2025-02-27 14:00:00,2025-02-27 18:00:00,5,0.47,point,1,original,경기 안성 원곡
5540,2025-02-27 13:00:00,2025-02-27 18:00:00,6,4.5,point,1,original,경북 울진 울진
5541,2025-02-27 11:00:00,2025-02-27 12:00:00,2,0.01,point,1,original,경기 의정부 nan
5542,2025-04-04 13:00:00,2025-04-04 16:00:00,4,0.01,point,1,sgis_recovered,경기 양주 백석
5543,2025-06-14 16:00:00,2025-06-14 20:00:00,5,0.02,point,1,original,서울 종로 nan
5545,2025-06-11 16:00:00,2025-06-11 18:00:00,3,0.01,point,1,original,충남 서천 문산
5546,2025-06-11 13:00:00,2025-06-11 15:00:00,3,0.01,point,1,original,경남 산청 산청
5547,2025-06-11 12:00:00,2025-06-11 18:00:00,7,0.5,point,1,original,경북 안동 풍산
5548,2025-06-12 16:00:00,2025-06-12 19:00:00,4,0.3,point,1,original,전북 무주 적상
5549,2025-06-12 12:00:00,2025-06-12 16:00:00,5,0.04,point,1,original,충남 보령 주교
5550,2025-03-24 15:00:00,2025-03-24 17:00:00,3,0.16,point,1,sgis_recovered,대구 달성 화원
5551,2025-03-24 14:00:00,2025-03-24 18:00:00,5,0.9,point,1,original,전북 진안 주천
5552,2025-03-24 12:00:00,2025-03-24 14:00:00,3,0.1,point,1,original,전북 김제 금산
5553,2025-03-24 12:00:00,2025-03-24 14:00:00,3,0.11,point,1,original,충북 청주서원 남이
5554,2025-03-26 23:00:00,2025-03-27 01:00:00,3,0.14,point,1,original,충남 서산 대산
5555,2025-03-26 21:00:00,2025-03-27 21:00:00,25,20.0,point,1,original,전북 무주 부남
5556,2025-03-26 19:00:00,2025-03-27 13:00:00,19,8.0,point,1,original,대구 달성 옥포
5557,2025-03-26 15:00:00,2025-03-26 20:00:00,6,3.0,point,1,original,전북 순창 쌍치
5558,2025-03-26 14:00:00,2025-03-26 18:00:00,5,0.33,point,1,sgis_recovered,경기 파주 조리
5559,2025-03-26 13:00:00,2025-03-26 14:00:00,2,0.01,point,1,original,경기 용인 기흥
5560,2025-03-26 13:00:00,2025-03-26 14:00:00,2,0.1,point,1,original,경기 양평 개군
5561,2025-03-26 12:00:00,2025-03-26 13:00:00,2,0.03,point,1,original,충남 부여 규암
5562,2025-03-26 10:00:00,2025-03-26 15:00:00,6,0.01,point,1,sgis_recovered,전북 완주 운주
5563,2025-03-26 10:00:00,2025-03-26 13:00:00,4,0.33,point,1,original,충북 영동 매곡
5564,2025-03-26 09:00:00,2025-03-26 10:00:00,2,0.13,point,1,original,충남 금산 진산
5565,2025-03-26 03:00:00,2025-03-26 06:00:00,4,0.3,point,1,sgis_recovered,광주 남 nan
5566,2025-06-10 19:00:00,2025-06-10 20:00:00,2,0.01,point,1,sgis_recovered,강원 양구 동
5567,2025-06-10 12:00:00,2025-06-10 14:00:00,3,0.16,point,1,sgis_recovered,충남 금산 부리
5568,2025-06-09 17:00:00,2025-06-09 23:00:00,7,0.2,point,1,original,전북 장수 천천
5569,2025-06-09 14:00:00,2025-06-09 16:00:00,3,0.06,point,1,original,충남 공주 신풍
5570,2025-06-08 16:00:00,2025-06-08 18:00:00,3,0.12,point,1,original,충남 태안 원북
5571,2025-06-07 15:00:00,2025-06-07 19:00:00,5,0.1,point,1,sgis_recovered,전남 나주 봉황
5572,2025-06-07 12:00:00,2025-06-07 14:00:00,3,0.01,point,1,original,충남 홍성 홍북
5573,2025-06-07 08:00:00,2025-06-07 10:00:00,3,0.3,point,1,original,전북 고창 공음
5574,2025-06-05 13:00:00,2025-06-05 17:00:00,5,0.1,point,1,original,전북 진안 백운
5575,2025-06-05 11:00:00,2025-06-05 13:00:00,3,0.03,point,1,original,전남 장흥 관산
5637,2025-03-30 17:00:00,2025-03-30 18:00:00,2,0.07,point,1,original,경기 고양 일산동
5638,2025-03-30 12:00:00,2025-03-30 18:00:00,7,0.55,point,1,original,경남 고성 영오
5639,2025-03-30 11:00:00,2025-03-30 17:00:00,7,0.7,point,1,original,전남 순천 송광
5640,2025-03-29 18:00:00,2025-03-29 19:00:00,2,0.03,point,1,sgis_recovered,인천 서 nan
5641,2025-03-29 13:00:00,2025-03-29 18:00:00,6,0.3,point,1,sgis_recovered,경남 고성 개천
5642,2025-03-20 15:00:00,2025-03-20 16:00:00,2,0.07,point,1,original,경기 용인처인 백암
5643,2025-03-20 14:00:00,2025-03-20 18:00:00,5,0.1,point,1,original,전남 광양 옥곡
5645,2025-03-20 14:00:00,2025-03-21 14:00:00,25,39.73,point,1,original,경남 사천 곤명
5646,2025-03-20 12:00:00,2025-03-20 15:00:00,4,0.03,point,1,original,경기 화성 매송
5647,2025-03-16 23:00:00,2025-03-17 03:00:00,5,0.2,point,1,original,경남 산청 삼장
5648,2025-03-16 19:00:00,2025-03-16 20:00:00,2,0.2,point,1,sgis_recovered,충남 공주 우성
5649,2025-03-14 19:00:00,2025-03-14 22:00:00,4,0.1,point,1,original,충남 서천 마서
5650,2025-03-14 17:00:00,2025-03-14 18:00:00,2,0.01,point,1,original,경기 안산 상록
5651,2025-03-14 16:00:00,2025-03-14 22:00:00,7,0.1,point,1,original,경남 창원마산합포 진전
5652,2025-03-14 14:00:00,2025-03-14 17:00:00,4,0.39,point,1,sgis_recovered,충남 태안 안면
5653,2025-03-14 14:00:00,2025-03-14 15:00:00,2,0.2,point,1,original,충남 아산 음봉
5654,2025-03-14 14:00:00,2025-03-14 19:00:00,6,2.0,point,1,original,부산 강서 nan
5655,2025-03-14 14:00:00,2025-03-14 15:00:00,2,0.1,point,1,original,전남 보성 보성
5656,2025-03-14 13:00:00,2025-03-15 00:00:00,12,0.15,point,1,sgis_recovered,전남 함평 학교
5657,2025-03-14 12:00:00,2025-03-14 17:00:00,6,1.3,point,1,sgis_recovered,경기 파주 법원
5658,2025-03-14 12:00:00,2025-03-14 14:00:00,3,0.06,point,1,original,경기 남양주 nan
5659,2025-03-14 11:00:00,2025-03-14 15:00:00,5,1.0,point,1,original,강원 춘천 신북
5660,2025-03-14 11:00:00,2025-03-15 11:00:00,25,0.16,point,1,sgis_recovered,경기 양주 백석
5661,2025-03-14 10:00:00,2025-03-15 09:00:00,24,48.34,point,1,original,경북 청도 운문
5662,2025-03-13 21:00:00,2025-03-13 22:00:00,2,0.01,point,1,sgis_recovered,광주 남 nan
5663,2025-03-13 15:00:00,2025-03-13 18:00:00,4,0.48,point,1,original,경북 고령 다산
5664,2025-03-13 15:00:00,2025-03-13 16:00:00,2,0.09,point,1,original,경북 경주 내남
5665,2025-03-13 14:00:00,2025-03-13 19:00:00,6,6.0,point,1,original,강원 평창 평창
5666,2025-03-13 13:00:00,2025-03-13 15:00:00,3,0.08,point,1,original,부산 사하 nan
5667,2025-03-13 12:00:00,2025-03-13 18:00:00,7,0.3,point,1,original,경남 사천 nan
5668,2025-03-13 12:00:00,2025-03-13 17:00:00,6,0.2,point,1,original,전남 여수 화양
5669,2025-03-12 12:00:00,2025-03-12 14:00:00,3,0.1,point,1,sgis_recovered,경남 합천 봉산
5670,2025-03-12 11:00:00,2025-03-12 13:00:00,3,0.2,point,1,original,경북 청송 안덕
5671,2025-03-12 09:00:00,2025-03-12 10:00:00,2,0.1,point,1,original,광주 광산 nan
5672,2025-03-11 15:00:00,2025-03-11 17:00:00,3,0.3,point,1,sgis_recovered,충남 공주 우성
5673,2025-03-11 15:00:00,2025-03-11 16:00:00,2,0.15,point,1,original,충남 아산 인주
5674,2025-03-11 15:00:00,2025-03-11 18:00:00,4,1.8,point,1,original,경남 양산 상북
5675,2025-03-11 11:00:00,2025-03-11 14:00:00,4,0.2,point,1,original,강원 삼척 nan
5676,2025-03-11 11:00:00,2025-03-11 13:00:00,3,0.08,point,1,original,전북 익산 웅포
5677,2025-03-09 16:00:00,2025-03-09 18:00:00,3,0.6,point,1,original,충북 옥천 청성
5678,2025-03-09 15:00:00,2025-03-09 19:00:00,5,1.2,point,1,sgis_recovered,강원 춘천 남
5679,2025-03-09 11:00:00,2025-03-09 18:00:00,8,0.03,point,1,original,경남 거제 nan
5680,2025-02-25 20:00:00,2025-02-25 22:00:00,3,4.1,point,1,original,경북 고령 쌍림
5681,2025-02-25 16:00:00,2025-02-25 18:00:00,3,0.1,point,1,original,경남 고성 영오
5682,2025-02-25 14:00:00,2025-02-25 15:00:00,2,0.04,point,1,original,대전 유성 nan
5683,2025-02-25 14:00:00,2025-02-25 16:00:00,3,0.23,point,1,original,경기 안성 삼죽
5684,2025-02-25 10:00:00,2025-02-25 12:00:00,3,0.04,point,1,original,경기 화성 남양
5685,2025-02-16 20:00:00,2025-02-17 03:00:00,8,1.0,point,1,original,경남 양산 원동
5686,2025-02-16 11:00:00,2025-02-16 12:00:00,2,0.02,point,1,original,전북 남원 대산
5692,2025-04-07 19:00:00,2025-04-08 04:00:00,10,0.7,point,1,original,경기 남양주 와부
5693,2025-04-07 14:00:00,2025-04-07 17:00:00,4,0.3,point,1,original,전남 무안 해제
5694,2025-04-07 13:00:00,2025-04-07 13:00:00,1,0.01,point,1,original,강원 강릉 성산
5695,2025-04-07 13:00:00,2025-04-07 17:00:00,5,2.0,point,1,original,경기 용인처인 남사
5696,2025-04-07 12:00:00,2025-04-08 12:00:00,25,70.0,polygon,4,original,경남 하동 옥종
5697,2025-04-07 10:00:00,2025-04-07 11:00:00,2,0.03,point,1,original,충남 천안동남 병천
5698,2025-04-02 23:00:00,2025-04-03 02:00:00,4,0.17,point,1,original,경기 화성 매송
5699,2025-04-02 15:00:00,2025-04-02 16:00:00,2,0.04,point,1,original,부산 사상 nan
5700,2025-04-02 14:00:00,2025-04-02 17:00:00,4,0.3,point,1,original,경남 함양 서하
5701,2025-04-02 11:00:00,2025-04-02 12:00:00,2,0.03,point,1,original,전북 무주 무주
5702,2025-04-02 10:00:00,2025-04-02 12:00:00,3,0.05,point,1,original,충남 공주 탄천
5703,2025-05-29 02:00:00,2025-05-29 02:00:00,1,0.01,point,1,original,충남 예산 예산
5704,2025-05-28 00:00:00,2025-05-28 01:00:00,2,0.01,point,1,original,충남 천안동남 광덕
5705,2025-05-06 08:00:00,2025-05-06 13:00:00,6,0.88,point,1,original,강원 평창 대관령
5706,2025-05-01 09:00:00,2025-05-01 10:00:00,2,0.06,point,1,original,전북 남원 산동
5707,2025-05-01 08:00:00,2025-05-01 09:00:00,2,0.03,point,1,original,충남 천안동남 성남
5708,2025-05-01 01:00:00,2025-05-01 07:00:00,7,0.1,point,1,sgis_recovered,경북 포항남 오천
5709,2025-04-30 17:00:00,2025-04-30 17:00:00,1,0.02,point,1,original,강원 춘천 동내
5712,2025-04-30 12:00:00,2025-04-30 15:00:00,4,0.09,point,1,original,전남 곡성 죽곡
5713,2025-04-30 09:00:00,2025-04-30 11:00:00,3,0.06,point,1,sgis_recovered,전남 순천 서
5714,2025-04-30 08:00:00,2025-04-30 08:00:00,1,0.01,point,1,original,충남 천안동남 광덕
5715,2025-04-29 16:00:00,2025-04-29 18:00:00,3,0.1,point,1,sgis_recovered,경북 고령 운수
5716,2025-04-25 16:00:00,2025-04-25 18:00:00,3,0.4,point,1,sgis_recovered,강원 홍천 남
5717,2025-04-25 13:00:00,2025-04-25 15:00:00,3,0.02,point,1,sgis_recovered,경북 김천 봉산
5718,2025-04-25 12:00:00,2025-04-25 13:00:00,2,0.23,point,1,sgis_recovered,강원 원주 지정
5720,2025-03-27 19:00:00,2025-03-27 21:00:00,3,0.06,point,1,sgis_recovered,경기 파주 조리
5721,2025-03-27 16:00:00,2025-03-27 17:00:00,2,0.01,point,1,sgis_recovered,대구 군위 소보
5722,2025-03-19 16:00:00,2025-03-19 18:00:00,3,0.35,point,1,sgis_recovered,충남 태안 안면
5723,2025-03-18 11:00:00,2025-03-18 13:00:00,3,0.2,point,1,original,울산 울주 온양
5724,2025-03-17 17:00:00,2025-03-17 18:00:00,2,0.01,point,1,sgis_recovered,전남 화순 백아
5725,2025-03-17 16:00:00,2025-03-17 18:00:00,3,0.3,point,1,original,전남 장성 장성
5726,2025-03-17 15:00:00,2025-03-17 17:00:00,3,0.16,point,1,original,경기 양평 개군
5727,2025-03-17 14:00:00,2025-03-17 17:00:00,4,2.8,point,1,sgis_recovered,충남 태안 이원
5728,2025-03-17 13:00:00,2025-03-17 14:00:00,2,0.03,point,1,original,충남 예산 덕산
5729,2025-03-15 22:00:00,2025-03-16 02:00:00,5,3.3,point,1,original,인천 옹진 백령
5730,2025-03-15 18:00:00,2025-03-15 20:00:00,3,0.25,point,1,original,강원 횡성 청일
5731,2025-03-15 13:00:00,2025-03-15 14:00:00,2,0.1,point,1,original,경기 연천 미산
5732,2025-03-15 11:00:00,2025-03-15 13:00:00,3,0.2,point,1,original,경기 포천 내촌
5733,2025-03-15 09:00:00,2025-03-15 10:00:00,2,0.04,point,1,original,경기 용인처인 양지
5734,2025-03-15 09:00:00,2025-03-15 12:00:00,4,1.0,point,1,original,경기 이천 장호원
5735,2025-03-10 14:00:00,2025-03-10 16:00:00,3,0.78,point,1,original,충남 홍성 홍성
5736,2025-03-10 13:00:00,2025-03-10 15:00:00,3,0.06,point,1,sgis_recovered,충남 공주 우성
5737,2025-03-10 10:00:00,2025-03-10 11:00:00,2,0.04,point,1,original,강원 화천 사내
5739,2025-03-08 15:00:00,2025-03-08 16:00:00,2,0.1,point,1,sgis_recovered,충남 공주 우성
5740,2025-03-08 14:00:00,2025-03-08 15:00:00,2,0.1,point,1,original,충남 예산 대술
5742,2025-03-08 05:00:00,2025-03-08 05:00:00,1,0.16,point,1,original,경기 고양 덕양
5743,2025-02-23 18:00:00,2025-02-23 20:00:00,3,0.1,point,1,original,부산 부산진 nan
5744,2025-02-23 17:00:00,2025-02-23 20:00:00,4,0.1,point,1,original,부산 부산진 nan
5745,2025-02-23 14:00:00,2025-02-23 16:00:00,3,1.0,point,1,sgis_recovered,경기 연천 중
5746,2025-02-23 14:00:00,2025-02-23 17:00:00,4,0.02,point,1,original,경기 가평 가평
5747,2025-02-23 13:00:00,2025-02-23 17:00:00,5,0.15,point,1,original,경기 용인처인 nan
5748,2025-02-23 12:00:00,2025-02-23 14:00:00,3,0.6,point,1,original,인천 강화 화도
5762,2025-02-06 10:00:00,2025-02-06 11:00:00,2,0.06,point,1,original,강원 고성 거진
5763,2025-02-06 10:00:00,2025-02-06 11:00:00,2,0.02,point,1,original,인천 옹진 영흥
5764,2025-02-26 16:00:00,2025-02-26 20:00:00,5,1.5,point,1,original,충북 진천 덕산
5765,2025-02-26 16:00:00,2025-02-26 20:00:00,5,2.0,point,1,original,경기 광주 nan
5766,2025-02-26 15:00:00,2025-02-26 16:00:00,2,0.06,point,1,sgis_recovered,인천 중 nan
5767,2025-02-26 15:00:00,2025-02-26 16:00:00,2,0.2,point,1,original,전남 고흥 금산
5768,2025-02-26 15:00:00,2025-02-26 18:00:00,4,0.7,point,1,original,강원 철원 철원
5769,2025-02-26 13:00:00,2025-02-26 17:00:00,5,0.3,point,1,sgis_recovered,강원 양양 서
5770,2025-02-26 13:00:00,2025-02-26 13:00:00,1,0.1,point,1,original,경기 포천 nan
5771,2025-02-21 20:00:00,2025-02-22 00:00:00,5,1.0,point,1,original,울산 울주 삼동
5772,2025-02-21 20:00:00,2025-02-21 21:00:00,2,0.1,point,1,original,경기 양평 단월
5773,2025-02-21 19:00:00,2025-02-22 19:00:00,25,30.0,point,1,original,강원 정선 여량
5774,2025-02-21 15:00:00,2025-02-21 16:00:00,2,0.2,point,1,sgis_recovered,강원 강릉 구정
5775,2025-02-21 15:00:00,2025-02-21 19:00:00,5,0.16,point,1,original,경기 고양 일산동
5776,2025-02-21 14:00:00,2025-02-21 20:00:00,7,0.1,point,1,original,충북 제천 nan
5778,2025-02-21 11:00:00,2025-02-21 22:00:00,12,3.0,point,1,original,충북 단양 영춘
5779,2025-02-24 21:00:00,2025-02-24 23:00:00,3,0.3,point,1,sgis_recovered,경기 연천 청산
5780,2025-02-24 16:00:00,2025-02-24 17:00:00,2,0.01,point,1,original,충남 아산 음봉
5781,2025-02-24 14:00:00,2025-02-24 18:00:00,5,0.7,point,1,original,경북 안동 서후
5782,2025-02-24 12:00:00,2025-02-24 15:00:00,4,0.25,point,1,original,경북 청송 현서
5783,2025-02-24 11:00:00,2025-02-24 13:00:00,3,0.35,point,1,original,경북 경주 양남
5784,2025-02-19 21:00:00,2025-02-19 23:00:00,3,0.16,point,1,original,충남 천안동남 광덕
5785,2025-02-19 15:00:00,2025-02-19 16:00:00,2,0.25,point,1,original,충남 공주 탄천
5786,2025-02-19 10:00:00,2025-02-19 12:00:00,3,0.06,point,1,original,강원 고성 죽왕
5787,2025-02-18 14:00:00,2025-02-18 19:00:00,6,1.0,point,1,original,충북 충주 앙성
5788,2025-02-18 12:00:00,2025-02-18 13:00:00,2,0.16,point,1,original,충남 아산 음봉
5789,2025-02-18 11:00:00,2025-02-18 15:00:00,5,0.03,point,1,original,경기 화성 서신
5790,2025-02-18 10:00:00,2025-02-18 10:00:00,1,0.01,point,1,original,충남 공주 이인
5791,2025-02-13 15:00:00,2025-02-13 16:00:00,2,0.06,point,1,original,강원 강릉 주문진
5792,2025-02-08 12:00:00,2025-02-08 13:00:00,2,0.02,point,1,original,강원 강릉 nan
5793,2025-02-05 11:00:00,2025-02-05 13:00:00,3,0.2,point,1,original,강원 강릉 연곡
5794,2025-02-04 12:00:00,2025-02-04 12:00:00,1,0.01,point,1,sgis_recovered,강원 고성 토성
5795,2025-03-01 14:00:00,2025-03-01 14:00:00,1,0.05,point,1,sgis_recovered,경기 양평 강하
5796,2025-03-01 13:00:00,2025-03-01 14:00:00,2,0.05,point,1,sgis_recovered,경기 양평 강상
5797,2025-03-01 10:00:00,2025-03-01 11:00:00,2,0.16,point,1,original,경기 고양 일산동
5798,2025-02-28 15:00:00,2025-02-28 17:00:00,3,0.41,point,1,original,경기 안성 삼죽
5799,2025-02-28 14:00:00,2025-02-28 16:00:00,3,0.18,point,1,original,강원 횡성 공근
5800,2025-02-28 14:00:00,2025-02-28 15:00:00,2,0.03,point,1,sgis_recovered,충남 당진 정미
5801,2025-02-28 13:00:00,2025-02-28 16:00:00,4,0.3,point,1,original,경북 봉화 명호
5802,2025-02-28 05:00:00,2025-02-28 06:00:00,2,0.03,point,1,original,경기 안산 단원
5803,2025-02-20 19:00:00,2025-02-20 20:00:00,2,0.01,point,1,original,경기 성남 분당
5804,2025-02-20 15:00:00,2025-02-20 19:00:00,5,9.4,point,1,original,경남 하동 고전
5805,2025-02-20 14:00:00,2025-02-20 15:00:00,2,0.7,point,1,original,경북 상주 화서
5806,2025-02-17 15:00:00,2025-02-17 19:00:00,5,0.2,point,1,original,강원 홍천 서석
5807,2025-02-11 15:00:00,2025-02-11 20:00:00,6,1.0,point,1,original,서울 구로 nan
5808,2025-02-09 13:00:00,2025-02-09 15:00:00,3,0.2,point,1,original,경북 영천 고경
5809,2025-02-03 13:00:00,2025-02-03 14:00:00,2,0.02,point,1,sgis_recovered,경기 용인처인 이동
