fire_id,ignite_h,scan_hour,horizon,loc,damagearea,haz_top_pct,is_wui,pop
424,2021-02-03 15:00:00,14,1,경남 고성 영오,0.05,63.779518127441406,False,5.488102734088898
423,2021-02-04 13:00:00,11,2,경남 통영 도산,0.01,,True,60.72350364923477
422,2021-02-05 14:00:00,11,3,강원 정선 북평,1.5,59.14628601074219,False,1.3592883944511414
179,2021-02-06 16:00:00,14,2,대구 남 nan,0.01,2.3911144733428955,False,4429.964968621731
178,2021-02-07 15:00:00,14,1,대구 남 nan,0.01,0.8806992769241333,False,4429.964968621731
175,2021-02-08 13:00:00,11,2,경북 안동 nan,0.1,0.05922691524028778,False,863.8962530195713
174,2021-02-08 14:00:00,11,3,인천 강화 양도,0.17,,False,49.74176260828972
173,2021-02-09 12:00:00,11,1,전남 영광 군남,0.01,87.19609832763672,False,5.415336102247238
172,2021-02-09 13:00:00,11,2,강원 삼척 신기,1.0,26.272050857543945,False,6.84799188375473
171,2021-02-09 14:00:00,11,3,경북 의성 금성,0.03,38.3593864440918,False,0.0
170,2021-02-09 15:00:00,14,1,경남 하동 양보,0.05,7.741462707519531,False,31.038400262594223
169,2021-02-09 16:00:00,14,2,경북 영덕 영덕,0.05,4.9232707023620605,False,530.324871212244
166,2021-02-10 12:00:00,11,1,전남 광양 nan,3.0,2.072288751602173,False,1894.8712554872036
164,2021-02-11 13:00:00,11,2,경북 경주 천북,0.1,4.472102165222168,False,353.3430625796318
162,2021-02-12 13:00:00,11,2,경북 의성 의성,0.1,0.7263883948326111,False,1348.7601742744446
159,2021-02-12 15:00:00,14,1,전남 신안 안좌,0.01,,False,0.9282021224498749
160,2021-02-12 15:00:00,14,1,경남 합천 야로,0.02,17.011119842529297,False,0.4310862720012665
161,2021-02-12 15:00:00,14,1,경기 용인 기흥,0.02,68.53788757324219,True,1407.6075903177261
158,2021-02-12 16:00:00,14,2,경기 양평 지평,0.06,30.216325759887695,True,32.14311036467552
157,2021-02-12 17:00:00,14,3,경기 파주 nan,0.02,,False,32.43252369761467
154,2021-02-13 14:00:00,11,3,서울 강남 nan,0.09,59.85769271850586,True,1280.439642548561
153,2021-02-13 15:00:00,14,1,전남 고흥 포두,0.1,68.27997589111328,False,1.1546194553375244
151,2021-02-14 14:00:00,11,3,대구 달성 논공,0.01,31.63330078125,False,30.138763517141342
150,2021-02-15 15:00:00,14,1,경기 용인 처인,0.08,1.7044535875320435,False,3116.113898307085
148,2021-02-16 14:00:00,11,3,강원 강릉 옥계,1.0,59.42567825317383,False,113.60947835445404
146,2021-02-18 14:00:00,11,3,강원 강릉 성산,0.4,9.448166847229004,True,19.034094154834747
142,2021-02-20 15:00:00,14,1,강원 정선 여량,12.0,51.939186096191406,False,0.0
141,2021-02-20 16:00:00,14,2,충남 당진 석문,0.01,,True,28.530214458703995
137,2021-02-21 14:00:00,11,3,경남 하동 악양,10.0,54.80234146118164,True,13.393029242753983
138,2021-02-21 14:00:00,11,3,전남 여수 화양,0.1,66.51306915283203,False,3.965236097574234
135,2021-02-21 15:00:00,14,1,전북 남원 송동,0.1,60.370277404785156,False,8.962290287017822
136,2021-02-21 15:00:00,14,1,경북 안동 임동,250.0,56.254478454589844,False,0.0
133,2021-02-21 16:00:00,14,2,충북 영동 매곡,20.0,23.121429443359375,False,61.87672084569931
134,2021-02-21 16:00:00,14,2,경북 예천 감천,55.0,15.504745483398438,False,1.9162096679210663
132,2021-02-21 17:00:00,14,3,경남 거창 신원,0.1,55.132877349853516,False,1.847391128540039
129,2021-02-22 14:00:00,11,3,강원 화천 간동,0.1,50.177738189697266,True,15.518883019685745
128,2021-02-22 17:00:00,14,3,대구 동 nan,0.16,0.0021222298964858055,False,56.5729455947876
126,2021-02-23 14:00:00,11,3,경기 의정부 nan,0.01,58.4456787109375,True,18.379624217748642
127,2021-02-23 14:00:00,11,3,울산 남 nan,0.1,72.06482696533203,False,101.06134542822838
124,2021-02-23 16:00:00,14,2,경기 포천 영중,0.03,57.89363479614258,False,5.6237084567546844
125,2021-02-23 16:00:00,14,2,전남 곡성 옥과,0.01,75.21288299560547,False,3.0020105838775635
119,2021-02-24 14:00:00,11,3,충남 천안 동남,0.03,33.007572174072266,False,1670.1703751087189
120,2021-02-24 14:00:00,11,3,충남 아산 음봉,0.03,25.84292221069336,False,9.95946779847145
121,2021-02-24 14:00:00,11,3,경북 안동 풍산,0.02,3.775446891784668,False,4.619950741529465
117,2021-02-24 15:00:00,14,1,경북 고령 덕곡,0.05,33.143924713134766,True,24.128540188074112
118,2021-02-24 15:00:00,14,1,충남 공주 신풍,0.03,0.5422297120094299,True,112.75424697995186
116,2021-02-25 13:00:00,11,2,경기 성남 분당,0.03,9.387152671813965,False,1232.6770148277283
113,2021-02-26 12:00:00,11,1,경기 용인 처인,0.05,0.07850001007318497,False,3116.113898307085
110,2021-02-26 13:00:00,11,2,경기 연천 백학,1.5,,False,12.823146760463715
111,2021-02-26 13:00:00,11,2,강원 홍천 북방,0.1,23.20046615600586,False,4.667485475540161
112,2021-02-26 13:00:00,11,2,인천 강화 화도,0.17,40.570716857910156,False,138.7486463189125
108,2021-02-27 12:00:00,11,1,경기 시흥 nan,0.06,5.454955101013184,False,2631.248045027256
109,2021-02-27 12:00:00,11,1,경기 화성 송산,0.1,19.795793533325195,False,17.69715490937233
106,2021-02-27 14:00:00,11,3,경기 양평 양서,0.1,4.09260892868042,True,43.94865322113037
107,2021-02-27 14:00:00,11,3,충남 서산 운산,0.03,54.74739456176758,False,1.585705727338791
104,2021-02-27 15:00:00,14,1,경기 고양 덕양,0.1,4.509507656097412,True,65.08924186229706
105,2021-02-27 15:00:00,14,1,경기 광주 초월,0.16,9.534038543701172,True,28.666245371103287
102,2021-02-28 13:00:00,11,2,울산 울주 온양,0.02,67.7285385131836,False,4.861961394548416
100,2021-03-09 15:00:00,14,1,전북 장수 장수,0.05,61.68306350708008,False,324.3364762067795
99,2021-03-10 12:00:00,11,1,경기 포천 신북,0.5,63.629356384277344,True,14.189172208309174
98,2021-03-10 15:00:00,14,1,경남 통영 도산,0.01,85.09889221191406,True,10.158042699098587
96,2021-03-11 14:00:00,11,3,강원 영월 김삿갓,0.5,4.013777732849121,True,27.867340177297592
95,2021-03-14 17:00:00,14,3,경기 광주 남한산성,0.01,4.168051719665527,True,35.08872726559639
93,2021-03-15 15:00:00,14,1,경기 파주 파평,0.3,,False,17.529498428106308
94,2021-03-15 15:00:00,14,1,경기 화성 남양,0.4,30.424596786499023,True,12.282446265220642
92,2021-03-16 15:00:00,14,1,전북 익산 성당,0.13,82.92332458496094,False,1113.2064553797245
90,2021-03-17 12:00:00,11,1,경기 오산 nan,0.2,10.268287658691406,False,2032.38872975111
88,2021-03-18 14:00:00,11,3,전북 완주 봉동,0.03,35.03700256347656,False,2.7957809269428253
85,2021-03-19 14:00:00,11,3,경북 상주 이안,0.03,44.805213928222656,True,12.75285530090332
84,2021-03-19 15:00:00,14,1,경기 파주 탄현,0.7,,False,53.83834245800972
81,2021-03-22 12:00:00,11,1,경북 문경 호계,0.3,24.822460174560547,False,2.480112701654434
79,2021-03-23 14:00:00,11,3,전북 무주 부남,0.1,28.63109588623047,False,8.540730029344559
80,2021-03-23 14:00:00,11,3,경남 밀양 상동,0.03,1.157667636871338,False,4.899417668581009
76,2021-03-23 15:00:00,14,1,강원 홍천 화촌,20.0,46.06930160522461,False,8.04954531788826
77,2021-03-23 15:00:00,14,1,경북 영주 nan,0.2,29.79563331604004,False,2.5371291637420654
78,2021-03-23 15:00:00,14,1,충북 충주 수안보,4.4,24.204057693481445,False,267.14387434720993
75,2021-03-23 17:00:00,14,3,경기 포천 내촌,0.05,5.060947895050049,True,36.663346976041794
73,2021-03-24 16:00:00,14,2,전북 부안 위도,2.0,,False,5.197931885719299
71,2021-03-25 13:00:00,11,2,경남 창녕 대합,0.1,4.645054817199707,False,11.589674592018127
69,2021-03-26 12:00:00,11,1,경남 거창 고제,1.0,46.016353607177734,False,0.0
68,2021-03-26 13:00:00,11,2,전남 장성 삼계,0.1,67.5647964477539,False,5.123646795749664
67,2021-03-26 16:00:00,14,2,충남 청양 목,0.33,36.74382781982422,False,0.0
240,2021-03-30 14:00:00,11,3,강원 삼척 가곡,0.5,1.0175241231918335,False,8.10011774301529
239,2021-03-31 12:00:00,11,1,경북 군위 효령,0.1,3.2251288890838623,True,12.806373536586761
237,2021-03-31 15:00:00,14,1,강원 양구 양구,0.5,0.04785846546292305,True,582.6293315291405
238,2021-03-31 15:00:00,14,1,강원 정선 신동,10.7,25.566789627075195,False,3.6407116055488586
235,2021-04-01 12:00:00,11,1,충남 태안 남,0.01,59.29770278930664,False,0.0
236,2021-04-01 12:00:00,11,1,충남 공주 우성,0.1,29.94876480102539,False,2.4860921502113342
234,2021-04-01 15:00:00,14,1,경기 고양 덕양,0.01,1.700570821762085,False,471.29670092463493
233,2021-04-01 16:00:00,14,2,경기 안성 고삼,0.4,2.4543416500091553,True,35.15550035238266
228,2021-04-02 12:00:00,11,1,경남 창녕 대합,0.02,66.13162994384766,False,35.13128951191902
226,2021-04-02 14:00:00,11,3,전북 남원 주천,0.02,38.90946578979492,True,54.988734900951385
227,2021-04-02 14:00:00,11,3,충북 청주 상당,0.01,19.695886611938477,True,515.4374656677246
225,2021-04-02 16:00:00,14,2,경기 양평 청운,0.2,13.015376091003418,False,29.049078702926636
222,2021-04-06 13:00:00,11,2,경기 고양 덕양,0.01,14.713953018188477,True,61.073100209236145
221,2021-04-07 12:00:00,11,1,경북 영천 고경,0.06,74.84565734863281,False,3.6407116055488586
220,2021-04-07 13:00:00,11,2,경남 진주 집현,0.01,61.1572265625,False,5.846422374248505
219,2021-04-07 15:00:00,14,1,경기 파주 군내,0.01,,False,0.0
216,2021-04-08 13:00:00,11,2,충남 공주 이인,0.02,17.590518951416016,False,7.1058860421180725
215,2021-04-09 12:00:00,11,1,전남 광양 옥룡,0.1,31.29490089416504,False,0.0
214,2021-04-09 13:00:00,11,2,전남 화순 사평,0.15,72.91667938232422,False,0.0
213,2021-04-09 16:00:00,14,2,경기 안성 원곡,0.06,19.022031784057617,False,6.778171062469482
204,2021-04-11 13:00:00,11,2,충남 서산 음암,0.1,49.68599319458008,False,20.221460938453674
205,2021-04-11 13:00:00,11,2,충남 부여 옥산,0.01,55.49658966064453,False,33.371636897325516
200,2021-04-12 12:00:00,11,1,인천 중 nan,0.03,13.376813888549805,True,54.53078496456146
199,2021-04-13 15:00:00,14,1,경북 봉화 재산,0.5,75.40042114257812,False,0.0
198,2021-04-16 15:00:00,14,1,전남 나주 남평,0.2,23.248825073242188,False,0.0
197,2021-04-16 16:00:00,14,2,경북 영양 수비,1.0,18.632034301757812,False,5.132366895675659
194,2021-04-17 12:00:00,11,1,강원 평창 진부,0.01,70.6159896850586,False,0.0
193,2021-04-17 15:00:00,14,1,전남 여수 nan,0.2,8.312292098999023,False,0.0
191,2021-04-18 13:00:00,11,2,경기 양평 양평,0.02,5.351922512054443,False,2198.218447625637
188,2021-04-19 13:00:00,11,2,경기 양평 옥천,0.33,96.7042007446289,False,0.0
187,2021-04-19 17:00:00,14,3,강원 횡성 공근,1.5,66.8473892211914,False,20.274667382240295
185,2021-04-20 14:00:00,11,3,전북 남원 인월,0.3,7.13532829284668,False,301.9726936221123
184,2021-04-20 15:00:00,14,1,강원 홍천 남,0.3,51.525699615478516,False,2.4860921502113342
61,2021-04-21 12:00:00,11,1,강원 평창 대관령,1.0,7.086741924285889,False,285.78957745432854
60,2021-04-21 14:00:00,11,3,충남 보령 주교,0.03,96.04643249511719,False,8.276098817586899
57,2021-04-22 13:00:00,11,2,경남 함양 서상,0.1,13.916213035583496,False,6.0546378791332245
58,2021-04-22 13:00:00,11,2,강원 철원 동송,0.02,,False,0.0
56,2021-04-22 15:00:00,14,1,충남 청양 청양,0.3,4.8684844970703125,True,352.51573383808136
54,2021-04-22 17:00:00,14,3,충남 공주 유구,0.01,51.74155044555664,False,8.311230719089508
55,2021-04-22 17:00:00,14,3,경기 화성 마도,0.06,72.89424896240234,True,25.45949998497963
50,2021-04-23 16:00:00,14,2,경북 예천 효자,2.0,85.70899200439453,False,5.192622184753418
46,2021-04-24 14:00:00,11,3,경북 봉화 명호,0.01,16.565654754638672,False,3.6407116055488586
47,2021-04-24 14:00:00,11,3,경북 청송 현서,0.3,3.401129722595215,False,3.0020105838775635
43,2021-04-25 12:00:00,11,1,강원 평창 봉평,0.09,77.40840148925781,False,0.0
42,2021-04-25 13:00:00,11,2,전북 완주 경천,0.01,10.757230758666992,False,0.6897380352020264
41,2021-04-25 14:00:00,11,3,강원 원주 신림,1.5,58.11792755126953,False,0.0
39,2021-04-25 16:00:00,14,2,충북 충주 앙성,0.03,3.167163133621216,False,2.4860921502113342
40,2021-04-25 16:00:00,14,2,경기 용인 처인,0.03,3.513673782348633,False,3116.113898307085
38,2021-04-25 17:00:00,14,3,전북 완주 구이,0.01,49.0053825378418,False,8.56546375155449
35,2021-04-26 17:00:00,14,3,경남 함양 서상,0.1,22.60543441772461,False,0.0
33,2021-04-27 12:00:00,11,1,전북 전주 완산,0.1,8.46613597869873,False,2672.5496922433376
32,2021-04-27 13:00:00,11,2,강원 인제 인제,0.17,63.826866149902344,True,189.91675660014153
31,2021-04-27 15:00:00,14,1,광주 남 nan,0.04,4.623708248138428,True,13.796299815177917
30,2021-04-29 13:00:00,11,2,강원 영월 영월,0.01,0.32222601771354675,False,710.4486036598682
28,2021-04-29 14:00:00,11,3,전북 무주 무풍,10.0,4.387392044067383,False,97.27998840808868
29,2021-04-29 14:00:00,11,3,전북 완주 비봉,0.05,54.085662841796875,False,2.4860921502113342
25,2021-04-30 12:00:00,11,1,전남 여수 소라,0.3,30.407012939453125,False,2.639742851257324
24,2021-04-30 13:00:00,11,2,대구 달성 가창,0.03,14.791062355041504,False,0.0
23,2021-05-03 13:00:00,11,2,경기 오산 nan,0.01,41.7199821472168,False,50.53606855869293
22,2021-05-03 15:00:00,14,1,경기 의왕 nan,0.01,71.37032318115234,False,704.2795285284519
21,2021-05-06 17:00:00,14,3,강원 인제 서화,0.1,,False,0.0
18,2021-05-08 12:00:00,11,1,강원 횡성 안흥,0.01,76.29925537109375,False,0.0
17,2021-05-08 17:00:00,14,3,대전 유성 nan,0.05,42.83853530883789,False,1158.5986825227737
15,2021-05-09 12:00:00,11,1,전남 구례 산동,0.02,6.482544898986816,False,0.0
16,2021-05-09 12:00:00,11,1,경북 고령 대가야,1.4,0.019835470244288445,False,1186.6931321322918
13,2021-05-09 13:00:00,11,2,강원 철원 철원,0.03,72.90657806396484,False,731.7461519539356
14,2021-05-09 13:00:00,11,2,강원 홍천 남,0.2,51.065765380859375,False,13.552952408790588
12,2021-05-09 17:00:00,14,3,강원 철원 철원,0.01,56.95676803588867,False,731.7461519539356
10,2021-05-10 14:00:00,11,3,전북 부안 진서,0.1,51.197696685791016,False,0.0
8,2021-05-13 15:00:00,14,1,강원 태백 nan,1.2,25.998821258544922,False,7.476409286260605
7,2021-05-13 17:00:00,14,3,전남 함평 대동,0.01,21.307470321655273,False,6.755821913480759
5,2021-05-27 15:00:00,14,1,경북 고령 개진,0.13,10.932942390441895,True,15.407239437103271
4,2021-05-31 15:00:00,14,1,전남 보성 율어,0.05,28.86119270324707,True,13.922116041183472
2,2021-06-07 15:00:00,14,1,강원 강릉 주문진,0.01,26.71727752685547,False,5.825138568878174
3,2021-06-07 15:00:00,14,1,강원 강릉 주문진,0.01,22.980409622192383,False,0.0
1,2021-06-08 14:00:00,11,3,강원 홍천 내촌,0.04,97.01473236083984,False,0.0
176,2021-02-08 11:00:00,8,3,경북 울진 평해,0.08,1.1016737222671509,False,110.92803886532784
177,2021-02-08 11:00:00,8,3,경남 함안 산인,0.01,41.709293365478516,False,7.470942735671997
167,2021-02-10 10:00:00,8,2,경북 영양 영양,0.26,0.009812475182116032,False,807.3876737654209
168,2021-02-10 10:00:00,8,2,경남 하동 적량,0.01,27.159076690673828,False,15.063992261886597
163,2021-02-12 10:00:00,8,2,경기 포천 관인,0.02,30.638261795043945,True,28.294413954019547
152,2021-02-14 11:00:00,8,3,경기 여주 강천,0.06,76.92476654052734,False,0.0
149,2021-02-16 11:00:00,8,3,울산 울주 범서,0.04,88.62840270996094,False,4.269729763269424
144,2021-02-19 11:00:00,8,3,전남 여수 화양,0.1,91.02495574951172,False,8.838643491268158
139,2021-02-21 10:00:00,8,2,경남 하동 하동,0.5,7.148598670959473,False,306.7519283890724
114,2021-02-26 10:00:00,8,2,경기 화성 남양,0.06,23.32060432434082,False,843.2319340407848
115,2021-02-26 10:00:00,8,2,경기 포천 신북,0.03,2.4223618507385254,True,17.218023002147675
103,2021-02-28 09:00:00,8,1,경기 양평 옥천,0.05,12.746970176696777,True,29.889774352312088
101,2021-03-07 11:00:00,8,3,경기 의왕 nan,0.01,8.224762916564941,True,1120.7346861064434
91,2021-03-17 11:00:00,8,3,인천 옹진 영흥,0.03,,True,29.40530601143837
72,2021-03-25 11:00:00,8,3,전북 익산 함라,0.1,33.7407112121582,True,16.794431388378143
62,2021-03-27 11:00:00,8,3,경북 울진 금강송,0.1,6.392210960388184,False,6.979758024215698
230,2021-04-02 09:00:00,8,1,경기 화성 봉담,0.1,3.6242153644561768,True,144.85774564743042
229,2021-04-02 11:00:00,8,3,경기 파주 문산,0.66,,False,29.149849444627762
217,2021-04-08 10:00:00,8,2,경기 가평 가평,0.01,0.150755375623703,False,1480.8058604002
218,2021-04-08 10:00:00,8,2,전남 영광 홍농,0.02,31.93142318725586,False,6.152608871459961
212,2021-04-10 10:00:00,8,2,전북 장수 계북,0.5,28.976938247680664,False,2.480112701654434
208,2021-04-11 10:00:00,8,2,경북 문경 동로,0.05,7.1950459480285645,False,0.0
210,2021-04-11 10:00:00,8,2,경북 봉화 재산,0.5,58.387794494628906,False,33.546592086553574
207,2021-04-11 11:00:00,8,3,전남 광양 옥룡,1.4,47.6012077331543,True,12.364226013422012
195,2021-04-17 10:00:00,8,2,경기 양평 용문,0.03,28.034473419189453,True,593.3230301439762
190,2021-04-19 09:00:00,8,1,경남 김해 진영,0.01,21.00836181640625,False,118.871238052845
189,2021-04-19 11:00:00,8,3,경남 양산 원동,0.08,7.421322345733643,True,22.735385537147522
186,2021-04-20 11:00:00,8,3,경북 구미 nan,0.2,9.566251754760742,False,2490.398353636265
181,2021-04-21 09:00:00,8,1,경기 양평 양서,0.01,62.469234466552734,False,321.91376715898514
53,2021-04-23 09:00:00,8,1,부산 영도 nan,0.03,,False,950.5018459558487
51,2021-04-23 10:00:00,8,2,전남 고흥 포두,1.5,48.272865295410156,False,25.614402323961258
52,2021-04-23 10:00:00,8,2,전북 남원 송동,0.1,18.20111656188965,False,57.62913340330124
48,2021-04-24 09:00:00,8,1,경북 안동 풍산,0.1,56.97055435180664,True,26.9373137652874
45,2021-04-25 11:00:00,8,3,충남 홍성 갈산,0.05,58.27225112915039,True,10.495105266571045
19,2021-05-07 11:00:00,8,3,강원 삼척 도계,0.2,1.3620997667312622,False,941.832331508398
6,2021-05-14 11:00:00,8,3,강원 횡성 안흥,0.1,38.153526306152344,False,5.887669920921326
423,2021-02-04 13:00:00,10,3,경남 통영 도산,0.01,,True,60.72350364923477
176,2021-02-08 11:00:00,10,1,경북 울진 평해,0.08,1.2628878355026245,False,110.92803886532784
177,2021-02-08 11:00:00,10,1,경남 함안 산인,0.01,25.539813995361328,False,7.470942735671997
175,2021-02-08 13:00:00,10,3,경북 안동 nan,0.1,0.3920131325721741,False,863.8962530195713
173,2021-02-09 12:00:00,10,2,전남 영광 군남,0.01,91.69123077392578,False,5.415336102247238
172,2021-02-09 13:00:00,10,3,강원 삼척 신기,1.0,26.770566940307617,False,6.84799188375473
166,2021-02-10 12:00:00,10,2,전남 광양 nan,3.0,7.085933208465576,False,1894.8712554872036
164,2021-02-11 13:00:00,10,3,경북 경주 천북,0.1,10.064152717590332,False,353.3430625796318
162,2021-02-12 13:00:00,10,3,경북 의성 의성,0.1,3.239177703857422,False,1348.7601742744446
152,2021-02-14 11:00:00,10,1,경기 여주 강천,0.06,74.74188995361328,False,0.0
149,2021-02-16 11:00:00,10,1,울산 울주 범서,0.04,83.89958190917969,False,4.269729763269424
144,2021-02-19 11:00:00,10,1,전남 여수 화양,0.1,82.09156036376953,False,8.838643491268158
116,2021-02-25 13:00:00,10,3,경기 성남 분당,0.03,8.124293327331543,False,1232.6770148277283
113,2021-02-26 12:00:00,10,2,경기 용인 처인,0.05,0.0,False,3116.113898307085
110,2021-02-26 13:00:00,10,3,경기 연천 백학,1.5,,False,12.823146760463715
111,2021-02-26 13:00:00,10,3,강원 홍천 북방,0.1,26.83453941345215,False,4.667485475540161
112,2021-02-26 13:00:00,10,3,인천 강화 화도,0.17,37.18301773071289,False,138.7486463189125
108,2021-02-27 12:00:00,10,2,경기 시흥 nan,0.06,6.391651630401611,False,2631.248045027256
109,2021-02-27 12:00:00,10,2,경기 화성 송산,0.1,17.873868942260742,False,17.69715490937233
102,2021-02-28 13:00:00,10,3,울산 울주 온양,0.02,81.17564392089844,False,4.861961394548416
101,2021-03-07 11:00:00,10,1,경기 의왕 nan,0.01,1.4243037700653076,True,1120.7346861064434
99,2021-03-10 12:00:00,10,2,경기 포천 신북,0.5,29.979747772216797,True,14.189172208309174
91,2021-03-17 11:00:00,10,1,인천 옹진 영흥,0.03,,True,29.40530601143837
90,2021-03-17 12:00:00,10,2,경기 오산 nan,0.2,7.975780010223389,False,2032.38872975111
81,2021-03-22 12:00:00,10,2,경북 문경 호계,0.3,20.272768020629883,False,2.480112701654434
72,2021-03-25 11:00:00,10,1,전북 익산 함라,0.1,35.48759841918945,True,16.794431388378143
71,2021-03-25 13:00:00,10,3,경남 창녕 대합,0.1,13.993766784667969,False,11.589674592018127
69,2021-03-26 12:00:00,10,2,경남 거창 고제,1.0,44.50360870361328,False,0.0
68,2021-03-26 13:00:00,10,3,전남 장성 삼계,0.1,70.75304412841797,False,5.123646795749664
62,2021-03-27 11:00:00,10,1,경북 울진 금강송,0.1,0.8793053030967712,False,6.979758024215698
239,2021-03-31 12:00:00,10,2,경북 군위 효령,0.1,11.77717113494873,True,12.806373536586761
235,2021-04-01 12:00:00,10,2,충남 태안 남,0.01,63.88786315917969,False,0.0
236,2021-04-01 12:00:00,10,2,충남 공주 우성,0.1,22.421159744262695,False,2.4860921502113342
229,2021-04-02 11:00:00,10,1,경기 파주 문산,0.66,,False,29.149849444627762
228,2021-04-02 12:00:00,10,2,경남 창녕 대합,0.02,76.06651306152344,False,35.13128951191902
222,2021-04-06 13:00:00,10,3,경기 고양 덕양,0.01,24.223562240600586,True,61.073100209236145
221,2021-04-07 12:00:00,10,2,경북 영천 고경,0.06,68.57774353027344,False,3.6407116055488586
220,2021-04-07 13:00:00,10,3,경남 진주 집현,0.01,56.970375061035156,False,5.846422374248505
216,2021-04-08 13:00:00,10,3,충남 공주 이인,0.02,35.2437858581543,False,7.1058860421180725
215,2021-04-09 12:00:00,10,2,전남 광양 옥룡,0.1,34.78327941894531,False,0.0
214,2021-04-09 13:00:00,10,3,전남 화순 사평,0.15,90.78158569335938,False,0.0
207,2021-04-11 11:00:00,10,1,전남 광양 옥룡,1.4,57.24449920654297,True,12.364226013422012
204,2021-04-11 13:00:00,10,3,충남 서산 음암,0.1,43.64833450317383,False,20.221460938453674
205,2021-04-11 13:00:00,10,3,충남 부여 옥산,0.01,41.804439544677734,False,33.371636897325516
200,2021-04-12 12:00:00,10,2,인천 중 nan,0.03,20.572391510009766,True,54.53078496456146
194,2021-04-17 12:00:00,10,2,강원 평창 진부,0.01,84.84548950195312,False,0.0
191,2021-04-18 13:00:00,10,3,경기 양평 양평,0.02,2.081613063812256,False,2198.218447625637
189,2021-04-19 11:00:00,10,1,경남 양산 원동,0.08,7.46300745010376,True,22.735385537147522
188,2021-04-19 13:00:00,10,3,경기 양평 옥천,0.33,98.04078674316406,False,0.0
186,2021-04-20 11:00:00,10,1,경북 구미 nan,0.2,2.2599411010742188,False,2490.398353636265
61,2021-04-21 12:00:00,10,2,강원 평창 대관령,1.0,17.38232421875,False,285.78957745432854
57,2021-04-22 13:00:00,10,3,경남 함양 서상,0.1,63.3327751159668,False,6.0546378791332245
58,2021-04-22 13:00:00,10,3,강원 철원 동송,0.02,,False,0.0
45,2021-04-25 11:00:00,10,1,충남 홍성 갈산,0.05,34.960479736328125,True,10.495105266571045
43,2021-04-25 12:00:00,10,2,강원 평창 봉평,0.09,79.76974487304688,False,0.0
42,2021-04-25 13:00:00,10,3,전북 완주 경천,0.01,7.730813503265381,False,0.6897380352020264
33,2021-04-27 12:00:00,10,2,전북 전주 완산,0.1,17.746976852416992,False,2672.5496922433376
32,2021-04-27 13:00:00,10,3,강원 인제 인제,0.17,49.70689010620117,True,189.91675660014153
30,2021-04-29 13:00:00,10,3,강원 영월 영월,0.01,1.733596920967102,False,710.4486036598682
25,2021-04-30 12:00:00,10,2,전남 여수 소라,0.3,32.29963302612305,False,2.639742851257324
24,2021-04-30 13:00:00,10,3,대구 달성 가창,0.03,5.087202072143555,False,0.0
23,2021-05-03 13:00:00,10,3,경기 오산 nan,0.01,17.011106491088867,False,50.53606855869293
19,2021-05-07 11:00:00,10,1,강원 삼척 도계,0.2,0.029758408665657043,False,941.832331508398
18,2021-05-08 12:00:00,10,2,강원 횡성 안흥,0.01,76.41045379638672,False,0.0
15,2021-05-09 12:00:00,10,2,전남 구례 산동,0.02,35.053192138671875,False,0.0
16,2021-05-09 12:00:00,10,2,경북 고령 대가야,1.4,0.009134755469858646,False,1186.6931321322918
13,2021-05-09 13:00:00,10,3,강원 철원 철원,0.03,47.42190933227539,False,731.7461519539356
14,2021-05-09 13:00:00,10,3,강원 홍천 남,0.2,25.37295913696289,False,13.552952408790588
6,2021-05-14 11:00:00,10,1,강원 횡성 안흥,0.1,20.34779930114746,False,5.887669920921326
4927,2022-02-01 14:00:00,11,3,경북 구미 nan,0.2,14.089055061340332,True,330.2996426820755
4925,2022-02-03 15:00:00,14,1,경북 문경 영순,0.03,26.143585205078125,False,26.955691307783127
5337,2022-02-04 13:00:00,11,2,경기 화성 송산,0.9,7.34389591217041,False,74.63961550593376
5336,2022-02-04 14:00:00,11,3,강원 정선 화암,0.1,89.70901489257812,False,4.667485475540161
5334,2022-02-05 12:00:00,11,1,경남 의령 부림,1.0,10.766549110412598,False,1.4851233959197998
5333,2022-02-05 13:00:00,11,2,부산 사상 nan,0.07,7.975836277008057,True,1038.754307627678
5332,2022-02-05 16:00:00,14,2,경북 경주 양남,0.1,5.863656044006348,False,0.0
5331,2022-02-06 13:00:00,11,2,경남 통영 산양,0.5,30.72568702697754,False,8.156418889760971
5328,2022-02-07 12:00:00,11,1,경북 안동 풍산,0.1,15.036028861999512,True,32.115991204977036
5327,2022-02-08 13:00:00,11,2,경기 남양주 조안,0.5,26.96189308166504,True,13.365056693553925
5326,2022-02-08 14:00:00,11,3,울산 울주 상북,0.05,1.1648051738739014,False,31.411957174539566
5323,2022-02-10 12:00:00,11,1,경기 양평 개군,0.01,30.101707458496094,True,66.6558797955513
5322,2022-02-10 14:00:00,11,3,경기 광주 nan,0.06,13.482304573059082,False,854.5214054882526
5320,2022-02-10 15:00:00,14,1,경기 남양주 와부,0.04,4.960387229919434,False,3.0708291232585907
5321,2022-02-10 15:00:00,14,1,대구 동 nan,1.5,16.236019134521484,False,56.5729455947876
5318,2022-02-11 13:00:00,11,2,부산 기장 철마,0.04,2.293330669403076,False,8.514895379543304
5315,2022-02-11 14:00:00,11,3,경남 밀양 초동,0.06,13.031311988830566,True,23.722932517528534
5316,2022-02-11 14:00:00,11,3,경북 울진 북,0.5,44.78755569458008,False,1.1546194553375244
5317,2022-02-11 14:00:00,11,3,충남 청양 남양,0.06,49.22880554199219,True,18.397847563028336
5314,2022-02-11 16:00:00,14,2,강원 양양 양양,0.1,69.11112976074219,False,1388.0349988937378
5313,2022-02-11 17:00:00,14,3,충남 공주 우성,0.12,29.708932876586914,False,1.585705727338791
5309,2022-02-12 13:00:00,11,2,충북 영동 상촌,0.5,31.52014923095703,False,130.83016458153725
5307,2022-02-12 14:00:00,11,3,부산 금정 nan,0.01,0.6197465658187866,False,3591.8561650514603
5308,2022-02-12 14:00:00,11,3,전남 고흥 포두,0.1,72.37861633300781,True,16.100115716457367
5304,2022-02-12 15:00:00,14,1,강원 평창 대관령,0.1,90.58655548095703,True,13.486409932374954
5305,2022-02-12 15:00:00,14,1,경남 김해 nan,0.05,17.774654388427734,False,2882.6276471614838
5306,2022-02-12 15:00:00,14,1,세종 연동 nan,0.03,13.699082374572754,True,69.08132722973824
5303,2022-02-12 16:00:00,14,2,전남 순천 승주,0.4,47.00040054321289,True,14.261181235313416
5302,2022-02-12 17:00:00,14,3,전남 순천 승주,0.2,47.73765563964844,False,0.0
5298,2022-02-13 12:00:00,11,1,부산 기장 철마,0.02,32.57345199584961,False,107.69549223780632
5296,2022-02-13 13:00:00,11,2,경기 용인 처인 이동,0.03,67.20145416259766,True,94.7737954556942
5297,2022-02-13 13:00:00,11,2,경기 양평 양서,0.03,4.935302257537842,True,211.28422909975052
5295,2022-02-13 14:00:00,11,3,전북 남원 대강,0.5,55.93870162963867,False,0.0
5294,2022-02-14 13:00:00,11,2,충남 금산 제원,0.3,30.877866744995117,False,19.239363849163055
5293,2022-02-14 15:00:00,14,1,강원 원주 nan,0.4,43.39674758911133,True,1256.0637384355068
5292,2022-02-14 16:00:00,14,2,경남 산청 시천,0.5,15.270448684692383,False,0.0
5289,2022-02-15 12:00:00,11,1,경남 창원 마산회원 nan,0.32,7.660979747772217,False,2.4860921502113342
5287,2022-02-15 13:00:00,11,2,경남 진주 명석,0.5,1.31836998462677,False,7.618459045886993
5288,2022-02-15 13:00:00,11,2,경북 성주 선남,3.0,12.771340370178223,True,12.112886548042297
5286,2022-02-15 17:00:00,14,3,전북 남원 산내,0.1,65.36421203613281,False,3.0020105838775635
5285,2022-02-16 13:00:00,11,2,경기 성남 중원,0.15,35.04304504394531,False,6659.563876479864
5284,2022-02-16 14:00:00,11,3,경북 고령 성산,0.3,6.039980411529541,True,32.457949966192245
5282,2022-02-16 15:00:00,14,1,부산 기장 철마,0.2,9.703997611999512,False,8.175160437822342
5283,2022-02-16 15:00:00,14,1,경기 광주 곤지암,0.06,24.62969398498535,True,293.4395489692688
5281,2022-02-16 16:00:00,14,2,경기 의정부 nan,0.01,,False,262.7417636811733
5279,2022-02-18 15:00:00,14,1,경남 양산 nan,0.09,51.216766357421875,False,0.0
5278,2022-02-18 16:00:00,14,2,충남 부여 세도,0.05,15.586143493652344,False,7.605947703123093
4496,2022-02-19 12:00:00,11,1,경기 양평 양평,0.1,26.65390396118164,True,70.31782704591751
4497,2022-02-19 12:00:00,11,1,전북 진안 백운,0.1,89.83586120605469,True,13.518845468759537
4491,2022-02-20 12:00:00,11,1,경기 고양 일산동,0.01,,False,4255.086569339037
4490,2022-02-20 13:00:00,11,2,충북 괴산 괴산,0.2,25.975379943847656,False,347.31047210097313
4486,2022-02-21 12:00:00,11,1,전남 함평 나산,0.3,85.71409606933594,False,9.175679326057434
4484,2022-02-21 15:00:00,14,1,충남 부여 남,0.01,7.1974778175354,False,64.88334167003632
4485,2022-02-21 15:00:00,14,1,강원 원주 판부,0.1,50.00430679321289,True,101.42928504943848
4483,2022-02-21 16:00:00,14,2,충북 청주 흥덕 nan,0.02,37.25208282470703,True,2092.7956599593163
4480,2022-02-22 13:00:00,11,2,경기 화성 서신,0.03,64.85403442382812,True,27.34235629439354
4481,2022-02-22 13:00:00,11,2,경기 여주 가남,0.1,1.397168517112732,False,61.87845426797867
4478,2022-02-22 14:00:00,11,3,경북 의성 의성,15.0,1.8279777765274048,False,1348.7601742744446
4479,2022-02-22 14:00:00,11,3,강원 동해 nan,6.1,3.439473867416382,False,1073.8337325751781
4473,2022-02-23 12:00:00,11,1,경기 여주 가남,3.0,4.029952049255371,False,24.310394048690796
4472,2022-02-23 13:00:00,11,2,강원 평창 진부,0.04,71.4335708618164,False,0.0
4471,2022-02-23 16:00:00,14,2,경남 사천 사천,0.3,3.369736671447754,True,20.287507265806198
4466,2022-02-24 13:00:00,11,2,강원 홍천 두촌,0.6,50.91008377075195,False,20.64795285463333
4467,2022-02-24 13:00:00,11,2,충남 공주 우성,0.15,48.09501647949219,True,20.592653930187225
4468,2022-02-24 13:00:00,11,2,경기 의정부 nan,0.5,12.401385307312012,True,29.766871064901352
4464,2022-02-24 14:00:00,11,3,서울 노원 nan,1.0,21.413915634155273,True,2185.8739519417286
4465,2022-02-24 14:00:00,11,3,충남 공주 nan,0.2,44.11891555786133,False,913.5895502865314
4462,2022-02-24 15:00:00,14,1,강원 평창 방림,5.0,78.9048843383789,False,4.122834891080856
4463,2022-02-24 15:00:00,14,1,경북 상주 모서,0.3,35.09346008300781,False,0.0
4459,2022-02-24 16:00:00,14,2,강원 강릉 사천,0.09,5.279299259185791,True,44.56300529837608
4460,2022-02-24 16:00:00,14,2,경기 광주 초월,0.09,9.317867279052734,True,562.2219491302967
4461,2022-02-24 16:00:00,14,2,광주 광산 nan,0.08,83.64163208007812,False,862.4747361540794
4458,2022-02-24 17:00:00,14,3,강원 화천 하남,1.4,56.89106369018555,False,0.0
4455,2022-02-25 12:00:00,11,1,전남 구례 간전,29.0,55.21036911010742,False,5.825138568878174
4452,2022-02-25 14:00:00,11,3,경남 함양 함양,1.5,0.08670037984848022,False,1956.490196019411
4453,2022-02-25 14:00:00,11,3,전남 순천 상사,2.0,28.964927673339844,True,20.027764230966568
4454,2022-02-25 14:00:00,11,3,전남 고흥 두원,0.5,72.98259735107422,False,1.4851233959197998
4451,2022-02-25 16:00:00,14,2,울산 북 nan,0.2,4.547730922698975,False,0.0
4443,2022-02-26 13:00:00,11,2,전남 완도 완도,0.2,42.08281326293945,False,1032.9962031245232
4444,2022-02-26 13:00:00,11,2,경북 상주 nan,0.3,15.924962043762207,False,0.0
4441,2022-02-26 15:00:00,14,1,경북 문경 문경,24.0,0.11208894103765488,False,2768.9457047581673
4442,2022-02-26 15:00:00,14,1,부산 북 nan,0.05,12.566595077514648,False,3675.226194024086
4324,2022-02-26 16:00:00,14,2,경북 봉화 봉화,0.2,0.05617886781692505,False,188.3013159930706
4440,2022-02-26 16:00:00,14,2,강원 인제 기린,5.0,82.5746078491211,False,181.51496759057045
4319,2022-02-27 13:00:00,11,2,충남 당진 석문,0.2,85.81819915771484,False,20.215393632650375
4320,2022-02-27 13:00:00,11,2,경기 파주 탄현,0.02,,False,53.68494915962219
4321,2022-02-27 13:00:00,11,2,울산 동 nan,2.0,9.130544662475586,False,2825.7904372513294
4317,2022-02-27 14:00:00,11,3,충남 태안 이원,1.5,95.0447006225586,False,8.23543044924736
4318,2022-02-27 14:00:00,11,3,충남 홍성 결성,0.14,77.5924301147461,True,89.77158069610596
4316,2022-02-27 15:00:00,14,1,경북 김천 부항,0.2,32.3641357421875,False,4.4023018181324005
4315,2022-02-27 16:00:00,14,2,충남 아산 음봉,0.05,67.65682983398438,False,6.746808797121048
4314,2022-02-27 17:00:00,14,3,경북 영천 화남,0.2,15.365324020385742,False,0.4310862720012665
4311,2022-02-28 13:00:00,11,2,경기 용인 처인 남사,0.03,62.35370635986328,True,23.62123131752014
4310,2022-02-28 14:00:00,11,3,경남 합천 율곡,813.89,5.759274959564209,False,1.1546194553375244
4309,2022-02-28 16:00:00,14,2,전남 곡성 겸,0.1,10.382607460021973,False,3.830387979745865
4308,2022-02-28 17:00:00,14,3,충북 단양 대강,0.01,31.795358657836914,False,4.667485475540161
4305,2022-03-01 17:00:00,14,3,충남 홍성 서부,0.05,98.248779296875,True,12.515688508749008
4304,2022-03-02 14:00:00,11,3,부산 금정 nan,0.7,8.309903144836426,False,0.0
4303,2022-03-03 12:00:00,11,1,경남 창원 의창 nan,0.3,11.198948860168457,False,3539.1895504891872
4301,2022-03-03 13:00:00,11,2,경기 양주 광적,0.01,,False,55.44750812649727
4302,2022-03-03 13:00:00,11,2,경북 문경 산북,0.4,30.93842887878418,True,11.75394144654274
4300,2022-03-03 14:00:00,11,3,경기 고양 덕양,0.01,12.561487197875977,False,219.25276324152946
4299,2022-03-03 15:00:00,14,1,경기 안성 일죽,0.1,35.29242706298828,True,13.133933663368225
4298,2022-03-03 16:00:00,14,2,경북 영천 청통,0.2,12.28005599975586,True,28.45310616493225
4293,2022-03-04 12:00:00,11,1,강원 영월 김삿갓,184.01,13.60899543762207,False,0.0
4292,2022-03-04 15:00:00,14,1,경북 구미 옥성,0.01,2.7344863414764404,False,43.4743946492672
4291,2022-03-04 16:00:00,14,2,충남 아산 염치,0.4,25.477251052856445,True,15.595017850399017
4290,2022-03-04 17:00:00,14,3,서울 강남 강남,1.5,47.69209671020508,False,2345.643424808979
4282,2022-03-05 13:00:00,11,2,경북 영주 풍기,0.3,28.90477752685547,True,75.708943516016
4283,2022-03-05 13:00:00,11,2,경기 안산 상록,8.0,73.74101257324219,False,4551.443318217993
4280,2022-03-05 14:00:00,11,3,경북 경주 문무대왕,0.8,17.773805618286133,False,0.0
4281,2022-03-05 14:00:00,11,3,경남 거창 거창,0.1,0.04005107283592224,False,1592.7080093324184
4278,2022-03-05 15:00:00,14,1,충남 당진 송산,5.0,93.5063705444336,True,20.358803004026413
4279,2022-03-05 15:00:00,14,1,충남 청양 남양,0.02,94.23051452636719,False,8.945981651544571
4277,2022-03-05 16:00:00,14,2,경남 밀양 무안,0.01,0.2343922257423401,False,4.138428211212158
4274,2022-03-06 12:00:00,11,1,부산 강서 nan,1.0,5.522558212280273,False,346.95450097322464
4273,2022-03-06 13:00:00,11,2,충남 부여 부여,0.06,0.4172491729259491,False,975.4407688677311
4272,2022-03-06 14:00:00,11,3,경남 산청 단성,0.5,5.772799968719482,True,17.76751536130905
4271,2022-03-06 15:00:00,14,1,울산 울주 언양,13.0,4.090593338012695,False,798.4074947237968
4270,2022-03-06 16:00:00,14,2,경남 남해 이동,0.1,53.179595947265625,True,21.337353616952896
4269,2022-03-06 17:00:00,14,3,경남 사천 사천,0.01,72.44600677490234,True,20.287507265806198
4267,2022-03-07 14:00:00,11,3,경기 고양 덕양,0.01,,False,5344.0973495543
4268,2022-03-07 14:00:00,11,3,대구 수성 nan,0.01,18.746313095092773,False,3981.8944860696793
4266,2022-03-07 15:00:00,14,1,충남 당진 대호지,0.03,82.05106353759766,False,25.723859697580338
4264,2022-03-08 13:00:00,11,2,제주 서귀포 nan,0.05,,False,1434.3888325989246
4263,2022-03-08 14:00:00,11,3,강원 홍천 북방,1.1,31.76122283935547,False,0.4310862720012665
4260,2022-03-09 13:00:00,11,2,전북 남원 덕과,0.1,62.613407135009766,False,3.0020105838775635
4256,2022-03-09 14:00:00,11,3,전북 임실 강진,0.3,70.0518798828125,False,0.9282021224498749
4257,2022-03-09 14:00:00,11,3,전북 장수 산서,0.2,48.76384735107422,False,7.8741649985313416
4258,2022-03-09 14:00:00,11,3,경남 창녕 고암,0.1,4.125991344451904,False,32.29284444451332
4259,2022-03-09 14:00:00,11,3,경기 가평 가평,1.3,0.1255279779434204,False,1480.8058604002
4255,2022-03-09 17:00:00,14,3,경기 광주 초월,0.06,20.078277587890625,True,27.434517472982407
4252,2022-03-10 12:00:00,11,1,충남 보령 주산,0.41,78.1646499633789,True,21.823693215847015
4251,2022-03-10 13:00:00,11,2,충남 서산 지곡,0.16,98.41504669189453,True,14.765504777431488
4250,2022-03-10 14:00:00,11,3,충남 공주 우성,0.1,0.022896116599440575,True,24.712907016277313
4248,2022-03-10 15:00:00,14,1,경기 여주 북내,0.66,25.492536544799805,False,125.23401862382889
4249,2022-03-10 15:00:00,14,1,경기 용인 처인 남사,0.2,56.63798904418945,False,7.58669325709343
4246,2022-03-11 14:00:00,11,3,전북 남원 수지,0.04,50.19663619995117,True,21.74727338552475
4245,2022-03-11 15:00:00,14,1,경기 화성 매송,0.3,65.77650451660156,False,1.9162096679210663
4244,2022-03-11 16:00:00,14,2,전북 남원 주생,0.01,1.1246033906936646,False,24.8848896920681
4240,2022-03-12 12:00:00,11,1,전남 함평 나산,3.0,97.17839050292969,False,29.031757056713104
4239,2022-03-12 14:00:00,11,3,강원 홍천 서석,6.0,47.00033950805664,False,1.4851233959197998
4235,2022-03-16 17:00:00,14,3,경북 김천 농소,0.3,4.071347236633301,True,13.283415019512177
4234,2022-03-22 15:00:00,14,1,충남 부여 임천,0.09,51.641056060791016,False,3.971215546131134
4233,2022-03-23 16:00:00,14,2,부산 기장 기장,0.33,27.595645904541016,False,1331.8569580316544
4232,2022-03-24 12:00:00,11,1,경남 의령 화정,0.3,10.442051887512207,False,0.0
4228,2022-03-28 12:00:00,11,1,경기 가평 청평,0.04,48.76676559448242,False,17.828121930360794
4226,2022-03-29 14:00:00,11,3,경남 사천 서포,0.05,90.28519439697266,False,11.492256045341492
4222,2022-04-01 12:00:00,11,1,경기 군포 nan,0.89,7.852795124053955,False,882.4093671739101
4221,2022-04-01 13:00:00,11,2,경남 사천 정동,0.01,70.57429504394531,True,147.3242119550705
4218,2022-04-02 13:00:00,11,2,경기 남양주 nan,0.09,12.386392593383789,False,82.83276924490929
4216,2022-04-02 14:00:00,11,3,충남 공주 계룡,0.01,61.9688835144043,False,8.877165108919144
4217,2022-04-02 14:00:00,11,3,경기 여주 세종대왕,0.15,21.44676399230957,False,45.92523950338364
4214,2022-04-02 15:00:00,14,1,경기 양평 양서,0.03,0.2833331227302551,True,211.28422909975052
4215,2022-04-02 15:00:00,14,1,전북 무주 설천,5.0,33.53096008300781,False,1.4851233959197998
4213,2022-04-03 12:00:00,11,1,전북 남원 nan,0.09,25.705724716186523,False,36.8996724486351
4211,2022-04-03 14:00:00,11,3,서울 성북 nan,0.01,6.987545490264893,True,4727.34795960784
4212,2022-04-03 14:00:00,11,3,울산 울주 범서,0.1,61.402217864990234,True,51.15390607714653
4209,2022-04-03 15:00:00,14,1,충북 보은 마로,0.1,19.121105194091797,False,2.9171784222126007
4210,2022-04-03 15:00:00,14,1,경북 구미 nan,0.1,0.1573181003332138,False,2490.398353636265
4206,2022-04-04 12:00:00,11,1,경기 양평 양동,0.01,16.337270736694336,True,28.08249506354332
4924,2022-04-04 12:00:00,11,1,강원 강릉 왕산,0.3,85.58586120605469,False,2.0828215777873993
4922,2022-04-04 13:00:00,11,2,경기 포천 군내,0.1,1.8233381509780884,False,54.6178523004055
4923,2022-04-04 13:00:00,11,2,세종 nan nan,0.3,0.011772102676331997,False,384.7236293256283
4919,2022-04-04 14:00:00,11,3,경북 김천 지례,0.06,4.227790355682373,True,36.629032880067825
4920,2022-04-04 14:00:00,11,3,경기 포천 신북,0.23,,False,41.279426008462906
4921,2022-04-04 14:00:00,11,3,경기 용인 처인 nan,0.1,30.03652000427246,True,20.934200435876846
4918,2022-04-04 15:00:00,14,1,충남 서산 고북,0.01,86.91584014892578,True,11.403588354587555
4917,2022-04-04 17:00:00,14,3,경기 파주 적성,0.1,,False,38.80602824687958
4912,2022-04-05 13:00:00,11,2,경기 군포 nan,0.12,54.796730041503906,False,0.9282021224498749
4913,2022-04-05 13:00:00,11,2,경북 봉화 봉화,120.0,0.6758257150650024,False,188.3013159930706
4914,2022-04-05 13:00:00,11,2,경북 김천 감천,0.03,17.55514907836914,True,10.450489610433578
4911,2022-04-05 14:00:00,11,3,경기 시흥 nan,0.8,66.53030395507812,False,1862.3851285874844
4909,2022-04-05 15:00:00,14,1,인천 남동 nan,0.05,90.70940399169922,True,1865.1620706021786
4910,2022-04-05 15:00:00,14,1,경기 용인 기흥,0.03,66.89390563964844,True,1111.38835054636
4908,2022-04-06 13:00:00,11,2,경북 청송 진보,0.1,55.36981964111328,False,0.0
4906,2022-04-06 14:00:00,11,3,인천 강화 화도,0.09,,False,28.124167650938034
4907,2022-04-06 14:00:00,11,3,경남 함양 휴천,0.01,22.390539169311523,True,33.19364321231842
4905,2022-04-06 15:00:00,14,1,경기 여주 세종대왕,0.02,15.171030044555664,False,12.343253999948502
4902,2022-04-07 13:00:00,11,2,경기 성남 중원,0.01,6.9581146240234375,True,4507.7057357132435
4901,2022-04-07 14:00:00,11,3,전북 진안 성수,0.4,81.05402374267578,False,4.43087512254715
4900,2022-04-07 15:00:00,14,1,경기 용인 기흥,0.03,65.2326889038086,True,480.81563007831573
4899,2022-04-07 17:00:00,14,3,경기 의정부 nan,0.01,71.51058197021484,False,0.0
4892,2022-04-08 17:00:00,14,3,전북 nan 성송,0.09,61.71152114868164,False,3.2066795229911804
4893,2022-04-08 17:00:00,14,3,전북 남원 산내,0.09,10.41457748413086,False,0.0
4883,2022-04-09 12:00:00,11,1,경기 고양 덕양,0.01,,False,173.77635607123375
4884,2022-04-09 12:00:00,11,1,경기 남양주 와부,1.5,59.04517364501953,False,9.103582441806793
4885,2022-04-09 12:00:00,11,1,경기 연천 전곡,1.6,,False,3.9777474403381348
4878,2022-04-09 13:00:00,11,2,경기 남양주 진접,1.0,54.31610107421875,False,8.949931740760803
4879,2022-04-09 13:00:00,11,2,경기 남양주 진접,8.0,24.346315383911133,True,282.2027923464775
4880,2022-04-09 13:00:00,11,2,경북 영덕 영해,0.2,79.97593688964844,False,1.4851233959197998
4881,2022-04-09 13:00:00,11,2,충남 청양 목,4.0,33.8197021484375,False,16.95915001630783
4882,2022-04-09 13:00:00,11,2,경남 하동 횡천,0.3,9.906014442443848,True,13.283415019512177
4876,2022-04-09 15:00:00,14,1,충남 계룡 두마,0.5,77.93099212646484,False,8.401577770709991
4877,2022-04-09 15:00:00,14,1,충남 서천 마산,0.1,89.74317932128906,False,6.753340691328049
4875,2022-04-09 16:00:00,14,2,경북 영양 일월,0.2,75.07667541503906,False,0.0
4867,2022-04-10 12:00:00,11,1,강원 고성 토성,0.2,,False,0.0
4868,2022-04-10 12:00:00,11,1,강원 인제 북,3.0,,False,2.4860921502113342
4860,2022-04-10 13:00:00,11,2,경기 안양 만안,0.02,75.57427215576172,True,20.467284440994263
4861,2022-04-10 13:00:00,11,2,경기 광주 퇴촌,0.02,21.786388397216797,True,77.70049348473549
4862,2022-04-10 13:00:00,11,2,경기 양주 은현,0.15,,False,1.1546194553375244
4863,2022-04-10 13:00:00,11,2,경북 군위 삼국유사,347.0,26.173076629638672,False,1.8443574905395508
4864,2022-04-10 13:00:00,11,2,강원 화천 상서,2.0,,False,2.4860921502113342
4865,2022-04-10 13:00:00,11,2,경기 파주 법원,0.06,,False,10.104551196098328
4866,2022-04-10 13:00:00,11,2,경기 고양 덕양,0.03,39.273521423339844,False,55.83644989132881
4859,2022-04-10 14:00:00,11,3,경남 거창 주상,0.01,8.28059196472168,False,26.011693447828293
4856,2022-04-10 15:00:00,14,1,경기 광주 오포,0.02,16.672683715820312,True,442.9361364841461
4857,2022-04-10 15:00:00,14,1,강원 양구 양구,720.0,0.007219347637146711,True,582.6293315291405
4855,2022-04-10 17:00:00,14,3,전남 광양 광양,0.5,80.42674255371094,False,1894.8712554872036
4849,2022-04-11 12:00:00,11,1,경기 광주 nan,0.04,1.1133838891983032,True,157.4446755349636
4848,2022-04-11 13:00:00,11,2,충북 영동 추풍령,0.2,14.318373680114746,False,0.0
4847,2022-04-11 17:00:00,14,3,경북 의성 단촌,0.15,52.994293212890625,False,15.56844711303711
4844,2022-04-12 13:00:00,11,2,경북 고령 다산,7.7,70.56725311279297,False,3.3415276408195496
4845,2022-04-12 13:00:00,11,2,경기 화성 봉담,0.5,37.251033782958984,False,311.4582606256008
4843,2022-04-12 14:00:00,11,3,전남 장성 장성,0.3,11.537320137023926,False,911.2873846888542
4842,2022-04-12 15:00:00,14,1,강원 홍천 서,0.3,61.35162353515625,False,9.239432841539383
4839,2022-04-12 16:00:00,14,2,전남 순천 주암,1.0,76.84246826171875,False,31.824145048856735
4840,2022-04-12 16:00:00,14,2,충남 아산 영인,0.05,66.22147369384766,False,81.15858221054077
4841,2022-04-12 16:00:00,14,2,충남 공주 우성,0.21,24.35487174987793,True,34.91817671060562
4838,2022-04-12 17:00:00,14,3,전북 장수 산서,0.04,57.017608642578125,False,17.26261267066002
4835,2022-04-15 13:00:00,11,2,경기 양주 은현,0.01,,False,81.91137060523033
4834,2022-04-15 17:00:00,14,3,강원 춘천 남산,0.02,4.733273506164551,False,1.4851233959197998
4833,2022-04-16 12:00:00,11,1,충남 예산 대술,0.08,41.38650894165039,False,4.667485475540161
4832,2022-04-16 14:00:00,11,3,경기 양평 용문,0.02,43.41264343261719,True,10.210667163133621
4831,2022-04-16 15:00:00,14,1,대구 북 nan,0.01,25.387727737426758,True,466.69718384742737
4827,2022-04-17 12:00:00,11,1,강원 인제 남,0.2,21.56262969970703,True,13.464881420135498
4828,2022-04-17 12:00:00,11,1,전남 화순 화순,0.2,19.161609649658203,False,3.3415276408195496
4826,2022-04-17 15:00:00,14,1,전남 순천 송광,1.0,43.48676681518555,False,0.0
4825,2022-04-17 17:00:00,14,3,경기 가평 청평,0.05,3.5708932876586914,False,5.337035834789276
4821,2022-04-18 14:00:00,11,3,경남 하동 진교,0.2,13.763392448425293,False,25.337751150131226
4819,2022-04-18 16:00:00,14,2,울산 북 nan,0.01,87.2411117553711,False,0.0
4820,2022-04-18 16:00:00,14,2,전북 무주 무주,0.6,0.027025869116187096,False,874.7059032022953
4817,2022-04-18 17:00:00,14,3,대구 달성 다사,0.02,28.536108016967773,True,31.888558864593506
4813,2022-04-19 13:00:00,11,2,대구 북 nan,0.25,5.767481327056885,True,1013.8366043269634
4814,2022-04-19 13:00:00,11,2,전북 장수 산서,0.1,62.30105209350586,False,8.401577770709991
4812,2022-04-19 14:00:00,11,3,전북 순창 풍산,0.1,15.180779457092285,False,25.50322738289833
4811,2022-04-19 15:00:00,14,1,충남 청양 장평,1.0,44.07651901245117,True,14.7391177713871
4810,2022-04-19 16:00:00,14,2,인천 강화 내가,0.69,,False,14.04197159409523
4805,2022-04-20 13:00:00,11,2,대구 동 nan,0.08,75.09579467773438,False,56.5729455947876
4806,2022-04-20 13:00:00,11,2,강원 영월 북,9.7,2.3587429523468018,False,3.1758301854133606
4803,2022-04-20 14:00:00,11,3,경남 창녕 고암,0.1,67.31394958496094,False,8.499727189540863
4804,2022-04-20 14:00:00,11,3,경기 남양주 조안,0.01,13.803529739379883,False,5.825138568878174
4800,2022-04-20 16:00:00,14,2,충남 부여 부여,0.03,60.086002349853516,False,975.4407688677311
4801,2022-04-20 16:00:00,14,2,대구 달성 옥포,0.5,7.269423961639404,True,18.154232680797577
4802,2022-04-20 16:00:00,14,2,충남 논산 벌곡,0.5,65.5682373046875,False,4.5689137279987335
4795,2022-04-21 12:00:00,11,1,충남 부여 세도,0.2,21.123258590698242,False,41.47381740808487
4794,2022-04-21 14:00:00,11,3,강원 춘천 북산,1.5,6.799816131591797,False,0.0
4791,2022-04-22 12:00:00,11,1,충남 공주 신풍,1.0,63.05643844604492,False,7.04228937625885
4789,2022-04-22 13:00:00,11,2,강원 양양 현북,69.21,49.318199157714844,True,10.65254721045494
4790,2022-04-22 13:00:00,11,2,경북 영주 이산,3.0,10.256183624267578,True,19.840635299682617
4788,2022-04-22 15:00:00,14,1,경북 경주 건천,0.5,2.1559152603149414,True,199.97608163952827
4784,2022-04-23 12:00:00,11,1,경기 양주 광적,0.01,,False,0.0
4781,2022-04-23 14:00:00,11,3,충남 아산 탕정,0.01,47.463680267333984,True,932.3403922915459
4782,2022-04-23 14:00:00,11,3,경북 봉화 재산,0.05,7.211748123168945,False,33.546592086553574
4783,2022-04-23 14:00:00,11,3,대전 대덕 nan,0.01,10.894495964050293,True,433.71754318475723
4778,2022-04-24 12:00:00,11,1,경기 양평 서종,0.2,75.05929565429688,True,15.76352772116661
4779,2022-04-24 12:00:00,11,1,충남 당진 정미,0.02,85.04600524902344,False,15.202658355236053
4775,2022-04-24 14:00:00,11,3,충북 청주 상당 미원,0.2,4.452828407287598,False,1.1546194553375244
4776,2022-04-24 14:00:00,11,3,강원 횡성 둔내,0.02,74.78629302978516,False,0.0
4774,2022-04-24 16:00:00,14,2,세종 nan nan,0.03,0.10936208814382553,False,384.7236293256283
4769,2022-04-25 14:00:00,11,3,전남 곡성 옥과,0.3,72.470703125,False,3.0020105838775635
4770,2022-04-25 14:00:00,11,3,전북 진안 상전,0.06,34.18434143066406,False,6.278266251087189
4771,2022-04-25 14:00:00,11,3,경기 고양 덕양,0.01,,False,5344.0973495543
4767,2022-04-25 15:00:00,14,1,대구 남 nan,0.01,0.8099212050437927,False,4429.964968621731
4768,2022-04-25 15:00:00,14,1,경기 동두천 nan,0.1,,False,8.311230719089508
4766,2022-04-25 16:00:00,14,2,강원 영월 북,0.05,1.1521791219711304,False,3.1758301854133606
4765,2022-04-26 13:00:00,11,2,경기 포천 이동,0.16,4.715404510498047,False,3.5687025785446167
4764,2022-04-28 12:00:00,11,1,경기 가평 설악,0.01,2.170663595199585,False,8.399144858121872
4761,2022-05-01 13:00:00,11,2,충남 금산 진산,0.3,34.047279357910156,True,29.883435547351837
4762,2022-05-01 13:00:00,11,2,경기 파주 적성,0.3,,False,33.68583220243454
4763,2022-05-01 13:00:00,11,2,전남 보성 겸백,0.65,80.82396697998047,False,0.0
4760,2022-05-01 15:00:00,14,1,경기 양평 옥천,0.07,1.6588349342346191,False,151.7018847167492
4759,2022-05-02 16:00:00,14,2,경북 봉화 명호,0.01,74.48231506347656,False,3.6407116055488586
4756,2022-05-03 15:00:00,14,1,경북 영주 부석,0.01,11.354469299316406,False,0.9282021224498749
4755,2022-05-03 16:00:00,14,2,강원 태백 nan,0.1,19.909814834594727,False,0.0
4753,2022-05-03 17:00:00,14,3,전남 보성 회천,0.01,50.499176025390625,False,29.200329333543777
4754,2022-05-03 17:00:00,14,3,충북 옥천 청성,0.5,17.083158493041992,False,3.332514524459839
4752,2022-05-04 14:00:00,11,3,전남 장흥 부산,0.1,4.5928144454956055,False,15.932170987129211
4749,2022-05-05 12:00:00,11,1,충북 괴산 사리,0.05,9.3016357421875,False,8.877165108919144
4748,2022-05-05 14:00:00,11,3,경기 양평 서종,0.15,66.12637329101562,False,2.480112701654434
4746,2022-05-06 17:00:00,14,3,부산 강서 nan,0.01,96.9894027709961,True,94.53645867109299
4744,2022-05-07 17:00:00,14,3,전남 해남 현산,0.2,92.72693634033203,False,19.92310357093811
4740,2022-05-09 13:00:00,11,2,경북 영덕 남정,0.6,6.830245494842529,False,122.66208186745644
4738,2022-05-12 12:00:00,11,1,경기 여주 점동,0.02,24.89341163635254,False,5.827619791030884
4737,2022-05-12 13:00:00,11,2,강원 횡성 안흥,0.15,26.96454429626465,True,16.817564845085144
4736,2022-05-13 17:00:00,14,3,충남 천안 동남,0.01,66.5299072265625,True,174.40426543354988
4735,2022-05-14 14:00:00,11,3,서울 노원 nan,0.02,25.394392013549805,False,5601.995691895485
4734,2022-05-14 16:00:00,14,2,전남 고흥 도화,0.1,46.47010803222656,False,2.4860921502113342
4728,2022-05-15 14:00:00,11,3,충북 단양 영춘,0.16,57.30365753173828,False,0.9282021224498749
4726,2022-05-15 15:00:00,14,1,경기 남양주 nan,0.06,2.568554401397705,True,32.71232309937477
4727,2022-05-15 15:00:00,14,1,경기 안양 동안,0.05,33.564029693603516,True,8252.107393950224
4725,2022-05-15 17:00:00,14,3,강원 홍천 두촌,0.18,20.476314544677734,True,13.150146424770355
4721,2022-05-16 12:00:00,11,1,충북 제천 nan,0.01,32.26960372924805,False,0.0
4722,2022-05-16 12:00:00,11,1,충남 아산 음봉,0.05,24.120798110961914,False,37.634598046541214
4720,2022-05-16 13:00:00,11,2,전북 남원 송동,0.03,36.62540817260742,True,13.053964048624039
4719,2022-05-16 17:00:00,14,3,전북 남원 인월,0.2,54.3704948425293,False,0.0
4715,2022-05-17 12:00:00,11,1,충남 공주 정안,0.5,41.60667037963867,True,37.553043872117996
4714,2022-05-17 13:00:00,11,2,경기 과천 nan,4.0,0.0053407964296638966,False,1598.0678956508636
4709,2022-05-18 13:00:00,11,2,충남 공주 우성,0.9,40.003631591796875,False,36.285012155771255
4708,2022-05-18 14:00:00,11,3,충남 당진 고대,0.6,96.3754653930664,True,12.080810993909836
4703,2022-05-19 14:00:00,11,3,울산 북 nan,0.01,80.32504272460938,True,209.39883267879486
4697,2022-05-21 12:00:00,11,1,경북 경주 현곡,0.03,30.238786697387695,False,5.132366895675659
4696,2022-05-21 13:00:00,11,2,경기 안성 죽산,2.0,54.52672576904297,True,11.436023890972137
4694,2022-05-21 15:00:00,14,1,경남 밀양 산내,0.09,9.358409881591797,False,2.9111989736557007
4695,2022-05-21 15:00:00,14,1,경남 하동 진교,0.01,52.74330139160156,False,3.8453805446624756
4693,2022-05-21 16:00:00,14,2,경북 경산 남산,0.16,29.190122604370117,True,47.58788588643074
4691,2022-05-21 17:00:00,14,3,충남 금산 군북,0.01,57.182838439941406,False,2.4860921502113342
4692,2022-05-21 17:00:00,14,3,강원 원주 신림,0.01,54.12202835083008,True,10.979546874761581
4688,2022-05-22 12:00:00,11,1,충북 괴산 칠성,0.01,85.0441665649414,False,0.0
4687,2022-05-22 13:00:00,11,2,대구 수성 nan,0.1,14.78092098236084,False,7.237945199012756
4686,2022-05-22 14:00:00,11,3,전북 진안 주천,0.1,72.19581604003906,False,0.4310862720012665
4685,2022-05-22 16:00:00,14,2,서울 강북 nan,0.01,63.791805267333984,True,433.2129952907562
4705,2022-05-23 13:00:00,11,2,경기 화성 서신,0.02,92.40058135986328,True,36.92909914255142
4704,2022-05-23 15:00:00,14,1,경기 여주 점동,0.1,24.223981857299805,True,25.22577303647995
4678,2022-05-25 12:00:00,11,1,울산 남 nan,0.01,77.71504211425781,False,2.0828215777873993
4677,2022-05-25 15:00:00,14,1,강원 인제 기린,0.21,53.72305679321289,True,13.610885322093964
4672,2022-05-26 16:00:00,14,2,경북 고령 우곡,0.2,17.604724884033203,False,6.979758024215698
4664,2022-05-27 12:00:00,11,1,경남 함양 마천,0.1,67.3280029296875,True,37.96297341585159
4665,2022-05-27 12:00:00,11,1,경남 사천 축동,0.06,7.324694633483887,False,4.022252559661865
4666,2022-05-27 12:00:00,11,1,부산 금정 nan,0.01,67.21218872070312,False,0.0
4663,2022-05-27 17:00:00,14,3,경북 포항 북 청하,0.03,7.150710105895996,True,12.325034648180008
4662,2022-05-28 12:00:00,11,1,경북 울진 근남,145.0,7.3028130531311035,True,13.922116041183472
4659,2022-05-29 12:00:00,11,1,경남 사천 서포,0.1,19.834501266479492,False,12.949720591306686
4658,2022-05-29 14:00:00,11,3,부산 영도 nan,0.7,68.7393569946289,True,406.2605473101139
4657,2022-05-29 15:00:00,14,1,경남 산청 오부,0.01,9.873086929321289,False,7.445559948682785
4652,2022-05-31 12:00:00,11,1,대구 달성 하빈,4.0,7.5157575607299805,True,20.785627394914627
4653,2022-05-31 12:00:00,11,1,경기 고양 덕양,0.01,85.31511688232422,True,237.97119623422623
4650,2022-05-31 16:00:00,14,2,경북 예천 지보,0.1,18.982990264892578,False,1.847391128540039
4651,2022-05-31 16:00:00,14,2,경기 고양 덕양구,0.03,60.14714050292969,False,1.8443574905395508
4647,2022-06-01 12:00:00,11,1,경북 봉화 물야,0.5,35.04667282104492,False,5.261685401201248
4646,2022-06-01 13:00:00,11,2,충북 제천 백운,0.1,82.29093933105469,False,0.0
4645,2022-06-01 17:00:00,14,3,경북 청송 진보,0.06,15.079943656921387,False,0.6897380352020264
4640,2022-06-02 15:00:00,14,1,전북 남원 보절,0.3,64.16565704345703,False,1.585705727338791
4638,2022-06-03 12:00:00,11,1,대전 서 nan,0.01,45.52617645263672,True,42.50193211436272
4637,2022-06-03 15:00:00,14,1,서울 관악 nan,0.01,58.25175094604492,False,1.1546194553375244
4635,2022-06-03 16:00:00,14,2,울산 울주 삼동,0.2,86.56852722167969,False,1.1546194553375244
4636,2022-06-03 16:00:00,14,2,충북 제천 덕산,0.1,55.934722900390625,False,0.0
4633,2022-06-04 14:00:00,11,3,경기 안양 만안,0.01,84.72406005859375,False,0.0
4628,2022-06-20 13:00:00,11,2,강원 횡성 안흥,0.01,59.97635269165039,False,20.86674216389656
4625,2022-06-21 13:00:00,11,2,대구 동 nan,0.33,68.55391693115234,False,56.5729455947876
4626,2022-06-21 13:00:00,11,2,경북 영천 화남,0.2,16.77156639099121,False,0.0
4624,2022-06-21 14:00:00,11,3,전북 장수 산서,0.02,90.11547088623047,False,0.0
4623,2022-06-21 16:00:00,14,2,충남 부여 외산,0.01,79.14004516601562,False,0.0
5325,2022-02-09 11:00:00,8,3,강원 춘천 신북,0.05,22.554912567138672,False,6.020241975784302
5310,2022-02-12 11:00:00,8,3,경기 연천 중,0.05,,False,0.0
5300,2022-02-13 09:00:00,8,1,강원 화천 사내,0.04,75.62168884277344,True,23.33739784359932
5299,2022-02-13 11:00:00,8,3,전북 순창 순창,0.01,38.4084587097168,False,997.6777210235596
5280,2022-02-18 09:00:00,8,1,경기 평택 nan,0.16,39.14897918701172,True,1099.668208360672
4487,2022-02-21 10:00:00,8,2,울산 울주 온양,0.3,35.500572204589844,False,1.6179401576519012
4488,2022-02-21 10:00:00,8,2,전북 완주 소양,0.5,44.530067443847656,False,0.4310862720012665
4482,2022-02-22 10:00:00,8,2,경북 영주 순흥,0.03,64.22990417480469,False,4.9001752734184265
4474,2022-02-23 09:00:00,8,1,경북 영천 북안,0.1,27.834321975708008,False,5.311249494552612
4469,2022-02-24 11:00:00,8,3,인천 강화 교동,0.14,,False,16.570420145988464
4445,2022-02-26 11:00:00,8,3,충북 청주 서원 현도,0.5,27.343788146972656,True,19.466450929641724
4322,2022-02-27 09:00:00,8,1,충북 단양 적성,0.1,47.72887420654297,False,0.0
4312,2022-02-28 11:00:00,8,3,전북 정읍 덕천,0.09,68.55435180664062,True,19.313805788755417
4294,2022-03-04 11:00:00,8,3,경북 울진 북,16301.98,56.09580993652344,False,5.462870836257935
4284,2022-03-05 11:00:00,8,3,충남 당진 nan,0.1,31.96174430847168,False,1426.404268682003
4275,2022-03-06 10:00:00,8,2,경남 함양 서하,0.01,72.73907470703125,False,2.4860921502113342
4265,2022-03-08 10:00:00,8,2,울산 울주 상북,0.2,69.32782745361328,False,0.0
4241,2022-03-12 11:00:00,8,3,경기 의정부 nan,0.1,,False,213.5307271182537
4242,2022-03-12 11:00:00,8,3,강원 춘천 동산,0.05,12.299928665161133,False,1.4851233959197998
4230,2022-03-28 10:00:00,8,2,경남 창원 마산합포 구산,0.02,94.92536163330078,True,67.94884231686592
4229,2022-03-28 11:00:00,8,3,경기 양평 청운,0.3,56.34925842285156,True,15.238947451114655
4227,2022-03-29 11:00:00,8,3,강원 삼척 가곡,0.1,37.00763702392578,False,8.10011774301529
4219,2022-04-02 11:00:00,8,3,경기 연천 신서,0.5,,False,3.0708291232585907
4207,2022-04-04 11:00:00,8,3,울산 중 nan,0.02,62.080718994140625,False,1460.860129803419
4915,2022-04-05 11:00:00,8,3,충남 청양 청남,0.02,15.487137794494629,False,3.69174861907959
4896,2022-04-08 10:00:00,8,2,경남 창원 의창,0.05,85.57521057128906,False,1157.2041907012463
4895,2022-04-08 11:00:00,8,3,전남 보성 보성,0.1,91.65015411376953,False,640.5920456051826
4891,2022-04-09 09:00:00,8,1,경북 봉화 석포,3.0,58.15144729614258,False,2.4860921502113342
4888,2022-04-09 10:00:00,8,2,경기 포천 관인,1.0,,False,16.633955776691437
4889,2022-04-09 10:00:00,8,2,전남 장흥 부산,0.12,96.21024322509766,False,15.932170987129211
4890,2022-04-09 10:00:00,8,2,충남 서산 운산,40.0,0.020053744316101074,False,196.20172157883644
4886,2022-04-09 11:00:00,8,3,경기 동두천 nan,0.2,,False,47.01079571247101
4887,2022-04-09 11:00:00,8,3,전북 남원 아영,0.2,86.37361145019531,False,39.33535170555115
4871,2022-04-10 10:00:00,8,2,경기 양평 개군,0.05,43.93294143676758,True,39.326357424259186
4869,2022-04-10 11:00:00,8,3,경기 파주 광탄,0.08,,False,24.054752469062805
4870,2022-04-10 11:00:00,8,3,부산 기장 기장,2.0,72.41888427734375,False,1331.8569580316544
4851,2022-04-11 09:00:00,8,1,대구 달성 유가,0.01,92.94750213623047,False,8.30819708108902
4850,2022-04-11 11:00:00,8,3,강원 정선 남,3.5,20.935039520263672,False,4.1040323078632355
4829,2022-04-17 09:00:00,8,1,경북 군위 부계,0.1,40.8174934387207,True,29.354587376117706
4822,2022-04-18 11:00:00,8,3,경북 포항 남 호미곶,0.2,59.39965057373047,False,3.9659937024116516
4823,2022-04-18 11:00:00,8,3,경기 가평 상,0.46,38.31171417236328,True,26.5147887468338
4816,2022-04-19 09:00:00,8,1,전북 남원 대산,0.01,51.38688278198242,True,19.0141558945179
4808,2022-04-20 10:00:00,8,2,충남 예산 삽교,0.5,95.82918548583984,False,47.917222648859024
4809,2022-04-20 10:00:00,8,2,전북 남원 운봉,0.15,26.67493438720703,True,16.09789326786995
4807,2022-04-20 11:00:00,8,3,경기 남양주 화도,0.5,58.60225296020508,True,60.36391827464104
4796,2022-04-21 11:00:00,8,3,경기 시흥 nan,0.4,57.970489501953125,True,66.15417757630348
4797,2022-04-21 11:00:00,8,3,강원 양구 양구,0.01,28.39589500427246,True,582.6293315291405
4792,2022-04-22 09:00:00,8,1,충남 서산 해미,0.06,12.984993934631348,False,0.0
4786,2022-04-23 10:00:00,8,2,전북 순창 풍산,0.6,72.35358428955078,False,9.83318293094635
4785,2022-04-23 11:00:00,8,3,충북 영동 학산,0.2,6.206632614135742,False,0.0
4780,2022-04-24 09:00:00,8,1,강원 강릉 주문진,0.01,5.9248046875,False,816.6412317752838
4757,2022-05-03 11:00:00,8,3,경북 성주 수륜,0.5,7.613126277923584,True,46.45501482486725
4741,2022-05-09 11:00:00,8,3,강원 평창 대관령,0.05,48.427879333496094,False,0.0
4742,2022-05-09 11:00:00,8,3,전북 부안 위도,0.1,95.27348327636719,False,3.052818775177002
4739,2022-05-12 09:00:00,8,1,경기 파주 광탄,0.03,,False,104.66530850529671
4729,2022-05-15 11:00:00,8,3,경북 경주 nan,0.05,97.04279327392578,False,0.0
4730,2022-05-15 11:00:00,8,3,경기 가평 가평,0.04,6.158013343811035,False,1480.8058604002
4717,2022-05-17 09:00:00,8,1,강원 횡성 갑천,0.03,78.61825561523438,False,4.022252559661865
4716,2022-05-17 11:00:00,8,3,경기 가평 설악,0.08,32.829341888427734,False,4.156630039215088
4701,2022-05-20 09:00:00,8,1,경북 포항 북 송라,0.1,0.21950672566890717,False,8.877165108919144
4700,2022-05-20 11:00:00,8,3,강원 정선 임계,2.0,63.33997344970703,False,3.9302127063274384
4698,2022-05-21 11:00:00,8,3,전북 무주 적상,0.2,3.3761842250823975,False,0.0
4667,2022-05-27 10:00:00,8,2,전북 진안 진안,0.01,11.846957206726074,False,598.239517301321
4668,2022-05-27 10:00:00,8,2,경남 창녕 남지,0.1,3.276886224746704,True,15.86674216389656
4669,2022-05-27 10:00:00,8,2,부산 사하 nan,0.01,25.560245513916016,True,1350.9165514707565
4654,2022-05-31 09:00:00,8,1,경남 밀양 부북,763.0,18.893329620361328,False,9.695349484682083
4648,2022-06-01 10:00:00,8,2,경기 고양 일산동,1.0,,False,106.14953139424324
4634,2022-06-04 11:00:00,8,3,강원 강릉 왕산,0.06,56.32856369018555,False,2.775593250989914
4629,2022-06-14 10:00:00,8,2,경기 오산 nan,0.01,6.917799472808838,False,3.772613912820816
4627,2022-06-21 09:00:00,8,1,충남 공주 신풍,0.01,58.547000885009766,True,15.33705461025238
5337,2022-02-04 13:00:00,10,3,경기 화성 송산,0.9,4.5462212562561035,False,74.63961550593376
5334,2022-02-05 12:00:00,10,2,경남 의령 부림,1.0,6.109737873077393,False,1.4851233959197998
5333,2022-02-05 13:00:00,10,3,부산 사상 nan,0.07,9.3631591796875,True,1038.754307627678
5331,2022-02-06 13:00:00,10,3,경남 통영 산양,0.5,46.56810760498047,False,8.156418889760971
5328,2022-02-07 12:00:00,10,2,경북 안동 풍산,0.1,17.849367141723633,True,32.115991204977036
5327,2022-02-08 13:00:00,10,3,경기 남양주 조안,0.5,15.884997367858887,True,13.365056693553925
5325,2022-02-09 11:00:00,10,1,강원 춘천 신북,0.05,30.727561950683594,False,6.020241975784302
5323,2022-02-10 12:00:00,10,2,경기 양평 개군,0.01,28.79058265686035,True,66.6558797955513
5318,2022-02-11 13:00:00,10,3,부산 기장 철마,0.04,4.326152801513672,False,8.514895379543304
5310,2022-02-12 11:00:00,10,1,경기 연천 중,0.05,,False,0.0
5309,2022-02-12 13:00:00,10,3,충북 영동 상촌,0.5,45.610931396484375,False,130.83016458153725
5299,2022-02-13 11:00:00,10,1,전북 순창 순창,0.01,44.217041015625,False,997.6777210235596
5298,2022-02-13 12:00:00,10,2,부산 기장 철마,0.02,43.23040771484375,False,107.69549223780632
5296,2022-02-13 13:00:00,10,3,경기 용인 처인 이동,0.03,83.14987182617188,True,94.7737954556942
5297,2022-02-13 13:00:00,10,3,경기 양평 양서,0.03,12.259848594665527,True,211.28422909975052
5294,2022-02-14 13:00:00,10,3,충남 금산 제원,0.3,26.465057373046875,False,19.239363849163055
5289,2022-02-15 12:00:00,10,2,경남 창원 마산회원 nan,0.32,14.405486106872559,False,2.4860921502113342
5287,2022-02-15 13:00:00,10,3,경남 진주 명석,0.5,2.216600179672241,False,7.618459045886993
5288,2022-02-15 13:00:00,10,3,경북 성주 선남,3.0,28.81365394592285,True,12.112886548042297
5285,2022-02-16 13:00:00,10,3,경기 성남 중원,0.15,31.991533279418945,False,6659.563876479864
4496,2022-02-19 12:00:00,10,2,경기 양평 양평,0.1,12.977592468261719,True,70.31782704591751
4497,2022-02-19 12:00:00,10,2,전북 진안 백운,0.1,88.09297180175781,True,13.518845468759537
4491,2022-02-20 12:00:00,10,2,경기 고양 일산동,0.01,,False,4255.086569339037
4490,2022-02-20 13:00:00,10,3,충북 괴산 괴산,0.2,10.822468757629395,False,347.31047210097313
4486,2022-02-21 12:00:00,10,2,전남 함평 나산,0.3,84.6709976196289,False,9.175679326057434
4480,2022-02-22 13:00:00,10,3,경기 화성 서신,0.03,64.6811752319336,True,27.34235629439354
4481,2022-02-22 13:00:00,10,3,경기 여주 가남,0.1,1.9445656538009644,False,61.87845426797867
4473,2022-02-23 12:00:00,10,2,경기 여주 가남,3.0,2.6624016761779785,False,24.310394048690796
4472,2022-02-23 13:00:00,10,3,강원 평창 진부,0.04,71.40018463134766,False,0.0
4469,2022-02-24 11:00:00,10,1,인천 강화 교동,0.14,,False,16.570420145988464
4466,2022-02-24 13:00:00,10,3,강원 홍천 두촌,0.6,43.72822570800781,False,20.64795285463333
4467,2022-02-24 13:00:00,10,3,충남 공주 우성,0.15,49.99623107910156,True,20.592653930187225
4468,2022-02-24 13:00:00,10,3,경기 의정부 nan,0.5,10.451434135437012,True,29.766871064901352
4455,2022-02-25 12:00:00,10,2,전남 구례 간전,29.0,71.75640869140625,False,5.825138568878174
4445,2022-02-26 11:00:00,10,1,충북 청주 서원 현도,0.5,30.007848739624023,True,19.466450929641724
4443,2022-02-26 13:00:00,10,3,전남 완도 완도,0.2,38.198944091796875,False,1032.9962031245232
4444,2022-02-26 13:00:00,10,3,경북 상주 nan,0.3,28.66815757751465,False,0.0
4319,2022-02-27 13:00:00,10,3,충남 당진 석문,0.2,97.91278076171875,False,20.215393632650375
4320,2022-02-27 13:00:00,10,3,경기 파주 탄현,0.02,,False,53.68494915962219
4321,2022-02-27 13:00:00,10,3,울산 동 nan,2.0,9.308488845825195,False,2825.7904372513294
4312,2022-02-28 11:00:00,10,1,전북 정읍 덕천,0.09,73.28439331054688,True,19.313805788755417
4311,2022-02-28 13:00:00,10,3,경기 용인 처인 남사,0.03,63.40766525268555,True,23.62123131752014
4303,2022-03-03 12:00:00,10,2,경남 창원 의창 nan,0.3,13.676732063293457,False,3539.1895504891872
4301,2022-03-03 13:00:00,10,3,경기 양주 광적,0.01,,False,55.44750812649727
4302,2022-03-03 13:00:00,10,3,경북 문경 산북,0.4,44.568660736083984,True,11.75394144654274
4294,2022-03-04 11:00:00,10,1,경북 울진 북,16301.98,3.9744534492492676,False,5.462870836257935
4293,2022-03-04 12:00:00,10,2,강원 영월 김삿갓,184.01,10.095799446105957,False,0.0
4284,2022-03-05 11:00:00,10,1,충남 당진 nan,0.1,41.53553771972656,False,1426.404268682003
4282,2022-03-05 13:00:00,10,3,경북 영주 풍기,0.3,46.414093017578125,True,75.708943516016
4283,2022-03-05 13:00:00,10,3,경기 안산 상록,8.0,74.21497344970703,False,4551.443318217993
4274,2022-03-06 12:00:00,10,2,부산 강서 nan,1.0,5.6766204833984375,False,346.95450097322464
4273,2022-03-06 13:00:00,10,3,충남 부여 부여,0.06,7.712220191955566,False,975.4407688677311
4264,2022-03-08 13:00:00,10,3,제주 서귀포 nan,0.05,,False,1434.3888325989246
4260,2022-03-09 13:00:00,10,3,전북 남원 덕과,0.1,80.0873794555664,False,3.0020105838775635
4252,2022-03-10 12:00:00,10,2,충남 보령 주산,0.41,91.3110580444336,True,21.823693215847015
4251,2022-03-10 13:00:00,10,3,충남 서산 지곡,0.16,93.2246322631836,True,14.765504777431488
4241,2022-03-12 11:00:00,10,1,경기 의정부 nan,0.1,,False,213.5307271182537
4242,2022-03-12 11:00:00,10,1,강원 춘천 동산,0.05,19.18317413330078,False,1.4851233959197998
4240,2022-03-12 12:00:00,10,2,전남 함평 나산,3.0,91.57395935058594,False,29.031757056713104
4232,2022-03-24 12:00:00,10,2,경남 의령 화정,0.3,16.36179542541504,False,0.0
4229,2022-03-28 11:00:00,10,1,경기 양평 청운,0.3,59.357078552246094,True,15.238947451114655
4228,2022-03-28 12:00:00,10,2,경기 가평 청평,0.04,55.665409088134766,False,17.828121930360794
4227,2022-03-29 11:00:00,10,1,강원 삼척 가곡,0.1,0.0013393084518611431,False,8.10011774301529
4222,2022-04-01 12:00:00,10,2,경기 군포 nan,0.89,1.6381951570510864,False,882.4093671739101
4221,2022-04-01 13:00:00,10,3,경남 사천 정동,0.01,66.96239471435547,True,147.3242119550705
4219,2022-04-02 11:00:00,10,1,경기 연천 신서,0.5,,False,3.0708291232585907
4218,2022-04-02 13:00:00,10,3,경기 남양주 nan,0.09,8.989872932434082,False,82.83276924490929
4213,2022-04-03 12:00:00,10,2,전북 남원 nan,0.09,47.80624008178711,False,36.8996724486351
4207,2022-04-04 11:00:00,10,1,울산 중 nan,0.02,37.38471984863281,False,1460.860129803419
4206,2022-04-04 12:00:00,10,2,경기 양평 양동,0.01,5.837090015411377,True,28.08249506354332
4924,2022-04-04 12:00:00,10,2,강원 강릉 왕산,0.3,88.57410430908203,False,2.0828215777873993
4922,2022-04-04 13:00:00,10,3,경기 포천 군내,0.1,2.331679105758667,False,54.6178523004055
4923,2022-04-04 13:00:00,10,3,세종 nan nan,0.3,0.02060117945075035,False,384.7236293256283
4915,2022-04-05 11:00:00,10,1,충남 청양 청남,0.02,80.5455322265625,False,3.69174861907959
4912,2022-04-05 13:00:00,10,3,경기 군포 nan,0.12,44.71686935424805,False,0.9282021224498749
4913,2022-04-05 13:00:00,10,3,경북 봉화 봉화,120.0,19.43948745727539,False,188.3013159930706
4914,2022-04-05 13:00:00,10,3,경북 김천 감천,0.03,20.553823471069336,True,10.450489610433578
4908,2022-04-06 13:00:00,10,3,경북 청송 진보,0.1,64.04612731933594,False,0.0
4902,2022-04-07 13:00:00,10,3,경기 성남 중원,0.01,11.841334342956543,True,4507.7057357132435
4895,2022-04-08 11:00:00,10,1,전남 보성 보성,0.1,33.22397232055664,False,640.5920456051826
4886,2022-04-09 11:00:00,10,1,경기 동두천 nan,0.2,,False,47.01079571247101
4887,2022-04-09 11:00:00,10,1,전북 남원 아영,0.2,33.597774505615234,False,39.33535170555115
4883,2022-04-09 12:00:00,10,2,경기 고양 덕양,0.01,,False,173.77635607123375
4884,2022-04-09 12:00:00,10,2,경기 남양주 와부,1.5,68.61375427246094,False,9.103582441806793
4885,2022-04-09 12:00:00,10,2,경기 연천 전곡,1.6,,False,3.9777474403381348
4878,2022-04-09 13:00:00,10,3,경기 남양주 진접,1.0,64.20540618896484,False,8.949931740760803
4879,2022-04-09 13:00:00,10,3,경기 남양주 진접,8.0,17.17268943786621,True,282.2027923464775
4880,2022-04-09 13:00:00,10,3,경북 영덕 영해,0.2,85.18830108642578,False,1.4851233959197998
4881,2022-04-09 13:00:00,10,3,충남 청양 목,4.0,27.183250427246094,False,16.95915001630783
4882,2022-04-09 13:00:00,10,3,경남 하동 횡천,0.3,18.338747024536133,True,13.283415019512177
4869,2022-04-10 11:00:00,10,1,경기 파주 광탄,0.08,,False,24.054752469062805
4870,2022-04-10 11:00:00,10,1,부산 기장 기장,2.0,66.83939361572266,False,1331.8569580316544
4867,2022-04-10 12:00:00,10,2,강원 고성 토성,0.2,,False,0.0
4868,2022-04-10 12:00:00,10,2,강원 인제 북,3.0,,False,2.4860921502113342
4860,2022-04-10 13:00:00,10,3,경기 안양 만안,0.02,74.66610717773438,True,20.467284440994263
4861,2022-04-10 13:00:00,10,3,경기 광주 퇴촌,0.02,32.32209014892578,True,77.70049348473549
4862,2022-04-10 13:00:00,10,3,경기 양주 은현,0.15,,False,1.1546194553375244
4863,2022-04-10 13:00:00,10,3,경북 군위 삼국유사,347.0,17.963876724243164,False,1.8443574905395508
4864,2022-04-10 13:00:00,10,3,강원 화천 상서,2.0,,False,2.4860921502113342
4865,2022-04-10 13:00:00,10,3,경기 파주 법원,0.06,,False,10.104551196098328
4866,2022-04-10 13:00:00,10,3,경기 고양 덕양,0.03,49.90333938598633,False,55.83644989132881
4850,2022-04-11 11:00:00,10,1,강원 정선 남,3.5,35.5806884765625,False,4.1040323078632355
4849,2022-04-11 12:00:00,10,2,경기 광주 nan,0.04,5.21290397644043,True,157.4446755349636
4848,2022-04-11 13:00:00,10,3,충북 영동 추풍령,0.2,22.123291015625,False,0.0
4844,2022-04-12 13:00:00,10,3,경북 고령 다산,7.7,61.80242919921875,False,3.3415276408195496
4845,2022-04-12 13:00:00,10,3,경기 화성 봉담,0.5,32.17395782470703,False,311.4582606256008
4835,2022-04-15 13:00:00,10,3,경기 양주 은현,0.01,,False,81.91137060523033
4833,2022-04-16 12:00:00,10,2,충남 예산 대술,0.08,39.24102783203125,False,4.667485475540161
4827,2022-04-17 12:00:00,10,2,강원 인제 남,0.2,18.538944244384766,True,13.464881420135498
4828,2022-04-17 12:00:00,10,2,전남 화순 화순,0.2,26.316774368286133,False,3.3415276408195496
4822,2022-04-18 11:00:00,10,1,경북 포항 남 호미곶,0.2,19.997806549072266,False,3.9659937024116516
4823,2022-04-18 11:00:00,10,1,경기 가평 상,0.46,67.1675796508789,True,26.5147887468338
4813,2022-04-19 13:00:00,10,3,대구 북 nan,0.25,11.98236083984375,True,1013.8366043269634
4814,2022-04-19 13:00:00,10,3,전북 장수 산서,0.1,60.947349548339844,False,8.401577770709991
4807,2022-04-20 11:00:00,10,1,경기 남양주 화도,0.5,43.507904052734375,True,60.36391827464104
4805,2022-04-20 13:00:00,10,3,대구 동 nan,0.08,91.10260009765625,False,56.5729455947876
4806,2022-04-20 13:00:00,10,3,강원 영월 북,9.7,3.097806930541992,False,3.1758301854133606
4796,2022-04-21 11:00:00,10,1,경기 시흥 nan,0.4,8.250382423400879,True,66.15417757630348
4797,2022-04-21 11:00:00,10,1,강원 양구 양구,0.01,0.009097817353904247,True,582.6293315291405
4795,2022-04-21 12:00:00,10,2,충남 부여 세도,0.2,66.6966323852539,False,41.47381740808487
4791,2022-04-22 12:00:00,10,2,충남 공주 신풍,1.0,55.707275390625,False,7.04228937625885
4789,2022-04-22 13:00:00,10,3,강원 양양 현북,69.21,61.67504119873047,True,10.65254721045494
4790,2022-04-22 13:00:00,10,3,경북 영주 이산,3.0,4.6018900871276855,True,19.840635299682617
4785,2022-04-23 11:00:00,10,1,충북 영동 학산,0.2,38.03354263305664,False,0.0
4784,2022-04-23 12:00:00,10,2,경기 양주 광적,0.01,,False,0.0
4778,2022-04-24 12:00:00,10,2,경기 양평 서종,0.2,75.07854461669922,True,15.76352772116661
4779,2022-04-24 12:00:00,10,2,충남 당진 정미,0.02,85.21472930908203,False,15.202658355236053
4765,2022-04-26 13:00:00,10,3,경기 포천 이동,0.16,2.301149606704712,False,3.5687025785446167
4764,2022-04-28 12:00:00,10,2,경기 가평 설악,0.01,2.9527764320373535,False,8.399144858121872
4761,2022-05-01 13:00:00,10,3,충남 금산 진산,0.3,59.700950622558594,True,29.883435547351837
4762,2022-05-01 13:00:00,10,3,경기 파주 적성,0.3,,False,33.68583220243454
4763,2022-05-01 13:00:00,10,3,전남 보성 겸백,0.65,82.63542175292969,False,0.0
4757,2022-05-03 11:00:00,10,1,경북 성주 수륜,0.5,8.868081092834473,True,46.45501482486725
4749,2022-05-05 12:00:00,10,2,충북 괴산 사리,0.05,28.266023635864258,False,8.877165108919144
4741,2022-05-09 11:00:00,10,1,강원 평창 대관령,0.05,14.974822044372559,False,0.0
4742,2022-05-09 11:00:00,10,1,전북 부안 위도,0.1,91.68525695800781,False,3.052818775177002
4740,2022-05-09 13:00:00,10,3,경북 영덕 남정,0.6,2.6714038848876953,False,122.66208186745644
4738,2022-05-12 12:00:00,10,2,경기 여주 점동,0.02,19.632095336914062,False,5.827619791030884
4737,2022-05-12 13:00:00,10,3,강원 횡성 안흥,0.15,19.462461471557617,True,16.817564845085144
4729,2022-05-15 11:00:00,10,1,경북 경주 nan,0.05,86.70874786376953,False,0.0
4730,2022-05-15 11:00:00,10,1,경기 가평 가평,0.04,2.3238792419433594,False,1480.8058604002
4721,2022-05-16 12:00:00,10,2,충북 제천 nan,0.01,34.92470169067383,False,0.0
4722,2022-05-16 12:00:00,10,2,충남 아산 음봉,0.05,24.03772735595703,False,37.634598046541214
4720,2022-05-16 13:00:00,10,3,전북 남원 송동,0.03,37.563507080078125,True,13.053964048624039
4716,2022-05-17 11:00:00,10,1,경기 가평 설악,0.08,41.96076583862305,False,4.156630039215088
4715,2022-05-17 12:00:00,10,2,충남 공주 정안,0.5,32.501949310302734,True,37.553043872117996
4714,2022-05-17 13:00:00,10,3,경기 과천 nan,4.0,0.005607835948467255,False,1598.0678956508636
4709,2022-05-18 13:00:00,10,3,충남 공주 우성,0.9,35.6922721862793,False,36.285012155771255
4700,2022-05-20 11:00:00,10,1,강원 정선 임계,2.0,47.98625183105469,False,3.9302127063274384
4698,2022-05-21 11:00:00,10,1,전북 무주 적상,0.2,20.94072723388672,False,0.0
4697,2022-05-21 12:00:00,10,2,경북 경주 현곡,0.03,39.78839874267578,False,5.132366895675659
4696,2022-05-21 13:00:00,10,3,경기 안성 죽산,2.0,41.42428207397461,True,11.436023890972137
4688,2022-05-22 12:00:00,10,2,충북 괴산 칠성,0.01,91.29557037353516,False,0.0
4687,2022-05-22 13:00:00,10,3,대구 수성 nan,0.1,24.10381507873535,False,7.237945199012756
4705,2022-05-23 13:00:00,10,3,경기 화성 서신,0.02,90.097900390625,True,36.92909914255142
4678,2022-05-25 12:00:00,10,2,울산 남 nan,0.01,49.40760040283203,False,2.0828215777873993
4664,2022-05-27 12:00:00,10,2,경남 함양 마천,0.1,61.97237777709961,True,37.96297341585159
4665,2022-05-27 12:00:00,10,2,경남 사천 축동,0.06,6.27518367767334,False,4.022252559661865
4666,2022-05-27 12:00:00,10,2,부산 금정 nan,0.01,63.56465530395508,False,0.0
4662,2022-05-28 12:00:00,10,2,경북 울진 근남,145.0,18.017803192138672,True,13.922116041183472
4659,2022-05-29 12:00:00,10,2,경남 사천 서포,0.1,12.004931449890137,False,12.949720591306686
4652,2022-05-31 12:00:00,10,2,대구 달성 하빈,4.0,22.26654815673828,True,20.785627394914627
4653,2022-05-31 12:00:00,10,2,경기 고양 덕양,0.01,70.04744720458984,True,237.97119623422623
4647,2022-06-01 12:00:00,10,2,경북 봉화 물야,0.5,32.501747131347656,False,5.261685401201248
4646,2022-06-01 13:00:00,10,3,충북 제천 백운,0.1,75.07538604736328,False,0.0
4638,2022-06-03 12:00:00,10,2,대전 서 nan,0.01,39.1302375793457,True,42.50193211436272
4634,2022-06-04 11:00:00,10,1,강원 강릉 왕산,0.06,66.77793884277344,False,2.775593250989914
4628,2022-06-20 13:00:00,10,3,강원 횡성 안흥,0.01,64.55987548828125,False,20.86674216389656
4625,2022-06-21 13:00:00,10,3,대구 동 nan,0.33,47.132225036621094,False,56.5729455947876
4626,2022-06-21 13:00:00,10,3,경북 영천 화남,0.2,22.603471755981445,False,0.0
4328,2023-02-01 14:00:00,11,3,경남 함안 대산,1.5,17.072980880737305,False,16.321557879447937
4327,2023-02-01 15:00:00,14,1,세종 연서 nan,0.04,67.78498077392578,False,5.0538259744644165
4326,2023-02-01 16:00:00,14,2,대전 유성 nan,0.03,25.84148597717285,False,2827.289643317461
4389,2023-02-03 15:00:00,14,1,경기 양평 청운,0.2,47.918182373046875,False,29.049078702926636
4388,2023-02-03 17:00:00,14,3,경기 여주 강천,0.95,69.11751556396484,False,0.0
4080,2023-02-05 14:00:00,11,3,전북 순창 팔덕,0.2,61.72231674194336,False,7.675010919570923
4081,2023-02-05 14:00:00,11,3,경기 광주 초월,0.03,42.27877426147461,True,28.546696692705154
4078,2023-02-05 15:00:00,14,1,전남 나주 문평,0.2,52.686126708984375,False,0.0
4079,2023-02-05 15:00:00,14,1,경남 김해 진영,0.1,8.123157501220703,False,223.9791424870491
5216,2023-02-06 13:00:00,11,2,전북 임실 성수,0.3,56.665225982666016,False,6.239451617002487
5217,2023-02-06 13:00:00,11,2,전북 익산 함라,0.1,66.7906723022461,False,7.080810993909836
5212,2023-02-07 13:00:00,11,2,경기 하남 nan,0.01,81.57463836669922,True,27.640577495098114
5211,2023-02-07 14:00:00,11,3,경남 거창 가북,0.02,6.770236968994141,False,6.126134008169174
5210,2023-02-07 15:00:00,14,1,경북 상주 이안,0.01,29.744007110595703,True,22.30859461426735
4073,2023-02-08 13:00:00,11,2,전남 고흥 점암,0.3,1.6949061155319214,False,24.45079657435417
4074,2023-02-08 13:00:00,11,2,경남 진주 수곡,0.5,2.3531272411346436,False,5.589155703783035
4072,2023-02-08 14:00:00,11,3,대전 서 nan,0.15,46.3576545715332,False,11.381839960813522
4071,2023-02-08 16:00:00,14,2,전남 장흥 유치,0.02,63.15543746948242,False,0.0
4384,2023-02-09 12:00:00,11,1,전북 완주 소양,0.4,49.14020919799805,True,10.796586871147156
4382,2023-02-10 12:00:00,11,1,경기 하남 nan,0.01,74.1100845336914,True,727.5935971736908
4380,2023-02-14 14:00:00,11,3,경기 시흥 nan,0.03,,False,2631.248045027256
4068,2023-02-15 15:00:00,14,1,세종 연기 nan,0.03,17.213685989379883,False,16.083120584487915
4069,2023-02-15 15:00:00,14,1,경기 용인 처인 백암,0.1,9.103402137756348,False,41.6350063085556
4379,2023-02-17 14:00:00,11,3,경기 고양 덕양,0.06,7.125218868255615,True,2423.1576302349567
4378,2023-02-19 17:00:00,14,3,경기 양평 양평,0.12,1.8802034854888916,False,133.93583807349205
4375,2023-02-20 12:00:00,11,1,경기 화성 비봉,0.3,0.11982350051403046,True,76.441774725914
4374,2023-02-20 13:00:00,11,2,서울 종로 nan,0.01,23.503488540649414,False,404.5056526660919
4372,2023-02-21 12:00:00,11,1,경북 문경 문경,0.5,0.0010794909903779626,False,2768.9457047581673
4370,2023-02-22 12:00:00,11,1,강원 삼척 도계,0.1,28.612449645996094,False,1.8443574905395508
4067,2023-02-23 12:00:00,11,1,강원 삼척 노곡,0.2,52.49699783325195,False,1.3592883944511414
4066,2023-02-23 13:00:00,11,2,울산 북 nan,0.03,11.485784530639648,False,1.9829968512058258
4065,2023-02-23 15:00:00,14,1,경북 봉화 명호,0.2,51.023223876953125,False,3.6407116055488586
4064,2023-02-23 16:00:00,14,2,경남 의령 유곡,0.5,54.91721725463867,False,2.7065300345420837
4368,2023-02-24 13:00:00,11,2,경북 울진 온정,0.06,49.82930374145508,False,0.0
4366,2023-02-24 14:00:00,11,3,전남 강진 칠량,0.05,91.47364044189453,False,0.9282021224498749
4367,2023-02-24 14:00:00,11,3,부산 기장 정관,3.0,32.282718658447266,False,2.5139078497886658
4365,2023-02-24 17:00:00,14,3,대전 서 nan,0.01,22.229148864746094,True,28.97555246949196
5206,2023-02-25 12:00:00,11,1,경기 화성 송산,0.09,59.44217300415039,True,46.24588295817375
5207,2023-02-25 12:00:00,11,1,경남 거창 북상,0.05,25.24929428100586,False,7.537129163742065
5208,2023-02-25 12:00:00,11,1,경기 여주 점동,0.6,21.86590003967285,True,34.485280245542526
5203,2023-02-25 13:00:00,11,2,경북 예천 은풍,0.1,51.22211837768555,False,11.133354425430298
5204,2023-02-25 13:00:00,11,2,충남 부여 세도,0.5,60.30333709716797,False,0.0
5205,2023-02-25 13:00:00,11,2,전남 순천 상사,0.1,48.36227798461914,False,8.638701021671295
5202,2023-02-25 14:00:00,11,3,경남 진주 대곡,0.5,33.06049346923828,False,0.9282021224498749
5201,2023-02-25 15:00:00,14,1,충남 부여 은산,1.0,52.13536834716797,False,5.595687597990036
5117,2023-02-26 12:00:00,11,1,전북 임실 삼계,0.2,81.6245346069336,False,6.8949258625507355
5113,2023-02-26 13:00:00,11,2,전남 순천 서,0.03,79.56233215332031,True,42.75425308942795
5114,2023-02-26 13:00:00,11,2,충북 단양 대강,0.1,68.82781219482422,False,6.463839590549469
5115,2023-02-26 13:00:00,11,2,경기 남양주 화도,0.33,17.208026885986328,True,149.80528554320335
5116,2023-02-26 13:00:00,11,2,전남 화순 이양,0.5,55.58746337890625,False,6.753340691328049
5107,2023-02-26 14:00:00,11,3,인천 강화 송해,0.6,,False,39.762558966875076
5108,2023-02-26 14:00:00,11,3,전북 군산 옥산,0.1,59.21752166748047,False,40.594490855932236
5109,2023-02-26 14:00:00,11,3,전북 임실 강진,0.5,73.59203338623047,True,37.86274391412735
5110,2023-02-26 14:00:00,11,3,경북 영천 화남,2.0,21.521102905273438,False,4.569514483213425
5111,2023-02-26 14:00:00,11,3,경기 안성 금광,0.1,46.70876693725586,False,8.24747720360756
5112,2023-02-26 14:00:00,11,3,광주 광산 nan,0.02,20.328439712524414,False,19.922990262508392
5106,2023-02-26 15:00:00,14,1,경기 시흥 nan,0.04,21.91642189025879,True,34.766889840364456
4058,2023-02-27 12:00:00,11,1,경남 함안 칠원,0.15,0.521723747253418,True,65.0153129696846
4059,2023-02-27 12:00:00,11,1,전북 익산 웅포,0.3,30.302915573120117,False,2.4860921502113342
4057,2023-02-27 13:00:00,11,2,강원 고성 현내,0.1,,False,0.0
4056,2023-02-27 15:00:00,14,1,충남 금산 복수,1.7,0.8810797333717346,True,47.11028325557709
4055,2023-02-27 17:00:00,14,3,경남 창녕 남지,8.0,14.34874439239502,True,23.966416001319885
5146,2023-02-28 14:00:00,11,3,전북 완주 비봉,1.0,66.55815124511719,False,5.488102734088898
5147,2023-02-28 14:00:00,11,3,경북 영천 화남,51.0,15.870438575744629,False,6.775382101535797
5148,2023-02-28 14:00:00,11,3,경북 성주 금수,9.1,45.95382308959961,False,0.0
5142,2023-02-28 15:00:00,14,1,경북 예천 풍양,37.0,51.451515197753906,True,19.210947394371033
5143,2023-02-28 15:00:00,14,1,경북 상주 은척,0.5,16.08648109436035,True,25.48442479968071
5144,2023-02-28 15:00:00,14,1,전북 익산 왕궁,0.8,62.38436508178711,False,2.968215435743332
5145,2023-02-28 15:00:00,14,1,전북 남원 사매,1.0,76.04847717285156,False,2.0490264296531677
5141,2023-02-28 16:00:00,14,2,전남 보성 율어,0.1,42.25197219848633,False,0.0
5139,2023-02-28 17:00:00,14,3,충남 공주 탄천,0.3,68.76179504394531,False,40.92859762907028
4362,2023-03-01 14:00:00,11,3,경기 고양 일산동,0.16,,False,57.53565350174904
4363,2023-03-01 14:00:00,11,3,전남 나주 동강,0.3,69.2733154296875,False,15.493180483579636
5131,2023-03-02 12:00:00,11,1,경기 화성 정남,0.43,44.673667907714844,False,476.30455300211906
5130,2023-03-02 13:00:00,11,2,경기 가평 청평,1.0,21.62684440612793,False,1.4851233959197998
5127,2023-03-02 15:00:00,14,1,전북 임실 성수,0.2,74.52141571044922,False,6.465868949890137
5128,2023-03-02 15:00:00,14,1,경북 김천 개령,10.0,19.477954864501953,False,12.449658930301666
5129,2023-03-02 15:00:00,14,1,전남 광양 봉강,1.0,48.81766891479492,False,3.971215546131134
5126,2023-03-02 16:00:00,14,2,충남 천안 동남 광덕,0.1,64.66851806640625,False,4.667485475540161
5125,2023-03-02 17:00:00,14,3,경기 안성 미양,0.66,62.440185546875,False,15.6611567735672
4047,2023-03-03 12:00:00,11,1,광주 광산 nan,0.08,54.197811126708984,False,862.4747361540794
4043,2023-03-03 14:00:00,11,3,경남 김해 nan,0.03,52.007591247558594,False,4.408833712339401
4044,2023-03-03 14:00:00,11,3,전남 순천 월등,47.0,68.81090545654297,False,0.0
4045,2023-03-03 14:00:00,11,3,경북 영양 영양,40.0,0.7943941354751587,False,807.3876737654209
4046,2023-03-03 14:00:00,11,3,충남 공주 신풍,2.0,28.61563491821289,False,20.810510009527206
4042,2023-03-03 17:00:00,14,3,경기 양평 용문,0.02,9.341914176940918,True,10.330298781394958
5240,2023-03-04 13:00:00,11,2,전남 화순 동,0.5,16.370960235595703,False,7.982538253068924
5241,2023-03-04 13:00:00,11,2,충남 부여 충화,0.3,55.5139274597168,True,15.104569971561432
5239,2023-03-04 14:00:00,11,3,충북 제천 봉양,0.2,42.509212493896484,True,23.324212700128555
5100,2023-03-05 12:00:00,11,1,경남 창녕 대합,0.05,29.31993293762207,False,11.589674592018127
5101,2023-03-05 12:00:00,11,1,전북 무주 무풍,0.3,18.534393310546875,False,9.30227193236351
5102,2023-03-05 12:00:00,11,1,경북 경산 남천,3.0,33.193687438964844,False,2.4860921502113342
5099,2023-03-05 13:00:00,11,2,충남 공주 탄천,0.9,61.99860382080078,True,12.285479933023453
5097,2023-03-05 14:00:00,11,3,전남 구례 산동,0.05,71.36576843261719,False,1.1546194553375244
5098,2023-03-05 14:00:00,11,3,전남 완도 신지,0.3,1.682187795639038,True,39.379394233226776
5096,2023-03-05 15:00:00,14,1,인천 남동 nan,0.01,35.31028366088867,True,13.393585681915283
5090,2023-03-06 12:00:00,11,1,전북 임실 임실,0.4,16.80368995666504,False,240.8219354748726
5087,2023-03-06 13:00:00,11,2,전남 장성 진원,0.5,29.05194854736328,False,4.692560523748398
5088,2023-03-06 13:00:00,11,2,강원 횡성 서원,0.15,57.79616165161133,False,3.6407116055488586
5089,2023-03-06 13:00:00,11,2,전남 고흥 풍양,0.2,16.54581642150879,False,0.0
5086,2023-03-06 14:00:00,11,3,경기 안성 죽산,2.0,19.358314514160156,False,517.9427198469639
5083,2023-03-06 15:00:00,14,1,경남 밀양 nan,0.2,20.916900634765625,False,0.0
5084,2023-03-06 15:00:00,14,1,경기 안성 보개,0.5,41.724700927734375,False,9.154619455337524
5085,2023-03-06 15:00:00,14,1,충북 충주 주덕,0.02,29.527677536010742,True,14.612525165081024
5080,2023-03-06 16:00:00,14,2,경북 안동 예안,0.12,80.77416229248047,False,3.69174861907959
5081,2023-03-06 16:00:00,14,2,강원 고성 죽왕,0.01,,False,120.31635132431984
5082,2023-03-06 16:00:00,14,2,충북 청주 청원 오창,0.3,21.36281967163086,False,9.515707284212112
5079,2023-03-06 17:00:00,14,3,경북 울진 금강송,0.8,18.636911392211914,True,45.83804342150688
5235,2023-03-07 12:00:00,11,1,충남 당진 면천,7.0,43.9533576965332,False,146.0270876288414
5234,2023-03-07 13:00:00,11,2,대구 수성 nan,0.5,43.27650451660156,True,536.566802918911
5233,2023-03-07 14:00:00,11,3,경북 칠곡 지천,0.03,35.4762077331543,False,0.0
5231,2023-03-07 15:00:00,14,1,부산 금정 nan,0.01,50.91462326049805,True,25.713875770568848
5232,2023-03-07 15:00:00,14,1,경남 산청 차황,1.0,58.28843307495117,False,0.0
5230,2023-03-07 17:00:00,14,3,충남 서천 서천,0.06,75.10279846191406,False,40.42449602484703
5225,2023-03-08 13:00:00,11,2,충남 부여 옥산,2.0,7.831410884857178,True,22.38599318265915
5222,2023-03-08 14:00:00,11,3,대구 북 nan,0.03,18.41581153869629,True,70.43224743008614
5223,2023-03-08 14:00:00,11,3,경남 합천 용주,163.0,9.722851753234863,True,23.906453728675842
5224,2023-03-08 14:00:00,11,3,경기 평택 안중,0.15,62.10792541503906,True,78.23088830709457
4415,2023-03-09 12:00:00,11,1,경기 용인 처인 백암,0.06,51.4597282409668,False,46.44353270530701
4414,2023-03-09 15:00:00,14,1,충남 논산 노성,0.1,18.40825653076172,True,15.37203249335289
4039,2023-03-10 12:00:00,11,1,경북 상주 공성,0.5,16.416030883789062,False,2.4860921502113342
4037,2023-03-10 13:00:00,11,2,전북 정읍 입암,1.0,7.7574052810668945,False,74.42998605966568
4038,2023-03-10 13:00:00,11,2,충북 청주 상당 낭성,1.0,23.25961685180664,False,1.8443574905395508
4036,2023-03-10 14:00:00,11,3,경기 남양주 별내,0.27,91.86972045898438,True,37.146401435136795
4035,2023-03-10 15:00:00,14,1,경남 함양 병곡,0.01,18.674440383911133,False,1.3592883944511414
5161,2023-03-11 12:00:00,11,1,강원 홍천 서,0.15,78.17987060546875,False,6.753340691328049
5160,2023-03-11 13:00:00,11,2,경남 하동 화개,91.0,15.26417350769043,False,1.1546194553375244
5155,2023-03-11 14:00:00,11,3,전북 남원 송동,0.3,39.92816162109375,False,0.6897380352020264
5156,2023-03-11 14:00:00,11,3,충남 공주 탄천,0.4,1.535987138748169,True,11.088608652353287
5157,2023-03-11 14:00:00,11,3,대구 남 nan,1.0,18.04986000061035,False,4429.964968621731
5158,2023-03-11 14:00:00,11,3,경기 안성 대덕,0.15,17.640798568725586,True,48.70479965209961
5159,2023-03-11 14:00:00,11,3,충남 천안 서북,0.1,36.8811149597168,False,3323.92152890563
5152,2023-03-11 15:00:00,14,1,광주 북 nan,4.0,5.918241500854492,True,1585.252681195736
5153,2023-03-11 15:00:00,14,1,경기 파주 조리,0.02,,False,100.86429101228714
5154,2023-03-11 15:00:00,14,1,충남 천안 동남 풍세,0.66,0.8824554085731506,False,98.56442856788635
4033,2023-03-12 14:00:00,11,3,경기 안양 만안,0.01,98.20962524414062,True,56.98960515856743
4031,2023-03-14 12:00:00,11,1,충북 보은 탄부,0.01,6.038796901702881,True,26.691641986370087
4032,2023-03-14 12:00:00,11,1,경북 예천 개포,0.1,8.58522891998291,False,7.1778950691223145
4026,2023-03-14 13:00:00,11,2,경기 여주 가남,1.93,1.540993571281433,False,5.454307585954666
4027,2023-03-14 13:00:00,11,2,전북 남원 대강,0.3,36.78173828125,False,9.978734970092773
4028,2023-03-14 13:00:00,11,2,충북 옥천 청성,0.06,18.368621826171875,False,0.6897380352020264
4029,2023-03-14 13:00:00,11,2,강원 홍천 영귀미,0.16,12.227296829223633,True,27.9939326941967
4030,2023-03-14 13:00:00,11,2,경기 파주 파주,0.03,,False,2319.947680771351
4024,2023-03-14 14:00:00,11,3,경남 거제 둔덕,0.04,90.848388671875,False,7.973525136709213
4025,2023-03-14 14:00:00,11,3,충남 금산 부리,3.0,20.287559509277344,True,14.407856225967407
5277,2023-03-14 16:00:00,14,2,경기 양주 백석,0.01,,False,235.52440786361694
5195,2023-03-16 12:00:00,11,1,전남 진도 의신,0.3,98.5203857421875,False,2.9171784222126007
5196,2023-03-16 12:00:00,11,1,부산 연제 nan,0.01,83.67066955566406,True,216.14853447675705
5194,2023-03-16 14:00:00,11,3,경북 상주 외남,86.0,45.94862747192383,False,0.0
4359,2023-03-18 12:00:00,11,1,충북 제천 청풍,0.2,8.039756774902344,False,7.392041712999344
4360,2023-03-18 12:00:00,11,1,경기 여주 북내,0.07,11.966355323791504,True,32.698452204465866
4357,2023-03-18 13:00:00,11,2,전북 완주 용진,3.0,40.078163146972656,False,8.106854796409607
4358,2023-03-18 13:00:00,11,2,충남 예산 예산,2.0,0.6199892163276672,False,1196.7713114321232
4353,2023-03-18 14:00:00,11,3,전남 화순 청풍,3.0,68.29236602783203,False,0.0
4354,2023-03-18 14:00:00,11,3,충북 옥천 청성,0.3,36.90128707885742,False,1.3592883944511414
4355,2023-03-18 14:00:00,11,3,충북 영동 심천,10.0,37.611473083496094,False,2.775593250989914
4356,2023-03-18 14:00:00,11,3,충북 제천 한수,0.1,31.039400100708008,False,0.0
4351,2023-03-18 15:00:00,14,1,강원 정선 화암,0.8,69.83898162841797,False,7.432885706424713
4352,2023-03-18 15:00:00,14,1,충남 보령 미산,2.0,48.66902160644531,False,3.7636007964611053
4349,2023-03-18 16:00:00,14,2,경북 성주 선남,0.1,35.27371597290039,True,33.987819135189056
4350,2023-03-18 16:00:00,14,2,강원 평창 진부,15.0,73.421142578125,False,0.0
5275,2023-03-19 12:00:00,11,1,충북 제천 백운,0.1,55.395084381103516,False,2.4860921502113342
5274,2023-03-19 14:00:00,11,3,경북 영천 청통,1.5,50.33063507080078,True,24.483456045389175
5272,2023-03-19 16:00:00,14,2,경기 양평 개군,0.05,3.7145743370056152,True,21.552420735359192
4424,2023-03-20 12:00:00,11,1,부산 부산진 nan,0.03,72.82876586914062,True,2599.9695612490177
4425,2023-03-20 12:00:00,11,1,전북 임실 오수,1.0,23.710500717163086,False,3.43309685587883
4420,2023-03-20 13:00:00,11,2,전북 장수 장계,0.1,0.9534378051757812,False,3.971215546131134
4421,2023-03-20 13:00:00,11,2,충남 서천 마산,12.0,28.863943099975586,False,0.9282021224498749
4422,2023-03-20 13:00:00,11,2,전남 고흥 영남,0.1,71.42259979248047,False,1.9162096679210663
4423,2023-03-20 13:00:00,11,2,충남 서천 판교,0.03,68.85231018066406,False,0.0
4419,2023-03-20 14:00:00,11,3,충남 천안 동남 목천,0.1,4.4058637619018555,True,63.41314175724983
5263,2023-03-21 12:00:00,11,1,경남 산청 생비량,2.0,43.73778533935547,False,3.6407116055488586
5264,2023-03-21 12:00:00,11,1,울산 울주 두동,1.2,80.20028686523438,False,6.465868949890137
5266,2023-03-21 12:00:00,11,1,전남 광양 진상,0.3,25.20029640197754,False,0.0
5267,2023-03-21 12:00:00,11,1,경북 안동 도산,10.0,18.300806045532227,False,7.584663897752762
5262,2023-03-21 13:00:00,11,2,경북 영덕 남정,0.5,3.8901443481445312,False,0.0
5258,2023-03-21 14:00:00,11,3,경기 시흥 nan,0.02,1.762667179107666,False,81.31655123829842
5260,2023-03-21 14:00:00,11,3,강원 양구 방산,0.3,,False,0.0
5257,2023-03-21 15:00:00,14,1,강원 원주 소초,0.5,16.778039932250977,False,0.0
5256,2023-03-21 16:00:00,14,2,강원 고성 간성,0.01,,False,5.982028096914291
5255,2023-03-21 17:00:00,14,3,경기 여주 점동,0.02,8.164934158325195,False,0.6897380352020264
4341,2023-03-22 12:00:00,11,1,충남 태안 소원,0.2,76.48626708984375,False,9.056047707796097
4342,2023-03-22 12:00:00,11,1,경북 상주 공성,0.5,23.3934326171875,False,28.287164002656937
4343,2023-03-22 12:00:00,11,1,충북 단양 적성,1.0,20.87599754333496,False,0.0
4344,2023-03-22 12:00:00,11,1,강원 양구 국토정중앙,0.5,,False,0.0
4340,2023-03-22 14:00:00,11,3,전북 익산 여산,0.5,31.23504638671875,True,18.994231700897217
4339,2023-03-22 15:00:00,14,1,인천 옹진 북도,0.03,10.508116722106934,False,9.056805312633514
4337,2023-03-22 17:00:00,14,3,강원 화천 간동,0.05,2.438352108001709,True,33.33594369888306
4334,2023-03-24 12:00:00,11,1,경기 남양주 와부,0.03,6.2619428634643555,False,0.6897380352020264
4333,2023-03-24 15:00:00,14,1,경기 고양 덕양,0.01,,False,3082.20324036479
4131,2023-03-25 13:00:00,11,2,경기 포천 nan,0.07,,False,2.4860921502113342
4130,2023-03-25 16:00:00,14,2,충남 보령 미산,0.04,13.254240989685059,False,2.4140831232070923
4329,2023-03-26 14:00:00,11,3,강원 홍천 영귀미,1.2,9.668302536010742,False,8.134377479553223
4330,2023-03-26 14:00:00,11,3,경기 양주 백석,0.04,,False,235.52440786361694
4331,2023-03-26 14:00:00,11,3,인천 강화 화도,22.0,22.3070011138916,True,17.85232874751091
4129,2023-03-27 12:00:00,11,1,전북 진안 마령,1.0,42.25004959106445,False,8.877922713756561
4128,2023-03-27 13:00:00,11,2,충남 금산 추부,0.03,34.54051208496094,False,7.4710995852947235
4127,2023-03-27 14:00:00,11,3,강원 철원 서,0.5,,False,7.982538253068924
5189,2023-03-28 14:00:00,11,3,경남 합천 용주,0.01,37.8889274597168,False,4.487133979797363
5190,2023-03-28 14:00:00,11,3,경기 의왕 nan,0.02,2.770477533340454,False,869.6851608157158
5191,2023-03-28 14:00:00,11,3,강원 철원 갈말,0.01,,False,6.25870606303215
5187,2023-03-28 15:00:00,14,1,충북 옥천 동이,0.1,12.613808631896973,True,18.701801538467407
5188,2023-03-28 15:00:00,14,1,충남 보령 남포,0.04,59.199954986572266,False,13.542737871408463
5186,2023-03-28 16:00:00,14,2,충남 당진 송산,0.3,26.78159523010254,False,21.620120406150818
5020,2023-03-29 13:00:00,11,2,경남 거제 하청,0.5,77.82521057128906,False,29.42298087477684
5018,2023-03-29 14:00:00,11,3,경기 여주 흥천,0.72,1.5519704818725586,True,15.188713610172272
5019,2023-03-29 14:00:00,11,3,충남 아산 둔포,0.01,23.633895874023438,False,855.8261969089508
5017,2023-03-29 16:00:00,14,2,강원 평창 진부,0.3,0.285023033618927,True,405.6749697327614
5182,2023-03-30 12:00:00,11,1,강원 화천 화천,68.0,1.1069351434707642,False,749.9757334589958
5183,2023-03-30 12:00:00,11,1,강원 강릉 연곡,0.4,48.4677734375,True,12.769456952810287
5179,2023-03-30 13:00:00,11,2,경남 거창 웅양,0.05,58.83890914916992,False,0.0
5180,2023-03-30 13:00:00,11,2,인천 서 nan,0.33,16.050960540771484,False,130.02239924669266
5181,2023-03-30 13:00:00,11,2,충북 제천 봉양,21.0,52.45552062988281,False,2.4860921502113342
5176,2023-03-30 14:00:00,11,3,경기 연천 연천,0.3,,False,288.2027533054352
5177,2023-03-30 14:00:00,11,3,강원 평창 진부,0.02,0.40470895171165466,True,405.6749697327614
5178,2023-03-30 14:00:00,11,3,경기 포천 영북,29.0,,False,1.1208243072032928
5175,2023-03-30 15:00:00,14,1,경기 화성 매송,0.11,15.74087905883789,False,8.134377479553223
5174,2023-03-30 16:00:00,14,2,강원 횡성 청일,0.7,91.17365264892578,False,8.871185660362244
5074,2023-03-31 12:00:00,11,1,전남 순천 황전,0.5,48.43489456176758,False,16.697709292173386
5075,2023-03-31 12:00:00,11,1,경북 경주 강동,0.27,63.86301803588867,False,45.850196808576584
5073,2023-03-31 13:00:00,11,2,경기 용인 처인 양지,0.16,15.287519454956055,True,25.44736537337303
5071,2023-03-31 14:00:00,11,3,강원 원주 nan,1.0,1.377988576889038,True,827.2292950153351
5072,2023-03-31 14:00:00,11,3,경북 경주 안강,0.22,40.81813049316406,False,0.9282021224498749
5069,2023-03-31 15:00:00,14,1,강원 홍천 두촌,0.8,19.816303253173828,False,0.0
5070,2023-03-31 15:00:00,14,1,경남 함양 안의,0.1,22.833711624145508,True,19.241796761751175
5068,2023-03-31 16:00:00,14,2,경기 광주 남한산성,0.01,5.049238681793213,True,58.0098711848259
4181,2023-04-01 12:00:00,11,1,경기 화성 양감,0.33,6.639472007751465,True,75.19917216897011
4180,2023-04-01 13:00:00,11,2,강원 춘천 사북,0.26,6.966660976409912,False,1.3592883944511414
4179,2023-04-01 16:00:00,14,2,전남 해남 옥천,0.3,91.93896484375,False,9.757832497358322
4177,2023-04-01 17:00:00,14,3,충남 서천 기산,0.1,56.30934143066406,True,13.80221027135849
4178,2023-04-01 17:00:00,14,3,경기 광주 곤지암,0.06,6.814828395843506,False,2.9111989736557007
4159,2023-04-02 12:00:00,11,1,충남 금산 복수,889.36,28.46221351623535,True,27.5582332611084
4160,2023-04-02 12:00:00,11,1,충북 제천 청풍,0.2,31.59456443786621,False,0.0
4161,2023-04-02 12:00:00,11,1,경기 양평 옥천,1.5,3.8062422275543213,True,48.58032155036926
4157,2023-04-02 13:00:00,11,2,충남 보령 청라,70.0,26.776281356811523,False,43.127728283405304
4158,2023-04-02 13:00:00,11,2,충남 서산 성연,4.0,66.55216979980469,False,129.84622848033905
4125,2023-04-02 14:00:00,11,3,경기 연천 백학,1.0,,False,0.0
4126,2023-04-02 14:00:00,11,3,경북 성주 용암,0.5,49.462703704833984,False,1.1546194553375244
4155,2023-04-02 14:00:00,11,3,전북 김제 금구,0.05,13.126042366027832,False,51.34246888756752
4156,2023-04-02 14:00:00,11,3,경기 시흥 nan,0.03,40.737403869628906,True,1687.57651668787
4119,2023-04-02 15:00:00,14,1,충남 홍성 금마,0.16,8.759783744812012,False,28.01039817929268
4120,2023-04-02 15:00:00,14,1,전남 강진 대구,0.1,84.939697265625,False,0.0
4121,2023-04-02 15:00:00,14,1,전북 고창 상하,4.0,51.91488265991211,False,21.071055054664612
4122,2023-04-02 15:00:00,14,1,강원 철원 동송,0.7,,False,3.971215546131134
4123,2023-04-02 15:00:00,14,1,충남 부여 세도,15.0,1.7832320928573608,False,7.605947703123093
4124,2023-04-02 15:00:00,14,1,강원 원주 지정,1.0,3.2169549465179443,True,15.726141780614853
4117,2023-04-02 16:00:00,14,2,전남 고흥 금산,2.0,86.86166381835938,False,0.0
4118,2023-04-02 16:00:00,14,2,전북 정읍 산외,1.5,49.74311447143555,False,6.755821913480759
4116,2023-04-02 17:00:00,14,3,경남 함양 안의,0.02,28.7982234954834,True,19.241796761751175
4110,2023-04-03 12:00:00,11,1,전남 함평 대동,475.0,54.656558990478516,False,0.0
4111,2023-04-03 12:00:00,11,1,경기 남양주 와부,27.0,3.5239617824554443,False,5.484912246465683
4107,2023-04-03 13:00:00,11,2,충남 아산 선장,0.07,21.500364303588867,False,31.28379586338997
4108,2023-04-03 13:00:00,11,2,강원 영월 김삿갓,0.5,27.5701961517334,False,1.847391128540039
4109,2023-04-03 13:00:00,11,2,전남 순천 송광,190.0,51.29351806640625,False,1.9829968512058258
4104,2023-04-03 14:00:00,11,3,경기 용인 처인 양지,0.66,1.7193447351455688,False,8.051574677228928
4105,2023-04-03 14:00:00,11,3,경북 영주 평은,210.0,46.22770690917969,False,2.4860921502113342
4106,2023-04-03 14:00:00,11,3,경기 광주 초월,0.8,0.23844146728515625,True,39.77703058719635
4103,2023-04-03 17:00:00,14,3,충남 금산 남이,2.5,1.5271481275558472,True,15.266411870718002
4185,2023-04-04 14:00:00,11,3,전남 함평 손불,0.5,82.17142486572266,False,1.1208243072032928
4184,2023-04-04 15:00:00,14,1,충남 서천 비인,0.22,37.92368698120117,False,5.462870836257935
3985,2023-04-09 12:00:00,11,1,경기 연천 신서,0.01,,False,1.847391128540039
3984,2023-04-09 14:00:00,11,3,강원 평창 미탄,0.5,39.113582611083984,False,0.0
3983,2023-04-09 17:00:00,14,3,울산 동 nan,0.01,25.744874954223633,True,269.3893388211727
4101,2023-04-10 14:00:00,11,3,경기 화성 향남,0.13,41.91504669189453,False,85.77509915828705
4192,2023-04-11 16:00:00,14,2,경북 경주 외동,0.04,9.56561279296875,True,11.918147176504135
4439,2023-04-12 12:00:00,11,1,경기 과천 nan,0.01,10.064690589904785,False,1598.0678956508636
4204,2023-04-12 13:00:00,11,2,전남 장흥 안양,0.1,92.64187622070312,True,36.55008363723755
4205,2023-04-12 13:00:00,11,2,전남 장성 북하,0.1,38.649925231933594,False,5.742335766553879
4203,2023-04-12 16:00:00,14,2,인천 옹진 백령,0.16,,False,0.0
3954,2023-04-13 13:00:00,11,2,울산 울주 두서,0.2,89.29295349121094,False,31.54149556159973
3955,2023-04-13 13:00:00,11,2,경남 함양 서하,0.03,56.491485595703125,True,12.774896711111069
3956,2023-04-13 13:00:00,11,2,경북 문경 호계,2.0,11.759603500366211,False,0.0
3953,2023-04-13 14:00:00,11,3,충북 제천 덕산,0.01,43.91349792480469,False,0.0
3950,2023-04-14 13:00:00,11,2,경남 함양 유림,0.04,49.79924774169922,False,2.5139078497886658
4100,2023-04-16 12:00:00,11,1,대구 달서 nan,0.01,,False,7117.688095718622
4099,2023-04-16 13:00:00,11,2,강원 정선 신동,0.01,0.391649454832077,True,24.90758067369461
3970,2023-04-20 14:00:00,11,3,경북 청송 주왕산,0.5,49.63361358642578,False,2.7065300345420837
3948,2023-04-22 15:00:00,14,1,경기 연천 군남,0.1,,False,1.3592883944511414
3947,2023-04-22 16:00:00,14,2,충남 부여 내산,0.33,19.786985397338867,False,27.728700816631317
3959,2023-04-22 17:00:00,14,3,전남 장흥 부산,0.01,0.7485449910163879,False,15.932170987129211
4199,2023-04-24 13:00:00,11,2,경남 진주 대곡,0.05,43.63029479980469,True,21.10994002223015
4198,2023-04-24 16:00:00,14,2,경남 양산 원동,0.06,81.65461730957031,False,2.844411790370941
4196,2023-04-27 14:00:00,11,3,충남 서산 대산,0.03,82.02317810058594,True,97.91971617937088
4195,2023-04-27 17:00:00,14,3,경기 시흥 nan,0.01,2.019326686859131,True,190.19749066233635
4096,2023-04-28 14:00:00,11,3,경기 여주 흥천,0.03,7.97727632522583,True,11.215692639350891
4095,2023-04-28 15:00:00,14,1,충북 청주 상당 미원,0.8,53.7115478515625,False,16.697709292173386
4398,2023-05-03 12:00:00,11,1,충남 부여 홍산,3.0,24.092472076416016,True,15.501685470342636
4403,2023-05-03 12:00:00,11,1,강원 양구 국토정중앙,2.0,63.97277069091797,False,0.0
4397,2023-05-03 13:00:00,11,2,강원 영월 김삿갓,1.4,32.18339157104492,False,0.0
4396,2023-05-03 14:00:00,11,3,경기 연천 전곡,0.1,,False,3.760567158460617
4395,2023-05-03 16:00:00,14,2,강원 영월 한반도,0.2,0.3375730514526367,True,91.9071826338768
3964,2023-05-04 15:00:00,14,1,강원 정선 화암,1.0,25.1839656829834,False,0.0
3965,2023-05-04 15:00:00,14,1,충북 영동 학산,0.02,50.09429168701172,False,7.0485765635967255
3981,2023-05-10 12:00:00,11,1,강원 화천 사내,0.1,22.786865234375,False,6.778171062469482
3980,2023-05-10 16:00:00,14,2,경기 연천 전곡,0.01,,False,1.847391128540039
3978,2023-05-12 13:00:00,11,2,경남 합천 가야,0.01,43.62685012817383,False,9.878133863210678
3969,2023-05-16 13:00:00,11,2,세종 nan nan,0.13,0.001069638878107071,False,384.7236293256283
3967,2023-05-16 14:00:00,11,3,충남 청양 장평,0.03,19.532407760620117,False,1.585705727338791
4092,2023-05-17 16:00:00,14,2,세종 nan nan,0.02,0.06815812736749649,False,384.7236293256283
4090,2023-05-23 13:00:00,11,2,경북 청도 이서,0.01,24.540964126586914,False,36.65110978484154
4089,2023-05-23 14:00:00,11,3,경기 고양 덕양,0.1,26.810083389282227,False,211.2426454424858
4087,2023-05-23 16:00:00,14,2,강원 횡성 서원,0.8,13.163296699523926,False,9.86541736125946
4088,2023-05-23 16:00:00,14,2,경기 의정부 nan,0.02,17.974950790405273,False,0.0
3975,2023-05-25 12:00:00,11,1,전북 장수 장계,0.05,28.229373931884766,True,20.497195690870285
3974,2023-05-25 14:00:00,11,3,경기 포천 영중,0.03,3.2045252323150635,True,11.61809104681015
4191,2023-05-26 15:00:00,14,1,강원 원주 소초,0.05,4.381272315979004,False,8.043101280927658
3972,2023-05-27 12:00:00,11,1,강원 정선 정선,0.04,0.12585103511810303,False,333.2257869541645
3962,2023-06-03 16:00:00,14,2,경기 포천 이동,0.01,27.847442626953125,False,108.70481595396996
3961,2023-06-12 15:00:00,14,1,충남 논산 양촌,0.02,8.791760444641113,False,115.24014580249786
3960,2023-06-13 12:00:00,11,1,충남 천안 동남 병천,0.06,7.707076549530029,True,15.535260736942291
4413,2023-06-14 13:00:00,11,2,경남 하동 화개,0.03,33.74563217163086,False,6.465868949890137
4412,2023-06-15 16:00:00,14,2,전북 남원 산동,0.05,28.657203674316406,False,0.0
4411,2023-06-18 12:00:00,11,1,강원 양양 현남,0.05,63.844886779785156,False,9.500873565673828
4410,2023-06-18 16:00:00,14,2,경남 함안 군북,0.05,49.22161102294922,False,7.725332617759705
4406,2023-06-19 13:00:00,11,2,전북 장수 계북,0.05,11.529085159301758,False,51.64009007811546
4404,2023-06-19 14:00:00,11,3,강원 춘천 남산,0.06,30.88423728942871,False,2.844411790370941
4405,2023-06-19 14:00:00,11,3,충북 보은 내북,0.1,29.82360076904297,True,12.08657056093216
4189,2023-06-20 15:00:00,14,1,서울 관악 nan,0.01,53.9720458984375,True,70.43178677558899
4387,2023-02-04 10:00:00,8,2,부산 기장 일광,0.5,13.093612670898438,False,5.724133938550949
4386,2023-02-04 11:00:00,8,3,전남 순천 nan,0.1,61.35297393798828,True,24.551222056150436
5218,2023-02-06 11:00:00,8,3,전남 진도 조도,0.1,80.49101257324219,False,0.0
5213,2023-02-07 09:00:00,8,1,경기 양평 양서,0.01,85.90752410888672,True,64.49523928761482
4435,2023-02-17 11:00:00,8,3,세종 연서 nan,0.5,15.208125114440918,True,38.07156988978386
4376,2023-02-20 11:00:00,8,3,경북 군위 소보,0.1,19.070018768310547,False,1.1546194553375244
4373,2023-02-21 11:00:00,8,3,경기 시흥 nan,0.07,13.835296630859375,True,434.7430150806904
4371,2023-02-22 11:00:00,8,3,충북 청주 상당 문의,2.1,35.27048110961914,False,0.0
5209,2023-02-25 10:00:00,8,2,경북 안동 일직,0.3,62.106895446777344,False,0.0
5118,2023-02-26 11:00:00,8,3,강원 홍천 서석,0.2,53.11437225341797,True,16.04234367609024
5119,2023-02-26 11:00:00,8,3,전북 군산 nan,0.02,57.11479187011719,True,20.597560107707977
5120,2023-02-26 11:00:00,8,3,세종 금남 nan,0.03,15.21721076965332,False,67.78787258267403
4062,2023-02-27 10:00:00,8,2,충남 홍성 홍동,0.01,58.043373107910156,False,26.18180963397026
4060,2023-02-27 11:00:00,8,3,경북 상주 함창,0.2,13.88794231414795,False,1.3592883944511414
4061,2023-02-27 11:00:00,8,3,경북 포항 구룡포,0.1,87.44857025146484,False,3.7636007964611053
5133,2023-03-02 09:00:00,8,1,전남 여수 nan,0.02,6.356226921081543,False,3717.928701341152
5134,2023-03-02 09:00:00,8,1,광주 광산 nan,0.3,31.428754806518555,False,862.4747361540794
5132,2023-03-02 11:00:00,8,3,전남 담양 용,0.5,59.94804382324219,True,20.38798499107361
4049,2023-03-03 10:00:00,8,2,충남 홍성 홍동,0.03,53.26399230957031,False,14.884219944477081
4050,2023-03-03 10:00:00,8,2,충남 부여 충화,0.09,32.667579650878906,False,9.000968754291534
4048,2023-03-03 11:00:00,8,3,충남 태안 태안,0.1,77.67376708984375,False,1347.377712637186
5242,2023-03-04 10:00:00,8,2,대전 서 nan,0.01,50.97246170043945,False,24.05584254860878
5103,2023-03-05 11:00:00,8,3,광주 광산 nan,0.05,34.50676345825195,False,862.4747361540794
5093,2023-03-06 09:00:00,8,1,경남 합천 가야,0.02,7.648036479949951,False,0.6897380352020264
5092,2023-03-06 10:00:00,8,2,경북 청송 파천,3.0,79.08055114746094,False,0.0
5091,2023-03-06 11:00:00,8,3,전남 무안 몽탄,0.26,51.80565643310547,True,10.034571528434753
5226,2023-03-08 10:00:00,8,2,전남 화순 백아,2.0,29.226377487182617,False,5.692771673202515
5227,2023-03-08 10:00:00,8,2,대구 동 nan,0.3,0.0136710898950696,False,56.5729455947876
4416,2023-03-09 10:00:00,8,2,충북 보은 산외,1.0,15.215118408203125,True,14.506853014230728
5162,2023-03-11 11:00:00,8,3,충북 괴산 청천,0.3,17.042621612548828,True,11.796372890472412
5163,2023-03-11 11:00:00,8,3,충남 천안 동남,1.3,56.584102630615234,False,524.0182716846466
5122,2023-03-13 09:00:00,8,1,전남 화순 이양,0.03,90.859130859375,False,2.9171784222126007
5197,2023-03-16 11:00:00,8,3,경남 밀양 무안,0.2,24.66983413696289,False,4.138428211212158
4361,2023-03-18 11:00:00,8,3,전북 완주 용진,0.7,7.302631378173828,True,50.737804502248764
5269,2023-03-21 10:00:00,8,2,경기 파주 탄현,0.01,,False,15.44580465555191
5268,2023-03-21 11:00:00,8,3,전남 영광 염산,0.1,96.19696807861328,False,72.7661241889
4345,2023-03-22 11:00:00,8,3,전북 무주 무풍,0.1,72.08085632324219,False,9.37503856420517
4346,2023-03-22 11:00:00,8,3,전북 완주 소양,0.2,41.62246322631836,True,19.795929074287415
4335,2023-03-24 11:00:00,8,3,경기 남양주 nan,0.01,16.698068618774414,True,939.1995981633663
5185,2023-03-30 10:00:00,8,2,경기 여주 가남,0.02,33.455047607421875,False,41.19038361310959
5184,2023-03-30 11:00:00,8,3,경북 경주 산내,0.7,37.67522430419922,False,6.463839590549469
5077,2023-03-31 09:00:00,8,1,세종 부강 nan,0.01,36.26876449584961,False,19.037819147109985
5076,2023-03-31 11:00:00,8,3,전북 순창 팔덕,0.1,39.770538330078125,False,29.125690191984177
4182,2023-04-01 11:00:00,8,3,경남 산청 삼장,0.1,26.984651565551758,False,1.1546194553375244
4171,2023-04-02 09:00:00,8,1,충남 천안 목천,1.1,72.46749877929688,False,45.84929645061493
4172,2023-04-02 09:00:00,8,1,충남 천안 동남 북,1.2,24.308198928833008,False,4.156630039215088
4170,2023-04-02 10:00:00,8,2,경기 화성 송산,0.19,79.7025375366211,False,87.35272693634033
4162,2023-04-02 11:00:00,8,3,경기 남양주 와부,3.86,51.8912239074707,True,13.377861052751541
4163,2023-04-02 11:00:00,8,3,서울 종로 nan,6.0,33.70779037475586,True,534.291251629591
4164,2023-04-02 11:00:00,8,3,경북 군위 소보,35.0,20.965473175048828,False,5.482123285531998
4165,2023-04-02 11:00:00,8,3,충북 옥천 군북,25.0,74.50601196289062,False,80.18419894576073
4166,2023-04-02 11:00:00,8,3,충남 당진 대호지,68.0,49.77946853637695,False,8.487079679965973
4167,2023-04-02 11:00:00,8,3,경북 포항 북 송라,0.1,23.79629898071289,False,0.0
4168,2023-04-02 11:00:00,8,3,경기 양평 지평,3.0,42.1629753112793,False,8.817583620548248
4169,2023-04-02 11:00:00,8,3,충남 홍성 서부,1454.0,10.851759910583496,False,7.3324602246284485
4186,2023-04-04 11:00:00,8,3,경기 화성 남양,0.09,21.909616470336914,False,555.2082707285881
4393,2023-04-12 11:00:00,8,3,충남 금산 남일,0.01,5.526477813720703,False,1.1208243072032928
3957,2023-04-13 10:00:00,8,2,충북 영동 영동,0.01,0.27212703227996826,False,2221.5408229529858
3971,2023-04-17 11:00:00,8,3,경북 안동 일직,1.2,11.986879348754883,False,5.1258350014686584
3949,2023-04-22 10:00:00,8,2,충남 태안 안면,0.01,15.76195240020752,True,29.402250349521637
4409,2023-04-23 09:00:00,8,1,강원 원주 소초,0.1,15.32254409790039,False,21.890331476926804
4408,2023-04-23 10:00:00,8,2,경남 거제 거제,0.01,43.00871658325195,False,2214.575823098421
4200,2023-04-24 10:00:00,8,2,전북 군산 nan,0.01,3.798206329345703,True,604.805837392807
3982,2023-04-26 11:00:00,8,3,세종 nan nan,0.1,0.002139683812856674,False,384.7236293256283
4197,2023-04-27 11:00:00,8,3,전북 진안 동향,1.0,13.297600746154785,False,5.197931885719299
4097,2023-04-28 11:00:00,8,3,전북 정읍 옹동,0.3,38.49077224731445,False,21.890306025743484
4194,2023-05-02 11:00:00,8,3,충남 서산 지곡,0.1,83.7676010131836,False,2.5139078497886658
3966,2023-05-04 11:00:00,8,3,부산 연제 nan,0.01,60.0952262878418,True,216.14853447675705
3979,2023-05-12 09:00:00,8,1,부산 연제 nan,0.01,40.91041564941406,True,1151.5460263192654
4094,2023-05-17 10:00:00,8,2,충남 당진 nan,0.5,37.34878158569336,True,47.734194844961166
4093,2023-05-17 11:00:00,8,3,강원 평창 대화,0.3,20.106914520263672,True,52.56916406750679
3976,2023-05-24 11:00:00,8,3,경북 문경 nan,0.02,63.16730499267578,False,0.0
4386,2023-02-04 11:00:00,10,1,전남 순천 nan,0.1,10.977327346801758,True,24.551222056150436
5218,2023-02-06 11:00:00,10,1,전남 진도 조도,0.1,84.14488983154297,False,0.0
5216,2023-02-06 13:00:00,10,3,전북 임실 성수,0.3,82.48257446289062,False,6.239451617002487
5217,2023-02-06 13:00:00,10,3,전북 익산 함라,0.1,51.02957534790039,False,7.080810993909836
5212,2023-02-07 13:00:00,10,3,경기 하남 nan,0.01,74.14617919921875,True,27.640577495098114
4073,2023-02-08 13:00:00,10,3,전남 고흥 점암,0.3,9.653642654418945,False,24.45079657435417
4074,2023-02-08 13:00:00,10,3,경남 진주 수곡,0.5,2.0878539085388184,False,5.589155703783035
4384,2023-02-09 12:00:00,10,2,전북 완주 소양,0.4,47.5257682800293,True,10.796586871147156
4382,2023-02-10 12:00:00,10,2,경기 하남 nan,0.01,68.24827575683594,True,727.5935971736908
4435,2023-02-17 11:00:00,10,1,세종 연서 nan,0.5,14.987760543823242,True,38.07156988978386
4376,2023-02-20 11:00:00,10,1,경북 군위 소보,0.1,20.410476684570312,False,1.1546194553375244
4375,2023-02-20 12:00:00,10,2,경기 화성 비봉,0.3,0.025907784700393677,True,76.441774725914
4374,2023-02-20 13:00:00,10,3,서울 종로 nan,0.01,13.932991027832031,False,404.5056526660919
4373,2023-02-21 11:00:00,10,1,경기 시흥 nan,0.07,5.161586284637451,True,434.7430150806904
4372,2023-02-21 12:00:00,10,2,경북 문경 문경,0.5,0.004048091359436512,False,2768.9457047581673
4371,2023-02-22 11:00:00,10,1,충북 청주 상당 문의,2.1,41.70640563964844,False,0.0
4370,2023-02-22 12:00:00,10,2,강원 삼척 도계,0.1,54.16831970214844,False,1.8443574905395508
4067,2023-02-23 12:00:00,10,2,강원 삼척 노곡,0.2,39.59627151489258,False,1.3592883944511414
4066,2023-02-23 13:00:00,10,3,울산 북 nan,0.03,27.7993221282959,False,1.9829968512058258
4368,2023-02-24 13:00:00,10,3,경북 울진 온정,0.06,64.05268096923828,False,0.0
5206,2023-02-25 12:00:00,10,2,경기 화성 송산,0.09,88.82942962646484,True,46.24588295817375
5207,2023-02-25 12:00:00,10,2,경남 거창 북상,0.05,25.44225311279297,False,7.537129163742065
5208,2023-02-25 12:00:00,10,2,경기 여주 점동,0.6,21.789257049560547,True,34.485280245542526
5203,2023-02-25 13:00:00,10,3,경북 예천 은풍,0.1,47.192378997802734,False,11.133354425430298
5204,2023-02-25 13:00:00,10,3,충남 부여 세도,0.5,69.3983154296875,False,0.0
5205,2023-02-25 13:00:00,10,3,전남 순천 상사,0.1,43.27706527709961,False,8.638701021671295
5118,2023-02-26 11:00:00,10,1,강원 홍천 서석,0.2,72.94229125976562,True,16.04234367609024
5119,2023-02-26 11:00:00,10,1,전북 군산 nan,0.02,55.31318283081055,True,20.597560107707977
5120,2023-02-26 11:00:00,10,1,세종 금남 nan,0.03,20.453771591186523,False,67.78787258267403
5117,2023-02-26 12:00:00,10,2,전북 임실 삼계,0.2,81.12025451660156,False,6.8949258625507355
5113,2023-02-26 13:00:00,10,3,전남 순천 서,0.03,78.74673461914062,True,42.75425308942795
5114,2023-02-26 13:00:00,10,3,충북 단양 대강,0.1,44.89856719970703,False,6.463839590549469
5115,2023-02-26 13:00:00,10,3,경기 남양주 화도,0.33,13.17647647857666,True,149.80528554320335
5116,2023-02-26 13:00:00,10,3,전남 화순 이양,0.5,52.398345947265625,False,6.753340691328049
4060,2023-02-27 11:00:00,10,1,경북 상주 함창,0.2,5.658179759979248,False,1.3592883944511414
4061,2023-02-27 11:00:00,10,1,경북 포항 구룡포,0.1,26.60415267944336,False,3.7636007964611053
4058,2023-02-27 12:00:00,10,2,경남 함안 칠원,0.15,0.44362619519233704,True,65.0153129696846
4059,2023-02-27 12:00:00,10,2,전북 익산 웅포,0.3,24.56932258605957,False,2.4860921502113342
4057,2023-02-27 13:00:00,10,3,강원 고성 현내,0.1,,False,0.0
5132,2023-03-02 11:00:00,10,1,전남 담양 용,0.5,89.76385498046875,True,20.38798499107361
5131,2023-03-02 12:00:00,10,2,경기 화성 정남,0.43,45.909542083740234,False,476.30455300211906
5130,2023-03-02 13:00:00,10,3,경기 가평 청평,1.0,16.891342163085938,False,1.4851233959197998
4048,2023-03-03 11:00:00,10,1,충남 태안 태안,0.1,89.3416976928711,False,1347.377712637186
4047,2023-03-03 12:00:00,10,2,광주 광산 nan,0.08,50.04414749145508,False,862.4747361540794
5240,2023-03-04 13:00:00,10,3,전남 화순 동,0.5,83.99375915527344,False,7.982538253068924
5241,2023-03-04 13:00:00,10,3,충남 부여 충화,0.3,39.24736404418945,True,15.104569971561432
5103,2023-03-05 11:00:00,10,1,광주 광산 nan,0.05,23.299901962280273,False,862.4747361540794
5100,2023-03-05 12:00:00,10,2,경남 창녕 대합,0.05,30.04903221130371,False,11.589674592018127
5101,2023-03-05 12:00:00,10,2,전북 무주 무풍,0.3,6.158969879150391,False,9.30227193236351
5102,2023-03-05 12:00:00,10,2,경북 경산 남천,3.0,8.590996742248535,False,2.4860921502113342
5099,2023-03-05 13:00:00,10,3,충남 공주 탄천,0.9,80.71595001220703,True,12.285479933023453
5091,2023-03-06 11:00:00,10,1,전남 무안 몽탄,0.26,81.71746063232422,True,10.034571528434753
5090,2023-03-06 12:00:00,10,2,전북 임실 임실,0.4,16.5197696685791,False,240.8219354748726
5087,2023-03-06 13:00:00,10,3,전남 장성 진원,0.5,15.074118614196777,False,4.692560523748398
5088,2023-03-06 13:00:00,10,3,강원 횡성 서원,0.15,61.55997848510742,False,3.6407116055488586
5089,2023-03-06 13:00:00,10,3,전남 고흥 풍양,0.2,56.66425323486328,False,0.0
5235,2023-03-07 12:00:00,10,2,충남 당진 면천,7.0,53.9604606628418,False,146.0270876288414
5234,2023-03-07 13:00:00,10,3,대구 수성 nan,0.5,39.24674987792969,True,536.566802918911
5225,2023-03-08 13:00:00,10,3,충남 부여 옥산,2.0,18.602869033813477,True,22.38599318265915
4415,2023-03-09 12:00:00,10,2,경기 용인 처인 백암,0.06,20.521913528442383,False,46.44353270530701
4039,2023-03-10 12:00:00,10,2,경북 상주 공성,0.5,7.451816082000732,False,2.4860921502113342
4037,2023-03-10 13:00:00,10,3,전북 정읍 입암,1.0,27.62980842590332,False,74.42998605966568
4038,2023-03-10 13:00:00,10,3,충북 청주 상당 낭성,1.0,15.479962348937988,False,1.8443574905395508
5162,2023-03-11 11:00:00,10,1,충북 괴산 청천,0.3,45.786354064941406,True,11.796372890472412
5163,2023-03-11 11:00:00,10,1,충남 천안 동남,1.3,7.850958347320557,False,524.0182716846466
5161,2023-03-11 12:00:00,10,2,강원 홍천 서,0.15,80.38037872314453,False,6.753340691328049
5160,2023-03-11 13:00:00,10,3,경남 하동 화개,91.0,30.60527992248535,False,1.1546194553375244
4031,2023-03-14 12:00:00,10,2,충북 보은 탄부,0.01,22.05826759338379,True,26.691641986370087
4032,2023-03-14 12:00:00,10,2,경북 예천 개포,0.1,1.4115275144577026,False,7.1778950691223145
4026,2023-03-14 13:00:00,10,3,경기 여주 가남,1.93,1.3723928928375244,False,5.454307585954666
4027,2023-03-14 13:00:00,10,3,전북 남원 대강,0.3,22.963726043701172,False,9.978734970092773
4028,2023-03-14 13:00:00,10,3,충북 옥천 청성,0.06,22.08024787902832,False,0.6897380352020264
4029,2023-03-14 13:00:00,10,3,강원 홍천 영귀미,0.16,19.43356704711914,True,27.9939326941967
4030,2023-03-14 13:00:00,10,3,경기 파주 파주,0.03,,False,2319.947680771351
5197,2023-03-16 11:00:00,10,1,경남 밀양 무안,0.2,91.83345794677734,False,4.138428211212158
5195,2023-03-16 12:00:00,10,2,전남 진도 의신,0.3,98.84928131103516,False,2.9171784222126007
5196,2023-03-16 12:00:00,10,2,부산 연제 nan,0.01,90.6427993774414,True,216.14853447675705
4361,2023-03-18 11:00:00,10,1,전북 완주 용진,0.7,7.900640964508057,True,50.737804502248764
4359,2023-03-18 12:00:00,10,2,충북 제천 청풍,0.2,15.80905532836914,False,7.392041712999344
4360,2023-03-18 12:00:00,10,2,경기 여주 북내,0.07,15.440492630004883,True,32.698452204465866
4357,2023-03-18 13:00:00,10,3,전북 완주 용진,3.0,20.663894653320312,False,8.106854796409607
4358,2023-03-18 13:00:00,10,3,충남 예산 예산,2.0,3.1221938133239746,False,1196.7713114321232
5275,2023-03-19 12:00:00,10,2,충북 제천 백운,0.1,19.532609939575195,False,2.4860921502113342
4424,2023-03-20 12:00:00,10,2,부산 부산진 nan,0.03,72.31023406982422,True,2599.9695612490177
4425,2023-03-20 12:00:00,10,2,전북 임실 오수,1.0,34.038291931152344,False,3.43309685587883
4420,2023-03-20 13:00:00,10,3,전북 장수 장계,0.1,1.5117765665054321,False,3.971215546131134
4421,2023-03-20 13:00:00,10,3,충남 서천 마산,12.0,40.13203811645508,False,0.9282021224498749
4422,2023-03-20 13:00:00,10,3,전남 고흥 영남,0.1,64.7351303100586,False,1.9162096679210663
4423,2023-03-20 13:00:00,10,3,충남 서천 판교,0.03,81.70133972167969,False,0.0
5268,2023-03-21 11:00:00,10,1,전남 영광 염산,0.1,95.0502700805664,False,72.7661241889
5263,2023-03-21 12:00:00,10,2,경남 산청 생비량,2.0,36.11444091796875,False,3.6407116055488586
5264,2023-03-21 12:00:00,10,2,울산 울주 두동,1.2,77.4820327758789,False,6.465868949890137
5266,2023-03-21 12:00:00,10,2,전남 광양 진상,0.3,38.428611755371094,False,0.0
5267,2023-03-21 12:00:00,10,2,경북 안동 도산,10.0,34.89684295654297,False,7.584663897752762
5262,2023-03-21 13:00:00,10,3,경북 영덕 남정,0.5,77.26197052001953,False,0.0
4345,2023-03-22 11:00:00,10,1,전북 무주 무풍,0.1,49.36866760253906,False,9.37503856420517
4346,2023-03-22 11:00:00,10,1,전북 완주 소양,0.2,8.103218078613281,True,19.795929074287415
4341,2023-03-22 12:00:00,10,2,충남 태안 소원,0.2,78.36849212646484,False,9.056047707796097
4342,2023-03-22 12:00:00,10,2,경북 상주 공성,0.5,18.554330825805664,False,28.287164002656937
4343,2023-03-22 12:00:00,10,2,충북 단양 적성,1.0,10.85710334777832,False,0.0
4344,2023-03-22 12:00:00,10,2,강원 양구 국토정중앙,0.5,,False,0.0
4335,2023-03-24 11:00:00,10,1,경기 남양주 nan,0.01,5.09883451461792,True,939.1995981633663
4334,2023-03-24 12:00:00,10,2,경기 남양주 와부,0.03,4.140193939208984,False,0.6897380352020264
4131,2023-03-25 13:00:00,10,3,경기 포천 nan,0.07,,False,2.4860921502113342
4129,2023-03-27 12:00:00,10,2,전북 진안 마령,1.0,41.108619689941406,False,8.877922713756561
4128,2023-03-27 13:00:00,10,3,충남 금산 추부,0.03,38.68659210205078,False,7.4710995852947235
5020,2023-03-29 13:00:00,10,3,경남 거제 하청,0.5,49.05313491821289,False,29.42298087477684
5184,2023-03-30 11:00:00,10,1,경북 경주 산내,0.7,59.911495208740234,False,6.463839590549469
5182,2023-03-30 12:00:00,10,2,강원 화천 화천,68.0,15.487468719482422,False,749.9757334589958
5183,2023-03-30 12:00:00,10,2,강원 강릉 연곡,0.4,38.80073547363281,True,12.769456952810287
5179,2023-03-30 13:00:00,10,3,경남 거창 웅양,0.05,48.049163818359375,False,0.0
5180,2023-03-30 13:00:00,10,3,인천 서 nan,0.33,14.877732276916504,False,130.02239924669266
5181,2023-03-30 13:00:00,10,3,충북 제천 봉양,21.0,33.28236770629883,False,2.4860921502113342
5076,2023-03-31 11:00:00,10,1,전북 순창 팔덕,0.1,31.666202545166016,False,29.125690191984177
5074,2023-03-31 12:00:00,10,2,전남 순천 황전,0.5,52.71080017089844,False,16.697709292173386
5075,2023-03-31 12:00:00,10,2,경북 경주 강동,0.27,81.93030548095703,False,45.850196808576584
5073,2023-03-31 13:00:00,10,3,경기 용인 처인 양지,0.16,14.056819915771484,True,25.44736537337303
4182,2023-04-01 11:00:00,10,1,경남 산청 삼장,0.1,65.61150360107422,False,1.1546194553375244
4181,2023-04-01 12:00:00,10,2,경기 화성 양감,0.33,5.11366081237793,True,75.19917216897011
4180,2023-04-01 13:00:00,10,3,강원 춘천 사북,0.26,17.314271926879883,False,1.3592883944511414
4162,2023-04-02 11:00:00,10,1,경기 남양주 와부,3.86,1.0403746366500854,True,13.377861052751541
4163,2023-04-02 11:00:00,10,1,서울 종로 nan,6.0,1.155585765838623,True,534.291251629591
4164,2023-04-02 11:00:00,10,1,경북 군위 소보,35.0,73.64820861816406,False,5.482123285531998
4165,2023-04-02 11:00:00,10,1,충북 옥천 군북,25.0,20.210588455200195,False,80.18419894576073
4166,2023-04-02 11:00:00,10,1,충남 당진 대호지,68.0,47.84600830078125,False,8.487079679965973
4167,2023-04-02 11:00:00,10,1,경북 포항 북 송라,0.1,71.30121612548828,False,0.0
4168,2023-04-02 11:00:00,10,1,경기 양평 지평,3.0,3.495894193649292,False,8.817583620548248
4169,2023-04-02 11:00:00,10,1,충남 홍성 서부,1454.0,24.508949279785156,False,7.3324602246284485
4159,2023-04-02 12:00:00,10,2,충남 금산 복수,889.36,51.26919174194336,True,27.5582332611084
4160,2023-04-02 12:00:00,10,2,충북 제천 청풍,0.2,5.71377420425415,False,0.0
4161,2023-04-02 12:00:00,10,2,경기 양평 옥천,1.5,4.1892991065979,True,48.58032155036926
4157,2023-04-02 13:00:00,10,3,충남 보령 청라,70.0,2.706524610519409,False,43.127728283405304
4158,2023-04-02 13:00:00,10,3,충남 서산 성연,4.0,61.08405303955078,False,129.84622848033905
4110,2023-04-03 12:00:00,10,2,전남 함평 대동,475.0,50.203956604003906,False,0.0
4111,2023-04-03 12:00:00,10,2,경기 남양주 와부,27.0,2.325338840484619,False,5.484912246465683
4107,2023-04-03 13:00:00,10,3,충남 아산 선장,0.07,35.717838287353516,False,31.28379586338997
4108,2023-04-03 13:00:00,10,3,강원 영월 김삿갓,0.5,19.818174362182617,False,1.847391128540039
4109,2023-04-03 13:00:00,10,3,전남 순천 송광,190.0,59.02682876586914,False,1.9829968512058258
4186,2023-04-04 11:00:00,10,1,경기 화성 남양,0.09,24.035808563232422,False,555.2082707285881
3985,2023-04-09 12:00:00,10,2,경기 연천 신서,0.01,,False,1.847391128540039
4393,2023-04-12 11:00:00,10,1,충남 금산 남일,0.01,1.1612179279327393,False,1.1208243072032928
4439,2023-04-12 12:00:00,10,2,경기 과천 nan,0.01,13.10941219329834,False,1598.0678956508636
4204,2023-04-12 13:00:00,10,3,전남 장흥 안양,0.1,95.00521087646484,True,36.55008363723755
4205,2023-04-12 13:00:00,10,3,전남 장성 북하,0.1,26.57756233215332,False,5.742335766553879
3954,2023-04-13 13:00:00,10,3,울산 울주 두서,0.2,89.40843200683594,False,31.54149556159973
3955,2023-04-13 13:00:00,10,3,경남 함양 서하,0.03,53.37137985229492,True,12.774896711111069
3956,2023-04-13 13:00:00,10,3,경북 문경 호계,2.0,12.887807846069336,False,0.0
3950,2023-04-14 13:00:00,10,3,경남 함양 유림,0.04,35.31155776977539,False,2.5139078497886658
4100,2023-04-16 12:00:00,10,2,대구 달서 nan,0.01,,False,7117.688095718622
4099,2023-04-16 13:00:00,10,3,강원 정선 신동,0.01,0.22670219838619232,True,24.90758067369461
3971,2023-04-17 11:00:00,10,1,경북 안동 일직,1.2,13.801833152770996,False,5.1258350014686584
4199,2023-04-24 13:00:00,10,3,경남 진주 대곡,0.05,57.18305206298828,True,21.10994002223015
3982,2023-04-26 11:00:00,10,1,세종 nan nan,0.1,0.007221433334052563,False,384.7236293256283
4197,2023-04-27 11:00:00,10,1,전북 진안 동향,1.0,28.614259719848633,False,5.197931885719299
4097,2023-04-28 11:00:00,10,1,전북 정읍 옹동,0.3,14.042210578918457,False,21.890306025743484
4194,2023-05-02 11:00:00,10,1,충남 서산 지곡,0.1,61.702308654785156,False,2.5139078497886658
4398,2023-05-03 12:00:00,10,2,충남 부여 홍산,3.0,16.16097640991211,True,15.501685470342636
4403,2023-05-03 12:00:00,10,2,강원 양구 국토정중앙,2.0,69.63982391357422,False,0.0
4397,2023-05-03 13:00:00,10,3,강원 영월 김삿갓,1.4,28.771015167236328,False,0.0
3966,2023-05-04 11:00:00,10,1,부산 연제 nan,0.01,86.60273742675781,True,216.14853447675705
3981,2023-05-10 12:00:00,10,2,강원 화천 사내,0.1,54.74553680419922,False,6.778171062469482
3978,2023-05-12 13:00:00,10,3,경남 합천 가야,0.01,48.19430160522461,False,9.878133863210678
3969,2023-05-16 13:00:00,10,3,세종 nan nan,0.13,0.0018718679202720523,False,384.7236293256283
4093,2023-05-17 11:00:00,10,1,강원 평창 대화,0.3,36.673614501953125,True,52.56916406750679
4090,2023-05-23 13:00:00,10,3,경북 청도 이서,0.01,24.8207950592041,False,36.65110978484154
3976,2023-05-24 11:00:00,10,1,경북 문경 nan,0.02,60.95377731323242,False,0.0
3975,2023-05-25 12:00:00,10,2,전북 장수 장계,0.05,18.967700958251953,True,20.497195690870285
3972,2023-05-27 12:00:00,10,2,강원 정선 정선,0.04,0.12344623357057571,False,333.2257869541645
3960,2023-06-13 12:00:00,10,2,충남 천안 동남 병천,0.06,3.2802207469940186,True,15.535260736942291
4413,2023-06-14 13:00:00,10,3,경남 하동 화개,0.03,42.30400466918945,False,6.465868949890137
4411,2023-06-18 12:00:00,10,2,강원 양양 현남,0.05,61.11719512939453,False,9.500873565673828
4406,2023-06-19 13:00:00,10,3,전북 장수 계북,0.05,19.668777465820312,False,51.64009007811546
5036,2024-02-03 13:00:00,11,2,경기 이천 호법,0.01,2.547462224960327,False,31.044379711151123
5035,2024-02-04 13:00:00,11,2,경기 가평 청평,0.07,3.9495162963867188,True,20.790673673152924
5034,2024-02-09 14:00:00,11,3,경기 용인 처인 원삼,0.06,57.094303131103516,True,19.436668187379837
5254,2024-02-12 12:00:00,11,1,경기 가평 청평,0.13,61.59941864013672,False,1166.6415989398956
5252,2024-02-12 13:00:00,11,2,경남 진주 수곡,0.3,5.357814788818359,True,24.536053776741028
5253,2024-02-12 13:00:00,11,2,전남 나주 다도,0.2,74.35912322998047,False,3.43309685587883
5033,2024-02-13 14:00:00,11,3,충북 청주 상당 남일,0.03,55.2492561340332,True,74.51231154799461
5032,2024-02-13 15:00:00,14,1,경기 화성 매송,0.13,54.904232025146484,True,16.8797764480114
5221,2024-02-14 17:00:00,14,3,경기 남양주 진접,3.0,44.46483612060547,False,893.3037767410278
5031,2024-02-17 17:00:00,14,3,경북 의성 다인,0.01,6.73656702041626,False,6.5083447098731995
5030,2024-03-01 14:00:00,11,3,대구 수성 nan,0.01,71.7821044921875,False,567.4416697621346
5028,2024-03-03 17:00:00,14,3,충북 청주 상당 낭성,0.25,41.08526611328125,True,12.237945199012756
5027,2024-03-04 13:00:00,11,2,충남 금산 제원,0.05,52.4062614440918,False,0.0
5171,2024-03-09 12:00:00,11,1,충북 음성 삼성,0.4,3.3679213523864746,False,28.939039438962936
5172,2024-03-09 12:00:00,11,1,충남 서천 마산,0.07,34.779380798339844,False,9.95045468211174
5173,2024-03-09 12:00:00,11,1,경기 화성 매송,0.1,0.44773319363594055,False,508.3746678829193
5169,2024-03-09 13:00:00,11,2,경기 양평 양평,0.5,1.0080113410949707,False,2198.218447625637
5170,2024-03-09 13:00:00,11,2,경남 사천 용현,0.01,20.307024002075195,True,11.49794653058052
5167,2024-03-10 14:00:00,11,3,충남 공주 정안,0.17,82.1493911743164,False,0.0
5168,2024-03-10 14:00:00,11,3,경기 파주 적성,0.01,,False,0.0
5165,2024-03-10 15:00:00,14,1,경기 안산 단원,0.03,65.5409927368164,True,35.05145940184593
5166,2024-03-10 15:00:00,14,1,충북 옥천 동이,0.5,9.46030044555664,True,26.392648458480835
5250,2024-03-13 13:00:00,11,2,경남 산청 삼장,0.02,36.86265563964844,True,12.55820780992508
5251,2024-03-13 13:00:00,11,2,경기 화성 nan,0.2,14.846780776977539,False,1135.0967611670494
5023,2024-03-14 13:00:00,11,2,세종 금남 nan,0.06,54.18952560424805,False,0.0
3893,2024-03-15 13:00:00,11,2,경북 영덕 병곡,3.5,22.58681869506836,True,17.33641031384468
3892,2024-03-15 14:00:00,11,3,경기 평택 nan,0.05,31.076412200927734,True,11.45415672659874
3890,2024-03-15 15:00:00,14,1,전북 장수 장계,0.02,70.62335968017578,False,3.971215546131134
3891,2024-03-15 15:00:00,14,1,강원 정선 정선,0.2,0.1176198348402977,False,333.2257869541645
3889,2024-03-16 12:00:00,11,1,경남 산청 단성,0.03,6.750616073608398,False,0.0
3888,2024-03-16 14:00:00,11,3,전북 임실 청웅,2.0,33.09718704223633,False,103.72803169488907
3887,2024-03-16 15:00:00,14,1,경기 파주 파평,0.07,,False,66.08206862211227
3884,2024-03-17 13:00:00,11,2,전남 순천 별량,2.5,4.668036937713623,True,13.606246709823608
3883,2024-03-17 14:00:00,11,3,전북 군산 옥도,0.15,,False,29.335887372493744
3882,2024-03-17 15:00:00,14,1,경기 포천 영중,0.5,51.899208068847656,True,12.742105841636658
3878,2024-03-18 14:00:00,11,3,경남 거창 웅양,0.1,27.77080535888672,False,0.0
3879,2024-03-18 14:00:00,11,3,전북 순창 인계,0.15,52.49656295776367,False,6.463839590549469
3876,2024-03-18 15:00:00,14,1,경기 광주 초월,2.0,56.7055549621582,False,1.847391128540039
3877,2024-03-18 15:00:00,14,1,경기 양평 양동,0.39,53.165252685546875,False,8.487079679965973
3875,2024-03-18 16:00:00,14,2,인천 서 nan,0.08,83.69603729248047,True,39.16441696882248
3874,2024-03-19 14:00:00,11,3,경기 성남 수정,0.05,3.294715166091919,True,666.9947720170021
3873,2024-03-19 16:00:00,14,2,경기 화성 양감,0.05,35.67638397216797,False,47.69142818450928
3872,2024-03-19 17:00:00,14,3,전북 남원 산내,0.05,28.187646865844727,False,0.0
3864,2024-03-20 13:00:00,11,2,전북 완주 구이,0.4,47.82389831542969,False,24.61343365907669
3865,2024-03-20 13:00:00,11,2,전북 전주 덕진,0.2,9.375008583068848,True,11.083633482456207
3866,2024-03-20 13:00:00,11,2,광주 동 nan,1.15,1.209142804145813,False,1966.9238560795784
3863,2024-03-20 14:00:00,11,3,전북 순창 적성,0.2,47.17562484741211,False,2.9171784222126007
3861,2024-03-20 16:00:00,14,2,대전 동 nan,0.82,94.39263916015625,False,9.63966977596283
3862,2024-03-20 16:00:00,14,2,전남 해남 해남,2.0,73.51757049560547,False,1558.6157165169716
3944,2024-03-21 14:00:00,11,3,경남 거제 거제,0.02,1.0799496173858643,False,2214.575823098421
5247,2024-03-22 12:00:00,11,1,충북 보은 속리산,0.8,84.99060821533203,False,6.3598891496658325
5245,2024-03-22 13:00:00,11,2,충남 당진 석문,0.6,68.2816162109375,True,37.9611853659153
5246,2024-03-22 13:00:00,11,2,전북 무주 부남,1.0,11.902823448181152,False,4.138428211212158
5244,2024-03-22 14:00:00,11,3,충남 청양 대치,0.03,70.27357482910156,False,1.847391128540039
5243,2024-03-22 15:00:00,14,1,경남 합천 율곡,1.5,18.220487594604492,False,0.4310862720012665
3942,2024-03-23 12:00:00,11,1,충남 금산 남일,0.03,23.11237144470215,False,9.33682468533516
3941,2024-03-23 13:00:00,11,2,충남 천안 동남 동,0.01,50.00658416748047,False,173.93053504824638
3940,2024-03-23 14:00:00,11,3,경기 가평 북,0.03,83.65081787109375,False,0.0
3937,2024-03-24 12:00:00,11,1,경기 화성 장안,0.3,12.434333801269531,False,132.64573055505753
3938,2024-03-24 12:00:00,11,1,충남 천안 동남 목천,0.1,0.17869283258914948,True,286.71718868613243
3936,2024-03-24 14:00:00,11,3,경기 연천 군남,0.2,,False,6.847391128540039
5042,2024-03-29 13:00:00,11,2,경북 울진 북,0.27,26.896617889404297,False,5.462870836257935
3935,2024-04-01 13:00:00,11,2,경기 남양주 진접,0.6,1.7733101844787598,True,53.76650306582451
5044,2024-04-01 13:00:00,11,2,강원 삼척 도계,0.1,7.740128993988037,False,2.174861431121826
3934,2024-04-01 14:00:00,11,3,경기 광주 초월,1.2,15.993584632873535,True,87.33154252171516
3933,2024-04-01 16:00:00,14,2,경북 예천 지보,0.15,30.581287384033203,False,9.393083542585373
5463,2024-04-02 12:00:00,11,1,경기 용인 수지,0.3,3.1161160469055176,True,170.33123248815536
5464,2024-04-02 12:00:00,11,1,충북 청주 상당 문의,0.36,32.87409973144531,False,0.0
5462,2024-04-02 13:00:00,11,2,경기 포천 일동,2.0,4.081336975097656,True,13.28878578543663
5461,2024-04-02 15:00:00,14,1,강원 홍천 서,1.5,14.24797534942627,False,7.171915620565414
5460,2024-04-04 12:00:00,11,1,경기 포천 nan,0.01,,False,482.56877955794334
5066,2024-04-04 17:00:00,14,3,경기 남양주 진접,0.28,3.732936382293701,False,1113.4010501801968
5057,2024-04-07 12:00:00,11,1,경북 상주 화남,0.01,33.10884094238281,True,14.169392138719559
5058,2024-04-07 12:00:00,11,1,강원 횡성 횡성,0.05,0.23831239342689514,False,1478.3682052195072
5056,2024-04-07 13:00:00,11,2,대구 동 nan,0.01,0.05804016813635826,False,56.5729455947876
5053,2024-04-07 14:00:00,11,3,경기 남양주 와부,0.08,3.179103374481201,False,6.485881000757217
5054,2024-04-07 14:00:00,11,3,인천 서 nan,0.08,8.685430526733398,False,6.642722189426422
5055,2024-04-07 14:00:00,11,3,강원 양양 강현,0.03,,False,41.44159707427025
5052,2024-04-07 15:00:00,14,1,경기 가평 북,0.05,5.55233097076416,False,24.431297421455383
5050,2024-04-08 12:00:00,11,1,경기 고양 덕양,0.01,,False,213.97386473417282
5048,2024-04-08 17:00:00,14,3,경기 안산 단원,0.01,40.301273345947266,True,1837.7813607752323
3903,2024-04-09 15:00:00,14,1,경기 과천 nan,0.01,12.42460823059082,False,291.37706020474434
3902,2024-04-09 16:00:00,14,2,경기 광주 nan,0.04,1.6334161758422852,True,1026.0482243299484
3917,2024-04-12 12:00:00,11,1,강원 횡성 우천,0.1,3.217885971069336,True,28.612709522247314
3918,2024-04-12 12:00:00,11,1,경북 경주 산내,0.05,58.7890739440918,False,2.2784774005413055
3919,2024-04-12 12:00:00,11,1,전북 무주 적상,0.1,16.400226593017578,False,0.0
3916,2024-04-12 13:00:00,11,2,강원 양구 국토정중앙,2.0,,False,4.031265676021576
3914,2024-04-12 14:00:00,11,3,강원 삼척 하장,0.06,84.69049835205078,False,0.0
3915,2024-04-12 14:00:00,11,3,충북 단양 영춘,0.06,27.689172744750977,False,37.967414289712906
3926,2024-04-13 12:00:00,11,1,충남 공주 사곡,0.03,4.948927402496338,True,16.320448994636536
3924,2024-04-13 13:00:00,11,2,충남 공주 사곡,0.03,7.954712390899658,False,1.847391128540039
3925,2024-04-13 13:00:00,11,2,경북 청송 현서,0.01,63.47454833984375,False,7.6840240359306335
3923,2024-04-13 14:00:00,11,3,전북 무주 설천,0.1,7.056025981903076,False,1.6179401576519012
3922,2024-04-13 15:00:00,14,1,경기 파주 광탄,0.83,,False,47.15794134140015
3921,2024-04-13 16:00:00,14,2,강원 횡성 우천,1.0,26.761198043823242,False,31.001138418912888
3859,2024-04-14 12:00:00,11,1,전남 곡성 겸,0.2,58.62313461303711,True,23.463214069604874
3858,2024-04-14 14:00:00,11,3,경기 포천 신북,0.1,,False,7.294246345758438
3857,2024-04-14 15:00:00,14,1,강원 홍천 내촌,0.4,0.5154887437820435,False,14.135816872119904
3856,2024-04-14 16:00:00,14,2,충남 보령 nan,0.4,62.93537139892578,True,21.363345116376877
5047,2024-04-18 16:00:00,14,2,경기 화성 서신,0.13,88.51319122314453,True,38.0758270919323
5041,2024-04-19 13:00:00,11,2,강원 영월 무릉도원,0.2,89.2176742553711,False,1.1208243072032928
5476,2024-04-22 13:00:00,11,2,충북 충주 신니,0.01,30.65484619140625,False,4.5689137279987335
5475,2024-04-23 16:00:00,14,2,경기 성남 분당,0.01,0.9676055312156677,False,2802.3703552484512
5471,2024-04-26 15:00:00,14,1,경북 봉화 봉화,0.01,0.0010703600710257888,False,188.3013159930706
5467,2024-04-27 15:00:00,14,1,부산 해운대 nan,0.5,91.7852554321289,False,0.0
5474,2024-04-28 12:00:00,11,1,충남 태안 남,0.01,97.4324722290039,False,0.0
5473,2024-04-28 13:00:00,11,2,충남 당진 정미,0.05,80.74181365966797,True,38.5252560377121
5469,2024-05-02 16:00:00,14,2,충남 서천 판교,0.01,57.3187141418457,False,1.5519105792045593
3910,2024-05-24 13:00:00,11,2,전남 화순 사평,0.5,19.287443161010742,False,14.426658809185028
3909,2024-05-24 16:00:00,14,2,강원 삼척 원덕,0.02,23.430776596069336,False,7.618459045886993
3932,2024-06-01 15:00:00,14,1,경기 파주 탄현,0.99,,False,33.381030797958374
3913,2024-06-05 15:00:00,14,1,경기 광주 초월,0.03,15.320180892944336,True,39.77703058719635
3912,2024-06-07 15:00:00,14,1,경기 양평 단월,0.02,36.60794448852539,True,16.051692068576813
3911,2024-06-07 16:00:00,14,2,경기 가평 설악,0.01,16.812541961669922,False,293.8077584207058
3829,2024-06-09 12:00:00,11,1,인천 강화 삼산,0.05,,False,11.431916952133179
3895,2024-06-13 13:00:00,11,2,경북 김천 구성,0.8,75.65737915039062,False,4.90594956278801
3897,2024-06-14 12:00:00,11,1,충남 홍성 장곡,0.03,89.65176391601562,True,20.274667382240295
3898,2024-06-14 12:00:00,11,1,강원 태백 nan,3.85,0.713919997215271,True,14.353202313184738
3908,2024-06-15 15:00:00,14,1,충남 서산 해미,0.2,94.43053436279297,False,2.7065300345420837
3853,2024-06-18 12:00:00,11,1,경기 용인 처인 이동,0.06,16.77846908569336,True,205.8831169605255
3852,2024-06-18 13:00:00,11,2,강원 평창 진부,0.17,66.00962829589844,False,2.5371291637420654
3850,2024-06-18 17:00:00,14,3,충남 서천 화양,0.01,20.124828338623047,False,5.95421239733696
3851,2024-06-18 17:00:00,14,3,광주 북 nan,3.0,8.88308048248291,True,41.6273467540741
3831,2024-06-20 13:00:00,11,2,충남 천안 동남 목천,0.15,21.384714126586914,False,101.81478053331375
3830,2024-06-20 14:00:00,11,3,강원 정선 남면,0.06,9.695530891418457,False,1.847391128540039
3946,2024-06-21 15:00:00,14,1,전북 남원 산내,0.33,65.02433776855469,False,3.0020105838775635
3904,2024-06-28 12:00:00,11,1,충남 공주 신풍,0.3,46.23414993286133,False,1.1546194553375244
5037,2024-02-01 10:00:00,8,2,충남 보령 청소,0.01,82.14608764648438,False,8.194632768630981
5026,2024-03-11 11:00:00,8,3,충북 괴산 감물,0.3,39.858856201171875,True,13.288028180599213
5024,2024-03-14 11:00:00,8,3,충남 천안 동남 수신,0.04,7.176851749420166,False,16.766527831554413
5025,2024-03-14 11:00:00,8,3,충남 천안 동남 수신,0.03,5.491103649139404,False,125.31122455000877
3885,2024-03-17 10:00:00,8,2,경기 동두천 nan,0.1,,False,16.258281022310257
3880,2024-03-18 11:00:00,8,3,전북 전주 완산 nan,0.03,46.70759582519531,True,1141.4184250831604
3868,2024-03-20 09:00:00,8,1,경기 남양주 별내,0.38,23.726533889770508,False,3.3415276408195496
3867,2024-03-20 10:00:00,8,2,대구 달성 하빈,0.03,6.466640472412109,True,12.618477821350098
5164,2024-03-21 10:00:00,8,2,경기 군포시 nan,0.8,39.241214752197266,True,42.72542640566826
5248,2024-03-22 11:00:00,8,3,충남 보령 주교,0.9,67.26911926269531,True,20.564769238233566
3939,2024-03-24 10:00:00,8,2,경기 안성 고삼,1.5,35.649085998535156,True,35.15550035238266
5038,2024-03-28 10:00:00,8,2,강원 인제 북,0.01,,False,2.4860921502113342
5045,2024-04-01 11:00:00,8,3,경기 광주 도척,0.05,6.973357200622559,False,29.345478534698486
5465,2024-04-02 11:00:00,8,3,경기 양평 서종,0.06,7.516332626342773,False,7.669031471014023
5064,2024-04-07 09:00:00,8,1,경기 동두천 nan,0.1,,False,84.16118487715721
5065,2024-04-07 09:00:00,8,1,강원 철원 갈말,0.1,,False,15.802693635225296
5061,2024-04-07 10:00:00,8,2,충북 제천 청풍,0.05,25.599992752075195,False,0.0
5062,2024-04-07 10:00:00,8,2,경기 남양주 화도,0.09,5.033981800079346,False,3.3415276408195496
5059,2024-04-07 11:00:00,8,3,강원 동해 nan,0.68,2.7241432666778564,False,1073.8337325751781
5060,2024-04-07 11:00:00,8,3,강원 철원 갈말,0.2,,False,1.1546194553375244
3927,2024-04-13 11:00:00,8,3,경기 파주 탄현,0.33,,False,9.138428211212158
3928,2024-04-13 11:00:00,8,3,경북 영천 임고,0.05,39.91879653930664,False,0.0
3860,2024-04-14 11:00:00,8,3,경기 김포 월곶,0.3,,False,32.135902762413025
5046,2024-04-19 11:00:00,8,3,경기 연천 백학,0.05,,False,0.0
5468,2024-04-27 11:00:00,8,3,강원 철원 갈말,0.8,43.12052917480469,False,0.0
5470,2024-05-02 11:00:00,8,3,경북 문경 마성,0.5,29.4786434173584,True,17.062112987041473
5483,2024-05-03 11:00:00,8,3,경북 봉화 재산,0.02,51.29846954345703,False,0.0
5479,2024-05-04 10:00:00,8,2,강원 홍천 내촌,0.5,45.67021560668945,True,12.271740347146988
5478,2024-05-04 11:00:00,8,3,인천 강화 양도,0.06,,False,49.99467346072197
5481,2024-05-20 11:00:00,8,3,전남 보성 겸백,0.03,55.44844055175781,False,0.0
5466,2024-05-25 10:00:00,8,2,경기 군포 nan,0.01,8.379510879516602,False,1.9162096679210663
5472,2024-05-28 11:00:00,8,3,경북 포항 북,0.3,51.61531448364258,True,258.95039343833923
3931,2024-06-02 09:00:00,8,1,경기 과천 nan,0.05,22.47403907775879,False,1598.0678956508636
3896,2024-06-13 11:00:00,8,3,충남 보령 주교,0.01,57.92485809326172,True,13.841738194227219
3906,2024-06-17 10:00:00,8,2,경북 영천 신녕,0.01,72.80103302001953,False,2.639742851257324
5036,2024-02-03 13:00:00,10,3,경기 이천 호법,0.01,1.8342584371566772,False,31.044379711151123
5035,2024-02-04 13:00:00,10,3,경기 가평 청평,0.07,5.684354305267334,True,20.790673673152924
5254,2024-02-12 12:00:00,10,2,경기 가평 청평,0.13,30.335243225097656,False,1166.6415989398956
5252,2024-02-12 13:00:00,10,3,경남 진주 수곡,0.3,4.583660125732422,True,24.536053776741028
5253,2024-02-12 13:00:00,10,3,전남 나주 다도,0.2,71.38880157470703,False,3.43309685587883
5027,2024-03-04 13:00:00,10,3,충남 금산 제원,0.05,47.08222198486328,False,0.0
5171,2024-03-09 12:00:00,10,2,충북 음성 삼성,0.4,4.068744659423828,False,28.939039438962936
5172,2024-03-09 12:00:00,10,2,충남 서천 마산,0.07,35.60906219482422,False,9.95045468211174
5173,2024-03-09 12:00:00,10,2,경기 화성 매송,0.1,0.052738457918167114,False,508.3746678829193
5169,2024-03-09 13:00:00,10,3,경기 양평 양평,0.5,9.448339462280273,False,2198.218447625637
5170,2024-03-09 13:00:00,10,3,경남 사천 용현,0.01,19.77066993713379,True,11.49794653058052
5026,2024-03-11 11:00:00,10,1,충북 괴산 감물,0.3,19.765501022338867,True,13.288028180599213
5250,2024-03-13 13:00:00,10,3,경남 산청 삼장,0.02,49.12070846557617,True,12.55820780992508
5251,2024-03-13 13:00:00,10,3,경기 화성 nan,0.2,9.876254081726074,False,1135.0967611670494
5024,2024-03-14 11:00:00,10,1,충남 천안 동남 수신,0.04,19.373783111572266,False,16.766527831554413
5025,2024-03-14 11:00:00,10,1,충남 천안 동남 수신,0.03,16.133792877197266,False,125.31122455000877
5023,2024-03-14 13:00:00,10,3,세종 금남 nan,0.06,45.54433059692383,False,0.0
3893,2024-03-15 13:00:00,10,3,경북 영덕 병곡,3.5,14.238262176513672,True,17.33641031384468
3889,2024-03-16 12:00:00,10,2,경남 산청 단성,0.03,6.834610939025879,False,0.0
3884,2024-03-17 13:00:00,10,3,전남 순천 별량,2.5,15.750438690185547,True,13.606246709823608
3880,2024-03-18 11:00:00,10,1,전북 전주 완산 nan,0.03,51.785396575927734,True,1141.4184250831604
3864,2024-03-20 13:00:00,10,3,전북 완주 구이,0.4,59.58914566040039,False,24.61343365907669
3865,2024-03-20 13:00:00,10,3,전북 전주 덕진,0.2,7.043576717376709,True,11.083633482456207
3866,2024-03-20 13:00:00,10,3,광주 동 nan,1.15,6.7952680587768555,False,1966.9238560795784
5248,2024-03-22 11:00:00,10,1,충남 보령 주교,0.9,28.833498001098633,True,20.564769238233566
5247,2024-03-22 12:00:00,10,2,충북 보은 속리산,0.8,82.06891632080078,False,6.3598891496658325
5245,2024-03-22 13:00:00,10,3,충남 당진 석문,0.6,87.330810546875,True,37.9611853659153
5246,2024-03-22 13:00:00,10,3,전북 무주 부남,1.0,35.396766662597656,False,4.138428211212158
3942,2024-03-23 12:00:00,10,2,충남 금산 남일,0.03,23.854551315307617,False,9.33682468533516
3941,2024-03-23 13:00:00,10,3,충남 천안 동남 동,0.01,44.99753952026367,False,173.93053504824638
3937,2024-03-24 12:00:00,10,2,경기 화성 장안,0.3,14.39511775970459,False,132.64573055505753
3938,2024-03-24 12:00:00,10,2,충남 천안 동남 목천,0.1,0.3364261984825134,True,286.71718868613243
5042,2024-03-29 13:00:00,10,3,경북 울진 북,0.27,33.22015380859375,False,5.462870836257935
5045,2024-04-01 11:00:00,10,1,경기 광주 도척,0.05,3.0279300212860107,False,29.345478534698486
3935,2024-04-01 13:00:00,10,3,경기 남양주 진접,0.6,1.7116252183914185,True,53.76650306582451
5044,2024-04-01 13:00:00,10,3,강원 삼척 도계,0.1,9.300492286682129,False,2.174861431121826
5465,2024-04-02 11:00:00,10,1,경기 양평 서종,0.06,7.828239440917969,False,7.669031471014023
5463,2024-04-02 12:00:00,10,2,경기 용인 수지,0.3,7.274424076080322,True,170.33123248815536
5464,2024-04-02 12:00:00,10,2,충북 청주 상당 문의,0.36,26.681560516357422,False,0.0
5462,2024-04-02 13:00:00,10,3,경기 포천 일동,2.0,1.0357552766799927,True,13.28878578543663
5460,2024-04-04 12:00:00,10,2,경기 포천 nan,0.01,,False,482.56877955794334
5059,2024-04-07 11:00:00,10,1,강원 동해 nan,0.68,0.10778888314962387,False,1073.8337325751781
5060,2024-04-07 11:00:00,10,1,강원 철원 갈말,0.2,,False,1.1546194553375244
5057,2024-04-07 12:00:00,10,2,경북 상주 화남,0.01,25.214040756225586,True,14.169392138719559
5058,2024-04-07 12:00:00,10,2,강원 횡성 횡성,0.05,3.0017733573913574,False,1478.3682052195072
5056,2024-04-07 13:00:00,10,3,대구 동 nan,0.01,1.2474623918533325,False,56.5729455947876
5050,2024-04-08 12:00:00,10,2,경기 고양 덕양,0.01,,False,213.97386473417282
3917,2024-04-12 12:00:00,10,2,강원 횡성 우천,0.1,17.067554473876953,True,28.612709522247314
3918,2024-04-12 12:00:00,10,2,경북 경주 산내,0.05,39.67460250854492,False,2.2784774005413055
3919,2024-04-12 12:00:00,10,2,전북 무주 적상,0.1,30.8236083984375,False,0.0
3916,2024-04-12 13:00:00,10,3,강원 양구 국토정중앙,2.0,,False,4.031265676021576
3927,2024-04-13 11:00:00,10,1,경기 파주 탄현,0.33,,False,9.138428211212158
3928,2024-04-13 11:00:00,10,1,경북 영천 임고,0.05,38.85989761352539,False,0.0
3926,2024-04-13 12:00:00,10,2,충남 공주 사곡,0.03,17.35347557067871,True,16.320448994636536
3924,2024-04-13 13:00:00,10,3,충남 공주 사곡,0.03,22.9571590423584,False,1.847391128540039
3925,2024-04-13 13:00:00,10,3,경북 청송 현서,0.01,63.191566467285156,False,7.6840240359306335
3860,2024-04-14 11:00:00,10,1,경기 김포 월곶,0.3,,False,32.135902762413025
3859,2024-04-14 12:00:00,10,2,전남 곡성 겸,0.2,46.32175827026367,True,23.463214069604874
5046,2024-04-19 11:00:00,10,1,경기 연천 백학,0.05,,False,0.0
5041,2024-04-19 13:00:00,10,3,강원 영월 무릉도원,0.2,81.53683471679688,False,1.1208243072032928
5476,2024-04-22 13:00:00,10,3,충북 충주 신니,0.01,30.85821533203125,False,4.5689137279987335
5468,2024-04-27 11:00:00,10,1,강원 철원 갈말,0.8,32.57855224609375,False,0.0
5474,2024-04-28 12:00:00,10,2,충남 태안 남,0.01,94.1288070678711,False,0.0
5473,2024-04-28 13:00:00,10,3,충남 당진 정미,0.05,69.24627685546875,True,38.5252560377121
5470,2024-05-02 11:00:00,10,1,경북 문경 마성,0.5,27.630666732788086,True,17.062112987041473
5483,2024-05-03 11:00:00,10,1,경북 봉화 재산,0.02,63.127174377441406,False,0.0
5478,2024-05-04 11:00:00,10,1,인천 강화 양도,0.06,,False,49.99467346072197
3910,2024-05-24 13:00:00,10,3,전남 화순 사평,0.5,18.910728454589844,False,14.426658809185028
5472,2024-05-28 11:00:00,10,1,경북 포항 북,0.3,24.533174514770508,True,258.95039343833923
3829,2024-06-09 12:00:00,10,2,인천 강화 삼산,0.05,,False,11.431916952133179
3896,2024-06-13 11:00:00,10,1,충남 보령 주교,0.01,81.75624084472656,True,13.841738194227219
3895,2024-06-13 13:00:00,10,3,경북 김천 구성,0.8,90.88065338134766,False,4.90594956278801
3897,2024-06-14 12:00:00,10,2,충남 홍성 장곡,0.03,93.56378936767578,True,20.274667382240295
3898,2024-06-14 12:00:00,10,2,강원 태백 nan,3.85,13.051374435424805,True,14.353202313184738
3853,2024-06-18 12:00:00,10,2,경기 용인 처인 이동,0.06,14.19601821899414,True,205.8831169605255
3852,2024-06-18 13:00:00,10,3,강원 평창 진부,0.17,59.41640090942383,False,2.5371291637420654
3831,2024-06-20 13:00:00,10,3,충남 천안 동남 목천,0.15,19.3614559173584,False,101.81478053331375
3904,2024-06-28 12:00:00,10,2,충남 공주 신풍,0.3,47.01776123046875,False,1.1546194553375244
5809,2025-02-03 13:00:00,11,2,경기 용인처인 이동,0.02,58.667579650878906,False,0.6897380352020264
5794,2025-02-04 12:00:00,11,1,강원 고성 토성,0.01,,False,0.0
5792,2025-02-08 12:00:00,11,1,강원 강릉 nan,0.02,2.0306620597839355,False,25.129193156957626
5808,2025-02-09 13:00:00,11,2,경북 영천 고경,0.2,24.980920791625977,True,23.87863802909851
5807,2025-02-11 15:00:00,14,1,서울 구로 nan,1.0,30.51856803894043,True,721.2171587944031
5791,2025-02-13 15:00:00,14,1,강원 강릉 주문진,0.06,0.4572916626930237,True,15.579937428236008
5687,2025-02-14 14:00:00,11,3,충북 제천 송학,0.15,37.707427978515625,True,10.586674481630325
5806,2025-02-17 15:00:00,14,1,강원 홍천 서석,0.2,95.822509765625,False,0.0
5788,2025-02-18 12:00:00,11,1,충남 아산 음봉,0.16,33.220237731933594,True,18.09141519665718
5787,2025-02-18 14:00:00,11,3,충북 충주 앙성,1.0,15.011502265930176,False,3.037033975124359
5785,2025-02-19 15:00:00,14,1,충남 공주 탄천,0.25,48.7965087890625,True,12.011527866125107
5805,2025-02-20 14:00:00,11,3,경북 상주 화서,0.7,67.0940933227539,False,83.18608012795448
5804,2025-02-20 15:00:00,14,1,경남 하동 고전,9.4,17.032756805419922,False,2.4860921502113342
5776,2025-02-21 14:00:00,11,3,충북 제천 nan,0.1,37.04719924926758,False,0.0
5774,2025-02-21 15:00:00,14,1,강원 강릉 구정,0.2,37.60606384277344,True,15.076065748929977
5775,2025-02-21 15:00:00,14,1,경기 고양 일산동,0.16,,False,361.60087564587593
5422,2025-02-22 14:00:00,11,3,대전 동 nan,0.8,38.00387191772461,False,84.7120555639267
5420,2025-02-22 15:00:00,14,1,경기 포천 소흘,1.0,14.636509895324707,True,26.426428884267807
5421,2025-02-22 15:00:00,14,1,강원 춘천 신북,0.1,41.582000732421875,True,15.044299960136414
5748,2025-02-23 12:00:00,11,1,인천 강화 화도,0.6,42.94225311279297,False,35.24754020571709
5747,2025-02-23 13:00:00,11,2,경기 용인처인 nan,0.15,0.03919031843543053,False,3116.113898307085
5745,2025-02-23 14:00:00,11,3,경기 연천 중,1.0,,False,2.4133255183696747
5746,2025-02-23 14:00:00,11,3,경기 가평 가평,0.02,0.017984597012400627,False,1480.8058604002
5744,2025-02-23 17:00:00,14,3,부산 부산진 nan,0.1,28.26131820678711,False,0.0
5782,2025-02-24 12:00:00,11,1,경북 청송 현서,0.25,79.99495697021484,True,16.335441559553146
5781,2025-02-24 14:00:00,11,3,경북 안동 서후,0.7,2.556497097015381,False,4.69180291891098
5780,2025-02-24 16:00:00,14,2,충남 아산 음봉,0.01,52.844383239746094,True,35.755691826343536
5682,2025-02-25 14:00:00,11,3,대전 유성 nan,0.04,30.406049728393555,False,921.9895653128624
5683,2025-02-25 14:00:00,11,3,경기 안성 삼죽,0.23,8.701861381530762,False,40.70773947238922
5681,2025-02-25 16:00:00,14,2,경남 고성 영오,0.1,15.856510162353516,False,0.0
5769,2025-02-26 13:00:00,11,2,강원 양양 서,0.3,54.52235794067383,False,0.0
5770,2025-02-26 13:00:00,11,2,경기 포천 nan,0.1,,False,1652.570905059576
5766,2025-02-26 15:00:00,14,1,인천 중 nan,0.06,36.10525131225586,True,54.53078496456146
5767,2025-02-26 15:00:00,14,1,전남 고흥 금산,0.2,76.84080505371094,True,12.759728521108627
5768,2025-02-26 15:00:00,14,1,강원 철원 철원,0.7,,False,731.7461519539356
5764,2025-02-26 16:00:00,14,2,충북 진천 덕산,1.5,54.34080505371094,True,16.164672374725342
5765,2025-02-26 16:00:00,14,2,경기 광주 nan,2.0,18.749725341796875,True,635.0402600765228
5540,2025-02-27 13:00:00,11,2,경북 울진 울진,4.5,2.404416561126709,False,1154.1423901319504
5538,2025-02-27 14:00:00,11,3,경기 양평 청운,0.1,22.5164794921875,True,54.303981482982635
5539,2025-02-27 14:00:00,11,3,경기 안성 원곡,0.47,34.24274826049805,True,35.845238387584686
5535,2025-02-27 15:00:00,14,1,충북 영동 추풍령,0.3,39.40150451660156,True,19.0141558945179
5536,2025-02-27 15:00:00,14,1,전남 무안 일로,0.3,60.55015563964844,False,9.236399203538895
5537,2025-02-27 15:00:00,14,1,강원 강릉 성산,0.08,16.168973922729492,False,0.0
5534,2025-02-27 17:00:00,14,3,부산 금정 nan,0.01,0.11068996042013168,False,3591.8561650514603
5801,2025-02-28 13:00:00,11,2,경북 봉화 명호,0.3,21.914690017700195,False,3.9777474403381348
5799,2025-02-28 14:00:00,11,3,강원 횡성 공근,0.18,42.313228607177734,True,15.558858782052994
5800,2025-02-28 14:00:00,11,3,충남 당진 정미,0.03,80.78691864013672,True,18.0059794485569
5798,2025-02-28 15:00:00,14,1,경기 안성 삼죽,0.41,66.02642059326172,False,0.9282021224498749
5796,2025-03-01 13:00:00,11,2,경기 양평 강상,0.05,20.31366729736328,True,34.43087238073349
5795,2025-03-01 14:00:00,11,3,경기 양평 강하,0.05,18.291858673095703,False,1.1546194553375244
5740,2025-03-08 14:00:00,11,3,충남 예산 대술,0.1,13.137190818786621,True,13.53648692369461
5739,2025-03-08 15:00:00,14,1,충남 공주 우성,0.1,21.942882537841797,True,24.712907016277313
5678,2025-03-09 15:00:00,14,1,강원 춘천 남,1.2,13.969585418701172,False,1.1546194553375244
5677,2025-03-09 16:00:00,14,2,충북 옥천 청성,0.6,7.953938961029053,False,3.332514524459839
5736,2025-03-10 13:00:00,11,2,충남 공주 우성,0.06,2.8271024227142334,True,24.712907016277313
5735,2025-03-10 14:00:00,11,3,충남 홍성 홍성,0.78,49.84223175048828,False,41.1201987862587
5672,2025-03-11 15:00:00,14,1,충남 공주 우성,0.3,34.87211227416992,False,3.965236097574234
5673,2025-03-11 15:00:00,14,1,충남 아산 인주,0.15,60.80551528930664,False,10.104551196098328
5674,2025-03-11 15:00:00,14,1,경남 양산 상북,1.8,67.08885955810547,True,21.425915986299515
5669,2025-03-12 12:00:00,11,1,경남 합천 봉산,0.1,11.39856243133545,False,9.805367231369019
5667,2025-03-13 12:00:00,11,1,경남 사천 nan,0.3,60.416419982910156,False,3.971215546131134
5668,2025-03-13 12:00:00,11,1,전남 여수 화양,0.2,64.64725494384766,True,27.255231320858
5666,2025-03-13 13:00:00,11,2,부산 사하 nan,0.08,1.780938982963562,True,1350.9165514707565
5665,2025-03-13 14:00:00,11,3,강원 평창 평창,6.0,21.003742218017578,True,203.50870868563652
5663,2025-03-13 15:00:00,14,1,경북 고령 다산,0.48,51.4105110168457,False,3.760567158460617
5664,2025-03-13 15:00:00,14,1,경북 경주 내남,0.09,47.23249435424805,False,39.14991843700409
5657,2025-03-14 12:00:00,11,1,경기 파주 법원,1.3,,False,60.70132690668106
5658,2025-03-14 12:00:00,11,1,경기 남양주 nan,0.06,56.685420989990234,True,1522.3508089482784
5656,2025-03-14 13:00:00,11,2,전남 함평 학교,0.15,26.982973098754883,False,6.000987529754639
5652,2025-03-14 14:00:00,11,3,충남 태안 안면,0.39,98.42958068847656,False,17.191996663808823
5653,2025-03-14 14:00:00,11,3,충남 아산 음봉,0.2,35.547733306884766,False,42.55565145611763
5654,2025-03-14 14:00:00,11,3,부산 강서 nan,2.0,12.238183975219727,False,346.95450097322464
5655,2025-03-14 14:00:00,11,3,전남 보성 보성,0.1,0.7678581476211548,False,640.5920456051826
5651,2025-03-14 16:00:00,14,2,경남 창원마산합포 진전,0.1,56.64689254760742,False,2.4860921502113342
5650,2025-03-14 17:00:00,14,3,경기 안산 상록,0.01,1.4952739477157593,False,4551.443318217993
5731,2025-03-15 13:00:00,11,2,경기 연천 미산,0.1,,False,19.777551531791687
5728,2025-03-17 13:00:00,11,2,충남 예산 덕산,0.03,40.1229133605957,True,11.68057405948639
5727,2025-03-17 14:00:00,11,3,충남 태안 이원,2.8,30.49763298034668,False,8.23543044924736
5726,2025-03-17 15:00:00,14,1,경기 양평 개군,0.16,18.327489852905273,True,32.22526016831398
5725,2025-03-17 16:00:00,14,2,전남 장성 장성,0.3,0.015029252506792545,False,911.2873846888542
5724,2025-03-17 17:00:00,14,3,전남 화순 백아,0.01,37.79119110107422,True,26.784137725830078
5722,2025-03-19 16:00:00,14,2,충남 태안 안면,0.35,6.323489665985107,True,29.402250349521637
5646,2025-03-20 12:00:00,11,1,경기 화성 매송,0.03,28.473602294921875,True,16.8797764480114
5643,2025-03-20 14:00:00,11,3,전남 광양 옥곡,0.1,3.999147415161133,True,12.238966226577759
5645,2025-03-20 14:00:00,11,3,경남 사천 곤명,39.73,0.48339539766311646,False,2.775593250989914
5642,2025-03-20 15:00:00,14,1,경기 용인처인 백암,0.07,23.895965576171875,False,51.31860998272896
5458,2025-03-21 14:00:00,11,3,경남 하동 옥종,0.9,38.91346740722656,False,0.0
5459,2025-03-21 14:00:00,11,3,강원 평창 용평,0.5,,False,8.238464087247849
5503,2025-03-21 14:00:00,11,3,대전 동 nan,0.04,89.14628601074219,False,84.7120555639267
5456,2025-03-21 15:00:00,14,1,경남 산청 시천,3397.0,22.38456916809082,True,21.475921869277954
5457,2025-03-21 15:00:00,14,1,전북 임실 임실,1.0,,False,240.8219354748726
5445,2025-03-21 16:00:00,14,2,전남 광양 진상,0.1,1.7086893320083618,False,0.0
5510,2025-03-22 12:00:00,11,1,전남 보성 웅치,0.1,72.30704498291016,False,9.92972731590271
5511,2025-03-22 12:00:00,11,1,전남 보성 노동,0.5,71.5898208618164,True,11.120154559612274
5512,2025-03-22 12:00:00,11,1,울산 울주 온양,931.0,1.0107529163360596,True,42.00994634628296
5504,2025-03-22 13:00:00,11,2,경북 의성 금성,57.0,3.2593607902526855,True,26.915329545736313
5505,2025-03-22 13:00:00,11,2,전북 진안 안천,7.0,29.154401779174805,False,2.0828215777873993
5506,2025-03-22 13:00:00,11,2,경기 여주 강천,7.6,23.841402053833008,False,1.1546194553375244
5507,2025-03-22 13:00:00,11,2,전남 진도 군내,0.01,61.652957916259766,False,47.789175897836685
5508,2025-03-22 13:00:00,11,2,경기 광주 초월,0.16,21.934661865234375,True,35.657114803791046
5509,2025-03-22 13:00:00,11,2,경기 연천 백학,3.0,,False,5.589155703783035
5490,2025-03-22 14:00:00,11,3,경남 밀양 nan,0.09,0.37670326232910156,False,1415.351713180542
5491,2025-03-22 14:00:00,11,3,강원 정선 신동,0.5,36.21590042114258,False,2.2784774005413055
5492,2025-03-22 14:00:00,11,3,전남 보성 문덕,0.1,13.134117126464844,False,7.153577625751495
5493,2025-03-22 14:00:00,11,3,전북 남원 대산,0.15,32.11699295043945,False,42.45304378867149
5494,2025-03-22 14:00:00,11,3,경기 동두천 nan,0.1,,False,1705.604820549488
5495,2025-03-22 14:00:00,11,3,경남 김해 한림,97.0,2.6668970584869385,False,55.4682354927063
5488,2025-03-22 15:00:00,14,1,경북 경주 외동,0.3,11.17471981048584,True,19.41856214404106
5489,2025-03-22 15:00:00,14,1,광주 북 nan,0.01,87.10405731201172,False,0.0
5486,2025-03-22 17:00:00,14,3,전북 남원 nan,1.0,1.0094027519226074,False,1472.6055271327496
5487,2025-03-22 17:00:00,14,3,경북 안동 nan,0.5,3.30580735206604,False,863.8962530195713
5526,2025-03-23 12:00:00,11,1,경남 함양 유림,6.24,61.63054275512695,False,27.84626144170761
5524,2025-03-23 13:00:00,11,2,경북 경주 양남,2.1,1.229753851890564,False,0.0
5525,2025-03-23 13:00:00,11,2,경기 남양주 진접,0.45,24.505964279174805,True,149.31232744455338
5522,2025-03-23 14:00:00,11,3,경기 파주 nan,0.66,,False,48.56192806363106
5523,2025-03-23 14:00:00,11,3,경기 동두천 nan,0.4,,False,1405.3092283010483
5552,2025-03-24 12:00:00,11,1,전북 김제 금산,0.1,65.92577362060547,False,92.82856640219688
5553,2025-03-24 12:00:00,11,1,충북 청주서원 남이,0.11,52.21863555908203,True,59.05269908905029
5551,2025-03-24 14:00:00,11,3,전북 진안 주천,0.9,62.55488586425781,False,2.4860921502113342
5550,2025-03-24 15:00:00,14,1,대구 달성 화원,0.16,3.650646209716797,False,2.4860921502113342
5442,2025-03-25 12:00:00,11,1,경남 창녕 대지,0.65,1.3426297903060913,False,7.968215435743332
5441,2025-03-25 13:00:00,11,2,경남 통영 용남,0.07,95.28594207763672,True,387.9308606684208
5438,2025-03-25 14:00:00,11,3,충남 당진 순성,1.2,93.65058898925781,False,23.0
5439,2025-03-25 14:00:00,11,3,전북 고창 성내,6.3,57.51408386230469,False,22.022585064172745
5440,2025-03-25 14:00:00,11,3,경기 시흥 nan,0.33,83.17851257324219,False,2631.248045027256
5437,2025-03-25 15:00:00,14,1,경기 화성 남양,0.23,61.101539611816406,False,1.5519105792045593
5561,2025-03-26 12:00:00,11,1,충남 부여 규암,0.03,62.21841812133789,False,14.443365782499313
5559,2025-03-26 13:00:00,11,2,경기 용인 기흥,0.01,49.117244720458984,False,2.4860921502113342
5560,2025-03-26 13:00:00,11,2,경기 양평 개군,0.1,7.292516231536865,True,12.547721773386002
5558,2025-03-26 14:00:00,11,3,경기 파주 조리,0.33,,False,35.63504183292389
5557,2025-03-26 15:00:00,14,1,전북 순창 쌍치,3.0,4.899572849273682,False,61.15786689519882
5721,2025-03-27 16:00:00,14,2,대구 군위 소보,0.01,3.109219551086426,False,0.0
5641,2025-03-29 13:00:00,11,2,경남 고성 개천,0.3,72.08372497558594,False,4.138428211212158
5638,2025-03-30 12:00:00,11,1,경남 고성 영오,0.55,43.30289840698242,False,1.1546194553375244
5637,2025-03-30 17:00:00,14,3,경기 고양 일산동,0.07,,False,415.0620304942131
5519,2025-03-31 13:00:00,11,2,경기 안성 공도,0.12,67.57587432861328,False,8.311230719089508
5520,2025-03-31 13:00:00,11,2,전남 해남 계곡,0.1,43.36798095703125,False,3.342285245656967
5516,2025-03-31 15:00:00,14,1,경기 파주 광탄,0.09,,False,400.45419016480446
5517,2025-03-31 15:00:00,14,1,충남 당진 고대,0.2,69.77153015136719,True,12.080810993909836
5518,2025-03-31 15:00:00,14,1,대구 남 nan,0.01,29.383983612060547,False,0.0
5392,2025-04-01 12:00:00,11,1,경기 화성 마도,0.2,64.01049041748047,False,100.37402546405792
5391,2025-04-01 13:00:00,11,2,경남 진주 명석,1.2,2.256168842315674,False,0.0
5390,2025-04-01 14:00:00,11,3,경남 거창 북상,9.77,28.3334903717041,False,7.537129163742065
5389,2025-04-01 15:00:00,14,1,전북 무주 적상,0.5,54.13352966308594,True,30.088375985622406
5387,2025-04-01 16:00:00,14,2,대구 군위 삼국유사,0.1,64.51206970214844,False,3.414294272661209
5388,2025-04-01 16:00:00,14,2,경기 화성 팔탄,0.02,37.76373291015625,False,107.17939135432243
5700,2025-04-02 14:00:00,11,3,경남 함양 서하,0.3,61.118804931640625,False,0.0
5699,2025-04-02 15:00:00,14,1,부산 사상 nan,0.04,77.97633361816406,True,3126.9396022856236
5358,2025-04-03 14:00:00,11,3,강원 원주 소초,0.01,53.39017105102539,True,13.796299815177917
5356,2025-04-03 15:00:00,14,1,전남 화순 백아,0.3,54.52511215209961,False,6.463839590549469
5357,2025-04-03 15:00:00,14,1,경기 성남 분당,0.2,47.142337799072266,False,1232.6770148277283
5542,2025-04-04 13:00:00,11,2,경기 양주 백석,0.01,,False,0.0
5434,2025-04-04 14:00:00,11,3,경기 연천 청산,3.0,,False,10.227440387010574
5435,2025-04-04 14:00:00,11,3,전북 순창 쌍치,1.0,24.410139083862305,False,61.15786689519882
5426,2025-04-04 15:00:00,14,1,충북 영동 양산,0.33,55.015933990478516,False,2.4860921502113342
5368,2025-04-06 12:00:00,11,1,충북 청주상당 문의,1.5,67.71680450439453,True,17.56282764673233
5367,2025-04-06 13:00:00,11,2,울산 울주 온양,0.5,16.744705200195312,False,2.4860921502113342
5366,2025-04-06 14:00:00,11,3,전남 순천 상사,0.35,4.952598571777344,True,14.211617141962051
5365,2025-04-06 15:00:00,14,1,대구 북 nan,0.12,0.8918173909187317,True,1327.2470439970493
5364,2025-04-06 17:00:00,14,3,강원 영월 남,0.02,32.653533935546875,False,0.0
5696,2025-04-07 12:00:00,11,1,경남 하동 옥종,70.0,35.23042678833008,False,3.4681202471256256
5694,2025-04-07 13:00:00,11,2,강원 강릉 성산,0.01,97.21780395507812,False,0.0
5695,2025-04-07 13:00:00,11,2,경기 용인처인 남사,2.0,25.28872299194336,False,32.39439758658409
5693,2025-04-07 14:00:00,11,3,전남 무안 해제,0.3,91.79559326171875,True,28.838668942451477
5352,2025-04-08 12:00:00,11,1,경북 경주 외동,0.3,5.032151699066162,False,784.176837772131
5350,2025-04-08 14:00:00,11,3,경남 산청 시천,0.47,61.61421585083008,False,0.0
5348,2025-04-08 15:00:00,14,1,경북 구미 도개,8.7,38.41931915283203,False,1.847391128540039
5349,2025-04-08 15:00:00,14,1,충북 영동 영동,1.8,6.804323196411133,False,2221.5408229529858
5347,2025-04-08 17:00:00,14,3,경기 가평 조종,0.04,89.83724212646484,False,6.7625777423381805
5425,2025-04-09 14:00:00,11,3,경북 성주 수륜,0.3,11.735607147216797,False,2.844411790370941
5386,2025-04-10 14:00:00,11,3,대구 군위 의흥,0.07,17.4185733795166,True,16.8280066549778
5423,2025-04-11 12:00:00,11,1,충남 천안서북 성환,0.01,39.78667449951172,False,47.25014615058899
5418,2025-04-11 14:00:00,11,3,충남 서천 판교,0.28,82.03604125976562,True,16.12479317188263
5417,2025-04-11 17:00:00,14,3,강원 홍천 내촌,0.04,59.60516357421875,True,11.463839590549469
5413,2025-04-12 13:00:00,11,2,서울 관악 nan,0.01,73.23124694824219,False,0.0
5393,2025-04-16 14:00:00,11,3,경남 하동 금성,0.01,46.30029296875,False,33.1117924451828
5385,2025-04-17 13:00:00,11,2,경북 경주 안강,1.3,8.927704811096191,False,9.311038345098495
5718,2025-04-25 12:00:00,11,1,강원 원주 지정,0.23,11.785441398620605,False,1.9162096679210663
5717,2025-04-25 13:00:00,11,2,경북 김천 봉산,0.02,54.11411666870117,True,14.612525165081024
5716,2025-04-25 16:00:00,14,2,강원 홍천 남,0.4,63.23339080810547,True,10.09183469414711
5382,2025-04-26 13:00:00,11,2,강원 인제 상남,73.0,90.50436401367188,False,0.0
5380,2025-04-26 14:00:00,11,3,경북 영주 단산,0.48,34.81000900268555,False,9.409434467554092
5381,2025-04-26 14:00:00,11,3,경남 김해 상동,0.03,30.773767471313477,True,30.850767344236374
5379,2025-04-26 15:00:00,14,1,경북 경주 강동,0.2,1.5276976823806763,True,13.393585681915283
5345,2025-04-27 12:00:00,11,1,강원 홍천 두촌,0.2,95.62706756591797,False,0.0
5344,2025-04-27 13:00:00,11,2,전북 남원 산동,0.09,34.393436431884766,False,1.9829968512058258
5343,2025-04-27 15:00:00,14,1,전남 무안 현경,0.05,,False,31.19394424557686
5341,2025-04-27 16:00:00,14,2,경북 성주 선남,0.01,18.415205001831055,True,17.083441108465195
5342,2025-04-27 16:00:00,14,2,울산 울주 청량,0.02,21.447948455810547,False,0.0
5340,2025-04-27 17:00:00,14,3,경기 연천 신서,0.02,,False,0.0
5363,2025-04-28 14:00:00,11,3,대구 북 nan,310.0,4.125507831573486,True,177.19436439871788
5362,2025-04-28 16:00:00,14,2,경기 평택 진위,0.08,17.675079345703125,False,758.4296132028103
5361,2025-04-28 17:00:00,14,3,충남 금산 군북,0.11,4.504550457000732,False,9.896936446428299
5715,2025-04-29 16:00:00,14,2,경북 고령 운수,0.1,56.375770568847656,False,7.001799434423447
5712,2025-04-30 12:00:00,11,1,전남 곡성 죽곡,0.09,6.7075018882751465,False,7.155606985092163
5709,2025-04-30 17:00:00,14,3,강원 춘천 동내,0.02,46.780147552490234,True,12.2104372382164
5373,2025-06-04 13:00:00,11,2,경기 고양 일산동,0.15,,False,8901.276996254921
5371,2025-06-04 17:00:00,14,3,전북 김제 금산,0.1,31.90977668762207,False,29.326628923416138
5372,2025-06-04 17:00:00,14,3,경남 하동 금남,0.02,64.80892181396484,True,13.983525782823563
5574,2025-06-05 13:00:00,11,2,전북 진안 백운,0.1,48.8843879699707,False,2.639742851257324
5375,2025-06-06 15:00:00,14,1,경기 포천 소흘,0.18,43.23625946044922,True,26.396465301513672
5374,2025-06-06 17:00:00,14,3,경기 남양주 수동,0.06,53.46879577636719,False,0.0
5572,2025-06-07 12:00:00,11,1,충남 홍성 홍북,0.01,63.646236419677734,False,17.46467027068138
5571,2025-06-07 15:00:00,14,1,전남 나주 봉황,0.1,58.37122344970703,False,11.01729616522789
5570,2025-06-08 16:00:00,14,2,충남 태안 원북,0.12,86.10555267333984,False,7.436546832323074
5569,2025-06-09 14:00:00,11,3,충남 공주 신풍,0.06,68.7674560546875,False,1.1546194553375244
5568,2025-06-09 17:00:00,14,3,전북 장수 천천,0.2,5.677015781402588,False,4.333483278751373
5567,2025-06-10 12:00:00,11,1,충남 금산 부리,0.16,5.656192779541016,False,2.4860921502113342
5545,2025-06-11 16:00:00,14,2,충남 서천 문산,0.01,91.32478332519531,False,1.8443574905395508
5549,2025-06-12 12:00:00,11,1,충남 보령 주교,0.04,84.52383422851562,True,34.0273303091526
5548,2025-06-12 16:00:00,14,2,전북 무주 적상,0.3,39.089778900146484,False,1.4851233959197998
5377,2025-06-13 14:00:00,11,3,경기 양평 양서,0.03,20.90389060974121,False,6.4791439473629
5376,2025-06-13 16:00:00,14,2,경남 김해 상동,0.04,77.83163452148438,False,0.6897380352020264
5543,2025-06-14 16:00:00,14,2,서울 종로 nan,0.02,22.61408233642578,True,948.4910120666027
5793,2025-02-05 11:00:00,8,3,강원 강릉 연곡,0.2,48.24235534667969,True,23.14139676094055
5762,2025-02-06 10:00:00,8,2,강원 고성 거진,0.06,,False,54.83968326449394
5763,2025-02-06 10:00:00,8,2,인천 옹진 영흥,0.02,53.98284912109375,False,35.95981705188751
5686,2025-02-16 11:00:00,8,3,전북 남원 대산,0.02,74.4633560180664,False,5.337035834789276
5790,2025-02-18 10:00:00,8,2,충남 공주 이인,0.01,66.19942474365234,False,6.139626890420914
5789,2025-02-18 11:00:00,8,3,경기 화성 서신,0.03,74.53917694091797,False,66.81417191028595
5786,2025-02-19 10:00:00,8,2,강원 고성 죽왕,0.06,,False,19.584038376808167
5778,2025-02-21 11:00:00,8,3,충북 단양 영춘,3.0,30.530868530273438,True,10.381540954113007
5783,2025-02-24 11:00:00,8,3,경북 경주 양남,0.35,9.782546997070312,True,31.61426219344139
5684,2025-02-25 10:00:00,8,2,경기 화성 남양,0.04,13.101913452148438,False,31.038195103406906
5541,2025-02-27 11:00:00,8,3,경기 의정부 nan,0.01,,False,3.9777474403381348
5797,2025-03-01 10:00:00,8,2,경기 고양 일산동,0.16,,False,361.60087564587593
5679,2025-03-09 11:00:00,8,3,경남 거제 nan,0.03,75.89289093017578,False,0.0
5737,2025-03-10 10:00:00,8,2,강원 화천 사내,0.04,18.280895233154297,False,8.380049258470535
5675,2025-03-11 11:00:00,8,3,강원 삼척 nan,0.2,75.96257781982422,False,1.1208243072032928
5676,2025-03-11 11:00:00,8,3,전북 익산 웅포,0.08,49.9636344909668,False,1.6179401576519012
5671,2025-03-12 09:00:00,8,1,광주 광산 nan,0.1,20.317638397216797,True,20.01536464691162
5670,2025-03-12 11:00:00,8,3,경북 청송 안덕,0.2,36.08503341674805,True,78.25648421049118
5661,2025-03-14 10:00:00,8,2,경북 청도 운문,48.34,10.61447811126709,False,0.0
5659,2025-03-14 11:00:00,8,3,강원 춘천 신북,1.0,48.030757904052734,False,0.6897380352020264
5660,2025-03-14 11:00:00,8,3,경기 양주 백석,0.16,,False,235.52440786361694
5723,2025-03-18 11:00:00,8,3,울산 울주 온양,0.2,93.2387466430664,False,0.4310862720012665
5514,2025-03-22 10:00:00,8,2,광주 광산 nan,0.01,19.786508560180664,False,29.370822250843048
5515,2025-03-22 10:00:00,8,2,대구 북 nan,0.15,14.50753116607666,False,5.197931885719299
5513,2025-03-22 11:00:00,8,3,경기 여주 점동,0.02,52.59398651123047,False,0.6897380352020264
5532,2025-03-23 10:00:00,8,2,인천 서 nan,0.1,72.75476837158203,False,3430.6599721610546
5527,2025-03-23 11:00:00,8,3,경기 오산 nan,0.01,0.7990429997444153,False,2122.5850562751293
5528,2025-03-23 11:00:00,8,3,충북 옥천 청성,34.14,51.29213333129883,False,1.847391128540039
5529,2025-03-23 11:00:00,8,3,경기 가평 가평,0.03,0.23358303308486938,False,1480.8058604002
5530,2025-03-23 11:00:00,8,3,경북 경산 남천,1.1,13.954763412475586,False,0.0
5531,2025-03-23 11:00:00,8,3,충북 옥천 동이,0.01,21.09781265258789,True,27.358177483081818
5444,2025-03-25 10:00:00,8,2,경기 포천 nan,0.03,6.6402387619018555,False,1.4851233959197998
5443,2025-03-25 11:00:00,8,3,울산 울주 언양,63.0,64.0303726196289,False,0.0
5564,2025-03-26 09:00:00,8,1,충남 금산 진산,0.13,8.17270565032959,False,1.1546194553375244
5562,2025-03-26 10:00:00,8,2,전북 완주 운주,0.01,35.21324920654297,False,5.431687027215958
5563,2025-03-26 10:00:00,8,2,충북 영동 매곡,0.33,48.514251708984375,False,4.122834891080856
5639,2025-03-30 11:00:00,8,3,전남 순천 송광,0.7,0.00026894372422248125,False,21.20286950469017
5702,2025-04-02 10:00:00,8,2,충남 공주 탄천,0.05,69.20191192626953,False,0.6897380352020264
5701,2025-04-02 11:00:00,8,3,전북 무주 무주,0.03,1.9571034908294678,False,874.7059032022953
5359,2025-04-03 11:00:00,8,3,경기 용인 수지,0.1,43.92200469970703,False,3898.7461853027344
5360,2025-04-03 11:00:00,8,3,경기 화성 남양,0.17,72.56397247314453,True,268.6569918692112
5697,2025-04-07 10:00:00,8,2,충남 천안동남 병천,0.03,52.467384338378906,False,9.97151455283165
5353,2025-04-08 11:00:00,8,3,경남 통영 용남,0.01,41.59560012817383,True,506.27464950084686
5354,2025-04-08 11:00:00,8,3,경기 포천 영중,0.01,,False,20.154134064912796
5424,2025-04-11 09:00:00,8,1,강원 양구 양구,0.05,9.17473030090332,True,582.6293315291405
5414,2025-04-12 11:00:00,8,3,경북 김천 부항,0.2,12.481657028198242,False,2.9171784222126007
5398,2025-04-16 10:00:00,8,2,울산 울주 범서,0.05,94.52313995361328,True,26.29906862974167
5412,2025-04-19 10:00:00,8,2,충남 서천 비인,0.7,66.1822509765625,False,8.877165108919144
5383,2025-04-26 09:00:00,8,1,경북 봉화 봉화,0.03,56.244956970214844,True,32.041812777519226
5346,2025-04-27 09:00:00,8,1,경북 청송 부남,2.0,16.986690521240234,False,0.0
5713,2025-04-30 09:00:00,8,1,전남 순천 서,0.06,55.919795989990234,False,1.1546194553375244
5706,2025-05-01 09:00:00,8,1,전북 남원 산동,0.06,60.23973083496094,True,43.547607094049454
5575,2025-06-05 11:00:00,8,3,전남 장흥 관산,0.03,70.20830535888672,True,14.07585459947586
5809,2025-02-03 13:00:00,10,3,경기 용인처인 이동,0.02,71.54402923583984,False,0.6897380352020264
5794,2025-02-04 12:00:00,10,2,강원 고성 토성,0.01,,False,0.0
5793,2025-02-05 11:00:00,10,1,강원 강릉 연곡,0.2,33.7410888671875,True,23.14139676094055
5792,2025-02-08 12:00:00,10,2,강원 강릉 nan,0.02,2.336747646331787,False,25.129193156957626
5808,2025-02-09 13:00:00,10,3,경북 영천 고경,0.2,37.198097229003906,True,23.87863802909851
5686,2025-02-16 11:00:00,10,1,전북 남원 대산,0.02,78.32195281982422,False,5.337035834789276
5789,2025-02-18 11:00:00,10,1,경기 화성 서신,0.03,56.19837951660156,False,66.81417191028595
5788,2025-02-18 12:00:00,10,2,충남 아산 음봉,0.16,40.88623809814453,True,18.09141519665718
5778,2025-02-21 11:00:00,10,1,충북 단양 영춘,3.0,44.40773010253906,True,10.381540954113007
5748,2025-02-23 12:00:00,10,2,인천 강화 화도,0.6,46.100162506103516,False,35.24754020571709
5747,2025-02-23 13:00:00,10,3,경기 용인처인 nan,0.15,0.0005368536803871393,False,3116.113898307085
5783,2025-02-24 11:00:00,10,1,경북 경주 양남,0.35,2.9733641147613525,True,31.61426219344139
5782,2025-02-24 12:00:00,10,2,경북 청송 현서,0.25,81.20153045654297,True,16.335441559553146
5769,2025-02-26 13:00:00,10,3,강원 양양 서,0.3,55.59327697753906,False,0.0
5770,2025-02-26 13:00:00,10,3,경기 포천 nan,0.1,,False,1652.570905059576
5541,2025-02-27 11:00:00,10,1,경기 의정부 nan,0.01,,False,3.9777474403381348
5540,2025-02-27 13:00:00,10,3,경북 울진 울진,4.5,4.4635796546936035,False,1154.1423901319504
5679,2025-03-09 11:00:00,10,1,경남 거제 nan,0.03,56.8042106628418,False,0.0
5736,2025-03-10 13:00:00,10,3,충남 공주 우성,0.06,15.033863067626953,True,24.712907016277313
5675,2025-03-11 11:00:00,10,1,강원 삼척 nan,0.2,0.5320693254470825,False,1.1208243072032928
5676,2025-03-11 11:00:00,10,1,전북 익산 웅포,0.08,61.00600814819336,False,1.6179401576519012
5670,2025-03-12 11:00:00,10,1,경북 청송 안덕,0.2,5.151448726654053,True,78.25648421049118
5669,2025-03-12 12:00:00,10,2,경남 합천 봉산,0.1,7.822027683258057,False,9.805367231369019
5667,2025-03-13 12:00:00,10,2,경남 사천 nan,0.3,56.79591369628906,False,3.971215546131134
5668,2025-03-13 12:00:00,10,2,전남 여수 화양,0.2,39.9621696472168,True,27.255231320858
5666,2025-03-13 13:00:00,10,3,부산 사하 nan,0.08,19.186574935913086,True,1350.9165514707565
5659,2025-03-14 11:00:00,10,1,강원 춘천 신북,1.0,72.67436218261719,False,0.6897380352020264
5660,2025-03-14 11:00:00,10,1,경기 양주 백석,0.16,,False,235.52440786361694
5657,2025-03-14 12:00:00,10,2,경기 파주 법원,1.3,,False,60.70132690668106
5658,2025-03-14 12:00:00,10,2,경기 남양주 nan,0.06,74.5254135131836,True,1522.3508089482784
5656,2025-03-14 13:00:00,10,3,전남 함평 학교,0.15,29.26495933532715,False,6.000987529754639
5732,2025-03-15 11:00:00,10,1,경기 포천 내촌,0.2,16.19934844970703,True,13.3195740878582
5731,2025-03-15 13:00:00,10,3,경기 연천 미산,0.1,,False,19.777551531791687
5728,2025-03-17 13:00:00,10,3,충남 예산 덕산,0.03,47.54353713989258,True,11.68057405948639
5723,2025-03-18 11:00:00,10,1,울산 울주 온양,0.2,51.742164611816406,False,0.4310862720012665
5646,2025-03-20 12:00:00,10,2,경기 화성 매송,0.03,13.602566719055176,True,16.8797764480114
5513,2025-03-22 11:00:00,10,1,경기 여주 점동,0.02,71.4197006225586,False,0.6897380352020264
5510,2025-03-22 12:00:00,10,2,전남 보성 웅치,0.1,79.51166534423828,False,9.92972731590271
5511,2025-03-22 12:00:00,10,2,전남 보성 노동,0.5,78.52197265625,True,11.120154559612274
5512,2025-03-22 12:00:00,10,2,울산 울주 온양,931.0,2.435744524002075,True,42.00994634628296
5504,2025-03-22 13:00:00,10,3,경북 의성 금성,57.0,3.5137367248535156,True,26.915329545736313
5505,2025-03-22 13:00:00,10,3,전북 진안 안천,7.0,37.71974182128906,False,2.0828215777873993
5506,2025-03-22 13:00:00,10,3,경기 여주 강천,7.6,20.738122940063477,False,1.1546194553375244
5507,2025-03-22 13:00:00,10,3,전남 진도 군내,0.01,40.59619140625,False,47.789175897836685
5508,2025-03-22 13:00:00,10,3,경기 광주 초월,0.16,9.899869918823242,True,35.657114803791046
5509,2025-03-22 13:00:00,10,3,경기 연천 백학,3.0,,False,5.589155703783035
5527,2025-03-23 11:00:00,10,1,경기 오산 nan,0.01,17.082075119018555,False,2122.5850562751293
5528,2025-03-23 11:00:00,10,1,충북 옥천 청성,34.14,56.12230682373047,False,1.847391128540039
5529,2025-03-23 11:00:00,10,1,경기 가평 가평,0.03,0.20765936374664307,False,1480.8058604002
5530,2025-03-23 11:00:00,10,1,경북 경산 남천,1.1,38.17340850830078,False,0.0
5531,2025-03-23 11:00:00,10,1,충북 옥천 동이,0.01,14.022273063659668,True,27.358177483081818
5526,2025-03-23 12:00:00,10,2,경남 함양 유림,6.24,83.62488555908203,False,27.84626144170761
5524,2025-03-23 13:00:00,10,3,경북 경주 양남,2.1,2.5483503341674805,False,0.0
5525,2025-03-23 13:00:00,10,3,경기 남양주 진접,0.45,24.78410530090332,True,149.31232744455338
5552,2025-03-24 12:00:00,10,2,전북 김제 금산,0.1,66.72049713134766,False,92.82856640219688
5553,2025-03-24 12:00:00,10,2,충북 청주서원 남이,0.11,64.04792785644531,True,59.05269908905029
5443,2025-03-25 11:00:00,10,1,울산 울주 언양,63.0,19.704687118530273,False,0.0
5442,2025-03-25 12:00:00,10,2,경남 창녕 대지,0.65,4.668420314788818,False,7.968215435743332
5441,2025-03-25 13:00:00,10,3,경남 통영 용남,0.07,94.1754150390625,True,387.9308606684208
5561,2025-03-26 12:00:00,10,2,충남 부여 규암,0.03,43.02005386352539,False,14.443365782499313
5559,2025-03-26 13:00:00,10,3,경기 용인 기흥,0.01,19.297199249267578,False,2.4860921502113342
5560,2025-03-26 13:00:00,10,3,경기 양평 개군,0.1,12.092849731445312,True,12.547721773386002
5641,2025-03-29 13:00:00,10,3,경남 고성 개천,0.3,82.8685073852539,False,4.138428211212158
5639,2025-03-30 11:00:00,10,1,전남 순천 송광,0.7,0.013447185978293419,False,21.20286950469017
5638,2025-03-30 12:00:00,10,2,경남 고성 영오,0.55,50.1865119934082,False,1.1546194553375244
5519,2025-03-31 13:00:00,10,3,경기 안성 공도,0.12,66.75452423095703,False,8.311230719089508
5520,2025-03-31 13:00:00,10,3,전남 해남 계곡,0.1,50.28656005859375,False,3.342285245656967
5392,2025-04-01 12:00:00,10,2,경기 화성 마도,0.2,39.061119079589844,False,100.37402546405792
5391,2025-04-01 13:00:00,10,3,경남 진주 명석,1.2,11.071337699890137,False,0.0
5701,2025-04-02 11:00:00,10,1,전북 무주 무주,0.03,0.3700665533542633,False,874.7059032022953
5359,2025-04-03 11:00:00,10,1,경기 용인 수지,0.1,37.96624755859375,False,3898.7461853027344
5360,2025-04-03 11:00:00,10,1,경기 화성 남양,0.17,24.9993953704834,True,268.6569918692112
5542,2025-04-04 13:00:00,10,3,경기 양주 백석,0.01,,False,0.0
5368,2025-04-06 12:00:00,10,2,충북 청주상당 문의,1.5,55.16869354248047,True,17.56282764673233
5367,2025-04-06 13:00:00,10,3,울산 울주 온양,0.5,12.727492332458496,False,2.4860921502113342
5696,2025-04-07 12:00:00,10,2,경남 하동 옥종,70.0,39.04920959472656,False,3.4681202471256256
5694,2025-04-07 13:00:00,10,3,강원 강릉 성산,0.01,97.03618621826172,False,0.0
5695,2025-04-07 13:00:00,10,3,경기 용인처인 남사,2.0,25.546794891357422,False,32.39439758658409
5353,2025-04-08 11:00:00,10,1,경남 통영 용남,0.01,23.650148391723633,True,506.27464950084686
5354,2025-04-08 11:00:00,10,1,경기 포천 영중,0.01,,False,20.154134064912796
5352,2025-04-08 12:00:00,10,2,경북 경주 외동,0.3,8.109173774719238,False,784.176837772131
5423,2025-04-11 12:00:00,10,2,충남 천안서북 성환,0.01,24.209484100341797,False,47.25014615058899
5385,2025-04-17 13:00:00,10,3,경북 경주 안강,1.3,18.318559646606445,False,9.311038345098495
5718,2025-04-25 12:00:00,10,2,강원 원주 지정,0.23,14.016807556152344,False,1.9162096679210663
5717,2025-04-25 13:00:00,10,3,경북 김천 봉산,0.02,70.76304626464844,True,14.612525165081024
5382,2025-04-26 13:00:00,10,3,강원 인제 상남,73.0,90.19635772705078,False,0.0
5345,2025-04-27 12:00:00,10,2,강원 홍천 두촌,0.2,91.39112091064453,False,0.0
5344,2025-04-27 13:00:00,10,3,전북 남원 산동,0.09,37.064430236816406,False,1.9829968512058258
5712,2025-04-30 12:00:00,10,2,전남 곡성 죽곡,0.09,9.195672988891602,False,7.155606985092163
5373,2025-06-04 13:00:00,10,3,경기 고양 일산동,0.15,,False,8901.276996254921
5575,2025-06-05 11:00:00,10,1,전남 장흥 관산,0.03,51.183013916015625,True,14.07585459947586
5574,2025-06-05 13:00:00,10,3,전북 진안 백운,0.1,38.7387809753418,False,2.639742851257324
5572,2025-06-07 12:00:00,10,2,충남 홍성 홍북,0.01,70.14009857177734,False,17.46467027068138
5567,2025-06-10 12:00:00,10,2,충남 금산 부리,0.16,8.328100204467773,False,2.4860921502113342
5547,2025-06-11 12:00:00,10,2,경북 안동 풍산,0.5,36.16347885131836,False,5.815573036670685
5546,2025-06-11 13:00:00,10,3,경남 산청 산청,0.01,47.009971618652344,False,605.6718391180038
5549,2025-06-12 12:00:00,10,2,충남 보령 주교,0.04,74.07856750488281,True,34.0273303091526
